problem_id,submission_id,token_count,file_size_bytes,clean_source,obfuscated_binary,input_file,output_file,compiler,optimization_level,is_stripped,obfuscator,obfuscation_techniques,verification_status,function_count,nloc,cc_total,cc_max,decision_points,cf_density,length_group,complexity_group,stratum,representative_random_score,length_rank,complexity_rank_within_length_group,lizard_error
p00001,s092364643,405,1953,clean_src/p00001/s092364643.c,obfuscated_bin/p00001/s092364643_fla_bcf_instsub.elf,input_output/p00001/input.txt,input_output/p00001/output.txt,llvm-clang-14,O0,True,OLLVM_Heroims_NewPass,"[""BCF"", ""FLA"", ""INSTSUB""]",SUCCESS,5,61,12,5,7,11.475409836065573,short,simple,short_simple,0.767930254897737,564,98,
p00002,s456363845,331,880,clean_src/p00002/s456363845.c,obfuscated_bin/p00002/s456363845_fla_bcf_instsub.elf,input_output/p00002/input.txt,input_output/p00002/output.txt,llvm-clang-14,O0,True,OLLVM_Heroims_NewPass,"[""BCF"", ""FLA"", ""INSTSUB""]",SUCCESS,1,30,17,17,16,53.333333333333336,short,complex,short_complex,0.8018739211863904,312,1260,
p00003,s783809535,422,691,clean_src/p00003/s783809535.c,obfuscated_bin/p00003/s783809535_fla_bcf_instsub.elf,input_output/p00003/input.txt,input_output/p00003/output.txt,llvm-clang-14,O0,True,OLLVM_Heroims_NewPass,"[""BCF"", ""FLA"", ""INSTSUB""]",SUCCESS,1,25,12,12,11,44.0,short,complex,short_complex,0.8738661457013752,615,1204,
p00004,s660849316,537,1033,clean_src/p00004/s660849316.c,obfuscated_bin/p00004/s660849316_fla_bcf_instsub.elf,input_output/p00004/input.txt,input_output/p00004/output.txt,llvm-clang-14,O0,True,OLLVM_Heroims_NewPass,"[""BCF"", ""FLA"", ""INSTSUB""]",SUCCESS,2,59,16,9,14,23.728813559322035,short,simple,short_simple,0.8744291835081064,914,612,
p00005,s148475328,302,625,clean_src/p00005/s148475328.c,obfuscated_bin/p00005/s148475328_fla_bcf_instsub.elf,input_output/p00005/input.txt,input_output/p00005/output.txt,llvm-clang-14,O0,True,OLLVM_Heroims_NewPass,"[""BCF"", ""FLA"", ""INSTSUB""]",SUCCESS,1,31,8,8,7,22.58064516129032,short,simple,short_simple,0.8839836957776608,200,562,
p00006,s902645997,307,663,clean_src/p00006/s902645997.c,obfuscated_bin/p00006/s902645997_fla_bcf_instsub.elf,input_output/p00006/input.txt,input_output/p00006/output.txt,llvm-clang-14,O0,True,OLLVM_Heroims_NewPass,"[""BCF"", ""FLA"", ""INSTSUB""]",SUCCESS,3,40,13,7,10,25.0,short,complex,short_complex,0.9956058107619828,218,660,
p00007,s989159370,352,1549,clean_src/p00007/s989159370.c,obfuscated_bin/p00007/s989159370_fla_bcf_instsub.elf,input_output/p00007/input.txt,input_output/p00007/output.txt,llvm-clang-14,O0,True,OLLVM_Heroims_NewPass,"[""BCF"", ""FLA"", ""INSTSUB""]",SUCCESS,2,72,16,11,14,19.444444444444446,short,simple,short_simple,0.04603857898839392,375,410,
p00008,s771404612,261,643,clean_src/p00008/s771404612.c,obfuscated_bin/p00008/s771404612_fla_bcf_instsub.elf,input_output/p00008/input.txt,input_output/p00008/output.txt,llvm-clang-14,O0,True,OLLVM_Heroims_NewPass,"[""BCF"", ""FLA"", ""INSTSUB""]",SUCCESS,1,45,13,13,12,26.666666666666668,short,complex,short_complex,0.982691174123276,23,747,
p00009,s308363767,552,2224,clean_src/p00009/s308363767.c,obfuscated_bin/p00009/s308363767_fla_bcf_instsub.elf,input_output/p00009/input.txt,input_output/p00009/output.txt,llvm-clang-14,O0,True,OLLVM_Heroims_NewPass,"[""BCF"", ""FLA"", ""INSTSUB""]",SUCCESS,3,86,14,9,11,12.790697674418606,short,simple,short_simple,0.9662424024034004,958,133,
p00010,s791455576,1290,1852,clean_src/p00010/s791455576.c,obfuscated_bin/p00010/s791455576_fla_bcf_instsub.elf,input_output/p00010/input.txt,input_output/p00010/output.txt,llvm-clang-14,O0,True,OLLVM_Heroims_NewPass,"[""BCF"", ""FLA"", ""INSTSUB""]",SUCCESS,1,80,9,9,8,10.0,long,simple,long_simple,0.9836405050981696,1967,79,
p00011,s765737364,327,787,clean_src/p00011/s765737364.c,obfuscated_bin/p00011/s765737364_fla_bcf_instsub.elf,input_output/p00011/input.txt,input_output/p00011/output.txt,llvm-clang-14,O0,True,OLLVM_Heroims_NewPass,"[""BCF"", ""FLA"", ""INSTSUB""]",SUCCESS,4,52,11,4,7,13.461538461538462,short,simple,short_simple,0.5498852790429318,297,156,
p00012,s471300936,1126,2473,clean_src/p00012/s471300936.c,obfuscated_bin/p00012/s471300936_fla_bcf_instsub.elf,input_output/p00012/input.txt,input_output/p00012/output.txt,llvm-clang-14,O0,True,OLLVM_Heroims_NewPass,"[""BCF"", ""FLA"", ""INSTSUB""]",SUCCESS,1,133,89,89,88,66.16541353383458,long,complex,long_complex,0.896050023396359,1845,1220,
p00013,s723997225,356,1497,clean_src/p00013/s723997225.c,obfuscated_bin/p00013/s723997225_fla_bcf_instsub.elf,input_output/p00013/input.txt,input_output/p00013/output.txt,llvm-clang-14,O0,True,OLLVM_Heroims_NewPass,"[""BCF"", ""FLA"", ""INSTSUB""]",SUCCESS,5,74,15,5,10,13.513513513513514,short,simple,short_simple,0.95439807786328,389,160,
p00015,s264496287,812,2338,clean_src/p00015/s264496287.c,obfuscated_bin/p00015/s264496287_fla_bcf_instsub.elf,input_output/p00015/input.txt,input_output/p00015/output.txt,llvm-clang-14,O0,True,OLLVM_Heroims_NewPass,"[""BCF"", ""FLA"", ""INSTSUB""]",SUCCESS,1,127,25,25,24,18.89763779527559,long,simple,long_simple,0.6829392295705343,1494,456,
p00016,s150561866,476,1286,clean_src/p00016/s150561866.c,obfuscated_bin/p00016/s150561866_fla_bcf_instsub.elf,input_output/p00016/input.txt,input_output/p00016/output.txt,llvm-clang-14,O0,True,OLLVM_Heroims_NewPass,"[""BCF"", ""FLA"", ""INSTSUB""]",SUCCESS,2,59,15,11,13,22.033898305084744,short,simple,short_simple,0.5307844945158507,758,538,
p00017,s200924397,711,1954,clean_src/p00017/s200924397.c,obfuscated_bin/p00017/s200924397_fla_bcf_instsub.elf,input_output/p00017/input.txt,input_output/p00017/output.txt,llvm-clang-14,O0,True,OLLVM_Heroims_NewPass,"[""BCF"", ""FLA"", ""INSTSUB""]",SUCCESS,1,68,45,45,44,64.70588235294117,long,complex,long_complex,0.6857847633686388,1322,1214,
p00018,s321801380,381,976,clean_src/p00018/s321801380.c,obfuscated_bin/p00018/s321801380_fla_bcf_instsub.elf,input_output/p00018/input.txt,input_output/p00018/output.txt,llvm-clang-14,O0,True,OLLVM_Heroims_NewPass,"[""BCF"", ""FLA"", ""INSTSUB""]",SUCCESS,3,52,11,5,8,15.384615384615385,short,simple,short_simple,0.8922415948688542,485,219,
p00019,s575210285,458,1047,clean_src/p00019/s575210285.c,obfuscated_bin/p00019/s575210285_fla_bcf_instsub.elf,input_output/p00019/input.txt,input_output/p00019/output.txt,llvm-clang-14,O0,True,OLLVM_Heroims_NewPass,"[""BCF"", ""FLA"", ""INSTSUB""]",SUCCESS,5,64,17,5,12,18.75,short,simple,short_simple,0.821655109673587,712,375,
p00020,s073988155,440,1473,clean_src/p00020/s073988155.c,obfuscated_bin/p00020/s073988155_fla_bcf_instsub.elf,input_output/p00020/input.txt,input_output/p00020/output.txt,llvm-clang-14,O0,True,OLLVM_Heroims_NewPass,"[""BCF"", ""FLA"", ""INSTSUB""]",SUCCESS,1,69,30,30,29,42.028985507246375,short,complex,short_complex,0.9239824705091293,659,1180,
p00021,s352555327,421,795,clean_src/p00021/s352555327.c,obfuscated_bin/p00021/s352555327_fla_bcf_instsub.elf,input_output/p00021/input.txt,input_output/p00021/output.txt,llvm-clang-14,O0,True,OLLVM_Heroims_NewPass,"[""BCF"", ""FLA"", ""INSTSUB""]",SUCCESS,1,44,13,13,12,27.27272727272727,short,complex,short_complex,0.9963922347081438,613,776,
p00022,s121425519,558,1465,clean_src/p00022/s121425519.c,obfuscated_bin/p00022/s121425519_fla_bcf_instsub.elf,input_output/p00022/input.txt,input_output/p00022/output.txt,llvm-clang-14,O0,True,OLLVM_Heroims_NewPass,"[""BCF"", ""FLA"", ""INSTSUB""]",SUCCESS,4,89,18,6,14,15.730337078651685,short,simple,short_simple,0.651511774286634,974,242,
p00023,s844855015,350,570,clean_src/p00023/s844855015.c,obfuscated_bin/p00023/s844855015_fla_bcf_instsub.elf,input_output/p00023/input.txt,input_output/p00023/output.txt,llvm-clang-14,O0,True,OLLVM_Heroims_NewPass,"[""BCF"", ""FLA"", ""INSTSUB""]",SUCCESS,1,23,6,6,5,21.73913043478261,short,simple,short_simple,0.693922897345236,366,524,
p00025,s470613980,341,593,clean_src/p00025/s470613980.c,obfuscated_bin/p00025/s470613980_fla_bcf_instsub.elf,input_output/p00025/input.txt,input_output/p00025/output.txt,llvm-clang-14,O0,True,OLLVM_Heroims_NewPass,"[""BCF"", ""FLA"", ""INSTSUB""]",SUCCESS,1,36,11,11,10,27.77777777777778,short,complex,short_complex,0.9560157922638524,342,800,
p00026,s029488385,1306,3797,clean_src/p00026/s029488385.c,obfuscated_bin/p00026/s029488385_fla_bcf_instsub.elf,input_output/p00026/input.txt,input_output/p00026/output.txt,llvm-clang-14,O0,True,OLLVM_Heroims_NewPass,"[""BCF"", ""FLA"", ""INSTSUB""]",SUCCESS,7,172,57,16,50,29.069767441860467,long,complex,long_complex,0.9886898606491668,1977,727,
p00027,s928759321,1589,5133,clean_src/p00027/s928759321.c,obfuscated_bin/p00027/s928759321_fla_bcf_instsub.elf,input_output/p00027/input.txt,input_output/p00027/output.txt,llvm-clang-14,O0,True,OLLVM_Heroims_NewPass,"[""BCF"", ""FLA"", ""INSTSUB""]",SUCCESS,1,231,112,112,111,48.05194805194805,long,complex,long_complex,0.8641437338208644,2105,1128,
p00028,s843829216,431,1043,clean_src/p00028/s843829216.c,obfuscated_bin/p00028/s843829216_fla_bcf_instsub.elf,input_output/p00028/input.txt,input_output/p00028/output.txt,llvm-clang-14,O0,True,OLLVM_Heroims_NewPass,"[""BCF"", ""FLA"", ""INSTSUB""]",SUCCESS,3,57,17,9,14,24.561403508771928,short,simple,short_simple,0.8350047167426349,637,647,
p00029,s160328877,1423,3051,clean_src/p00029/s160328877.c,obfuscated_bin/p00029/s160328877_fla_bcf_instsub.elf,input_output/p00029/input.txt,input_output/p00029/output.txt,llvm-clang-14,O0,True,OLLVM_Heroims_NewPass,"[""BCF"", ""FLA"", ""INSTSUB""]",SUCCESS,9,118,34,13,25,21.1864406779661,long,simple,long_simple,0.5683895394627878,2046,530,
p00030,s735395313,1310,4086,clean_src/p00030/s735395313.c,obfuscated_bin/p00030/s735395313_fla_bcf_instsub.elf,input_output/p00030/input.txt,input_output/p00030/output.txt,llvm-clang-14,O0,True,OLLVM_Heroims_NewPass,"[""BCF"", ""FLA"", ""INSTSUB""]",SUCCESS,11,266,77,11,66,24.81203007518797,long,simple,long_simple,0.9978629268391331,1982,613,
p00031,s904097388,898,2089,clean_src/p00031/s904097388.c,obfuscated_bin/p00031/s904097388_fla_bcf_instsub.elf,input_output/p00031/input.txt,input_output/p00031/output.txt,llvm-clang-14,O0,True,OLLVM_Heroims_NewPass,"[""BCF"", ""FLA"", ""INSTSUB""]",SUCCESS,1,61,23,23,22,36.0655737704918,long,complex,long_complex,0.9594242983213205,1625,893,
p00033,s763935897,492,1307,clean_src/p00033/s763935897.c,obfuscated_bin/p00033/s763935897_fla_bcf_instsub.elf,input_output/p00033/input.txt,input_output/p00033/output.txt,llvm-clang-14,O0,True,OLLVM_Heroims_NewPass,"[""BCF"", ""FLA"", ""INSTSUB""]",SUCCESS,2,62,15,12,13,20.967741935483872,short,simple,short_simple,0.7033199289899251,802,488,
p00034,s976675538,575,1451,clean_src/p00034/s976675538.c,obfuscated_bin/p00034/s976675538_fla_bcf_instsub.elf,input_output/p00034/input.txt,input_output/p00034/output.txt,llvm-clang-14,O0,True,OLLVM_Heroims_NewPass,"[""BCF"", ""FLA"", ""INSTSUB""]",SUCCESS,1,57,9,9,8,14.035087719298245,short,simple,short_simple,0.972046646754184,1015,177,
p00035,s534314134,898,1962,clean_src/p00035/s534314134.c,obfuscated_bin/p00035/s534314134_fla_bcf_instsub.elf,input_output/p00035/input.txt,input_output/p00035/output.txt,llvm-clang-14,O0,True,OLLVM_Heroims_NewPass,"[""BCF"", ""FLA"", ""INSTSUB""]",SUCCESS,3,99,29,23,26,26.262626262626267,long,complex,long_complex,0.9801585749188372,1626,656,
p00036,s424881865,2056,3522,clean_src/p00036/s424881865.c,obfuscated_bin/p00036/s424881865_fla_bcf_instsub.elf,input_output/p00036/input.txt,input_output/p00036/output.txt,llvm-clang-14,O0,True,OLLVM_Heroims_NewPass,"[""BCF"", ""FLA"", ""INSTSUB""]",SUCCESS,1,75,28,28,27,36.0,long,complex,long_complex,0.7280507903986743,2265,889,
p00037,s432188307,1088,2627,clean_src/p00037/s432188307.c,obfuscated_bin/p00037/s432188307_fla_bcf_instsub.elf,input_output/p00037/input.txt,input_output/p00037/output.txt,llvm-clang-14,O0,True,OLLVM_Heroims_NewPass,"[""BCF"", ""FLA"", ""INSTSUB""]",SUCCESS,5,128,33,25,28,21.875,long,simple,long_simple,0.8511159373074165,1816,541,
p00038,s147837302,900,2254,clean_src/p00038/s147837302.c,obfuscated_bin/p00038/s147837302_fla_bcf_instsub.elf,input_output/p00038/input.txt,input_output/p00038/output.txt,llvm-clang-14,O0,True,OLLVM_Heroims_NewPass,"[""BCF"", ""FLA"", ""INSTSUB""]",SUCCESS,5,102,42,29,37,36.27450980392157,long,complex,long_complex,0.8628354146930927,1628,897,
p00039,s207177908,393,1074,clean_src/p00039/s207177908.c,obfuscated_bin/p00039/s207177908_fla_bcf_instsub.elf,input_output/p00039/input.txt,input_output/p00039/output.txt,llvm-clang-14,O0,True,OLLVM_Heroims_NewPass,"[""BCF"", ""FLA"", ""INSTSUB""]",SUCCESS,1,51,27,27,26,50.98039215686274,short,complex,short_complex,0.88739018597116,520,1248,
p00040,s634263401,1174,4236,clean_src/p00040/s634263401.c,obfuscated_bin/p00040/s634263401_fla_bcf_instsub.elf,input_output/p00040/input.txt,input_output/p00040/output.txt,llvm-clang-14,O0,True,OLLVM_Heroims_NewPass,"[""BCF"", ""FLA"", ""INSTSUB""]",SUCCESS,3,197,44,34,41,20.812182741116754,long,simple,long_simple,0.9403005985428675,1890,520,
p00042,s139038991,530,1364,clean_src/p00042/s139038991.c,obfuscated_bin/p00042/s139038991_fla_bcf_instsub.elf,input_output/p00042/input.txt,input_output/p00042/output.txt,llvm-clang-14,O0,True,OLLVM_Heroims_NewPass,"[""BCF"", ""FLA"", ""INSTSUB""]",SUCCESS,1,61,12,12,11,18.0327868852459,short,simple,short_simple,0.8897461443242977,901,351,
p00043,s121978868,1067,4115,clean_src/p00043/s121978868.c,obfuscated_bin/p00043/s121978868_fla_bcf_instsub.elf,input_output/p00043/input.txt,input_output/p00043/output.txt,llvm-clang-14,O0,True,OLLVM_Heroims_NewPass,"[""BCF"", ""FLA"", ""INSTSUB""]",SUCCESS,6,159,54,13,48,30.18867924528302,long,complex,long_complex,0.7227920094345418,1794,761,
p00044,s036287486,446,889,clean_src/p00044/s036287486.c,obfuscated_bin/p00044/s036287486_fla_bcf_instsub.elf,input_output/p00044/input.txt,input_output/p00044/output.txt,llvm-clang-14,O0,True,OLLVM_Heroims_NewPass,"[""BCF"", ""FLA"", ""INSTSUB""]",SUCCESS,2,30,18,10,16,53.333333333333336,short,complex,short_complex,0.5825278785682162,675,1259,
p00047,s008820953,380,943,clean_src/p00047/s008820953.c,obfuscated_bin/p00047/s008820953_fla_bcf_instsub.elf,input_output/p00047/input.txt,input_output/p00047/output.txt,llvm-clang-14,O0,True,OLLVM_Heroims_NewPass,"[""BCF"", ""FLA"", ""INSTSUB""]",SUCCESS,1,60,19,19,18,30.0,short,complex,short_complex,0.601436481021729,478,906,
p00048,s577436523,303,744,clean_src/p00048/s577436523.c,obfuscated_bin/p00048/s577436523_fla_bcf_instsub.elf,input_output/p00048/input.txt,input_output/p00048/output.txt,llvm-clang-14,O0,True,OLLVM_Heroims_NewPass,"[""BCF"", ""FLA"", ""INSTSUB""]",SUCCESS,1,35,24,24,23,65.71428571428571,short,complex,short_complex,0.22781947180329942,202,1285,
p00049,s001267633,277,774,clean_src/p00049/s001267633.c,obfuscated_bin/p00049/s001267633_fla_bcf_instsub.elf,input_output/p00049/input.txt,input_output/p00049/output.txt,llvm-clang-14,O0,True,OLLVM_Heroims_NewPass,"[""BCF"", ""FLA"", ""INSTSUB""]",SUCCESS,1,32,16,16,15,46.875,short,complex,short_complex,0.8170248514508544,87,1225,
p00050,s602099398,392,1781,clean_src/p00050/s602099398.c,obfuscated_bin/p00050/s602099398_fla_bcf_instsub.elf,input_output/p00050/input.txt,input_output/p00050/output.txt,llvm-clang-14,O0,True,OLLVM_Heroims_NewPass,"[""BCF"", ""FLA"", ""INSTSUB""]",SUCCESS,3,69,22,16,19,27.536231884057973,short,complex,short_complex,0.8123340682860074,514,791,
p00051,s654273173,402,862,clean_src/p00051/s654273173.c,obfuscated_bin/p00051/s654273173_fla_bcf_instsub.elf,input_output/p00051/input.txt,input_output/p00051/output.txt,llvm-clang-14,O0,True,OLLVM_Heroims_NewPass,"[""BCF"", ""FLA"", ""INSTSUB""]",SUCCESS,2,57,14,9,12,21.052631578947366,short,simple,short_simple,0.8230260557830362,551,496,
p00052,s040278992,257,706,clean_src/p00052/s040278992.c,obfuscated_bin/p00052/s040278992_fla_bcf_instsub.elf,input_output/p00052/input.txt,input_output/p00052/output.txt,llvm-clang-14,O0,True,OLLVM_Heroims_NewPass,"[""BCF"", ""FLA"", ""INSTSUB""]",SUCCESS,1,46,11,11,10,21.73913043478261,short,simple,short_simple,0.516531373570413,3,526,
p00053,s450684682,325,724,clean_src/p00053/s450684682.c,obfuscated_bin/p00053/s450684682_fla_bcf_instsub.elf,input_output/p00053/input.txt,input_output/p00053/output.txt,llvm-clang-14,O0,True,OLLVM_Heroims_NewPass,"[""BCF"", ""FLA"", ""INSTSUB""]",SUCCESS,2,31,15,10,13,41.935483870967744,short,complex,short_complex,0.9707560870177986,286,1177,
p00056,s332968950,371,1034,clean_src/p00056/s332968950.c,obfuscated_bin/p00056/s332968950_fla_bcf_instsub.elf,input_output/p00056/input.txt,input_output/p00056/output.txt,llvm-clang-14,O0,True,OLLVM_Heroims_NewPass,"[""BCF"", ""FLA"", ""INSTSUB""]",SUCCESS,1,30,11,11,10,33.33333333333333,short,complex,short_complex,0.7152494911740203,443,1008,
p00058,s451829690,404,1187,clean_src/p00058/s451829690.c,obfuscated_bin/p00058/s451829690_fla_bcf_instsub.elf,input_output/p00058/input.txt,input_output/p00058/output.txt,llvm-clang-14,O0,True,OLLVM_Heroims_NewPass,"[""BCF"", ""FLA"", ""INSTSUB""]",SUCCESS,2,54,15,12,13,24.074074074074073,short,simple,short_simple,0.864643353182119,556,626,
p00059,s965666677,390,740,clean_src/p00059/s965666677.c,obfuscated_bin/p00059/s965666677_fla_bcf_instsub.elf,input_output/p00059/input.txt,input_output/p00059/output.txt,llvm-clang-14,O0,True,OLLVM_Heroims_NewPass,"[""BCF"", ""FLA"", ""INSTSUB""]",SUCCESS,1,36,18,18,17,47.22222222222222,short,complex,short_complex,0.9812705655988843,509,1227,
p00060,s294778522,273,713,clean_src/p00060/s294778522.c,obfuscated_bin/p00060/s294778522_fla_bcf_instsub.elf,input_output/p00060/input.txt,input_output/p00060/output.txt,llvm-clang-14,O0,True,OLLVM_Heroims_NewPass,"[""BCF"", ""FLA"", ""INSTSUB""]",SUCCESS,8,43,15,6,7,16.27906976744186,short,simple,short_simple,0.7188954145426727,70,271,
p00061,s165002507,548,1445,clean_src/p00061/s165002507.c,obfuscated_bin/p00061/s165002507_fla_bcf_instsub.elf,input_output/p00061/input.txt,input_output/p00061/output.txt,llvm-clang-14,O0,True,OLLVM_Heroims_NewPass,"[""BCF"", ""FLA"", ""INSTSUB""]",SUCCESS,4,63,16,11,12,19.047619047619047,short,simple,short_simple,0.770959426670648,946,387,
p00062,s810856102,529,1390,clean_src/p00062/s810856102.c,obfuscated_bin/p00062/s810856102_fla_bcf_instsub.elf,input_output/p00062/input.txt,input_output/p00062/output.txt,llvm-clang-14,O0,True,OLLVM_Heroims_NewPass,"[""BCF"", ""FLA"", ""INSTSUB""]",SUCCESS,1,55,20,20,19,34.54545454545455,short,complex,short_complex,0.9546229685280366,893,1047,
p00063,s024095496,317,1314,clean_src/p00063/s024095496.c,obfuscated_bin/p00063/s024095496_fla_bcf_instsub.elf,input_output/p00063/input.txt,input_output/p00063/output.txt,llvm-clang-14,O0,True,OLLVM_Heroims_NewPass,"[""BCF"", ""FLA"", ""INSTSUB""]",SUCCESS,3,57,15,7,12,21.052631578947366,short,simple,short_simple,0.300890616862167,252,491,
p00064,s610762259,263,638,clean_src/p00064/s610762259.c,obfuscated_bin/p00064/s610762259_fla_bcf_instsub.elf,input_output/p00064/input.txt,input_output/p00064/output.txt,llvm-clang-14,O0,True,OLLVM_Heroims_NewPass,"[""BCF"", ""FLA"", ""INSTSUB""]",SUCCESS,1,34,13,13,12,35.294117647058826,short,complex,short_complex,0.8101208125005737,30,1067,
p00065,s666413231,527,1489,clean_src/p00065/s666413231.c,obfuscated_bin/p00065/s666413231_fla_bcf_instsub.elf,input_output/p00065/input.txt,input_output/p00065/output.txt,llvm-clang-14,O0,True,OLLVM_Heroims_NewPass,"[""BCF"", ""FLA"", ""INSTSUB""]",SUCCESS,2,82,17,16,15,18.29268292682927,short,simple,short_simple,0.9087702149104131,888,361,
p00066,s618462126,637,969,clean_src/p00066/s618462126.c,obfuscated_bin/p00066/s618462126_fla_bcf_instsub.elf,input_output/p00066/input.txt,input_output/p00066/output.txt,llvm-clang-14,O0,True,OLLVM_Heroims_NewPass,"[""BCF"", ""FLA"", ""INSTSUB""]",SUCCESS,1,39,55,55,54,138.46153846153845,short,complex,short_complex,0.9480098445794435,1159,1296,
p00067,s526042098,650,1664,clean_src/p00067/s526042098.c,obfuscated_bin/p00067/s526042098_fla_bcf_instsub.elf,input_output/p00067/input.txt,input_output/p00067/output.txt,llvm-clang-14,O0,True,OLLVM_Heroims_NewPass,"[""BCF"", ""FLA"", ""INSTSUB""]",SUCCESS,2,69,38,25,36,52.17391304347826,short,complex,short_complex,0.7397677340679008,1191,1254,
p00068,s017345147,944,2793,clean_src/p00068/s017345147.c,obfuscated_bin/p00068/s017345147_fla_bcf_instsub.elf,input_output/p00068/input.txt,input_output/p00068/output.txt,llvm-clang-14,O0,True,OLLVM_Heroims_NewPass,"[""BCF"", ""FLA"", ""INSTSUB""]",SUCCESS,2,99,27,22,25,25.252525252525253,long,simple,long_simple,0.6778757850667618,1680,630,
p00069,s897184188,698,1863,clean_src/p00069/s897184188.c,obfuscated_bin/p00069/s897184188_fla_bcf_instsub.elf,input_output/p00069/input.txt,input_output/p00069/output.txt,llvm-clang-14,O0,True,OLLVM_Heroims_NewPass,"[""BCF"", ""FLA"", ""INSTSUB""]",SUCCESS,3,107,33,17,30,28.037383177570092,short,complex,short_complex,0.49969786742906286,1296,809,
p00070,s946173372,1075,3007,clean_src/p00070/s946173372.c,obfuscated_bin/p00070/s946173372_fla_bcf_instsub.elf,input_output/p00070/input.txt,input_output/p00070/output.txt,llvm-clang-14,O0,True,OLLVM_Heroims_NewPass,"[""BCF"", ""FLA"", ""INSTSUB""]",SUCCESS,1,48,7,7,6,12.5,long,simple,long_simple,0.9771211879544675,1801,137,
p00071,s238966184,606,2531,clean_src/p00071/s238966184.c,obfuscated_bin/p00071/s238966184_fla_bcf_instsub.elf,input_output/p00071/input.txt,input_output/p00071/output.txt,llvm-clang-14,O0,True,OLLVM_Heroims_NewPass,"[""BCF"", ""FLA"", ""INSTSUB""]",SUCCESS,2,101,23,16,21,20.792079207920793,short,simple,short_simple,0.3707190192857792,1084,482,
p00072,s273807530,937,2630,clean_src/p00072/s273807530.c,obfuscated_bin/p00072/s273807530_fla_bcf_instsub.elf,input_output/p00072/input.txt,input_output/p00072/output.txt,llvm-clang-14,O0,True,OLLVM_Heroims_NewPass,"[""BCF"", ""FLA"", ""INSTSUB""]",SUCCESS,6,108,28,10,22,20.37037037037037,long,simple,long_simple,0.8164033643749145,1672,501,
p00074,s715052644,409,942,clean_src/p00074/s715052644.c,obfuscated_bin/p00074/s715052644_fla_bcf_instsub.elf,input_output/p00074/input.txt,input_output/p00074/output.txt,llvm-clang-14,O0,True,OLLVM_Heroims_NewPass,"[""BCF"", ""FLA"", ""INSTSUB""]",SUCCESS,6,66,15,6,9,13.636363636363635,short,simple,short_simple,0.7015860174773937,579,167,
p00076,s782404161,277,792,clean_src/p00076/s782404161.c,obfuscated_bin/p00076/s782404161_fla_bcf_instsub.elf,input_output/p00076/input.txt,input_output/p00076/output.txt,llvm-clang-14,O0,True,OLLVM_Heroims_NewPass,"[""BCF"", ""FLA"", ""INSTSUB""]",SUCCESS,1,33,7,7,6,18.181818181818183,short,simple,short_simple,0.3622616589890163,88,354,
p00078,s368276664,478,2383,clean_src/p00078/s368276664.c,obfuscated_bin/p00078/s368276664_fla_bcf_instsub.elf,input_output/p00078/input.txt,input_output/p00078/output.txt,llvm-clang-14,O0,True,OLLVM_Heroims_NewPass,"[""BCF"", ""FLA"", ""INSTSUB""]",SUCCESS,2,104,20,16,18,17.307692307692307,short,simple,short_simple,0.9143587308800737,767,317,
p00079,s102423402,349,578,clean_src/p00079/s102423402.c,obfuscated_bin/p00079/s102423402_fla_bcf_instsub.elf,input_output/p00079/input.txt,input_output/p00079/output.txt,llvm-clang-14,O0,True,OLLVM_Heroims_NewPass,"[""BCF"", ""FLA"", ""INSTSUB""]",SUCCESS,1,22,3,3,2,9.090909090909092,short,simple,short_simple,0.9811736609627661,362,44,
p00081,s420155514,410,1088,clean_src/p00081/s420155514.c,obfuscated_bin/p00081/s420155514_fla_bcf_instsub.elf,input_output/p00081/input.txt,input_output/p00081/output.txt,llvm-clang-14,O0,True,OLLVM_Heroims_NewPass,"[""BCF"", ""FLA"", ""INSTSUB""]",SUCCESS,8,53,12,3,4,7.547169811320755,short,simple,short_simple,0.6199691307201894,582,24,
p00082,s121602239,625,1340,clean_src/p00082/s121602239.c,obfuscated_bin/p00082/s121602239_fla_bcf_instsub.elf,input_output/p00082/input.txt,input_output/p00082/output.txt,llvm-clang-14,O0,True,OLLVM_Heroims_NewPass,"[""BCF"", ""FLA"", ""INSTSUB""]",SUCCESS,2,79,26,24,24,30.37974683544304,short,complex,short_complex,0.9781343633800598,1132,914,
p00083,s960497304,526,4601,clean_src/p00083/s960497304.c,obfuscated_bin/p00083/s960497304_fla_bcf_instsub.elf,input_output/p00083/input.txt,input_output/p00083/output.txt,llvm-clang-14,O0,True,OLLVM_Heroims_NewPass,"[""BCF"", ""FLA"", ""INSTSUB""]",SUCCESS,1,100,30,30,29,28.999999999999996,short,complex,short_complex,0.9628507031621472,885,858,
p00084,s322113492,284,696,clean_src/p00084/s322113492.c,obfuscated_bin/p00084/s322113492_fla_bcf_instsub.elf,input_output/p00084/input.txt,input_output/p00084/output.txt,llvm-clang-14,O0,True,OLLVM_Heroims_NewPass,"[""BCF"", ""FLA"", ""INSTSUB""]",SUCCESS,1,39,13,13,12,30.76923076923077,short,complex,short_complex,0.8417542932655832,124,933,
p00085,s080629636,539,1879,clean_src/p00085/s080629636.c,obfuscated_bin/p00085/s080629636_fla_bcf_instsub.elf,input_output/p00085/input.txt,input_output/p00085/output.txt,llvm-clang-14,O0,True,OLLVM_Heroims_NewPass,"[""BCF"", ""FLA"", ""INSTSUB""]",SUCCESS,6,92,22,8,16,17.391304347826086,short,simple,short_simple,0.9850615572618198,921,320,
p00086,s694945423,258,654,clean_src/p00086/s694945423.c,obfuscated_bin/p00086/s694945423_fla_bcf_instsub.elf,input_output/p00086/input.txt,input_output/p00086/output.txt,llvm-clang-14,O0,True,OLLVM_Heroims_NewPass,"[""BCF"", ""FLA"", ""INSTSUB""]",SUCCESS,1,41,15,15,14,34.146341463414636,short,complex,short_complex,0.4593047299023465,8,1035,
p00087,s567537582,513,1327,clean_src/p00087/s567537582.c,obfuscated_bin/p00087/s567537582_fla_bcf_instsub.elf,input_output/p00087/input.txt,input_output/p00087/output.txt,llvm-clang-14,O0,True,OLLVM_Heroims_NewPass,"[""BCF"", ""FLA"", ""INSTSUB""]",SUCCESS,1,64,16,16,15,23.4375,short,simple,short_simple,0.925753946526516,853,599,
p00088,s899117048,858,3245,clean_src/p00088/s899117048.c,obfuscated_bin/p00088/s899117048_fla_bcf_instsub.elf,input_output/p00088/input.txt,input_output/p00088/output.txt,llvm-clang-14,O0,True,OLLVM_Heroims_NewPass,"[""BCF"", ""FLA"", ""INSTSUB""]",SUCCESS,1,158,27,27,26,16.455696202531644,long,simple,long_simple,0.829341869623011,1565,338,
p00089,s518449809,536,1172,clean_src/p00089/s518449809.c,obfuscated_bin/p00089/s518449809_fla_bcf_instsub.elf,input_output/p00089/input.txt,input_output/p00089/output.txt,llvm-clang-14,O0,True,OLLVM_Heroims_NewPass,"[""BCF"", ""FLA"", ""INSTSUB""]",SUCCESS,2,61,19,12,17,27.86885245901639,short,complex,short_complex,0.9878734051119973,912,804,
p00090,s128795252,542,977,clean_src/p00090/s128795252.c,obfuscated_bin/p00090/s128795252_fla_bcf_instsub.elf,input_output/p00090/input.txt,input_output/p00090/output.txt,llvm-clang-14,O0,True,OLLVM_Heroims_NewPass,"[""BCF"", ""FLA"", ""INSTSUB""]",SUCCESS,2,41,16,12,14,34.146341463414636,short,complex,short_complex,0.7860339714262665,931,1033,
p00091,s235008502,1344,2171,clean_src/p00091/s235008502.c,obfuscated_bin/p00091/s235008502_fla_bcf_instsub.elf,input_output/p00091/input.txt,input_output/p00091/output.txt,llvm-clang-14,O0,True,OLLVM_Heroims_NewPass,"[""BCF"", ""FLA"", ""INSTSUB""]",SUCCESS,5,89,70,27,65,73.03370786516854,long,complex,long_complex,0.7625734150252677,1999,1241,
p00092,s021283471,469,1359,clean_src/p00092/s021283471.c,obfuscated_bin/p00092/s021283471_fla_bcf_instsub.elf,input_output/p00092/input.txt,input_output/p00092/output.txt,llvm-clang-14,O0,True,OLLVM_Heroims_NewPass,"[""BCF"", ""FLA"", ""INSTSUB""]",SUCCESS,1,59,16,16,15,25.423728813559322,short,complex,short_complex,0.895014246115498,742,684,
p00093,s139138163,277,679,clean_src/p00093/s139138163.c,obfuscated_bin/p00093/s139138163_fla_bcf_instsub.elf,input_output/p00093/input.txt,input_output/p00093/output.txt,llvm-clang-14,O0,True,OLLVM_Heroims_NewPass,"[""BCF"", ""FLA"", ""INSTSUB""]",SUCCESS,1,49,11,11,10,20.408163265306122,short,simple,short_simple,0.8177997260314991,89,455,
p00095,s958207575,267,420,clean_src/p00095/s958207575.c,obfuscated_bin/p00095/s958207575_fla_bcf_instsub.elf,input_output/p00095/input.txt,input_output/p00095/output.txt,llvm-clang-14,O0,True,OLLVM_Heroims_NewPass,"[""BCF"", ""FLA"", ""INSTSUB""]",SUCCESS,1,20,7,7,6,30.0,short,complex,short_complex,0.7614131404182575,44,897,
p00096,s443208879,4060,19081,clean_src/p00096/s443208879.c,obfuscated_bin/p00096/s443208879_fla_bcf_instsub.elf,input_output/p00096/input.txt,input_output/p00096/output.txt,llvm-clang-14,O0,True,OLLVM_Heroims_NewPass,"[""BCF"", ""FLA"", ""INSTSUB""]",SUCCESS,1,12,3,3,2,16.666666666666664,long,simple,long_simple,0.9861037454591548,2570,344,
p00097,s309579140,560,1120,clean_src/p00097/s309579140.c,obfuscated_bin/p00097/s309579140_fla_bcf_instsub.elf,input_output/p00097/input.txt,input_output/p00097/output.txt,llvm-clang-14,O0,True,OLLVM_Heroims_NewPass,"[""BCF"", ""FLA"", ""INSTSUB""]",SUCCESS,3,42,25,12,22,52.38095238095239,short,complex,short_complex,0.9027259263709494,984,1255,
p00098,s696068828,463,1108,clean_src/p00098/s696068828.c,obfuscated_bin/p00098/s696068828_fla_bcf_instsub.elf,input_output/p00098/input.txt,input_output/p00098/output.txt,llvm-clang-14,O0,True,OLLVM_Heroims_NewPass,"[""BCF"", ""FLA"", ""INSTSUB""]",SUCCESS,1,51,15,15,14,27.450980392156865,short,complex,short_complex,0.8003609240738384,727,782,
p00099,s118038451,631,1780,clean_src/p00099/s118038451.c,obfuscated_bin/p00099/s118038451_fla_bcf_instsub.elf,input_output/p00099/input.txt,input_output/p00099/output.txt,llvm-clang-14,O0,True,OLLVM_Heroims_NewPass,"[""BCF"", ""FLA"", ""INSTSUB""]",SUCCESS,5,71,23,10,18,25.352112676056336,short,complex,short_complex,0.5323569650943403,1145,680,
p00100,s748296328,394,1015,clean_src/p00100/s748296328.c,obfuscated_bin/p00100/s748296328_fla_bcf_instsub.elf,input_output/p00100/input.txt,input_output/p00100/output.txt,llvm-clang-14,O0,True,OLLVM_Heroims_NewPass,"[""BCF"", ""FLA"", ""INSTSUB""]",SUCCESS,2,61,16,12,14,22.950819672131146,short,simple,short_simple,0.8847201809932145,521,578,
p00101,s328339307,275,665,clean_src/p00101/s328339307.c,obfuscated_bin/p00101/s328339307_fla_bcf_instsub.elf,input_output/p00101/input.txt,input_output/p00101/output.txt,llvm-clang-14,O0,True,OLLVM_Heroims_NewPass,"[""BCF"", ""FLA"", ""INSTSUB""]",SUCCESS,1,33,14,14,13,39.39393939393939,short,complex,short_complex,0.4434650725923772,80,1142,
p00102,s880328411,436,803,clean_src/p00102/s880328411.c,obfuscated_bin/p00102/s880328411_fla_bcf_instsub.elf,input_output/p00102/input.txt,input_output/p00102/output.txt,llvm-clang-14,O0,True,OLLVM_Heroims_NewPass,"[""BCF"", ""FLA"", ""INSTSUB""]",SUCCESS,1,33,22,22,21,63.63636363636363,short,complex,short_complex,0.9069115296887638,651,1281,
p00103,s543785216,422,1517,clean_src/p00103/s543785216.c,obfuscated_bin/p00103/s543785216_fla_bcf_instsub.elf,input_output/p00103/input.txt,input_output/p00103/output.txt,llvm-clang-14,O0,True,OLLVM_Heroims_NewPass,"[""BCF"", ""FLA"", ""INSTSUB""]",SUCCESS,1,77,14,14,13,16.883116883116884,short,simple,short_simple,0.9157840942718412,616,292,
p00105,s334581635,642,1575,clean_src/p00105/s334581635.c,obfuscated_bin/p00105/s334581635_fla_bcf_instsub.elf,input_output/p00105/input.txt,input_output/p00105/output.txt,llvm-clang-14,O0,True,OLLVM_Heroims_NewPass,"[""BCF"", ""FLA"", ""INSTSUB""]",SUCCESS,2,79,22,16,20,25.31645569620253,short,complex,short_complex,0.9029573336304344,1167,679,
p00106,s428494792,623,904,clean_src/p00106/s428494792.c,obfuscated_bin/p00106/s428494792_fla_bcf_instsub.elf,input_output/p00106/input.txt,input_output/p00106/output.txt,llvm-clang-14,O0,True,OLLVM_Heroims_NewPass,"[""BCF"", ""FLA"", ""INSTSUB""]",SUCCESS,1,78,22,22,21,26.923076923076923,short,complex,short_complex,0.9967090575055131,1128,764,
p00107,s605278849,289,2549,clean_src/p00107/s605278849.c,obfuscated_bin/p00107/s605278849_fla_bcf_instsub.elf,input_output/p00107/input.txt,input_output/p00107/output.txt,llvm-clang-14,O0,True,OLLVM_Heroims_NewPass,"[""BCF"", ""FLA"", ""INSTSUB""]",SUCCESS,2,54,7,6,5,9.25925925925926,short,simple,short_simple,0.9949331282846378,145,47,
p00108,s613621014,517,1535,clean_src/p00108/s613621014.c,obfuscated_bin/p00108/s613621014_fla_bcf_instsub.elf,input_output/p00108/input.txt,input_output/p00108/output.txt,llvm-clang-14,O0,True,OLLVM_Heroims_NewPass,"[""BCF"", ""FLA"", ""INSTSUB""]",SUCCESS,5,63,18,7,13,20.634920634920633,short,simple,short_simple,0.7134569871678371,866,473,
p00109,s096783516,603,1934,clean_src/p00109/s096783516.c,obfuscated_bin/p00109/s096783516_fla_bcf_instsub.elf,input_output/p00109/input.txt,input_output/p00109/output.txt,llvm-clang-14,O0,True,OLLVM_Heroims_NewPass,"[""BCF"", ""FLA"", ""INSTSUB""]",SUCCESS,5,99,31,11,26,26.262626262626267,short,complex,short_complex,0.7187610488990442,1076,729,
p00110,s256634733,619,1650,clean_src/p00110/s256634733.c,obfuscated_bin/p00110/s256634733_fla_bcf_instsub.elf,input_output/p00110/input.txt,input_output/p00110/output.txt,llvm-clang-14,O0,True,OLLVM_Heroims_NewPass,"[""BCF"", ""FLA"", ""INSTSUB""]",SUCCESS,1,93,34,34,33,35.483870967741936,short,complex,short_complex,0.8137156055259771,1119,1076,
p00111,s236164177,1229,4447,clean_src/p00111/s236164177.c,obfuscated_bin/p00111/s236164177_fla_bcf_instsub.elf,input_output/p00111/input.txt,input_output/p00111/output.txt,llvm-clang-14,O0,True,OLLVM_Heroims_NewPass,"[""BCF"", ""FLA"", ""INSTSUB""]",SUCCESS,2,224,46,44,44,19.642857142857142,long,simple,long_simple,0.763280268195658,1923,478,
p00112,s291444790,305,913,clean_src/p00112/s291444790.c,obfuscated_bin/p00112/s291444790_fla_bcf_instsub.elf,input_output/p00112/input.txt,input_output/p00112/output.txt,llvm-clang-14,O0,True,OLLVM_Heroims_NewPass,"[""BCF"", ""FLA"", ""INSTSUB""]",SUCCESS,3,47,12,6,9,19.148936170212767,short,simple,short_simple,0.5966332517661296,212,391,
p00113,s066494768,290,795,clean_src/p00113/s066494768.c,obfuscated_bin/p00113/s066494768_fla_bcf_instsub.elf,input_output/p00113/input.txt,input_output/p00113/output.txt,llvm-clang-14,O0,True,OLLVM_Heroims_NewPass,"[""BCF"", ""FLA"", ""INSTSUB""]",SUCCESS,1,50,12,12,11,22.0,short,simple,short_simple,0.9053735130194901,149,535,
p00114,s718422266,327,907,clean_src/p00114/s718422266.c,obfuscated_bin/p00114/s718422266_fla_bcf_instsub.elf,input_output/p00114/input.txt,input_output/p00114/output.txt,llvm-clang-14,O0,True,OLLVM_Heroims_NewPass,"[""BCF"", ""FLA"", ""INSTSUB""]",SUCCESS,4,37,10,3,6,16.216216216216218,short,simple,short_simple,0.9922998545694659,298,266,
p00115,s355400328,886,1836,clean_src/p00115/s355400328.c,obfuscated_bin/p00115/s355400328_fla_bcf_instsub.elf,input_output/p00115/input.txt,input_output/p00115/output.txt,llvm-clang-14,O0,True,OLLVM_Heroims_NewPass,"[""BCF"", ""FLA"", ""INSTSUB""]",SUCCESS,6,60,28,23,22,36.666666666666664,long,complex,long_complex,0.9243293484495445,1609,899,
p00116,s776987641,595,1872,clean_src/p00116/s776987641.c,obfuscated_bin/p00116/s776987641_fla_bcf_instsub.elf,input_output/p00116/input.txt,input_output/p00116/output.txt,llvm-clang-14,O0,True,OLLVM_Heroims_NewPass,"[""BCF"", ""FLA"", ""INSTSUB""]",SUCCESS,3,79,29,25,26,32.91139240506329,short,complex,short_complex,0.9927328277761709,1058,996,
p00117,s163982962,687,1314,clean_src/p00117/s163982962.c,obfuscated_bin/p00117/s163982962_fla_bcf_instsub.elf,input_output/p00117/input.txt,input_output/p00117/output.txt,llvm-clang-14,O0,True,OLLVM_Heroims_NewPass,"[""BCF"", ""FLA"", ""INSTSUB""]",SUCCESS,4,52,18,8,14,26.923076923076923,short,complex,short_complex,0.8406818765770588,1276,763,
p00118,s222595378,1106,3548,clean_src/p00118/s222595378.c,obfuscated_bin/p00118/s222595378_fla_bcf_instsub.elf,input_output/p00118/input.txt,input_output/p00118/output.txt,llvm-clang-14,O0,True,OLLVM_Heroims_NewPass,"[""BCF"", ""FLA"", ""INSTSUB""]",SUCCESS,1,100,31,31,30,30.0,long,complex,long_complex,0.45408680255216316,1831,753,
p00119,s186439701,292,781,clean_src/p00119/s186439701.c,obfuscated_bin/p00119/s186439701_fla_bcf_instsub.elf,input_output/p00119/input.txt,input_output/p00119/output.txt,llvm-clang-14,O0,True,OLLVM_Heroims_NewPass,"[""BCF"", ""FLA"", ""INSTSUB""]",SUCCESS,3,50,13,5,10,20.0,short,simple,short_simple,0.3635528912273921,160,434,
p00120,s807805154,575,1383,clean_src/p00120/s807805154.c,obfuscated_bin/p00120/s807805154_fla_bcf_instsub.elf,input_output/p00120/input.txt,input_output/p00120/output.txt,llvm-clang-14,O0,True,OLLVM_Heroims_NewPass,"[""BCF"", ""FLA"", ""INSTSUB""]",SUCCESS,3,59,24,13,21,35.59322033898305,short,complex,short_complex,0.8525743219266573,1016,1078,
p00121,s943967179,815,1192,clean_src/p00121/s943967179.c,obfuscated_bin/p00121/s943967179_fla_bcf_instsub.elf,input_output/p00121/input.txt,input_output/p00121/output.txt,llvm-clang-14,O0,True,OLLVM_Heroims_NewPass,"[""BCF"", ""FLA"", ""INSTSUB""]",SUCCESS,5,46,20,7,15,32.608695652173914,long,complex,long_complex,0.8212521934638024,1499,818,
p00122,s470090736,493,1213,clean_src/p00122/s470090736.c,obfuscated_bin/p00122/s470090736_fla_bcf_instsub.elf,input_output/p00122/input.txt,input_output/p00122/output.txt,llvm-clang-14,O0,True,OLLVM_Heroims_NewPass,"[""BCF"", ""FLA"", ""INSTSUB""]",SUCCESS,1,40,19,19,18,45.0,short,complex,short_complex,0.9420607820088525,806,1212,
p00123,s676350433,448,1380,clean_src/p00123/s676350433.c,obfuscated_bin/p00123/s676350433_fla_bcf_instsub.elf,input_output/p00123/input.txt,input_output/p00123/output.txt,llvm-clang-14,O0,True,OLLVM_Heroims_NewPass,"[""BCF"", ""FLA"", ""INSTSUB""]",SUCCESS,1,47,33,33,32,68.08510638297872,short,complex,short_complex,0.9925125703698136,683,1287,
p00124,s371697075,642,2923,clean_src/p00124/s371697075.c,obfuscated_bin/p00124/s371697075_fla_bcf_instsub.elf,input_output/p00124/input.txt,input_output/p00124/output.txt,llvm-clang-14,O0,True,OLLVM_Heroims_NewPass,"[""BCF"", ""FLA"", ""INSTSUB""]",SUCCESS,1,87,15,15,14,16.091954022988507,short,simple,short_simple,0.6705602709252694,1168,262,
p00125,s952179291,1003,1957,clean_src/p00125/s952179291.c,obfuscated_bin/p00125/s952179291_fla_bcf_instsub.elf,input_output/p00125/input.txt,input_output/p00125/output.txt,llvm-clang-14,O0,True,OLLVM_Heroims_NewPass,"[""BCF"", ""FLA"", ""INSTSUB""]",SUCCESS,1,73,69,69,68,93.15068493150685,long,complex,long_complex,0.6698384803013894,1742,1285,
p00126,s281025523,748,2058,clean_src/p00126/s281025523.c,obfuscated_bin/p00126/s281025523_fla_bcf_instsub.elf,input_output/p00126/input.txt,input_output/p00126/output.txt,llvm-clang-14,O0,True,OLLVM_Heroims_NewPass,"[""BCF"", ""FLA"", ""INSTSUB""]",SUCCESS,1,109,34,34,33,30.275229357798167,long,complex,long_complex,0.9368959674603835,1387,765,
p00127,s100684151,1057,5929,clean_src/p00127/s100684151.c,obfuscated_bin/p00127/s100684151_fla_bcf_instsub.elf,input_output/p00127/input.txt,input_output/p00127/output.txt,llvm-clang-14,O0,True,OLLVM_Heroims_NewPass,"[""BCF"", ""FLA"", ""INSTSUB""]",SUCCESS,1,191,46,46,45,23.56020942408377,long,simple,long_simple,0.9136681583436382,1788,581,
p00128,s348367890,375,1096,clean_src/p00128/s348367890.c,obfuscated_bin/p00128/s348367890_fla_bcf_instsub.elf,input_output/p00128/input.txt,input_output/p00128/output.txt,llvm-clang-14,O0,True,OLLVM_Heroims_NewPass,"[""BCF"", ""FLA"", ""INSTSUB""]",SUCCESS,1,37,17,17,16,43.24324324324324,short,complex,short_complex,0.986158273320832,463,1194,
p00129,s174215963,572,1880,clean_src/p00129/s174215963.c,obfuscated_bin/p00129/s174215963_fla_bcf_instsub.elf,input_output/p00129/input.txt,input_output/p00129/output.txt,llvm-clang-14,O0,True,OLLVM_Heroims_NewPass,"[""BCF"", ""FLA"", ""INSTSUB""]",SUCCESS,7,74,18,10,11,14.864864864864865,short,simple,short_simple,0.8268538786570598,1009,197,
p00131,s213760696,634,1572,clean_src/p00131/s213760696.c,obfuscated_bin/p00131/s213760696_fla_bcf_instsub.elf,input_output/p00131/input.txt,input_output/p00131/output.txt,llvm-clang-14,O0,True,OLLVM_Heroims_NewPass,"[""BCF"", ""FLA"", ""INSTSUB""]",SUCCESS,7,99,30,7,23,23.232323232323232,short,simple,short_simple,0.8769141082989967,1152,588,
p00132,s664627612,2485,4575,clean_src/p00132/s664627612.c,obfuscated_bin/p00132/s664627612_fla_bcf_instsub.elf,input_output/p00132/input.txt,input_output/p00132/output.txt,llvm-clang-14,O0,True,OLLVM_Heroims_NewPass,"[""BCF"", ""FLA"", ""INSTSUB""]",SUCCESS,7,182,91,55,84,46.15384615384615,long,complex,long_complex,0.7034464308348907,2372,1088,
p00133,s402250654,339,779,clean_src/p00133/s402250654.c,obfuscated_bin/p00133/s402250654_fla_bcf_instsub.elf,input_output/p00133/input.txt,input_output/p00133/output.txt,llvm-clang-14,O0,True,OLLVM_Heroims_NewPass,"[""BCF"", ""FLA"", ""INSTSUB""]",SUCCESS,1,38,8,8,7,18.421052631578945,short,simple,short_simple,0.8658613132729451,333,369,
p00135,s849725848,656,2777,clean_src/p00135/s849725848.c,obfuscated_bin/p00135/s849725848_fla_bcf_instsub.elf,input_output/p00135/input.txt,input_output/p00135/output.txt,llvm-clang-14,O0,True,OLLVM_Heroims_NewPass,"[""BCF"", ""FLA"", ""INSTSUB""]",SUCCESS,1,100,59,59,58,57.99999999999999,short,complex,short_complex,0.785994953408758,1204,1269,
p00136,s527788282,400,975,clean_src/p00136/s527788282.c,obfuscated_bin/p00136/s527788282_fla_bcf_instsub.elf,input_output/p00136/input.txt,input_output/p00136/output.txt,llvm-clang-14,O0,True,OLLVM_Heroims_NewPass,"[""BCF"", ""FLA"", ""INSTSUB""]",SUCCESS,1,48,19,19,18,37.5,short,complex,short_complex,0.8007550873367523,544,1112,
p00137,s359649794,273,680,clean_src/p00137/s359649794.c,obfuscated_bin/p00137/s359649794_fla_bcf_instsub.elf,input_output/p00137/input.txt,input_output/p00137/output.txt,llvm-clang-14,O0,True,OLLVM_Heroims_NewPass,"[""BCF"", ""FLA"", ""INSTSUB""]",SUCCESS,3,41,8,4,5,12.195121951219512,short,simple,short_simple,0.3005311434557749,71,120,
p00138,s391294403,759,1784,clean_src/p00138/s391294403.c,obfuscated_bin/p00138/s391294403_fla_bcf_instsub.elf,input_output/p00138/input.txt,input_output/p00138/output.txt,llvm-clang-14,O0,True,OLLVM_Heroims_NewPass,"[""BCF"", ""FLA"", ""INSTSUB""]",SUCCESS,1,97,35,35,34,35.051546391752574,long,complex,long_complex,0.9926844591791323,1408,866,
p00139,s592485646,473,2258,clean_src/p00139/s592485646.c,obfuscated_bin/p00139/s592485646_fla_bcf_instsub.elf,input_output/p00139/input.txt,input_output/p00139/output.txt,llvm-clang-14,O0,True,OLLVM_Heroims_NewPass,"[""BCF"", ""FLA"", ""INSTSUB""]",SUCCESS,1,69,34,34,33,47.82608695652174,short,complex,short_complex,0.8297675888241778,752,1233,
p00140,s130521084,395,1127,clean_src/p00140/s130521084.c,obfuscated_bin/p00140/s130521084_fla_bcf_instsub.elf,input_output/p00140/input.txt,input_output/p00140/output.txt,llvm-clang-14,O0,True,OLLVM_Heroims_NewPass,"[""BCF"", ""FLA"", ""INSTSUB""]",SUCCESS,1,33,5,5,4,12.121212121212121,short,simple,short_simple,0.8874481583098718,525,117,
p00141,s943940882,1189,2299,clean_src/p00141/s943940882.c,obfuscated_bin/p00141/s943940882_fla_bcf_instsub.elf,input_output/p00141/input.txt,input_output/p00141/output.txt,llvm-clang-14,O0,True,OLLVM_Heroims_NewPass,"[""BCF"", ""FLA"", ""INSTSUB""]",SUCCESS,5,61,47,10,42,68.85245901639344,long,complex,long_complex,0.9538717670971788,1898,1229,
p00142,s634430882,654,1786,clean_src/p00142/s634430882.c,obfuscated_bin/p00142/s634430882_fla_bcf_instsub.elf,input_output/p00142/input.txt,input_output/p00142/output.txt,llvm-clang-14,O0,True,OLLVM_Heroims_NewPass,"[""BCF"", ""FLA"", ""INSTSUB""]",SUCCESS,4,73,24,14,20,27.397260273972602,short,complex,short_complex,0.7508113834326575,1200,779,
p00143,s120974260,503,1077,clean_src/p00143/s120974260.c,obfuscated_bin/p00143/s120974260_fla_bcf_instsub.elf,input_output/p00143/input.txt,input_output/p00143/output.txt,llvm-clang-14,O0,True,OLLVM_Heroims_NewPass,"[""BCF"", ""FLA"", ""INSTSUB""]",SUCCESS,2,31,13,11,11,35.483870967741936,short,complex,short_complex,0.9336047103937013,830,1073,
p00144,s825184464,487,1221,clean_src/p00144/s825184464.c,obfuscated_bin/p00144/s825184464_fla_bcf_instsub.elf,input_output/p00144/input.txt,input_output/p00144/output.txt,llvm-clang-14,O0,True,OLLVM_Heroims_NewPass,"[""BCF"", ""FLA"", ""INSTSUB""]",SUCCESS,1,64,16,16,15,23.4375,short,simple,short_simple,0.981354574464678,787,600,
p00145,s188707372,358,914,clean_src/p00145/s188707372.c,obfuscated_bin/p00145/s188707372_fla_bcf_instsub.elf,input_output/p00145/input.txt,input_output/p00145/output.txt,llvm-clang-14,O0,True,OLLVM_Heroims_NewPass,"[""BCF"", ""FLA"", ""INSTSUB""]",SUCCESS,3,59,10,5,7,11.864406779661017,short,simple,short_simple,0.9518619516262441,400,110,
p00146,s236905606,619,1120,clean_src/p00146/s236905606.c,obfuscated_bin/p00146/s236905606_fla_bcf_instsub.elf,input_output/p00146/input.txt,input_output/p00146/output.txt,llvm-clang-14,O0,True,OLLVM_Heroims_NewPass,"[""BCF"", ""FLA"", ""INSTSUB""]",SUCCESS,1,46,15,15,14,30.434782608695656,short,complex,short_complex,0.7904257377494037,1120,919,
p00147,s277270182,372,712,clean_src/p00147/s277270182.c,obfuscated_bin/p00147/s277270182_fla_bcf_instsub.elf,input_output/p00147/input.txt,input_output/p00147/output.txt,llvm-clang-14,O0,True,OLLVM_Heroims_NewPass,"[""BCF"", ""FLA"", ""INSTSUB""]",SUCCESS,1,41,22,22,21,51.21951219512195,short,complex,short_complex,0.8237758094606369,446,1249,
p00149,s568845307,309,678,clean_src/p00149/s568845307.c,obfuscated_bin/p00149/s568845307_fla_bcf_instsub.elf,input_output/p00149/input.txt,input_output/p00149/output.txt,llvm-clang-14,O0,True,OLLVM_Heroims_NewPass,"[""BCF"", ""FLA"", ""INSTSUB""]",SUCCESS,1,45,16,16,15,33.33333333333333,short,complex,short_complex,0.8253830629907425,223,1018,
p00150,s698551814,289,858,clean_src/p00150/s698551814.c,obfuscated_bin/p00150/s698551814_fla_bcf_instsub.elf,input_output/p00150/input.txt,input_output/p00150/output.txt,llvm-clang-14,O0,True,OLLVM_Heroims_NewPass,"[""BCF"", ""FLA"", ""INSTSUB""]",SUCCESS,2,35,10,7,8,22.857142857142858,short,simple,short_simple,0.592436284466302,146,573,
p00151,s515879317,710,1634,clean_src/p00151/s515879317.c,obfuscated_bin/p00151/s515879317_fla_bcf_instsub.elf,input_output/p00151/input.txt,input_output/p00151/output.txt,llvm-clang-14,O0,True,OLLVM_Heroims_NewPass,"[""BCF"", ""FLA"", ""INSTSUB""]",SUCCESS,5,100,39,11,34,34.0,long,complex,long_complex,0.6280512442441736,1320,842,
p00152,s840548006,588,1364,clean_src/p00152/s840548006.c,obfuscated_bin/p00152/s840548006_fla_bcf_instsub.elf,input_output/p00152/input.txt,input_output/p00152/output.txt,llvm-clang-14,O0,True,OLLVM_Heroims_NewPass,"[""BCF"", ""FLA"", ""INSTSUB""]",SUCCESS,2,58,19,14,17,29.310344827586203,short,complex,short_complex,0.5611765409954081,1043,871,
p00153,s532833067,886,2026,clean_src/p00153/s532833067.c,obfuscated_bin/p00153/s532833067_fla_bcf_instsub.elf,input_output/p00153/input.txt,input_output/p00153/output.txt,llvm-clang-14,O0,True,OLLVM_Heroims_NewPass,"[""BCF"", ""FLA"", ""INSTSUB""]",SUCCESS,3,62,33,17,30,48.38709677419355,long,complex,long_complex,0.47669478684048927,1610,1136,
p00154,s308071867,309,825,clean_src/p00154/s308071867.c,obfuscated_bin/p00154/s308071867_fla_bcf_instsub.elf,input_output/p00154/input.txt,input_output/p00154/output.txt,llvm-clang-14,O0,True,OLLVM_Heroims_NewPass,"[""BCF"", ""FLA"", ""INSTSUB""]",SUCCESS,2,50,13,8,11,22.0,short,simple,short_simple,0.69946419199759,224,534,
p00155,s030179646,700,1458,clean_src/p00155/s030179646.c,obfuscated_bin/p00155/s030179646_fla_bcf_instsub.elf,input_output/p00155/input.txt,input_output/p00155/output.txt,llvm-clang-14,O0,True,OLLVM_Heroims_NewPass,"[""BCF"", ""FLA"", ""INSTSUB""]",SUCCESS,2,65,16,14,14,21.53846153846154,short,simple,short_simple,0.9152618713940884,1300,513,
p00156,s090798871,766,2339,clean_src/p00156/s090798871.c,obfuscated_bin/p00156/s090798871_fla_bcf_instsub.elf,input_output/p00156/input.txt,input_output/p00156/output.txt,llvm-clang-14,O0,True,OLLVM_Heroims_NewPass,"[""BCF"", ""FLA"", ""INSTSUB""]",SUCCESS,9,144,39,13,30,20.833333333333336,long,simple,long_simple,0.6878398882498445,1423,521,
p00157,s550405509,677,1930,clean_src/p00157/s550405509.c,obfuscated_bin/p00157/s550405509_fla_bcf_instsub.elf,input_output/p00157/input.txt,input_output/p00157/output.txt,llvm-clang-14,O0,True,OLLVM_Heroims_NewPass,"[""BCF"", ""FLA"", ""INSTSUB""]",SUCCESS,5,112,28,11,23,20.535714285714285,short,simple,short_simple,0.9877376474875649,1248,466,
p00159,s480511135,271,865,clean_src/p00159/s480511135.c,obfuscated_bin/p00159/s480511135_fla_bcf_instsub.elf,input_output/p00159/input.txt,input_output/p00159/output.txt,llvm-clang-14,O0,True,OLLVM_Heroims_NewPass,"[""BCF"", ""FLA"", ""INSTSUB""]",SUCCESS,1,34,8,8,7,20.588235294117645,short,simple,short_simple,0.7710218359987295,61,469,
p00160,s483649382,555,1872,clean_src/p00160/s483649382.c,obfuscated_bin/p00160/s483649382_fla_bcf_instsub.elf,input_output/p00160/input.txt,input_output/p00160/output.txt,llvm-clang-14,O0,True,OLLVM_Heroims_NewPass,"[""BCF"", ""FLA"", ""INSTSUB""]",SUCCESS,1,116,51,51,50,43.103448275862064,short,complex,short_complex,0.9657745582620475,963,1192,
p00161,s270690835,468,799,clean_src/p00161/s270690835.c,obfuscated_bin/p00161/s270690835_fla_bcf_instsub.elf,input_output/p00161/input.txt,input_output/p00161/output.txt,llvm-clang-14,O0,True,OLLVM_Heroims_NewPass,"[""BCF"", ""FLA"", ""INSTSUB""]",SUCCESS,1,43,8,8,7,16.27906976744186,short,simple,short_simple,0.8748033537703962,738,272,
p00162,s461288878,275,621,clean_src/p00162/s461288878.c,obfuscated_bin/p00162/s461288878_fla_bcf_instsub.elf,input_output/p00162/input.txt,input_output/p00162/output.txt,llvm-clang-14,O0,True,OLLVM_Heroims_NewPass,"[""BCF"", ""FLA"", ""INSTSUB""]",SUCCESS,1,47,17,17,16,34.04255319148936,short,complex,short_complex,0.8141458891363849,81,1030,
p00163,s678583294,640,1163,clean_src/p00163/s678583294.c,obfuscated_bin/p00163/s678583294_fla_bcf_instsub.elf,input_output/p00163/input.txt,input_output/p00163/output.txt,llvm-clang-14,O0,True,OLLVM_Heroims_NewPass,"[""BCF"", ""FLA"", ""INSTSUB""]",SUCCESS,1,68,11,11,10,14.705882352941178,short,simple,short_simple,0.6322492976746727,1162,192,
p00165,s722254321,282,816,clean_src/p00165/s722254321.c,obfuscated_bin/p00165/s722254321_fla_bcf_instsub.elf,input_output/p00165/input.txt,input_output/p00165/output.txt,llvm-clang-14,O0,True,OLLVM_Heroims_NewPass,"[""BCF"", ""FLA"", ""INSTSUB""]",SUCCESS,1,31,12,12,11,35.483870967741936,short,complex,short_complex,0.954185994120202,113,1075,
p00166,s728562969,323,1105,clean_src/p00166/s728562969.c,obfuscated_bin/p00166/s728562969_fla_bcf_instsub.elf,input_output/p00166/input.txt,input_output/p00166/output.txt,llvm-clang-14,O0,True,OLLVM_Heroims_NewPass,"[""BCF"", ""FLA"", ""INSTSUB""]",SUCCESS,3,48,11,7,8,16.666666666666664,short,simple,short_simple,0.46887235395790705,278,288,
p00167,s821628192,379,932,clean_src/p00167/s821628192.c,obfuscated_bin/p00167/s821628192_fla_bcf_instsub.elf,input_output/p00167/input.txt,input_output/p00167/output.txt,llvm-clang-14,O0,True,OLLVM_Heroims_NewPass,"[""BCF"", ""FLA"", ""INSTSUB""]",SUCCESS,4,49,14,6,10,20.408163265306122,short,simple,short_simple,0.48127179367105666,474,452,
p00168,s921609570,422,1056,clean_src/p00168/s921609570.c,obfuscated_bin/p00168/s921609570_fla_bcf_instsub.elf,input_output/p00168/input.txt,input_output/p00168/output.txt,llvm-clang-14,O0,True,OLLVM_Heroims_NewPass,"[""BCF"", ""FLA"", ""INSTSUB""]",SUCCESS,4,60,13,5,9,15.0,short,simple,short_simple,0.24873562822875206,617,204,
p00170,s523345177,427,850,clean_src/p00170/s523345177.c,obfuscated_bin/p00170/s523345177_fla_bcf_instsub.elf,input_output/p00170/input.txt,input_output/p00170/output.txt,llvm-clang-14,O0,True,OLLVM_Heroims_NewPass,"[""BCF"", ""FLA"", ""INSTSUB""]",SUCCESS,2,46,15,11,13,28.26086956521739,short,complex,short_complex,0.9785431755277568,632,825,
p00171,s837373640,1284,2401,clean_src/p00171/s837373640.c,obfuscated_bin/p00171/s837373640_fla_bcf_instsub.elf,input_output/p00171/input.txt,input_output/p00171/output.txt,llvm-clang-14,O0,True,OLLVM_Heroims_NewPass,"[""BCF"", ""FLA"", ""INSTSUB""]",SUCCESS,3,81,28,14,25,30.864197530864196,long,complex,long_complex,0.9888626350959128,1962,774,
p00172,s748210268,942,2055,clean_src/p00172/s748210268.c,obfuscated_bin/p00172/s748210268_fla_bcf_instsub.elf,input_output/p00172/input.txt,input_output/p00172/output.txt,llvm-clang-14,O0,True,OLLVM_Heroims_NewPass,"[""BCF"", ""FLA"", ""INSTSUB""]",SUCCESS,4,98,31,13,27,27.55102040816326,long,complex,long_complex,0.6290372643997428,1679,691,
p00173,s799547761,383,1033,clean_src/p00173/s799547761.c,obfuscated_bin/p00173/s799547761_fla_bcf_instsub.elf,input_output/p00173/input.txt,input_output/p00173/output.txt,llvm-clang-14,O0,True,OLLVM_Heroims_NewPass,"[""BCF"", ""FLA"", ""INSTSUB""]",SUCCESS,1,26,1,1,0,0.0,short,simple,short_simple,0.6061769915997135,491,1,
p00174,s094920254,313,684,clean_src/p00174/s094920254.c,obfuscated_bin/p00174/s094920254_fla_bcf_instsub.elf,input_output/p00174/input.txt,input_output/p00174/output.txt,llvm-clang-14,O0,True,OLLVM_Heroims_NewPass,"[""BCF"", ""FLA"", ""INSTSUB""]",SUCCESS,1,34,16,16,15,44.11764705882353,short,complex,short_complex,0.7424931306234452,237,1207,
p00175,s763897135,310,1021,clean_src/p00175/s763897135.c,obfuscated_bin/p00175/s763897135_fla_bcf_instsub.elf,input_output/p00175/input.txt,input_output/p00175/output.txt,llvm-clang-14,O0,True,OLLVM_Heroims_NewPass,"[""BCF"", ""FLA"", ""INSTSUB""]",SUCCESS,1,57,23,23,22,38.59649122807017,short,complex,short_complex,0.9865956185359093,228,1130,
p00176,s155750320,817,2241,clean_src/p00176/s155750320.c,obfuscated_bin/p00176/s155750320_fla_bcf_instsub.elf,input_output/p00176/input.txt,input_output/p00176/output.txt,llvm-clang-14,O0,True,OLLVM_Heroims_NewPass,"[""BCF"", ""FLA"", ""INSTSUB""]",SUCCESS,2,92,44,31,42,45.65217391304348,long,complex,long_complex,0.9221278380269355,1503,1072,
p00177,s213221663,257,751,clean_src/p00177/s213221663.c,obfuscated_bin/p00177/s213221663_fla_bcf_instsub.elf,input_output/p00177/input.txt,input_output/p00177/output.txt,llvm-clang-14,O0,True,OLLVM_Heroims_NewPass,"[""BCF"", ""FLA"", ""INSTSUB""]",SUCCESS,1,32,4,4,3,9.375,short,simple,short_simple,0.7323971101347123,4,49,
p00178,s964905251,581,2820,clean_src/p00178/s964905251.c,obfuscated_bin/p00178/s964905251_fla_bcf_instsub.elf,input_output/p00178/input.txt,input_output/p00178/output.txt,llvm-clang-14,O0,True,OLLVM_Heroims_NewPass,"[""BCF"", ""FLA"", ""INSTSUB""]",SUCCESS,2,79,23,18,21,26.582278481012654,short,complex,short_complex,0.450067777681068,1034,742,
p00179,s132107968,768,1937,clean_src/p00179/s132107968.c,obfuscated_bin/p00179/s132107968_fla_bcf_instsub.elf,input_output/p00179/input.txt,input_output/p00179/output.txt,llvm-clang-14,O0,True,OLLVM_Heroims_NewPass,"[""BCF"", ""FLA"", ""INSTSUB""]",SUCCESS,6,112,38,21,32,28.57142857142857,long,complex,long_complex,0.7809142959680577,1430,716,
p00180,s536837035,392,1183,clean_src/p00180/s536837035.c,obfuscated_bin/p00180/s536837035_fla_bcf_instsub.elf,input_output/p00180/input.txt,input_output/p00180/output.txt,llvm-clang-14,O0,True,OLLVM_Heroims_NewPass,"[""BCF"", ""FLA"", ""INSTSUB""]",SUCCESS,3,49,16,8,13,26.53061224489796,short,complex,short_complex,0.8975431515942832,515,740,
p00181,s020606533,303,1013,clean_src/p00181/s020606533.c,obfuscated_bin/p00181/s020606533_fla_bcf_instsub.elf,input_output/p00181/input.txt,input_output/p00181/output.txt,llvm-clang-14,O0,True,OLLVM_Heroims_NewPass,"[""BCF"", ""FLA"", ""INSTSUB""]",SUCCESS,3,51,16,6,13,25.49019607843137,short,complex,short_complex,0.6402668934346324,203,688,
p00182,s995805311,464,1078,clean_src/p00182/s995805311.c,obfuscated_bin/p00182/s995805311_fla_bcf_instsub.elf,input_output/p00182/input.txt,input_output/p00182/output.txt,llvm-clang-14,O0,True,OLLVM_Heroims_NewPass,"[""BCF"", ""FLA"", ""INSTSUB""]",SUCCESS,2,51,26,19,24,47.05882352941176,short,complex,short_complex,0.9943377734477296,731,1226,
p00183,s767609841,723,1748,clean_src/p00183/s767609841.c,obfuscated_bin/p00183/s767609841_fla_bcf_instsub.elf,input_output/p00183/input.txt,input_output/p00183/output.txt,llvm-clang-14,O0,True,OLLVM_Heroims_NewPass,"[""BCF"", ""FLA"", ""INSTSUB""]",SUCCESS,1,73,38,38,37,50.68493150684932,long,complex,long_complex,0.9586571262731416,1340,1163,
p00184,s406112020,317,892,clean_src/p00184/s406112020.c,obfuscated_bin/p00184/s406112020_fla_bcf_instsub.elf,input_output/p00184/input.txt,input_output/p00184/output.txt,llvm-clang-14,O0,True,OLLVM_Heroims_NewPass,"[""BCF"", ""FLA"", ""INSTSUB""]",SUCCESS,2,31,14,9,12,38.70967741935484,short,complex,short_complex,0.937606568209107,253,1131,
p00185,s074549539,274,830,clean_src/p00185/s074549539.c,obfuscated_bin/p00185/s074549539_fla_bcf_instsub.elf,input_output/p00185/input.txt,input_output/p00185/output.txt,llvm-clang-14,O0,True,OLLVM_Heroims_NewPass,"[""BCF"", ""FLA"", ""INSTSUB""]",SUCCESS,2,37,12,10,10,27.027027027027028,short,complex,short_complex,0.881678476354933,76,765,
p00186,s226979652,369,2369,clean_src/p00186/s226979652.c,obfuscated_bin/p00186/s226979652_fla_bcf_instsub.elf,input_output/p00186/input.txt,input_output/p00186/output.txt,llvm-clang-14,O0,True,OLLVM_Heroims_NewPass,"[""BCF"", ""FLA"", ""INSTSUB""]",SUCCESS,2,68,10,5,8,11.76470588235294,short,simple,short_simple,0.8962650579895037,431,106,
p00187,s241378502,1211,2797,clean_src/p00187/s241378502.c,obfuscated_bin/p00187/s241378502_fla_bcf_instsub.elf,input_output/p00187/input.txt,input_output/p00187/output.txt,llvm-clang-14,O0,True,OLLVM_Heroims_NewPass,"[""BCF"", ""FLA"", ""INSTSUB""]",SUCCESS,4,74,38,16,34,45.94594594594595,long,complex,long_complex,0.9996048831196395,1911,1084,
p00189,s485779555,599,1882,clean_src/p00189/s485779555.c,obfuscated_bin/p00189/s485779555_fla_bcf_instsub.elf,input_output/p00189/input.txt,input_output/p00189/output.txt,llvm-clang-14,O0,True,OLLVM_Heroims_NewPass,"[""BCF"", ""FLA"", ""INSTSUB""]",SUCCESS,2,77,26,13,24,31.16883116883117,short,complex,short_complex,0.9086981277303776,1068,942,
p00190,s761197141,1132,2526,clean_src/p00190/s761197141.c,obfuscated_bin/p00190/s761197141_fla_bcf_instsub.elf,input_output/p00190/input.txt,input_output/p00190/output.txt,llvm-clang-14,O0,True,OLLVM_Heroims_NewPass,"[""BCF"", ""FLA"", ""INSTSUB""]",SUCCESS,7,94,37,14,30,31.914893617021278,long,complex,long_complex,0.9729820758421291,1859,793,
p00191,s137938123,335,953,clean_src/p00191/s137938123.c,obfuscated_bin/p00191/s137938123_fla_bcf_instsub.elf,input_output/p00191/input.txt,input_output/p00191/output.txt,llvm-clang-14,O0,True,OLLVM_Heroims_NewPass,"[""BCF"", ""FLA"", ""INSTSUB""]",SUCCESS,2,40,13,8,11,27.500000000000004,short,complex,short_complex,0.869543901316552,323,787,
p00192,s922830728,504,2029,clean_src/p00192/s922830728.c,obfuscated_bin/p00192/s922830728_fla_bcf_instsub.elf,input_output/p00192/input.txt,input_output/p00192/output.txt,llvm-clang-14,O0,True,OLLVM_Heroims_NewPass,"[""BCF"", ""FLA"", ""INSTSUB""]",SUCCESS,1,67,24,24,23,34.32835820895522,short,complex,short_complex,0.9903854531733033,836,1041,
p00193,s471389141,923,1932,clean_src/p00193/s471389141.c,obfuscated_bin/p00193/s471389141_fla_bcf_instsub.elf,input_output/p00193/input.txt,input_output/p00193/output.txt,llvm-clang-14,O0,True,OLLVM_Heroims_NewPass,"[""BCF"", ""FLA"", ""INSTSUB""]",SUCCESS,2,55,36,19,34,61.81818181818181,long,complex,long_complex,0.9530109196862966,1656,1204,
p00194,s934953910,1030,2487,clean_src/p00194/s934953910.c,obfuscated_bin/p00194/s934953910_fla_bcf_instsub.elf,input_output/p00194/input.txt,input_output/p00194/output.txt,llvm-clang-14,O0,True,OLLVM_Heroims_NewPass,"[""BCF"", ""FLA"", ""INSTSUB""]",SUCCESS,3,73,28,20,25,34.24657534246575,long,complex,long_complex,0.8025380277923463,1770,847,
p00195,s826650025,314,608,clean_src/p00195/s826650025.c,obfuscated_bin/p00195/s826650025_fla_bcf_instsub.elf,input_output/p00195/input.txt,input_output/p00195/output.txt,llvm-clang-14,O0,True,OLLVM_Heroims_NewPass,"[""BCF"", ""FLA"", ""INSTSUB""]",SUCCESS,1,45,12,12,11,24.444444444444443,short,simple,short_simple,0.9129950734506669,245,637,
p00196,s693063869,367,926,clean_src/p00196/s693063869.c,obfuscated_bin/p00196/s693063869_fla_bcf_instsub.elf,input_output/p00196/input.txt,input_output/p00196/output.txt,llvm-clang-14,O0,True,OLLVM_Heroims_NewPass,"[""BCF"", ""FLA"", ""INSTSUB""]",SUCCESS,1,51,15,15,14,27.450980392156865,short,complex,short_complex,0.98312961811273,425,783,
p00198,s555941748,742,1394,clean_src/p00198/s555941748.c,obfuscated_bin/p00198/s555941748_fla_bcf_instsub.elf,input_output/p00198/input.txt,input_output/p00198/output.txt,llvm-clang-14,O0,True,OLLVM_Heroims_NewPass,"[""BCF"", ""FLA"", ""INSTSUB""]",SUCCESS,3,49,29,21,26,53.06122448979592,long,complex,long_complex,0.9738516669558294,1377,1173,
p00199,s752612240,557,1273,clean_src/p00199/s752612240.c,obfuscated_bin/p00199/s752612240_fla_bcf_instsub.elf,input_output/p00199/input.txt,input_output/p00199/output.txt,llvm-clang-14,O0,True,OLLVM_Heroims_NewPass,"[""BCF"", ""FLA"", ""INSTSUB""]",SUCCESS,1,86,36,36,35,40.69767441860465,short,complex,short_complex,0.9976270897923886,970,1154,
p00200,s045660277,610,4966,clean_src/p00200/s045660277.c,obfuscated_bin/p00200/s045660277_fla_bcf_instsub.elf,input_output/p00200/input.txt,input_output/p00200/output.txt,llvm-clang-14,O0,True,OLLVM_Heroims_NewPass,"[""BCF"", ""FLA"", ""INSTSUB""]",SUCCESS,2,81,20,18,18,22.22222222222222,short,simple,short_simple,0.6856892579573475,1090,547,
p00201,s006626719,705,1823,clean_src/p00201/s006626719.c,obfuscated_bin/p00201/s006626719_fla_bcf_instsub.elf,input_output/p00201/input.txt,input_output/p00201/output.txt,llvm-clang-14,O0,True,OLLVM_Heroims_NewPass,"[""BCF"", ""FLA"", ""INSTSUB""]",SUCCESS,4,72,25,7,21,29.166666666666668,long,complex,long_complex,0.9891539885796278,1314,732,
p00202,s531390838,325,1047,clean_src/p00202/s531390838.c,obfuscated_bin/p00202/s531390838_fla_bcf_instsub.elf,input_output/p00202/input.txt,input_output/p00202/output.txt,llvm-clang-14,O0,True,OLLVM_Heroims_NewPass,"[""BCF"", ""FLA"", ""INSTSUB""]",SUCCESS,2,47,18,13,16,34.04255319148936,short,complex,short_complex,0.77214364599025,287,1029,
p00203,s680384388,541,2454,clean_src/p00203/s680384388.c,obfuscated_bin/p00203/s680384388_fla_bcf_instsub.elf,input_output/p00203/input.txt,input_output/p00203/output.txt,llvm-clang-14,O0,True,OLLVM_Heroims_NewPass,"[""BCF"", ""FLA"", ""INSTSUB""]",SUCCESS,1,70,24,24,23,32.857142857142854,short,complex,short_complex,0.9872652615971658,927,993,
p00204,s978297714,458,849,clean_src/p00204/s978297714.c,obfuscated_bin/p00204/s978297714_fla_bcf_instsub.elf,input_output/p00204/input.txt,input_output/p00204/output.txt,llvm-clang-14,O0,True,OLLVM_Heroims_NewPass,"[""BCF"", ""FLA"", ""INSTSUB""]",SUCCESS,2,50,17,15,15,30.0,short,complex,short_complex,0.2558741498587399,713,904,
p00205,s389528508,459,995,clean_src/p00205/s389528508.c,obfuscated_bin/p00205/s389528508_fla_bcf_instsub.elf,input_output/p00205/input.txt,input_output/p00205/output.txt,llvm-clang-14,O0,True,OLLVM_Heroims_NewPass,"[""BCF"", ""FLA"", ""INSTSUB""]",SUCCESS,3,61,34,17,31,50.81967213114754,short,complex,short_complex,0.6334392965456408,717,1246,
p00206,s593869859,269,1117,clean_src/p00206/s593869859.c,obfuscated_bin/p00206/s593869859_fla_bcf_instsub.elf,input_output/p00206/input.txt,input_output/p00206/output.txt,llvm-clang-14,O0,True,OLLVM_Heroims_NewPass,"[""BCF"", ""FLA"", ""INSTSUB""]",SUCCESS,5,54,12,3,7,12.962962962962962,short,simple,short_simple,0.3882670181642597,52,139,
p00207,s580399766,870,2488,clean_src/p00207/s580399766.c,obfuscated_bin/p00207/s580399766_fla_bcf_instsub.elf,input_output/p00207/input.txt,input_output/p00207/output.txt,llvm-clang-14,O0,True,OLLVM_Heroims_NewPass,"[""BCF"", ""FLA"", ""INSTSUB""]",SUCCESS,6,116,45,16,39,33.62068965517241,long,complex,long_complex,0.9251780596328685,1577,837,
p00208,s071054514,320,672,clean_src/p00208/s071054514.c,obfuscated_bin/p00208/s071054514_fla_bcf_instsub.elf,input_output/p00208/input.txt,input_output/p00208/output.txt,llvm-clang-14,O0,True,OLLVM_Heroims_NewPass,"[""BCF"", ""FLA"", ""INSTSUB""]",SUCCESS,1,54,13,13,12,22.22222222222222,short,simple,short_simple,0.7955191635985007,265,546,
p00209,s755208042,739,2019,clean_src/p00209/s755208042.c,obfuscated_bin/p00209/s755208042_fla_bcf_instsub.elf,input_output/p00209/input.txt,input_output/p00209/output.txt,llvm-clang-14,O0,True,OLLVM_Heroims_NewPass,"[""BCF"", ""FLA"", ""INSTSUB""]",SUCCESS,4,98,37,23,33,33.6734693877551,long,complex,long_complex,0.7204561732418661,1370,840,
p00210,s743696430,431,1138,clean_src/p00210/s743696430.c,obfuscated_bin/p00210/s743696430_fla_bcf_instsub.elf,input_output/p00210/input.txt,input_output/p00210/output.txt,llvm-clang-14,O0,True,OLLVM_Heroims_NewPass,"[""BCF"", ""FLA"", ""INSTSUB""]",SUCCESS,1,48,18,18,17,35.41666666666667,short,complex,short_complex,0.8602789407222242,638,1072,
p00211,s393026732,405,927,clean_src/p00211/s393026732.c,obfuscated_bin/p00211/s393026732_fla_bcf_instsub.elf,input_output/p00211/input.txt,input_output/p00211/output.txt,llvm-clang-14,O0,True,OLLVM_Heroims_NewPass,"[""BCF"", ""FLA"", ""INSTSUB""]",SUCCESS,4,44,14,6,10,22.727272727272727,short,simple,short_simple,0.9803674005199582,565,565,
p00212,s445850211,617,1463,clean_src/p00212/s445850211.c,obfuscated_bin/p00212/s445850211_fla_bcf_instsub.elf,input_output/p00212/input.txt,input_output/p00212/output.txt,llvm-clang-14,O0,True,OLLVM_Heroims_NewPass,"[""BCF"", ""FLA"", ""INSTSUB""]",SUCCESS,2,64,12,11,10,15.625,short,simple,short_simple,0.7619549199387582,1113,237,
p00213,s528467147,771,2492,clean_src/p00213/s528467147.c,obfuscated_bin/p00213/s528467147_fla_bcf_instsub.elf,input_output/p00213/input.txt,input_output/p00213/output.txt,llvm-clang-14,O0,True,OLLVM_Heroims_NewPass,"[""BCF"", ""FLA"", ""INSTSUB""]",SUCCESS,5,104,29,11,24,23.076923076923077,long,simple,long_simple,0.8065110264470016,1433,570,
p00214,s716360118,1465,3339,clean_src/p00214/s716360118.c,obfuscated_bin/p00214/s716360118_fla_bcf_instsub.elf,input_output/p00214/input.txt,input_output/p00214/output.txt,llvm-clang-14,O0,True,OLLVM_Heroims_NewPass,"[""BCF"", ""FLA"", ""INSTSUB""]",SUCCESS,9,90,57,16,48,53.333333333333336,long,complex,long_complex,0.8328413880548172,2058,1174,
p00215,s775226416,731,1372,clean_src/p00215/s775226416.c,obfuscated_bin/p00215/s775226416_fla_bcf_instsub.elf,input_output/p00215/input.txt,input_output/p00215/output.txt,llvm-clang-14,O0,True,OLLVM_Heroims_NewPass,"[""BCF"", ""FLA"", ""INSTSUB""]",SUCCESS,4,76,26,17,22,28.947368421052634,long,complex,long_complex,0.8419414914848621,1359,723,
p00216,s347366025,282,886,clean_src/p00216/s347366025.c,obfuscated_bin/p00216/s347366025_fla_bcf_instsub.elf,input_output/p00216/input.txt,input_output/p00216/output.txt,llvm-clang-14,O0,True,OLLVM_Heroims_NewPass,"[""BCF"", ""FLA"", ""INSTSUB""]",SUCCESS,2,44,12,9,10,22.727272727272727,short,simple,short_simple,0.3519952599139655,114,567,
p00218,s264004036,323,765,clean_src/p00218/s264004036.c,obfuscated_bin/p00218/s264004036_fla_bcf_instsub.elf,input_output/p00218/input.txt,input_output/p00218/output.txt,llvm-clang-14,O0,True,OLLVM_Heroims_NewPass,"[""BCF"", ""FLA"", ""INSTSUB""]",SUCCESS,1,28,14,14,13,46.42857142857143,short,complex,short_complex,0.9338220351076462,279,1222,
p00219,s019367394,272,735,clean_src/p00219/s019367394.c,obfuscated_bin/p00219/s019367394_fla_bcf_instsub.elf,input_output/p00219/input.txt,input_output/p00219/output.txt,llvm-clang-14,O0,True,OLLVM_Heroims_NewPass,"[""BCF"", ""FLA"", ""INSTSUB""]",SUCCESS,1,30,18,18,17,56.666666666666664,short,complex,short_complex,0.9280231555542391,64,1266,
p00220,s530062994,310,784,clean_src/p00220/s530062994.c,obfuscated_bin/p00220/s530062994_fla_bcf_instsub.elf,input_output/p00220/input.txt,input_output/p00220/output.txt,llvm-clang-14,O0,True,OLLVM_Heroims_NewPass,"[""BCF"", ""FLA"", ""INSTSUB""]",SUCCESS,1,60,12,12,11,18.333333333333332,short,simple,short_simple,0.9973398094592533,229,364,
p00221,s613759856,499,1187,clean_src/p00221/s613759856.c,obfuscated_bin/p00221/s613759856_fla_bcf_instsub.elf,input_output/p00221/input.txt,input_output/p00221/output.txt,llvm-clang-14,O0,True,OLLVM_Heroims_NewPass,"[""BCF"", ""FLA"", ""INSTSUB""]",SUCCESS,1,70,36,36,35,50.0,short,complex,short_complex,0.6712685347121764,818,1244,
p00222,s701795888,2022,4360,clean_src/p00222/s701795888.c,obfuscated_bin/p00222/s701795888_fla_bcf_instsub.elf,input_output/p00222/input.txt,input_output/p00222/output.txt,llvm-clang-14,O0,True,OLLVM_Heroims_NewPass,"[""BCF"", ""FLA"", ""INSTSUB""]",SUCCESS,2,118,10,6,8,6.779661016949152,long,simple,long_simple,0.9668935201539666,2256,35,
p00223,s388155009,755,1758,clean_src/p00223/s388155009.c,obfuscated_bin/p00223/s388155009_fla_bcf_instsub.elf,input_output/p00223/input.txt,input_output/p00223/output.txt,llvm-clang-14,O0,True,OLLVM_Heroims_NewPass,"[""BCF"", ""FLA"", ""INSTSUB""]",SUCCESS,1,90,30,30,29,32.22222222222222,long,complex,long_complex,0.5100955695370774,1401,812,
p00224,s761325339,749,1736,clean_src/p00224/s761325339.c,obfuscated_bin/p00224/s761325339_fla_bcf_instsub.elf,input_output/p00224/input.txt,input_output/p00224/output.txt,llvm-clang-14,O0,True,OLLVM_Heroims_NewPass,"[""BCF"", ""FLA"", ""INSTSUB""]",SUCCESS,4,70,29,16,25,35.714285714285715,long,complex,long_complex,0.6083462388237856,1388,883,
p00225,s564988663,484,2873,clean_src/p00225/s564988663.c,obfuscated_bin/p00225/s564988663_fla_bcf_instsub.elf,input_output/p00225/input.txt,input_output/p00225/output.txt,llvm-clang-14,O0,True,OLLVM_Heroims_NewPass,"[""BCF"", ""FLA"", ""INSTSUB""]",SUCCESS,5,95,22,10,17,17.894736842105264,short,simple,short_simple,0.9597619123748811,780,343,
p00226,s708315076,259,466,clean_src/p00226/s708315076.c,obfuscated_bin/p00226/s708315076_fla_bcf_instsub.elf,input_output/p00226/input.txt,input_output/p00226/output.txt,llvm-clang-14,O0,True,OLLVM_Heroims_NewPass,"[""BCF"", ""FLA"", ""INSTSUB""]",SUCCESS,1,33,12,12,11,33.33333333333333,short,complex,short_complex,0.3895988769280989,13,1011,
p00227,s290410043,260,691,clean_src/p00227/s290410043.c,obfuscated_bin/p00227/s290410043_fla_bcf_instsub.elf,input_output/p00227/input.txt,input_output/p00227/output.txt,llvm-clang-14,O0,True,OLLVM_Heroims_NewPass,"[""BCF"", ""FLA"", ""INSTSUB""]",SUCCESS,1,40,12,12,11,27.500000000000004,short,complex,short_complex,0.9953050387509188,19,789,
p00228,s070277512,366,721,clean_src/p00228/s070277512.c,obfuscated_bin/p00228/s070277512_fla_bcf_instsub.elf,input_output/p00228/input.txt,input_output/p00228/output.txt,llvm-clang-14,O0,True,OLLVM_Heroims_NewPass,"[""BCF"", ""FLA"", ""INSTSUB""]",SUCCESS,1,35,9,9,8,22.857142857142858,short,simple,short_simple,0.9905513354601114,422,575,
p00230,s002970081,767,2959,clean_src/p00230/s002970081.c,obfuscated_bin/p00230/s002970081_fla_bcf_instsub.elf,input_output/p00230/input.txt,input_output/p00230/output.txt,llvm-clang-14,O0,True,OLLVM_Heroims_NewPass,"[""BCF"", ""FLA"", ""INSTSUB""]",SUCCESS,3,102,32,30,29,28.431372549019606,long,complex,long_complex,0.6385005334557129,1426,710,
p00231,s811909424,941,3159,clean_src/p00231/s811909424.c,obfuscated_bin/p00231/s811909424_fla_bcf_instsub.elf,input_output/p00231/input.txt,input_output/p00231/output.txt,llvm-clang-14,O0,True,OLLVM_Heroims_NewPass,"[""BCF"", ""FLA"", ""INSTSUB""]",SUCCESS,10,121,34,6,24,19.834710743801654,long,simple,long_simple,0.9751735334748077,1676,486,
p00232,s704991565,375,772,clean_src/p00232/s704991565.c,obfuscated_bin/p00232/s704991565_fla_bcf_instsub.elf,input_output/p00232/input.txt,input_output/p00232/output.txt,llvm-clang-14,O0,True,OLLVM_Heroims_NewPass,"[""BCF"", ""FLA"", ""INSTSUB""]",SUCCESS,1,39,11,11,10,25.64102564102564,short,complex,short_complex,0.6256051759534796,464,705,
p00233,s713471556,313,1174,clean_src/p00233/s713471556.c,obfuscated_bin/p00233/s713471556_fla_bcf_instsub.elf,input_output/p00233/input.txt,input_output/p00233/output.txt,llvm-clang-14,O0,True,OLLVM_Heroims_NewPass,"[""BCF"", ""FLA"", ""INSTSUB""]",SUCCESS,6,57,15,3,9,15.789473684210526,short,simple,short_simple,0.9449818688411583,238,244,
p00234,s320134010,929,2300,clean_src/p00234/s320134010.c,obfuscated_bin/p00234/s320134010_fla_bcf_instsub.elf,input_output/p00234/input.txt,input_output/p00234/output.txt,llvm-clang-14,O0,True,OLLVM_Heroims_NewPass,"[""BCF"", ""FLA"", ""INSTSUB""]",SUCCESS,3,94,33,28,30,31.914893617021278,long,complex,long_complex,0.9041945855390301,1661,794,
p00235,s768196852,476,1084,clean_src/p00235/s768196852.c,obfuscated_bin/p00235/s768196852_fla_bcf_instsub.elf,input_output/p00235/input.txt,input_output/p00235/output.txt,llvm-clang-14,O0,True,OLLVM_Heroims_NewPass,"[""BCF"", ""FLA"", ""INSTSUB""]",SUCCESS,2,51,20,17,18,35.294117647058826,short,complex,short_complex,0.9767212729314022,759,1070,
p00236,s048628824,1334,3946,clean_src/p00236/s048628824.c,obfuscated_bin/p00236/s048628824_fla_bcf_instsub.elf,input_output/p00236/input.txt,input_output/p00236/output.txt,llvm-clang-14,O0,True,OLLVM_Heroims_NewPass,"[""BCF"", ""FLA"", ""INSTSUB""]",SUCCESS,5,156,55,25,50,32.05128205128205,long,complex,long_complex,0.837186431888769,1995,799,
p00237,s027640961,1730,3873,clean_src/p00237/s027640961.c,obfuscated_bin/p00237/s027640961_fla_bcf_instsub.elf,input_output/p00237/input.txt,input_output/p00237/output.txt,llvm-clang-14,O0,True,OLLVM_Heroims_NewPass,"[""BCF"", ""FLA"", ""INSTSUB""]",SUCCESS,14,122,56,11,42,34.42622950819672,long,complex,long_complex,0.7464836629147981,2167,851,
p00238,s082685241,323,1137,clean_src/p00238/s082685241.c,obfuscated_bin/p00238/s082685241_fla_bcf_instsub.elf,input_output/p00238/input.txt,input_output/p00238/output.txt,llvm-clang-14,O0,True,OLLVM_Heroims_NewPass,"[""BCF"", ""FLA"", ""INSTSUB""]",SUCCESS,9,62,18,4,9,14.516129032258066,short,simple,short_simple,0.8438005635001568,280,185,
p00239,s457042685,373,727,clean_src/p00239/s457042685.c,obfuscated_bin/p00239/s457042685_fla_bcf_instsub.elf,input_output/p00239/input.txt,input_output/p00239/output.txt,llvm-clang-14,O0,True,OLLVM_Heroims_NewPass,"[""BCF"", ""FLA"", ""INSTSUB""]",SUCCESS,1,45,18,18,17,37.77777777777778,short,complex,short_complex,0.8159167279530559,453,1114,
p00240,s012203872,305,656,clean_src/p00240/s012203872.c,obfuscated_bin/p00240/s012203872_fla_bcf_instsub.elf,input_output/p00240/input.txt,input_output/p00240/output.txt,llvm-clang-14,O0,True,OLLVM_Heroims_NewPass,"[""BCF"", ""FLA"", ""INSTSUB""]",SUCCESS,1,39,9,9,8,20.51282051282051,short,simple,short_simple,0.8333234503339421,213,462,
p00241,s770396550,329,550,clean_src/p00241/s770396550.c,obfuscated_bin/p00241/s770396550_fla_bcf_instsub.elf,input_output/p00241/input.txt,input_output/p00241/output.txt,llvm-clang-14,O0,True,OLLVM_Heroims_NewPass,"[""BCF"", ""FLA"", ""INSTSUB""]",SUCCESS,1,24,7,7,6,25.0,short,complex,short_complex,0.8550531454451743,305,657,
p00242,s162821518,615,1829,clean_src/p00242/s162821518.c,obfuscated_bin/p00242/s162821518_fla_bcf_instsub.elf,input_output/p00242/input.txt,input_output/p00242/output.txt,llvm-clang-14,O0,True,OLLVM_Heroims_NewPass,"[""BCF"", ""FLA"", ""INSTSUB""]",SUCCESS,3,74,20,16,17,22.972972972972975,short,simple,short_simple,0.8878021116423449,1106,579,
p00243,s469076758,736,2008,clean_src/p00243/s469076758.c,obfuscated_bin/p00243/s469076758_fla_bcf_instsub.elf,input_output/p00243/input.txt,input_output/p00243/output.txt,llvm-clang-14,O0,True,OLLVM_Heroims_NewPass,"[""BCF"", ""FLA"", ""INSTSUB""]",SUCCESS,5,90,28,18,23,25.555555555555554,long,simple,long_simple,0.6863912773447371,1367,638,
p00244,s407070546,469,895,clean_src/p00244/s407070546.c,obfuscated_bin/p00244/s407070546_fla_bcf_instsub.elf,input_output/p00244/input.txt,input_output/p00244/output.txt,llvm-clang-14,O0,True,OLLVM_Heroims_NewPass,"[""BCF"", ""FLA"", ""INSTSUB""]",SUCCESS,2,50,24,14,22,44.0,short,complex,short_complex,0.8237893199850815,743,1206,
p00245,s624139296,881,1971,clean_src/p00245/s624139296.c,obfuscated_bin/p00245/s624139296_fla_bcf_instsub.elf,input_output/p00245/input.txt,input_output/p00245/output.txt,llvm-clang-14,O0,True,OLLVM_Heroims_NewPass,"[""BCF"", ""FLA"", ""INSTSUB""]",SUCCESS,2,72,32,30,30,41.66666666666667,long,complex,long_complex,0.4031490468985033,1599,983,
p00246,s987111358,1050,1672,clean_src/p00246/s987111358.c,obfuscated_bin/p00246/s987111358_fla_bcf_instsub.elf,input_output/p00246/input.txt,input_output/p00246/output.txt,llvm-clang-14,O0,True,OLLVM_Heroims_NewPass,"[""BCF"", ""FLA"", ""INSTSUB""]",SUCCESS,4,51,18,7,14,27.450980392156865,long,complex,long_complex,0.9324739197045114,1778,688,
p00247,s691017912,1926,4748,clean_src/p00247/s691017912.c,obfuscated_bin/p00247/s691017912_fla_bcf_instsub.elf,input_output/p00247/input.txt,input_output/p00247/output.txt,llvm-clang-14,O0,True,OLLVM_Heroims_NewPass,"[""BCF"", ""FLA"", ""INSTSUB""]",SUCCESS,10,143,74,39,64,44.75524475524475,long,complex,long_complex,0.9557278669459667,2223,1055,
p00248,s802622492,389,1027,clean_src/p00248/s802622492.c,obfuscated_bin/p00248/s802622492_fla_bcf_instsub.elf,input_output/p00248/input.txt,input_output/p00248/output.txt,llvm-clang-14,O0,True,OLLVM_Heroims_NewPass,"[""BCF"", ""FLA"", ""INSTSUB""]",SUCCESS,5,41,18,10,13,31.70731707317073,short,complex,short_complex,0.9255399220042978,506,959,
p00250,s644226812,379,980,clean_src/p00250/s644226812.c,obfuscated_bin/p00250/s644226812_fla_bcf_instsub.elf,input_output/p00250/input.txt,input_output/p00250/output.txt,llvm-clang-14,O0,True,OLLVM_Heroims_NewPass,"[""BCF"", ""FLA"", ""INSTSUB""]",SUCCESS,2,38,17,14,15,39.473684210526315,short,complex,short_complex,0.7533043473827901,475,1145,
p00253,s290484179,424,1315,clean_src/p00253/s290484179.c,obfuscated_bin/p00253/s290484179_fla_bcf_instsub.elf,input_output/p00253/input.txt,input_output/p00253/output.txt,llvm-clang-14,O0,True,OLLVM_Heroims_NewPass,"[""BCF"", ""FLA"", ""INSTSUB""]",SUCCESS,10,71,21,6,11,15.492957746478872,short,simple,short_simple,0.9982194638527981,622,226,
p00254,s439829247,655,2431,clean_src/p00254/s439829247.c,obfuscated_bin/p00254/s439829247_fla_bcf_instsub.elf,input_output/p00254/input.txt,input_output/p00254/output.txt,llvm-clang-14,O0,True,OLLVM_Heroims_NewPass,"[""BCF"", ""FLA"", ""INSTSUB""]",SUCCESS,12,72,29,14,17,23.61111111111111,short,simple,short_simple,0.9846230354695233,1201,608,
p00255,s783127164,380,1064,clean_src/p00255/s783127164.c,obfuscated_bin/p00255/s783127164_fla_bcf_instsub.elf,input_output/p00255/input.txt,input_output/p00255/output.txt,llvm-clang-14,O0,True,OLLVM_Heroims_NewPass,"[""BCF"", ""FLA"", ""INSTSUB""]",SUCCESS,2,60,14,7,12,20.0,short,simple,short_simple,0.9301974329755025,479,444,
p00256,s376857486,601,1657,clean_src/p00256/s376857486.c,obfuscated_bin/p00256/s376857486_fla_bcf_instsub.elf,input_output/p00256/input.txt,input_output/p00256/output.txt,llvm-clang-14,O0,True,OLLVM_Heroims_NewPass,"[""BCF"", ""FLA"", ""INSTSUB""]",SUCCESS,4,70,12,5,8,11.428571428571429,short,simple,short_simple,0.2740934793541344,1073,96,
p00257,s589361079,387,1029,clean_src/p00257/s589361079.c,obfuscated_bin/p00257/s589361079_fla_bcf_instsub.elf,input_output/p00257/input.txt,input_output/p00257/output.txt,llvm-clang-14,O0,True,OLLVM_Heroims_NewPass,"[""BCF"", ""FLA"", ""INSTSUB""]",SUCCESS,3,50,21,9,18,36.0,short,complex,short_complex,0.4771533925304433,502,1085,
p00258,s394514126,465,1042,clean_src/p00258/s394514126.c,obfuscated_bin/p00258/s394514126_fla_bcf_instsub.elf,input_output/p00258/input.txt,input_output/p00258/output.txt,llvm-clang-14,O0,True,OLLVM_Heroims_NewPass,"[""BCF"", ""FLA"", ""INSTSUB""]",SUCCESS,2,37,16,13,14,37.83783783783784,short,complex,short_complex,0.4361601063892555,733,1116,
p00259,s745947488,725,1845,clean_src/p00259/s745947488.c,obfuscated_bin/p00259/s745947488_fla_bcf_instsub.elf,input_output/p00259/input.txt,input_output/p00259/output.txt,llvm-clang-14,O0,True,OLLVM_Heroims_NewPass,"[""BCF"", ""FLA"", ""INSTSUB""]",SUCCESS,7,88,37,9,30,34.090909090909086,long,complex,long_complex,0.9265593858907761,1343,843,
p00260,s706670437,1943,4606,clean_src/p00260/s706670437.c,obfuscated_bin/p00260/s706670437_fla_bcf_instsub.elf,input_output/p00260/input.txt,input_output/p00260/output.txt,llvm-clang-14,O0,True,OLLVM_Heroims_NewPass,"[""BCF"", ""FLA"", ""INSTSUB""]",SUCCESS,18,151,65,27,47,31.125827814569533,long,complex,long_complex,0.8386921546427653,2230,777,
p00261,s985433781,469,1044,clean_src/p00261/s985433781.c,obfuscated_bin/p00261/s985433781_fla_bcf_instsub.elf,input_output/p00261/input.txt,input_output/p00261/output.txt,llvm-clang-14,O0,True,OLLVM_Heroims_NewPass,"[""BCF"", ""FLA"", ""INSTSUB""]",SUCCESS,1,55,8,8,7,12.727272727272727,short,simple,short_simple,0.9940259164199647,744,131,
p00262,s653856406,336,1419,clean_src/p00262/s653856406.c,obfuscated_bin/p00262/s653856406_fla_bcf_instsub.elf,input_output/p00262/input.txt,input_output/p00262/output.txt,llvm-clang-14,O0,True,OLLVM_Heroims_NewPass,"[""BCF"", ""FLA"", ""INSTSUB""]",SUCCESS,2,61,16,11,14,22.950819672131146,short,simple,short_simple,0.9000340258484668,326,577,
p00263,s219802676,399,1144,clean_src/p00263/s219802676.c,obfuscated_bin/p00263/s219802676_fla_bcf_instsub.elf,input_output/p00263/input.txt,input_output/p00263/output.txt,llvm-clang-14,O0,True,OLLVM_Heroims_NewPass,"[""BCF"", ""FLA"", ""INSTSUB""]",SUCCESS,1,60,14,14,13,21.666666666666668,short,simple,short_simple,0.9607869099693417,539,521,
p00264,s993736585,728,1759,clean_src/p00264/s993736585.c,obfuscated_bin/p00264/s993736585_fla_bcf_instsub.elf,input_output/p00264/input.txt,input_output/p00264/output.txt,llvm-clang-14,O0,True,OLLVM_Heroims_NewPass,"[""BCF"", ""FLA"", ""INSTSUB""]",SUCCESS,2,52,29,21,27,51.92307692307693,long,complex,long_complex,0.8082400834530675,1346,1170,
p00265,s613184321,279,748,clean_src/p00265/s613184321.c,obfuscated_bin/p00265/s613184321_fla_bcf_instsub.elf,input_output/p00265/input.txt,input_output/p00265/output.txt,llvm-clang-14,O0,True,OLLVM_Heroims_NewPass,"[""BCF"", ""FLA"", ""INSTSUB""]",SUCCESS,2,33,10,8,8,24.242424242424242,short,simple,short_simple,0.48632813963433164,102,633,
p00266,s123968899,325,867,clean_src/p00266/s123968899.c,obfuscated_bin/p00266/s123968899_fla_bcf_instsub.elf,input_output/p00266/input.txt,input_output/p00266/output.txt,llvm-clang-14,O0,True,OLLVM_Heroims_NewPass,"[""BCF"", ""FLA"", ""INSTSUB""]",SUCCESS,1,33,10,10,9,27.27272727272727,short,complex,short_complex,0.8953806342237204,288,772,
p00267,s108402056,379,989,clean_src/p00267/s108402056.c,obfuscated_bin/p00267/s108402056_fla_bcf_instsub.elf,input_output/p00267/input.txt,input_output/p00267/output.txt,llvm-clang-14,O0,True,OLLVM_Heroims_NewPass,"[""BCF"", ""FLA"", ""INSTSUB""]",SUCCESS,2,37,17,15,15,40.54054054054054,short,complex,short_complex,0.8887372666225333,476,1152,
p00269,s182817576,1599,3872,clean_src/p00269/s182817576.c,obfuscated_bin/p00269/s182817576_fla_bcf_instsub.elf,input_output/p00269/input.txt,input_output/p00269/output.txt,llvm-clang-14,O0,True,OLLVM_Heroims_NewPass,"[""BCF"", ""FLA"", ""INSTSUB""]",SUCCESS,7,138,50,25,43,31.15942028985507,long,complex,long_complex,0.7960433072331087,2108,779,
p00270,s781300189,1331,3190,clean_src/p00270/s781300189.c,obfuscated_bin/p00270/s781300189_fla_bcf_instsub.elf,input_output/p00270/input.txt,input_output/p00270/output.txt,llvm-clang-14,O0,True,OLLVM_Heroims_NewPass,"[""BCF"", ""FLA"", ""INSTSUB""]",SUCCESS,7,128,35,12,28,21.875,long,simple,long_simple,0.9445929611033692,1993,540,
p00272,s680516273,322,944,clean_src/p00272/s680516273.c,obfuscated_bin/p00272/s680516273_fla_bcf_instsub.elf,input_output/p00272/input.txt,input_output/p00272/output.txt,llvm-clang-14,O0,True,OLLVM_Heroims_NewPass,"[""BCF"", ""FLA"", ""INSTSUB""]",SUCCESS,1,61,13,13,12,19.672131147540984,short,simple,short_simple,0.8750489033274235,270,425,
p00273,s930406220,653,1112,clean_src/p00273/s930406220.c,obfuscated_bin/p00273/s930406220_fla_bcf_instsub.elf,input_output/p00273/input.txt,input_output/p00273/output.txt,llvm-clang-14,O0,True,OLLVM_Heroims_NewPass,"[""BCF"", ""FLA"", ""INSTSUB""]",SUCCESS,1,61,14,14,13,21.311475409836063,short,simple,short_simple,0.7556147577001671,1198,503,
p00274,s835061735,284,983,clean_src/p00274/s835061735.c,obfuscated_bin/p00274/s835061735_fla_bcf_instsub.elf,input_output/p00274/input.txt,input_output/p00274/output.txt,llvm-clang-14,O0,True,OLLVM_Heroims_NewPass,"[""BCF"", ""FLA"", ""INSTSUB""]",SUCCESS,7,48,16,6,9,18.75,short,simple,short_simple,0.8071333340224773,125,376,
p00275,s441079420,383,852,clean_src/p00275/s441079420.c,obfuscated_bin/p00275/s441079420_fla_bcf_instsub.elf,input_output/p00275/input.txt,input_output/p00275/output.txt,llvm-clang-14,O0,True,OLLVM_Heroims_NewPass,"[""BCF"", ""FLA"", ""INSTSUB""]",SUCCESS,4,62,15,10,11,17.741935483870968,short,simple,short_simple,0.3800475893582964,492,335,
p00276,s722200796,289,964,clean_src/p00276/s722200796.c,obfuscated_bin/p00276/s722200796_fla_bcf_instsub.elf,input_output/p00276/input.txt,input_output/p00276/output.txt,llvm-clang-14,O0,True,OLLVM_Heroims_NewPass,"[""BCF"", ""FLA"", ""INSTSUB""]",SUCCESS,7,42,11,2,4,9.523809523809524,short,simple,short_simple,0.718665845419548,147,54,
p00277,s283633796,2477,9144,clean_src/p00277/s283633796.c,obfuscated_bin/p00277/s283633796_fla_bcf_instsub.elf,input_output/p00277/input.txt,input_output/p00277/output.txt,llvm-clang-14,O0,True,OLLVM_Heroims_NewPass,"[""BCF"", ""FLA"", ""INSTSUB""]",SUCCESS,13,304,86,30,73,24.013157894736842,long,simple,long_simple,0.8620263958471512,2369,598,
p00278,s294903375,661,1799,clean_src/p00278/s294903375.c,obfuscated_bin/p00278/s294903375_fla_bcf_instsub.elf,input_output/p00278/input.txt,input_output/p00278/output.txt,llvm-clang-14,O0,True,OLLVM_Heroims_NewPass,"[""BCF"", ""FLA"", ""INSTSUB""]",SUCCESS,5,74,25,15,20,27.027027027027028,short,complex,short_complex,0.6145110434498924,1218,766,
p00279,s981814938,1024,2209,clean_src/p00279/s981814938.c,obfuscated_bin/p00279/s981814938_fla_bcf_instsub.elf,input_output/p00279/input.txt,input_output/p00279/output.txt,llvm-clang-14,O0,True,OLLVM_Heroims_NewPass,"[""BCF"", ""FLA"", ""INSTSUB""]",SUCCESS,4,78,33,26,29,37.17948717948718,long,complex,long_complex,0.2674341683781565,1764,905,
p00280,s725889212,327,663,clean_src/p00280/s725889212.c,obfuscated_bin/p00280/s725889212_fla_bcf_instsub.elf,input_output/p00280/input.txt,input_output/p00280/output.txt,llvm-clang-14,O0,True,OLLVM_Heroims_NewPass,"[""BCF"", ""FLA"", ""INSTSUB""]",SUCCESS,4,36,17,7,13,36.11111111111111,short,complex,short_complex,0.9634659711664075,299,1088,
p00281,s494454536,480,1271,clean_src/p00281/s494454536.c,obfuscated_bin/p00281/s494454536_fla_bcf_instsub.elf,input_output/p00281/input.txt,input_output/p00281/output.txt,llvm-clang-14,O0,True,OLLVM_Heroims_NewPass,"[""BCF"", ""FLA"", ""INSTSUB""]",SUCCESS,3,52,15,10,12,23.076923076923077,short,simple,short_simple,0.7084410162685865,770,585,
p00282,s105548126,256,842,clean_src/p00282/s105548126.c,obfuscated_bin/p00282/s105548126_fla_bcf_instsub.elf,input_output/p00282/input.txt,input_output/p00282/output.txt,llvm-clang-14,O0,True,OLLVM_Heroims_NewPass,"[""BCF"", ""FLA"", ""INSTSUB""]",SUCCESS,1,32,8,8,7,21.875,short,simple,short_simple,0.26031256432114513,1,529,
p00283,s415892357,388,945,clean_src/p00283/s415892357.c,obfuscated_bin/p00283/s415892357_fla_bcf_instsub.elf,input_output/p00283/input.txt,input_output/p00283/output.txt,llvm-clang-14,O0,True,OLLVM_Heroims_NewPass,"[""BCF"", ""FLA"", ""INSTSUB""]",SUCCESS,1,35,18,18,17,48.57142857142857,short,complex,short_complex,0.9939537495266212,504,1236,
p00284,s118760076,300,773,clean_src/p00284/s118760076.c,obfuscated_bin/p00284/s118760076_fla_bcf_instsub.elf,input_output/p00284/input.txt,input_output/p00284/output.txt,llvm-clang-14,O0,True,OLLVM_Heroims_NewPass,"[""BCF"", ""FLA"", ""INSTSUB""]",SUCCESS,2,32,16,9,14,43.75,short,complex,short_complex,0.9899604324028546,191,1200,
p00285,s682252596,351,730,clean_src/p00285/s682252596.c,obfuscated_bin/p00285/s682252596_fla_bcf_instsub.elf,input_output/p00285/input.txt,input_output/p00285/output.txt,llvm-clang-14,O0,True,OLLVM_Heroims_NewPass,"[""BCF"", ""FLA"", ""INSTSUB""]",SUCCESS,5,37,14,8,9,24.324324324324326,short,simple,short_simple,0.5645691887644647,372,635,
p00286,s174532225,702,1648,clean_src/p00286/s174532225.c,obfuscated_bin/p00286/s174532225_fla_bcf_instsub.elf,input_output/p00286/input.txt,input_output/p00286/output.txt,llvm-clang-14,O0,True,OLLVM_Heroims_NewPass,"[""BCF"", ""FLA"", ""INSTSUB""]",SUCCESS,7,80,26,8,19,23.75,long,simple,long_simple,0.914707330617266,1308,587,
p00287,s493179389,1933,4470,clean_src/p00287/s493179389.c,obfuscated_bin/p00287/s493179389_fla_bcf_instsub.elf,input_output/p00287/input.txt,input_output/p00287/output.txt,llvm-clang-14,O0,True,OLLVM_Heroims_NewPass,"[""BCF"", ""FLA"", ""INSTSUB""]",SUCCESS,14,176,69,27,55,31.25,long,complex,long_complex,0.624287679546124,2225,782,
p00288,s012658010,1475,3847,clean_src/p00288/s012658010.c,obfuscated_bin/p00288/s012658010_fla_bcf_instsub.elf,input_output/p00288/input.txt,input_output/p00288/output.txt,llvm-clang-14,O0,True,OLLVM_Heroims_NewPass,"[""BCF"", ""FLA"", ""INSTSUB""]",SUCCESS,8,149,45,13,37,24.832214765100673,long,simple,long_simple,0.9227782144233346,2065,615,
p00289,s812606899,1017,2476,clean_src/p00289/s812606899.c,obfuscated_bin/p00289/s812606899_fla_bcf_instsub.elf,input_output/p00289/input.txt,input_output/p00289/output.txt,llvm-clang-14,O0,True,OLLVM_Heroims_NewPass,"[""BCF"", ""FLA"", ""INSTSUB""]",SUCCESS,6,103,28,14,22,21.35922330097087,long,simple,long_simple,0.7504513070241915,1754,535,
p00293,s971996239,434,772,clean_src/p00293/s971996239.c,obfuscated_bin/p00293/s971996239_fla_bcf_instsub.elf,input_output/p00293/input.txt,input_output/p00293/output.txt,llvm-clang-14,O0,True,OLLVM_Heroims_NewPass,"[""BCF"", ""FLA"", ""INSTSUB""]",SUCCESS,1,52,16,16,15,28.846153846153843,short,complex,short_complex,0.7660970291162378,646,852,
p00294,s153682053,467,1218,clean_src/p00294/s153682053.c,obfuscated_bin/p00294/s153682053_fla_bcf_instsub.elf,input_output/p00294/input.txt,input_output/p00294/output.txt,llvm-clang-14,O0,True,OLLVM_Heroims_NewPass,"[""BCF"", ""FLA"", ""INSTSUB""]",SUCCESS,7,40,21,13,14,35.0,short,complex,short_complex,0.6188214244414049,736,1060,
p00295,s240683071,547,2197,clean_src/p00295/s240683071.c,obfuscated_bin/p00295/s240683071_fla_bcf_instsub.elf,input_output/p00295/input.txt,input_output/p00295/output.txt,llvm-clang-14,O0,True,OLLVM_Heroims_NewPass,"[""BCF"", ""FLA"", ""INSTSUB""]",SUCCESS,4,64,21,8,17,26.5625,short,complex,short_complex,0.7290921635533216,943,741,
p00296,s085043997,734,1711,clean_src/p00296/s085043997.c,obfuscated_bin/p00296/s085043997_fla_bcf_instsub.elf,input_output/p00296/input.txt,input_output/p00296/output.txt,llvm-clang-14,O0,True,OLLVM_Heroims_NewPass,"[""BCF"", ""FLA"", ""INSTSUB""]",SUCCESS,6,98,21,5,15,15.306122448979592,long,simple,long_simple,0.43394035759102056,1366,247,
p00297,s918039265,861,2151,clean_src/p00297/s918039265.c,obfuscated_bin/p00297/s918039265_fla_bcf_instsub.elf,input_output/p00297/input.txt,input_output/p00297/output.txt,llvm-clang-14,O0,True,OLLVM_Heroims_NewPass,"[""BCF"", ""FLA"", ""INSTSUB""]",SUCCESS,7,83,26,8,19,22.89156626506024,long,simple,long_simple,0.9014247812317684,1570,564,
p00298,s109541423,405,672,clean_src/p00298/s109541423.c,obfuscated_bin/p00298/s109541423_fla_bcf_instsub.elf,input_output/p00298/input.txt,input_output/p00298/output.txt,llvm-clang-14,O0,True,OLLVM_Heroims_NewPass,"[""BCF"", ""FLA"", ""INSTSUB""]",SUCCESS,2,20,15,13,13,65.0,short,complex,short_complex,0.5858211339732867,566,1283,
p00300,s539310321,292,748,clean_src/p00300/s539310321.c,obfuscated_bin/p00300/s539310321_fla_bcf_instsub.elf,input_output/p00300/input.txt,input_output/p00300/output.txt,llvm-clang-14,O0,True,OLLVM_Heroims_NewPass,"[""BCF"", ""FLA"", ""INSTSUB""]",SUCCESS,1,24,8,8,7,29.166666666666668,short,complex,short_complex,0.9573661666829374,161,866,
p00301,s195718493,293,839,clean_src/p00301/s195718493.c,obfuscated_bin/p00301/s195718493_fla_bcf_instsub.elf,input_output/p00301/input.txt,input_output/p00301/output.txt,llvm-clang-14,O0,True,OLLVM_Heroims_NewPass,"[""BCF"", ""FLA"", ""INSTSUB""]",SUCCESS,3,41,16,7,13,31.70731707317073,short,complex,short_complex,0.05429428464155839,165,958,
p00302,s799365021,265,637,clean_src/p00302/s799365021.c,obfuscated_bin/p00302/s799365021_fla_bcf_instsub.elf,input_output/p00302/input.txt,input_output/p00302/output.txt,llvm-clang-14,O0,True,OLLVM_Heroims_NewPass,"[""BCF"", ""FLA"", ""INSTSUB""]",SUCCESS,1,29,10,10,9,31.03448275862069,short,complex,short_complex,0.5210527055180494,35,939,
p00303,s902213044,327,973,clean_src/p00303/s902213044.c,obfuscated_bin/p00303/s902213044_fla_bcf_instsub.elf,input_output/p00303/input.txt,input_output/p00303/output.txt,llvm-clang-14,O0,True,OLLVM_Heroims_NewPass,"[""BCF"", ""FLA"", ""INSTSUB""]",SUCCESS,1,42,13,13,12,28.57142857142857,short,complex,short_complex,0.999620449724048,300,842,
p00304,s130443014,391,956,clean_src/p00304/s130443014.c,obfuscated_bin/p00304/s130443014_fla_bcf_instsub.elf,input_output/p00304/input.txt,input_output/p00304/output.txt,llvm-clang-14,O0,True,OLLVM_Heroims_NewPass,"[""BCF"", ""FLA"", ""INSTSUB""]",SUCCESS,2,55,16,13,14,25.454545454545453,short,complex,short_complex,0.8588551736008093,510,687,
p00305,s970587215,538,1127,clean_src/p00305/s970587215.c,obfuscated_bin/p00305/s970587215_fla_bcf_instsub.elf,input_output/p00305/input.txt,input_output/p00305/output.txt,llvm-clang-14,O0,True,OLLVM_Heroims_NewPass,"[""BCF"", ""FLA"", ""INSTSUB""]",SUCCESS,2,46,17,13,15,32.608695652173914,short,complex,short_complex,0.4001597602405035,917,987,
p00307,s483100745,559,1310,clean_src/p00307/s483100745.c,obfuscated_bin/p00307/s483100745_fla_bcf_instsub.elf,input_output/p00307/input.txt,input_output/p00307/output.txt,llvm-clang-14,O0,True,OLLVM_Heroims_NewPass,"[""BCF"", ""FLA"", ""INSTSUB""]",SUCCESS,2,51,19,15,17,33.33333333333333,short,complex,short_complex,0.9250981058447438,979,1017,
p00311,s552103765,275,641,clean_src/p00311/s552103765.c,obfuscated_bin/p00311/s552103765_fla_bcf_instsub.elf,input_output/p00311/input.txt,input_output/p00311/output.txt,llvm-clang-14,O0,True,OLLVM_Heroims_NewPass,"[""BCF"", ""FLA"", ""INSTSUB""]",SUCCESS,1,41,12,12,11,26.82926829268293,short,complex,short_complex,0.46452924509160254,82,755,
p00313,s529555775,298,516,clean_src/p00313/s529555775.c,obfuscated_bin/p00313/s529555775_fla_bcf_instsub.elf,input_output/p00313/input.txt,input_output/p00313/output.txt,llvm-clang-14,O0,True,OLLVM_Heroims_NewPass,"[""BCF"", ""FLA"", ""INSTSUB""]",SUCCESS,1,35,11,11,10,28.57142857142857,short,complex,short_complex,0.9233352332647753,184,841,
p00315,s977609136,594,5579,clean_src/p00315/s977609136.c,obfuscated_bin/p00315/s977609136_fla_bcf_instsub.elf,input_output/p00315/input.txt,input_output/p00315/output.txt,llvm-clang-14,O0,True,OLLVM_Heroims_NewPass,"[""BCF"", ""FLA"", ""INSTSUB""]",SUCCESS,6,99,19,7,13,13.131313131313133,short,simple,short_simple,0.7349633331636953,1053,145,
p00316,s986033280,555,2428,clean_src/p00316/s986033280.c,obfuscated_bin/p00316/s986033280_fla_bcf_instsub.elf,input_output/p00316/input.txt,input_output/p00316/output.txt,llvm-clang-14,O0,True,OLLVM_Heroims_NewPass,"[""BCF"", ""FLA"", ""INSTSUB""]",SUCCESS,1,82,32,32,31,37.80487804878049,short,complex,short_complex,0.3928022223656702,964,1115,
p00317,s993421512,679,2699,clean_src/p00317/s993421512.c,obfuscated_bin/p00317/s993421512_fla_bcf_instsub.elf,input_output/p00317/input.txt,input_output/p00317/output.txt,llvm-clang-14,O0,True,OLLVM_Heroims_NewPass,"[""BCF"", ""FLA"", ""INSTSUB""]",SUCCESS,4,95,14,5,10,10.526315789473683,short,simple,short_simple,0.799794013286487,1254,72,
p00320,s773884591,380,833,clean_src/p00320/s773884591.c,obfuscated_bin/p00320/s773884591_fla_bcf_instsub.elf,input_output/p00320/input.txt,input_output/p00320/output.txt,llvm-clang-14,O0,True,OLLVM_Heroims_NewPass,"[""BCF"", ""FLA"", ""INSTSUB""]",SUCCESS,2,35,15,13,13,37.142857142857146,short,complex,short_complex,0.8209856739562706,480,1106,
p00321,s944141371,993,2298,clean_src/p00321/s944141371.c,obfuscated_bin/p00321/s944141371_fla_bcf_instsub.elf,input_output/p00321/input.txt,input_output/p00321/output.txt,llvm-clang-14,O0,True,OLLVM_Heroims_NewPass,"[""BCF"", ""FLA"", ""INSTSUB""]",SUCCESS,1,121,33,33,32,26.446280991735538,long,complex,long_complex,0.344333280707359,1731,664,
p00322,s594741460,286,918,clean_src/p00322/s594741460.c,obfuscated_bin/p00322/s594741460_fla_bcf_instsub.elf,input_output/p00322/input.txt,input_output/p00322/output.txt,llvm-clang-14,O0,True,OLLVM_Heroims_NewPass,"[""BCF"", ""FLA"", ""INSTSUB""]",SUCCESS,3,35,10,5,7,20.0,short,simple,short_simple,0.9110791988482191,133,431,
p00324,s765944771,334,1185,clean_src/p00324/s765944771.c,obfuscated_bin/p00324/s765944771_fla_bcf_instsub.elf,input_output/p00324/input.txt,input_output/p00324/output.txt,llvm-clang-14,O0,True,OLLVM_Heroims_NewPass,"[""BCF"", ""FLA"", ""INSTSUB""]",SUCCESS,3,42,12,4,9,21.428571428571427,short,simple,short_simple,0.9623506876073682,321,506,
p00325,s512637648,886,2359,clean_src/p00325/s512637648.c,obfuscated_bin/p00325/s512637648_fla_bcf_instsub.elf,input_output/p00325/input.txt,input_output/p00325/output.txt,llvm-clang-14,O0,True,OLLVM_Heroims_NewPass,"[""BCF"", ""FLA"", ""INSTSUB""]",SUCCESS,4,85,31,23,27,31.76470588235294,long,complex,long_complex,0.9414518906911236,1611,791,
p00326,s777566600,1688,3701,clean_src/p00326/s777566600.c,obfuscated_bin/p00326/s777566600_fla_bcf_instsub.elf,input_output/p00326/input.txt,input_output/p00326/output.txt,llvm-clang-14,O0,True,OLLVM_Heroims_NewPass,"[""BCF"", ""FLA"", ""INSTSUB""]",SUCCESS,6,133,46,24,40,30.075187969924812,long,complex,long_complex,0.7953957457343422,2152,756,
p00327,s356526576,364,723,clean_src/p00327/s356526576.c,obfuscated_bin/p00327/s356526576_fla_bcf_instsub.elf,input_output/p00327/input.txt,input_output/p00327/output.txt,llvm-clang-14,O0,True,OLLVM_Heroims_NewPass,"[""BCF"", ""FLA"", ""INSTSUB""]",SUCCESS,1,26,16,16,15,57.692307692307686,short,complex,short_complex,0.06990403927210298,414,1268,
p00329,s126912713,558,1611,clean_src/p00329/s126912713.c,obfuscated_bin/p00329/s126912713_fla_bcf_instsub.elf,input_output/p00329/input.txt,input_output/p00329/output.txt,llvm-clang-14,O0,True,OLLVM_Heroims_NewPass,"[""BCF"", ""FLA"", ""INSTSUB""]",SUCCESS,7,73,23,6,16,21.91780821917808,short,simple,short_simple,0.7939439020635372,975,531,
p00330,s593837769,301,1054,clean_src/p00330/s593837769.c,obfuscated_bin/p00330/s593837769_fla_bcf_instsub.elf,input_output/p00330/input.txt,input_output/p00330/output.txt,llvm-clang-14,O0,True,OLLVM_Heroims_NewPass,"[""BCF"", ""FLA"", ""INSTSUB""]",SUCCESS,14,54,18,2,4,7.4074074074074066,short,simple,short_simple,0.07553127940055993,194,23,
p00331,s113924825,275,779,clean_src/p00331/s113924825.c,obfuscated_bin/p00331/s113924825_fla_bcf_instsub.elf,input_output/p00331/input.txt,input_output/p00331/output.txt,llvm-clang-14,O0,True,OLLVM_Heroims_NewPass,"[""BCF"", ""FLA"", ""INSTSUB""]",SUCCESS,9,27,15,3,6,22.22222222222222,short,simple,short_simple,0.5413248243163065,83,540,
p00332,s219463671,374,1085,clean_src/p00332/s219463671.c,obfuscated_bin/p00332/s219463671_fla_bcf_instsub.elf,input_output/p00332/input.txt,input_output/p00332/output.txt,llvm-clang-14,O0,True,OLLVM_Heroims_NewPass,"[""BCF"", ""FLA"", ""INSTSUB""]",SUCCESS,9,37,20,8,11,29.72972972972973,short,complex,short_complex,0.13791540244686262,458,891,
p00333,s675028832,324,891,clean_src/p00333/s675028832.c,obfuscated_bin/p00333/s675028832_fla_bcf_instsub.elf,input_output/p00333/input.txt,input_output/p00333/output.txt,llvm-clang-14,O0,True,OLLVM_Heroims_NewPass,"[""BCF"", ""FLA"", ""INSTSUB""]",SUCCESS,10,30,15,2,5,16.666666666666664,short,simple,short_simple,0.12054766120396332,284,279,
p00334,s732913015,620,1019,clean_src/p00334/s732913015.c,obfuscated_bin/p00334/s732913015_fla_bcf_instsub.elf,input_output/p00334/input.txt,input_output/p00334/output.txt,llvm-clang-14,O0,True,OLLVM_Heroims_NewPass,"[""BCF"", ""FLA"", ""INSTSUB""]",SUCCESS,2,35,31,24,29,82.85714285714286,short,complex,short_complex,0.8980289129550351,1122,1292,
p00335,s005302854,2302,4939,clean_src/p00335/s005302854.c,obfuscated_bin/p00335/s005302854_fla_bcf_instsub.elf,input_output/p00335/input.txt,input_output/p00335/output.txt,llvm-clang-14,O0,True,OLLVM_Heroims_NewPass,"[""BCF"", ""FLA"", ""INSTSUB""]",SUCCESS,46,111,98,6,52,46.846846846846844,long,complex,long_complex,0.8964861989976661,2327,1098,
p00338,s623665827,1128,4289,clean_src/p00338/s623665827.c,obfuscated_bin/p00338/s623665827_fla_bcf_instsub.elf,input_output/p00338/input.txt,input_output/p00338/output.txt,llvm-clang-14,O0,True,OLLVM_Heroims_NewPass,"[""BCF"", ""FLA"", ""INSTSUB""]",SUCCESS,13,133,43,8,30,22.55639097744361,long,simple,long_simple,0.2650057753967041,1855,556,
p00343,s356324904,451,1268,clean_src/p00343/s356324904.c,obfuscated_bin/p00343/s356324904_fla_bcf_instsub.elf,input_output/p00343/input.txt,input_output/p00343/output.txt,llvm-clang-14,O0,True,OLLVM_Heroims_NewPass,"[""BCF"", ""FLA"", ""INSTSUB""]",SUCCESS,2,49,21,13,19,38.775510204081634,short,complex,short_complex,0.8184967041832013,691,1132,
p00344,s786480048,295,1012,clean_src/p00344/s786480048.c,obfuscated_bin/p00344/s786480048_fla_bcf_instsub.elf,input_output/p00344/input.txt,input_output/p00344/output.txt,llvm-clang-14,O0,True,OLLVM_Heroims_NewPass,"[""BCF"", ""FLA"", ""INSTSUB""]",SUCCESS,1,40,13,13,12,30.0,short,complex,short_complex,0.6601795455190937,169,901,
p00345,s360048945,273,787,clean_src/p00345/s360048945.c,obfuscated_bin/p00345/s360048945_fla_bcf_instsub.elf,input_output/p00345/input.txt,input_output/p00345/output.txt,llvm-clang-14,O0,True,OLLVM_Heroims_NewPass,"[""BCF"", ""FLA"", ""INSTSUB""]",SUCCESS,2,30,7,5,5,16.666666666666664,short,simple,short_simple,0.8891662048429718,72,283,
p00346,s978758991,1153,2850,clean_src/p00346/s978758991.c,obfuscated_bin/p00346/s978758991_fla_bcf_instsub.elf,input_output/p00346/input.txt,input_output/p00346/output.txt,llvm-clang-14,O0,True,OLLVM_Heroims_NewPass,"[""BCF"", ""FLA"", ""INSTSUB""]",SUCCESS,6,115,38,17,32,27.82608695652174,long,complex,long_complex,0.9871850715554416,1877,698,
p00347,s442150064,328,759,clean_src/p00347/s442150064.c,obfuscated_bin/p00347/s442150064_fla_bcf_instsub.elf,input_output/p00347/input.txt,input_output/p00347/output.txt,llvm-clang-14,O0,True,OLLVM_Heroims_NewPass,"[""BCF"", ""FLA"", ""INSTSUB""]",SUCCESS,2,25,9,7,7,28.000000000000004,short,complex,short_complex,0.9306533695337551,301,806,
p00352,s039385140,339,1281,clean_src/p00352/s039385140.c,obfuscated_bin/p00352/s039385140_fla_bcf_instsub.elf,input_output/p00352/input.txt,input_output/p00352/output.txt,llvm-clang-14,O0,True,OLLVM_Heroims_NewPass,"[""BCF"", ""FLA"", ""INSTSUB""]",SUCCESS,15,57,19,2,4,7.017543859649122,short,simple,short_simple,0.1864145440059196,334,18,
p00353,s261462768,372,1349,clean_src/p00353/s261462768.c,obfuscated_bin/p00353/s261462768_fla_bcf_instsub.elf,input_output/p00353/input.txt,input_output/p00353/output.txt,llvm-clang-14,O0,True,OLLVM_Heroims_NewPass,"[""BCF"", ""FLA"", ""INSTSUB""]",SUCCESS,15,60,21,3,6,10.0,short,simple,short_simple,0.6787963562853384,447,61,
p00354,s135430978,356,1331,clean_src/p00354/s135430978.c,obfuscated_bin/p00354/s135430978_fla_bcf_instsub.elf,input_output/p00354/input.txt,input_output/p00354/output.txt,llvm-clang-14,O0,True,OLLVM_Heroims_NewPass,"[""BCF"", ""FLA"", ""INSTSUB""]",SUCCESS,15,58,19,2,4,6.896551724137931,short,simple,short_simple,0.43068759263127354,390,17,
p00355,s497485517,437,1453,clean_src/p00355/s497485517.c,obfuscated_bin/p00355/s497485517_fla_bcf_instsub.elf,input_output/p00355/input.txt,input_output/p00355/output.txt,llvm-clang-14,O0,True,OLLVM_Heroims_NewPass,"[""BCF"", ""FLA"", ""INSTSUB""]",SUCCESS,15,72,21,3,6,8.333333333333332,short,simple,short_simple,0.9009775021872439,652,33,
p00356,s589702978,382,1354,clean_src/p00356/s589702978.c,obfuscated_bin/p00356/s589702978_fla_bcf_instsub.elf,input_output/p00356/input.txt,input_output/p00356/output.txt,llvm-clang-14,O0,True,OLLVM_Heroims_NewPass,"[""BCF"", ""FLA"", ""INSTSUB""]",SUCCESS,15,63,21,3,6,9.523809523809524,short,simple,short_simple,0.9701807630558796,489,55,
p00357,s541357259,263,657,clean_src/p00357/s541357259.c,obfuscated_bin/p00357/s541357259_fla_bcf_instsub.elf,input_output/p00357/input.txt,input_output/p00357/output.txt,llvm-clang-14,O0,True,OLLVM_Heroims_NewPass,"[""BCF"", ""FLA"", ""INSTSUB""]",SUCCESS,2,31,10,8,8,25.806451612903224,short,complex,short_complex,0.9185814800581078,31,709,
p00358,s613861063,686,1871,clean_src/p00358/s613861063.c,obfuscated_bin/p00358/s613861063_fla_bcf_instsub.elf,input_output/p00358/input.txt,input_output/p00358/output.txt,llvm-clang-14,O0,True,OLLVM_Heroims_NewPass,"[""BCF"", ""FLA"", ""INSTSUB""]",SUCCESS,3,79,32,27,29,36.708860759493675,short,complex,short_complex,0.7857010370477134,1273,1099,
p00360,s006666623,353,903,clean_src/p00360/s006666623.c,obfuscated_bin/p00360/s006666623_fla_bcf_instsub.elf,input_output/p00360/input.txt,input_output/p00360/output.txt,llvm-clang-14,O0,True,OLLVM_Heroims_NewPass,"[""BCF"", ""FLA"", ""INSTSUB""]",SUCCESS,5,55,17,8,12,21.818181818181817,short,simple,short_simple,0.7260377350524233,379,528,
p00361,s791095192,849,2894,clean_src/p00361/s791095192.c,obfuscated_bin/p00361/s791095192_fla_bcf_instsub.elf,input_output/p00361/input.txt,input_output/p00361/output.txt,llvm-clang-14,O0,True,OLLVM_Heroims_NewPass,"[""BCF"", ""FLA"", ""INSTSUB""]",SUCCESS,6,97,30,16,24,24.742268041237114,long,simple,long_simple,0.09106790381929053,1547,609,
p00363,s414227134,396,1350,clean_src/p00363/s414227134.c,obfuscated_bin/p00363/s414227134_fla_bcf_instsub.elf,input_output/p00363/input.txt,input_output/p00363/output.txt,llvm-clang-14,O0,True,OLLVM_Heroims_NewPass,"[""BCF"", ""FLA"", ""INSTSUB""]",SUCCESS,9,72,25,11,16,22.22222222222222,short,simple,short_simple,0.5834453633701165,528,545,
p00364,s863768787,297,1040,clean_src/p00364/s863768787.c,obfuscated_bin/p00364/s863768787_fla_bcf_instsub.elf,input_output/p00364/input.txt,input_output/p00364/output.txt,llvm-clang-14,O0,True,OLLVM_Heroims_NewPass,"[""BCF"", ""FLA"", ""INSTSUB""]",SUCCESS,9,54,16,2,7,12.962962962962962,short,simple,short_simple,0.6524335238718943,177,138,
p00365,s007451502,425,1172,clean_src/p00365/s007451502.c,obfuscated_bin/p00365/s007451502_fla_bcf_instsub.elf,input_output/p00365/input.txt,input_output/p00365/output.txt,llvm-clang-14,O0,True,OLLVM_Heroims_NewPass,"[""BCF"", ""FLA"", ""INSTSUB""]",SUCCESS,9,56,16,2,7,12.5,short,simple,short_simple,0.7881008904443862,624,124,
p00366,s360094516,428,1276,clean_src/p00366/s360094516.c,obfuscated_bin/p00366/s360094516_fla_bcf_instsub.elf,input_output/p00366/input.txt,input_output/p00366/output.txt,llvm-clang-14,O0,True,OLLVM_Heroims_NewPass,"[""BCF"", ""FLA"", ""INSTSUB""]",SUCCESS,9,67,18,4,9,13.432835820895523,short,simple,short_simple,0.3742192241695512,634,154,
p00367,s443417920,696,1928,clean_src/p00367/s443417920.c,obfuscated_bin/p00367/s443417920_fla_bcf_instsub.elf,input_output/p00367/input.txt,input_output/p00367/output.txt,llvm-clang-14,O0,True,OLLVM_Heroims_NewPass,"[""BCF"", ""FLA"", ""INSTSUB""]",SUCCESS,3,55,20,17,17,30.909090909090907,short,complex,short_complex,0.999490644192234,1293,936,
p00368,s213628550,371,851,clean_src/p00368/s213628550.c,obfuscated_bin/p00368/s213628550_fla_bcf_instsub.elf,input_output/p00368/input.txt,input_output/p00368/output.txt,llvm-clang-14,O0,True,OLLVM_Heroims_NewPass,"[""BCF"", ""FLA"", ""INSTSUB""]",SUCCESS,2,35,17,15,15,42.857142857142854,short,complex,short_complex,0.4294574125368611,444,1191,
p00369,s249867047,542,1400,clean_src/p00369/s249867047.c,obfuscated_bin/p00369/s249867047_fla_bcf_instsub.elf,input_output/p00369/input.txt,input_output/p00369/output.txt,llvm-clang-14,O0,True,OLLVM_Heroims_NewPass,"[""BCF"", ""FLA"", ""INSTSUB""]",SUCCESS,3,72,32,23,29,40.27777777777778,short,complex,short_complex,0.7916116189905102,932,1148,
p00380,s204890965,501,1751,clean_src/p00380/s204890965.c,obfuscated_bin/p00380/s204890965_fla_bcf_instsub.elf,input_output/p00380/input.txt,input_output/p00380/output.txt,llvm-clang-14,O0,True,OLLVM_Heroims_NewPass,"[""BCF"", ""FLA"", ""INSTSUB""]",SUCCESS,3,83,17,15,14,16.867469879518072,short,simple,short_simple,0.7589603547817304,824,291,
p00382,s417891143,445,1484,clean_src/p00382/s417891143.c,obfuscated_bin/p00382/s417891143_fla_bcf_instsub.elf,input_output/p00382/input.txt,input_output/p00382/output.txt,llvm-clang-14,O0,True,OLLVM_Heroims_NewPass,"[""BCF"", ""FLA"", ""INSTSUB""]",SUCCESS,5,60,16,6,11,18.333333333333332,short,simple,short_simple,0.9818649331706966,672,363,
p00383,s722638108,476,1843,clean_src/p00383/s722638108.c,obfuscated_bin/p00383/s722638108_fla_bcf_instsub.elf,input_output/p00383/input.txt,input_output/p00383/output.txt,llvm-clang-14,O0,True,OLLVM_Heroims_NewPass,"[""BCF"", ""FLA"", ""INSTSUB""]",SUCCESS,4,69,15,7,11,15.942028985507244,short,simple,short_simple,0.851270733011986,760,254,
p00385,s462313398,545,1889,clean_src/p00385/s462313398.c,obfuscated_bin/p00385/s462313398_fla_bcf_instsub.elf,input_output/p00385/input.txt,input_output/p00385/output.txt,llvm-clang-14,O0,True,OLLVM_Heroims_NewPass,"[""BCF"", ""FLA"", ""INSTSUB""]",SUCCESS,5,82,15,7,10,12.195121951219512,short,simple,short_simple,0.7118513270152285,937,121,
p00390,s970549199,301,973,clean_src/p00390/s970549199.c,obfuscated_bin/p00390/s970549199_fla_bcf_instsub.elf,input_output/p00390/input.txt,input_output/p00390/output.txt,llvm-clang-14,O0,True,OLLVM_Heroims_NewPass,"[""BCF"", ""FLA"", ""INSTSUB""]",SUCCESS,7,44,12,2,5,11.363636363636363,short,simple,short_simple,0.959076720576764,195,93,
p00391,s926512212,388,1212,clean_src/p00391/s926512212.c,obfuscated_bin/p00391/s926512212_fla_bcf_instsub.elf,input_output/p00391/input.txt,input_output/p00391/output.txt,llvm-clang-14,O0,True,OLLVM_Heroims_NewPass,"[""BCF"", ""FLA"", ""INSTSUB""]",SUCCESS,7,59,13,3,6,10.16949152542373,short,simple,short_simple,0.897601826972633,505,64,
p00392,s137837328,355,867,clean_src/p00392/s137837328.c,obfuscated_bin/p00392/s137837328_fla_bcf_instsub.elf,input_output/p00392/input.txt,input_output/p00392/output.txt,llvm-clang-14,O0,True,OLLVM_Heroims_NewPass,"[""BCF"", ""FLA"", ""INSTSUB""]",SUCCESS,3,42,15,9,12,28.57142857142857,short,complex,short_complex,0.7965306526331014,384,837,
p00399,s890150915,278,1009,clean_src/p00399/s890150915.c,obfuscated_bin/p00399/s890150915_fla_bcf_instsub.elf,input_output/p00399/input.txt,input_output/p00399/output.txt,llvm-clang-14,O0,True,OLLVM_Heroims_NewPass,"[""BCF"", ""FLA"", ""INSTSUB""]",SUCCESS,9,51,16,3,7,13.725490196078432,short,simple,short_simple,0.6985171418605884,97,170,
p00400,s928950339,318,1170,clean_src/p00400/s928950339.c,obfuscated_bin/p00400/s928950339_fla_bcf_instsub.elf,input_output/p00400/input.txt,input_output/p00400/output.txt,llvm-clang-14,O0,True,OLLVM_Heroims_NewPass,"[""BCF"", ""FLA"", ""INSTSUB""]",SUCCESS,9,60,17,3,8,13.333333333333334,short,simple,short_simple,0.5388687064039174,258,149,
p00401,s750823745,284,1017,clean_src/p00401/s750823745.c,obfuscated_bin/p00401/s750823745_fla_bcf_instsub.elf,input_output/p00401/input.txt,input_output/p00401/output.txt,llvm-clang-14,O0,True,OLLVM_Heroims_NewPass,"[""BCF"", ""FLA"", ""INSTSUB""]",SUCCESS,9,51,17,3,8,15.686274509803921,short,simple,short_simple,0.8066302521370151,126,240,
p00402,s298693407,332,1082,clean_src/p00402/s298693407.c,obfuscated_bin/p00402/s298693407_fla_bcf_instsub.elf,input_output/p00402/input.txt,input_output/p00402/output.txt,llvm-clang-14,O0,True,OLLVM_Heroims_NewPass,"[""BCF"", ""FLA"", ""INSTSUB""]",SUCCESS,9,52,16,3,7,13.461538461538462,short,simple,short_simple,0.5921927502147989,316,155,
p00403,s160705713,304,1139,clean_src/p00403/s160705713.c,obfuscated_bin/p00403/s160705713_fla_bcf_instsub.elf,input_output/p00403/input.txt,input_output/p00403/output.txt,llvm-clang-14,O0,True,OLLVM_Heroims_NewPass,"[""BCF"", ""FLA"", ""INSTSUB""]",SUCCESS,1,78,17,17,16,20.51282051282051,short,simple,short_simple,0.6722286978248364,210,465,
p00404,s230032683,364,980,clean_src/p00404/s230032683.c,obfuscated_bin/p00404/s230032683_fla_bcf_instsub.elf,input_output/p00404/input.txt,input_output/p00404/output.txt,llvm-clang-14,O0,True,OLLVM_Heroims_NewPass,"[""BCF"", ""FLA"", ""INSTSUB""]",SUCCESS,1,37,13,13,12,32.432432432432435,short,complex,short_complex,0.4510504630494929,415,981,
p00405,s941074177,265,920,clean_src/p00405/s941074177.c,obfuscated_bin/p00405/s941074177_fla_bcf_instsub.elf,input_output/p00405/input.txt,input_output/p00405/output.txt,llvm-clang-14,O0,True,OLLVM_Heroims_NewPass,"[""BCF"", ""FLA"", ""INSTSUB""]",SUCCESS,3,38,12,8,9,23.684210526315788,short,simple,short_simple,0.807287342761041,36,610,
p00409,s707954509,368,867,clean_src/p00409/s707954509.c,obfuscated_bin/p00409/s707954509_fla_bcf_instsub.elf,input_output/p00409/input.txt,input_output/p00409/output.txt,llvm-clang-14,O0,True,OLLVM_Heroims_NewPass,"[""BCF"", ""FLA"", ""INSTSUB""]",SUCCESS,1,39,12,12,11,28.205128205128204,short,complex,short_complex,0.43711913361967536,427,822,
p00412,s510901257,494,1204,clean_src/p00412/s510901257.c,obfuscated_bin/p00412/s510901257_fla_bcf_instsub.elf,input_output/p00412/input.txt,input_output/p00412/output.txt,llvm-clang-14,O0,True,OLLVM_Heroims_NewPass,"[""BCF"", ""FLA"", ""INSTSUB""]",SUCCESS,3,58,14,9,11,18.96551724137931,short,simple,short_simple,0.9562296254343914,808,384,
p00413,s276717676,269,619,clean_src/p00413/s276717676.c,obfuscated_bin/p00413/s276717676_fla_bcf_instsub.elf,input_output/p00413/input.txt,input_output/p00413/output.txt,llvm-clang-14,O0,True,OLLVM_Heroims_NewPass,"[""BCF"", ""FLA"", ""INSTSUB""]",SUCCESS,1,31,10,10,9,29.03225806451613,short,complex,short_complex,0.6013110671038547,53,861,
p00415,s994647991,422,1083,clean_src/p00415/s994647991.c,obfuscated_bin/p00415/s994647991_fla_bcf_instsub.elf,input_output/p00415/input.txt,input_output/p00415/output.txt,llvm-clang-14,O0,True,OLLVM_Heroims_NewPass,"[""BCF"", ""FLA"", ""INSTSUB""]",SUCCESS,3,42,15,9,12,28.57142857142857,short,complex,short_complex,0.4056789529185175,618,838,
p00423,s701950825,269,966,clean_src/p00423/s701950825.c,obfuscated_bin/p00423/s701950825_fla_bcf_instsub.elf,input_output/p00423/input.txt,input_output/p00423/output.txt,llvm-clang-14,O0,True,OLLVM_Heroims_NewPass,"[""BCF"", ""FLA"", ""INSTSUB""]",SUCCESS,2,34,6,3,4,11.76470588235294,short,simple,short_simple,0.9059879565665672,54,104,
p00424,s202272128,541,1572,clean_src/p00424/s202272128.c,obfuscated_bin/p00424/s202272128_fla_bcf_instsub.elf,input_output/p00424/input.txt,input_output/p00424/output.txt,llvm-clang-14,O0,True,OLLVM_Heroims_NewPass,"[""BCF"", ""FLA"", ""INSTSUB""]",SUCCESS,1,46,21,21,20,43.47826086956522,short,complex,short_complex,0.8091020576305836,928,1197,
p00425,s263546119,723,4332,clean_src/p00425/s263546119.c,obfuscated_bin/p00425/s263546119_fla_bcf_instsub.elf,input_output/p00425/input.txt,input_output/p00425/output.txt,llvm-clang-14,O0,True,OLLVM_Heroims_NewPass,"[""BCF"", ""FLA"", ""INSTSUB""]",SUCCESS,9,130,15,4,6,4.615384615384616,long,simple,long_simple,0.42275135301608424,1341,11,
p00426,s943038596,1626,7028,clean_src/p00426/s943038596.c,obfuscated_bin/p00426/s943038596_fla_bcf_instsub.elf,input_output/p00426/input.txt,input_output/p00426/output.txt,llvm-clang-14,O0,True,OLLVM_Heroims_NewPass,"[""BCF"", ""FLA"", ""INSTSUB""]",SUCCESS,30,276,61,12,31,11.231884057971014,long,simple,long_simple,0.4889094840440952,2119,102,
p00427,s971013628,377,867,clean_src/p00427/s971013628.c,obfuscated_bin/p00427/s971013628_fla_bcf_instsub.elf,input_output/p00427/input.txt,input_output/p00427/output.txt,llvm-clang-14,O0,True,OLLVM_Heroims_NewPass,"[""BCF"", ""FLA"", ""INSTSUB""]",SUCCESS,1,57,16,16,15,26.31578947368421,short,complex,short_complex,0.7727994893410707,467,732,
p00428,s913166059,438,1085,clean_src/p00428/s913166059.c,obfuscated_bin/p00428/s913166059_fla_bcf_instsub.elf,input_output/p00428/input.txt,input_output/p00428/output.txt,llvm-clang-14,O0,True,OLLVM_Heroims_NewPass,"[""BCF"", ""FLA"", ""INSTSUB""]",SUCCESS,2,56,14,8,12,21.428571428571427,short,simple,short_simple,0.6118900726505293,655,509,
p00429,s479751334,441,1265,clean_src/p00429/s479751334.c,obfuscated_bin/p00429/s479751334_fla_bcf_instsub.elf,input_output/p00429/input.txt,input_output/p00429/output.txt,llvm-clang-14,O0,True,OLLVM_Heroims_NewPass,"[""BCF"", ""FLA"", ""INSTSUB""]",SUCCESS,2,82,16,9,14,17.073170731707318,short,simple,short_simple,0.9789494868869247,661,304,
p00430,s874528106,264,797,clean_src/p00430/s874528106.c,obfuscated_bin/p00430/s874528106_fla_bcf_instsub.elf,input_output/p00430/input.txt,input_output/p00430/output.txt,llvm-clang-14,O0,True,OLLVM_Heroims_NewPass,"[""BCF"", ""FLA"", ""INSTSUB""]",SUCCESS,2,40,12,10,10,25.0,short,complex,short_complex,0.6896257220968987,34,669,
p00431,s326042785,477,1684,clean_src/p00431/s326042785.c,obfuscated_bin/p00431/s326042785_fla_bcf_instsub.elf,input_output/p00431/input.txt,input_output/p00431/output.txt,llvm-clang-14,O0,True,OLLVM_Heroims_NewPass,"[""BCF"", ""FLA"", ""INSTSUB""]",SUCCESS,3,72,20,12,17,23.61111111111111,short,simple,short_simple,0.9994326457328615,763,607,
p00432,s417568115,1086,2305,clean_src/p00432/s417568115.c,obfuscated_bin/p00432/s417568115_fla_bcf_instsub.elf,input_output/p00432/input.txt,input_output/p00432/output.txt,llvm-clang-14,O0,True,OLLVM_Heroims_NewPass,"[""BCF"", ""FLA"", ""INSTSUB""]",SUCCESS,8,107,34,9,26,24.299065420560748,long,simple,long_simple,0.6727202117953817,1815,602,
p00434,s809574497,297,551,clean_src/p00434/s809574497.c,obfuscated_bin/p00434/s809574497_fla_bcf_instsub.elf,input_output/p00434/input.txt,input_output/p00434/output.txt,llvm-clang-14,O0,True,OLLVM_Heroims_NewPass,"[""BCF"", ""FLA"", ""INSTSUB""]",SUCCESS,1,41,12,12,11,26.82926829268293,short,complex,short_complex,0.7366806930046224,178,756,
p00435,s262341890,608,1526,clean_src/p00435/s262341890.c,obfuscated_bin/p00435/s262341890_fla_bcf_instsub.elf,input_output/p00435/input.txt,input_output/p00435/output.txt,llvm-clang-14,O0,True,OLLVM_Heroims_NewPass,"[""BCF"", ""FLA"", ""INSTSUB""]",SUCCESS,1,114,27,27,26,22.807017543859647,short,simple,short_simple,0.9735761072533584,1085,571,
p00436,s407587279,503,934,clean_src/p00436/s407587279.c,obfuscated_bin/p00436/s407587279_fla_bcf_instsub.elf,input_output/p00436/input.txt,input_output/p00436/output.txt,llvm-clang-14,O0,True,OLLVM_Heroims_NewPass,"[""BCF"", ""FLA"", ""INSTSUB""]",SUCCESS,1,49,16,16,15,30.612244897959183,short,complex,short_complex,0.7026223734122952,831,925,
p00437,s209789427,514,1203,clean_src/p00437/s209789427.c,obfuscated_bin/p00437/s209789427_fla_bcf_instsub.elf,input_output/p00437/input.txt,input_output/p00437/output.txt,llvm-clang-14,O0,True,OLLVM_Heroims_NewPass,"[""BCF"", ""FLA"", ""INSTSUB""]",SUCCESS,1,61,19,19,18,29.508196721311474,short,complex,short_complex,0.5437311356258974,858,880,
p00438,s387462099,666,1580,clean_src/p00438/s387462099.c,obfuscated_bin/p00438/s387462099_fla_bcf_instsub.elf,input_output/p00438/input.txt,input_output/p00438/output.txt,llvm-clang-14,O0,True,OLLVM_Heroims_NewPass,"[""BCF"", ""FLA"", ""INSTSUB""]",SUCCESS,5,80,29,13,24,30.0,short,complex,short_complex,0.9666169612782177,1230,903,
p00439,s207395196,319,777,clean_src/p00439/s207395196.c,obfuscated_bin/p00439/s207395196_fla_bcf_instsub.elf,input_output/p00439/input.txt,input_output/p00439/output.txt,llvm-clang-14,O0,True,OLLVM_Heroims_NewPass,"[""BCF"", ""FLA"", ""INSTSUB""]",SUCCESS,2,35,12,8,10,28.57142857142857,short,complex,short_complex,0.9489168595656512,261,834,
p00440,s628696809,509,1655,clean_src/p00440/s628696809.c,obfuscated_bin/p00440/s628696809_fla_bcf_instsub.elf,input_output/p00440/input.txt,input_output/p00440/output.txt,llvm-clang-14,O0,True,OLLVM_Heroims_NewPass,"[""BCF"", ""FLA"", ""INSTSUB""]",SUCCESS,15,82,28,10,13,15.853658536585366,short,simple,short_simple,0.966449929858808,849,250,
p00441,s150635418,610,1087,clean_src/p00441/s150635418.c,obfuscated_bin/p00441/s150635418_fla_bcf_instsub.elf,input_output/p00441/input.txt,input_output/p00441/output.txt,llvm-clang-14,O0,True,OLLVM_Heroims_NewPass,"[""BCF"", ""FLA"", ""INSTSUB""]",SUCCESS,1,44,21,21,20,45.45454545454545,short,complex,short_complex,0.5028907943503402,1091,1216,
p00442,s152972495,313,964,clean_src/p00442/s152972495.c,obfuscated_bin/p00442/s152972495_fla_bcf_instsub.elf,input_output/p00442/input.txt,input_output/p00442/output.txt,llvm-clang-14,O0,True,OLLVM_Heroims_NewPass,"[""BCF"", ""FLA"", ""INSTSUB""]",SUCCESS,3,42,10,6,7,16.666666666666664,short,simple,short_simple,0.8509327103030946,239,285,
p00443,s247758563,938,2645,clean_src/p00443/s247758563.c,obfuscated_bin/p00443/s247758563_fla_bcf_instsub.elf,input_output/p00443/input.txt,input_output/p00443/output.txt,llvm-clang-14,O0,True,OLLVM_Heroims_NewPass,"[""BCF"", ""FLA"", ""INSTSUB""]",SUCCESS,2,111,21,17,19,17.117117117117118,long,simple,long_simple,0.9470320677812571,1674,385,
p00444,s205372403,284,808,clean_src/p00444/s205372403.c,obfuscated_bin/p00444/s205372403_fla_bcf_instsub.elf,input_output/p00444/input.txt,input_output/p00444/output.txt,llvm-clang-14,O0,True,OLLVM_Heroims_NewPass,"[""BCF"", ""FLA"", ""INSTSUB""]",SUCCESS,1,53,19,19,18,33.9622641509434,short,complex,short_complex,0.9620478218840411,127,1027,
p00446,s390471685,611,1782,clean_src/p00446/s390471685.c,obfuscated_bin/p00446/s390471685_fla_bcf_instsub.elf,input_output/p00446/input.txt,input_output/p00446/output.txt,llvm-clang-14,O0,True,OLLVM_Heroims_NewPass,"[""BCF"", ""FLA"", ""INSTSUB""]",SUCCESS,2,108,31,28,29,26.851851851851855,short,complex,short_complex,0.7403913512917107,1095,758,
p00447,s698406776,589,2142,clean_src/p00447/s698406776.c,obfuscated_bin/p00447/s698406776_fla_bcf_instsub.elf,input_output/p00447/input.txt,input_output/p00447/output.txt,llvm-clang-14,O0,True,OLLVM_Heroims_NewPass,"[""BCF"", ""FLA"", ""INSTSUB""]",SUCCESS,6,82,19,10,13,15.853658536585366,short,simple,short_simple,0.4724533666646815,1046,251,
p00448,s192470942,420,1148,clean_src/p00448/s192470942.c,obfuscated_bin/p00448/s192470942_fla_bcf_instsub.elf,input_output/p00448/input.txt,input_output/p00448/output.txt,llvm-clang-14,O0,True,OLLVM_Heroims_NewPass,"[""BCF"", ""FLA"", ""INSTSUB""]",SUCCESS,1,72,15,15,14,19.444444444444446,short,simple,short_simple,0.6448492602160141,607,413,
p00449,s070485100,729,1944,clean_src/p00449/s070485100.c,obfuscated_bin/p00449/s070485100_fla_bcf_instsub.elf,input_output/p00449/input.txt,input_output/p00449/output.txt,llvm-clang-14,O0,True,OLLVM_Heroims_NewPass,"[""BCF"", ""FLA"", ""INSTSUB""]",SUCCESS,6,85,22,6,16,18.823529411764707,long,simple,long_simple,0.9099707342412693,1351,453,
p00450,s632487015,359,1599,clean_src/p00450/s632487015.c,obfuscated_bin/p00450/s632487015_fla_bcf_instsub.elf,input_output/p00450/input.txt,input_output/p00450/output.txt,llvm-clang-14,O0,True,OLLVM_Heroims_NewPass,"[""BCF"", ""FLA"", ""INSTSUB""]",SUCCESS,1,77,15,15,14,18.181818181818183,short,simple,short_simple,0.5396036661462263,404,359,
p00451,s069280564,281,845,clean_src/p00451/s069280564.c,obfuscated_bin/p00451/s069280564_fla_bcf_instsub.elf,input_output/p00451/input.txt,input_output/p00451/output.txt,llvm-clang-14,O0,True,OLLVM_Heroims_NewPass,"[""BCF"", ""FLA"", ""INSTSUB""]",SUCCESS,1,57,14,14,13,22.807017543859647,short,simple,short_simple,0.9279234708782966,111,570,
p00452,s957866606,610,2355,clean_src/p00452/s957866606.c,obfuscated_bin/p00452/s957866606_fla_bcf_instsub.elf,input_output/p00452/input.txt,input_output/p00452/output.txt,llvm-clang-14,O0,True,OLLVM_Heroims_NewPass,"[""BCF"", ""FLA"", ""INSTSUB""]",SUCCESS,3,75,23,10,20,26.666666666666668,short,complex,short_complex,0.6477928804923732,1092,745,
p00453,s599524546,838,2568,clean_src/p00453/s599524546.c,obfuscated_bin/p00453/s599524546_fla_bcf_instsub.elf,input_output/p00453/input.txt,input_output/p00453/output.txt,llvm-clang-14,O0,True,OLLVM_Heroims_NewPass,"[""BCF"", ""FLA"", ""INSTSUB""]",SUCCESS,3,78,28,25,25,32.05128205128205,long,complex,long_complex,0.8828750666874261,1532,798,
p00454,s705598652,974,2040,clean_src/p00454/s705598652.c,obfuscated_bin/p00454/s705598652_fla_bcf_instsub.elf,input_output/p00454/input.txt,input_output/p00454/output.txt,llvm-clang-14,O0,True,OLLVM_Heroims_NewPass,"[""BCF"", ""FLA"", ""INSTSUB""]",SUCCESS,3,102,28,16,25,24.509803921568626,long,simple,long_simple,0.9537728125135662,1715,604,
p00455,s792786585,769,1519,clean_src/p00455/s792786585.c,obfuscated_bin/p00455/s792786585_fla_bcf_instsub.elf,input_output/p00455/input.txt,input_output/p00455/output.txt,llvm-clang-14,O0,True,OLLVM_Heroims_NewPass,"[""BCF"", ""FLA"", ""INSTSUB""]",SUCCESS,1,143,31,31,30,20.97902097902098,long,simple,long_simple,0.9610825884524389,1431,526,
p00456,s863404176,306,987,clean_src/p00456/s863404176.c,obfuscated_bin/p00456/s863404176_fla_bcf_instsub.elf,input_output/p00456/input.txt,input_output/p00456/output.txt,llvm-clang-14,O0,True,OLLVM_Heroims_NewPass,"[""BCF"", ""FLA"", ""INSTSUB""]",SUCCESS,1,30,11,11,10,33.33333333333333,short,complex,short_complex,0.7407832764402386,215,1009,
p00457,s384870935,689,1511,clean_src/p00457/s384870935.c,obfuscated_bin/p00457/s384870935_fla_bcf_instsub.elf,input_output/p00457/input.txt,input_output/p00457/output.txt,llvm-clang-14,O0,True,OLLVM_Heroims_NewPass,"[""BCF"", ""FLA"", ""INSTSUB""]",SUCCESS,2,72,32,17,30,41.66666666666667,short,complex,short_complex,0.604348777997108,1283,1174,
p00458,s208940772,540,1123,clean_src/p00458/s208940772.c,obfuscated_bin/p00458/s208940772_fla_bcf_instsub.elf,input_output/p00458/input.txt,input_output/p00458/output.txt,llvm-clang-14,O0,True,OLLVM_Heroims_NewPass,"[""BCF"", ""FLA"", ""INSTSUB""]",SUCCESS,2,85,21,13,19,22.35294117647059,short,simple,short_simple,0.9804207821333542,924,550,
p00459,s981440225,887,2882,clean_src/p00459/s981440225.c,obfuscated_bin/p00459/s981440225_fla_bcf_instsub.elf,input_output/p00459/input.txt,input_output/p00459/output.txt,llvm-clang-14,O0,True,OLLVM_Heroims_NewPass,"[""BCF"", ""FLA"", ""INSTSUB""]",SUCCESS,8,142,22,8,14,9.859154929577464,long,simple,long_simple,0.7977543081800357,1613,77,
p00460,s426470214,394,1048,clean_src/p00460/s426470214.c,obfuscated_bin/p00460/s426470214_fla_bcf_instsub.elf,input_output/p00460/input.txt,input_output/p00460/output.txt,llvm-clang-14,O0,True,OLLVM_Heroims_NewPass,"[""BCF"", ""FLA"", ""INSTSUB""]",SUCCESS,1,49,15,15,14,28.57142857142857,short,complex,short_complex,0.7201034922178616,522,844,
p00461,s952104016,312,1052,clean_src/p00461/s952104016.c,obfuscated_bin/p00461/s952104016_fla_bcf_instsub.elf,input_output/p00461/input.txt,input_output/p00461/output.txt,llvm-clang-14,O0,True,OLLVM_Heroims_NewPass,"[""BCF"", ""FLA"", ""INSTSUB""]",SUCCESS,1,61,12,12,11,18.0327868852459,short,simple,short_simple,0.4051079274623669,235,352,
p00462,s459276248,524,1623,clean_src/p00462/s459276248.c,obfuscated_bin/p00462/s459276248_fla_bcf_instsub.elf,input_output/p00462/input.txt,input_output/p00462/output.txt,llvm-clang-14,O0,True,OLLVM_Heroims_NewPass,"[""BCF"", ""FLA"", ""INSTSUB""]",SUCCESS,4,89,16,6,12,13.48314606741573,short,simple,short_simple,0.851691381266656,882,158,
p00463,s453976751,784,1619,clean_src/p00463/s453976751.c,obfuscated_bin/p00463/s453976751_fla_bcf_instsub.elf,input_output/p00463/input.txt,input_output/p00463/output.txt,llvm-clang-14,O0,True,OLLVM_Heroims_NewPass,"[""BCF"", ""FLA"", ""INSTSUB""]",SUCCESS,3,93,30,20,27,29.03225806451613,long,complex,long_complex,0.6773479445277121,1455,725,
p00464,s634448151,538,1830,clean_src/p00464/s634448151.c,obfuscated_bin/p00464/s634448151_fla_bcf_instsub.elf,input_output/p00464/input.txt,input_output/p00464/output.txt,llvm-clang-14,O0,True,OLLVM_Heroims_NewPass,"[""BCF"", ""FLA"", ""INSTSUB""]",SUCCESS,1,64,22,22,21,32.8125,short,complex,short_complex,0.9433439232437332,918,991,
p00465,s940170526,850,2249,clean_src/p00465/s940170526.c,obfuscated_bin/p00465/s940170526_fla_bcf_instsub.elf,input_output/p00465/input.txt,input_output/p00465/output.txt,llvm-clang-14,O0,True,OLLVM_Heroims_NewPass,"[""BCF"", ""FLA"", ""INSTSUB""]",SUCCESS,5,82,29,18,24,29.268292682926827,long,complex,long_complex,0.9226641030244288,1549,735,
p00467,s877713481,257,536,clean_src/p00467/s877713481.c,obfuscated_bin/p00467/s877713481_fla_bcf_instsub.elf,input_output/p00467/input.txt,input_output/p00467/output.txt,llvm-clang-14,O0,True,OLLVM_Heroims_NewPass,"[""BCF"", ""FLA"", ""INSTSUB""]",SUCCESS,1,39,11,11,10,25.64102564102564,short,complex,short_complex,0.8047501131407169,5,706,
p00468,s823604690,369,864,clean_src/p00468/s823604690.c,obfuscated_bin/p00468/s823604690_fla_bcf_instsub.elf,input_output/p00468/input.txt,input_output/p00468/output.txt,llvm-clang-14,O0,True,OLLVM_Heroims_NewPass,"[""BCF"", ""FLA"", ""INSTSUB""]",SUCCESS,3,64,22,8,19,29.6875,short,complex,short_complex,0.8272371332936079,432,887,
p00469,s604268431,854,2747,clean_src/p00469/s604268431.c,obfuscated_bin/p00469/s604268431_fla_bcf_instsub.elf,input_output/p00469/input.txt,input_output/p00469/output.txt,llvm-clang-14,O0,True,OLLVM_Heroims_NewPass,"[""BCF"", ""FLA"", ""INSTSUB""]",SUCCESS,3,131,45,37,42,32.06106870229007,long,complex,long_complex,0.9096087916582746,1551,800,
p00470,s590814605,504,2094,clean_src/p00470/s590814605.c,obfuscated_bin/p00470/s590814605_fla_bcf_instsub.elf,input_output/p00470/input.txt,input_output/p00470/output.txt,llvm-clang-14,O0,True,OLLVM_Heroims_NewPass,"[""BCF"", ""FLA"", ""INSTSUB""]",SUCCESS,1,49,11,11,10,20.408163265306122,short,simple,short_simple,0.7848324233710053,837,456,
p00471,s780007658,746,2444,clean_src/p00471/s780007658.c,obfuscated_bin/p00471/s780007658_fla_bcf_instsub.elf,input_output/p00471/input.txt,input_output/p00471/output.txt,llvm-clang-14,O0,True,OLLVM_Heroims_NewPass,"[""BCF"", ""FLA"", ""INSTSUB""]",SUCCESS,3,91,25,12,22,24.175824175824175,long,simple,long_simple,0.787594553704714,1383,600,
p00472,s372703386,1391,4892,clean_src/p00472/s372703386.c,obfuscated_bin/p00472/s372703386_fla_bcf_instsub.elf,input_output/p00472/input.txt,input_output/p00472/output.txt,llvm-clang-14,O0,True,OLLVM_Heroims_NewPass,"[""BCF"", ""FLA"", ""INSTSUB""]",SUCCESS,23,208,51,5,28,13.461538461538462,long,simple,long_simple,0.8841167629590794,2021,171,
p00473,s000261905,464,797,clean_src/p00473/s000261905.c,obfuscated_bin/p00473/s000261905_fla_bcf_instsub.elf,input_output/p00473/input.txt,input_output/p00473/output.txt,llvm-clang-14,O0,True,OLLVM_Heroims_NewPass,"[""BCF"", ""FLA"", ""INSTSUB""]",SUCCESS,1,31,9,9,8,25.806451612903224,short,complex,short_complex,0.9126241414644083,732,710,
p00474,s766511669,704,2003,clean_src/p00474/s766511669.c,obfuscated_bin/p00474/s766511669_fla_bcf_instsub.elf,input_output/p00474/input.txt,input_output/p00474/output.txt,llvm-clang-14,O0,True,OLLVM_Heroims_NewPass,"[""BCF"", ""FLA"", ""INSTSUB""]",SUCCESS,3,69,21,18,18,26.08695652173913,long,complex,long_complex,0.5754900733544434,1312,652,
p00475,s498594400,745,2274,clean_src/p00475/s498594400.c,obfuscated_bin/p00475/s498594400_fla_bcf_instsub.elf,input_output/p00475/input.txt,input_output/p00475/output.txt,llvm-clang-14,O0,True,OLLVM_Heroims_NewPass,"[""BCF"", ""FLA"", ""INSTSUB""]",SUCCESS,3,88,22,17,19,21.59090909090909,long,simple,long_simple,0.846929899754445,1382,538,
p00476,s601322706,375,989,clean_src/p00476/s601322706.c,obfuscated_bin/p00476/s601322706_fla_bcf_instsub.elf,input_output/p00476/input.txt,input_output/p00476/output.txt,llvm-clang-14,O0,True,OLLVM_Heroims_NewPass,"[""BCF"", ""FLA"", ""INSTSUB""]",SUCCESS,2,41,14,12,12,29.268292682926827,short,complex,short_complex,0.532274683440706,465,870,
p00479,s883766880,575,2009,clean_src/p00479/s883766880.c,obfuscated_bin/p00479/s883766880_fla_bcf_instsub.elf,input_output/p00479/input.txt,input_output/p00479/output.txt,llvm-clang-14,O0,True,OLLVM_Heroims_NewPass,"[""BCF"", ""FLA"", ""INSTSUB""]",SUCCESS,1,89,29,29,28,31.46067415730337,short,complex,short_complex,0.8360868067824346,1017,952,
p00480,s591876815,283,757,clean_src/p00480/s591876815.c,obfuscated_bin/p00480/s591876815_fla_bcf_instsub.elf,input_output/p00480/input.txt,input_output/p00480/output.txt,llvm-clang-14,O0,True,OLLVM_Heroims_NewPass,"[""BCF"", ""FLA"", ""INSTSUB""]",SUCCESS,2,40,11,8,9,22.5,short,simple,short_simple,0.7734480027400938,118,558,
p00481,s012970256,1072,2437,clean_src/p00481/s012970256.c,obfuscated_bin/p00481/s012970256_fla_bcf_instsub.elf,input_output/p00481/input.txt,input_output/p00481/output.txt,llvm-clang-14,O0,True,OLLVM_Heroims_NewPass,"[""BCF"", ""FLA"", ""INSTSUB""]",SUCCESS,5,122,32,24,27,22.131147540983605,long,simple,long_simple,0.8196537647983281,1799,550,
p00482,s141106294,455,1015,clean_src/p00482/s141106294.c,obfuscated_bin/p00482/s141106294_fla_bcf_instsub.elf,input_output/p00482/input.txt,input_output/p00482/output.txt,llvm-clang-14,O0,True,OLLVM_Heroims_NewPass,"[""BCF"", ""FLA"", ""INSTSUB""]",SUCCESS,1,34,15,15,14,41.17647058823529,short,complex,short_complex,0.9726560501443767,703,1165,
p00483,s559388410,849,1850,clean_src/p00483/s559388410.c,obfuscated_bin/p00483/s559388410_fla_bcf_instsub.elf,input_output/p00483/input.txt,input_output/p00483/output.txt,llvm-clang-14,O0,True,OLLVM_Heroims_NewPass,"[""BCF"", ""FLA"", ""INSTSUB""]",SUCCESS,1,43,6,6,5,11.627906976744185,long,simple,long_simple,0.973322174027146,1548,110,
p00484,s631327462,687,1513,clean_src/p00484/s631327462.c,obfuscated_bin/p00484/s631327462_fla_bcf_instsub.elf,input_output/p00484/input.txt,input_output/p00484/output.txt,llvm-clang-14,O0,True,OLLVM_Heroims_NewPass,"[""BCF"", ""FLA"", ""INSTSUB""]",SUCCESS,1,75,27,27,26,34.66666666666667,short,complex,short_complex,0.8824333130891885,1277,1051,
p00485,s634436092,572,1676,clean_src/p00485/s634436092.c,obfuscated_bin/p00485/s634436092_fla_bcf_instsub.elf,input_output/p00485/input.txt,input_output/p00485/output.txt,llvm-clang-14,O0,True,OLLVM_Heroims_NewPass,"[""BCF"", ""FLA"", ""INSTSUB""]",SUCCESS,1,75,17,17,16,21.333333333333336,short,simple,short_simple,0.9378881219493136,1010,504,
p00486,s189060582,746,1819,clean_src/p00486/s189060582.c,obfuscated_bin/p00486/s189060582_fla_bcf_instsub.elf,input_output/p00486/input.txt,input_output/p00486/output.txt,llvm-clang-14,O0,True,OLLVM_Heroims_NewPass,"[""BCF"", ""FLA"", ""INSTSUB""]",SUCCESS,5,74,25,12,20,27.027027027027028,long,complex,long_complex,0.8405401130914111,1384,677,
p00487,s494500714,646,1736,clean_src/p00487/s494500714.c,obfuscated_bin/p00487/s494500714_fla_bcf_instsub.elf,input_output/p00487/input.txt,input_output/p00487/output.txt,llvm-clang-14,O0,True,OLLVM_Heroims_NewPass,"[""BCF"", ""FLA"", ""INSTSUB""]",SUCCESS,7,77,23,6,16,20.77922077922078,short,simple,short_simple,0.941347502485556,1184,481,
p00489,s991222299,511,1236,clean_src/p00489/s991222299.c,obfuscated_bin/p00489/s991222299_fla_bcf_instsub.elf,input_output/p00489/input.txt,input_output/p00489/output.txt,llvm-clang-14,O0,True,OLLVM_Heroims_NewPass,"[""BCF"", ""FLA"", ""INSTSUB""]",SUCCESS,3,81,14,8,11,13.580246913580247,short,simple,short_simple,0.7580005186379651,852,165,
p00490,s697550900,378,1149,clean_src/p00490/s697550900.c,obfuscated_bin/p00490/s697550900_fla_bcf_instsub.elf,input_output/p00490/input.txt,input_output/p00490/output.txt,llvm-clang-14,O0,True,OLLVM_Heroims_NewPass,"[""BCF"", ""FLA"", ""INSTSUB""]",SUCCESS,3,64,9,4,6,9.375,short,simple,short_simple,0.9987193623721402,470,51,
p00491,s538693190,855,1330,clean_src/p00491/s538693190.c,obfuscated_bin/p00491/s538693190_fla_bcf_instsub.elf,input_output/p00491/input.txt,input_output/p00491/output.txt,llvm-clang-14,O0,True,OLLVM_Heroims_NewPass,"[""BCF"", ""FLA"", ""INSTSUB""]",SUCCESS,1,84,16,16,15,17.857142857142858,long,simple,long_simple,0.7801933488925188,1556,420,
p00492,s862446701,579,1198,clean_src/p00492/s862446701.c,obfuscated_bin/p00492/s862446701_fla_bcf_instsub.elf,input_output/p00492/input.txt,input_output/p00492/output.txt,llvm-clang-14,O0,True,OLLVM_Heroims_NewPass,"[""BCF"", ""FLA"", ""INSTSUB""]",SUCCESS,3,45,18,9,15,33.33333333333333,short,complex,short_complex,0.49420540649897104,1030,1006,
p00493,s043884837,1083,2899,clean_src/p00493/s043884837.c,obfuscated_bin/p00493/s043884837_fla_bcf_instsub.elf,input_output/p00493/input.txt,input_output/p00493/output.txt,llvm-clang-14,O0,True,OLLVM_Heroims_NewPass,"[""BCF"", ""FLA"", ""INSTSUB""]",SUCCESS,2,86,27,22,25,29.069767441860467,long,complex,long_complex,0.9564172735393651,1812,728,
p00494,s471338174,258,1169,clean_src/p00494/s471338174.c,obfuscated_bin/p00494/s471338174_fla_bcf_instsub.elf,input_output/p00494/input.txt,input_output/p00494/output.txt,llvm-clang-14,O0,True,OLLVM_Heroims_NewPass,"[""BCF"", ""FLA"", ""INSTSUB""]",SUCCESS,1,59,18,18,17,28.8135593220339,short,complex,short_complex,0.735768335417248,9,849,
p00495,s880534817,272,953,clean_src/p00495/s880534817.c,obfuscated_bin/p00495/s880534817_fla_bcf_instsub.elf,input_output/p00495/input.txt,input_output/p00495/output.txt,llvm-clang-14,O0,True,OLLVM_Heroims_NewPass,"[""BCF"", ""FLA"", ""INSTSUB""]",SUCCESS,2,32,12,6,10,31.25,short,complex,short_complex,0.9524285353517176,65,944,
p00496,s076016227,402,722,clean_src/p00496/s076016227.c,obfuscated_bin/p00496/s076016227_fla_bcf_instsub.elf,input_output/p00496/input.txt,input_output/p00496/output.txt,llvm-clang-14,O0,True,OLLVM_Heroims_NewPass,"[""BCF"", ""FLA"", ""INSTSUB""]",SUCCESS,2,39,13,11,11,28.205128205128204,short,complex,short_complex,0.9643410570096458,552,821,
p00497,s725937486,407,895,clean_src/p00497/s725937486.c,obfuscated_bin/p00497/s725937486_fla_bcf_instsub.elf,input_output/p00497/input.txt,input_output/p00497/output.txt,llvm-clang-14,O0,True,OLLVM_Heroims_NewPass,"[""BCF"", ""FLA"", ""INSTSUB""]",SUCCESS,2,62,12,8,10,16.129032258064516,short,simple,short_simple,0.9596762528525302,572,264,
p00498,s594291598,1677,3822,clean_src/p00498/s594291598.c,obfuscated_bin/p00498/s594291598_fla_bcf_instsub.elf,input_output/p00498/input.txt,input_output/p00498/output.txt,llvm-clang-14,O0,True,OLLVM_Heroims_NewPass,"[""BCF"", ""FLA"", ""INSTSUB""]",SUCCESS,9,144,43,19,34,23.61111111111111,long,simple,long_simple,0.9914268928350066,2146,582,
p00500,s286984907,431,1488,clean_src/p00500/s286984907.c,obfuscated_bin/p00500/s286984907_fla_bcf_instsub.elf,input_output/p00500/input.txt,input_output/p00500/output.txt,llvm-clang-14,O0,True,OLLVM_Heroims_NewPass,"[""BCF"", ""FLA"", ""INSTSUB""]",SUCCESS,1,88,19,19,18,20.454545454545457,short,simple,short_simple,0.961853050980556,639,459,
p00501,s754334606,276,731,clean_src/p00501/s754334606.c,obfuscated_bin/p00501/s754334606_fla_bcf_instsub.elf,input_output/p00501/input.txt,input_output/p00501/output.txt,llvm-clang-14,O0,True,OLLVM_Heroims_NewPass,"[""BCF"", ""FLA"", ""INSTSUB""]",SUCCESS,1,46,12,12,11,23.91304347826087,short,simple,short_simple,0.9439752036859481,85,620,
p00502,s093142280,441,931,clean_src/p00502/s093142280.c,obfuscated_bin/p00502/s093142280_fla_bcf_instsub.elf,input_output/p00502/input.txt,input_output/p00502/output.txt,llvm-clang-14,O0,True,OLLVM_Heroims_NewPass,"[""BCF"", ""FLA"", ""INSTSUB""]",SUCCESS,3,45,18,13,15,33.33333333333333,short,complex,short_complex,0.9817893001169801,662,1015,
p00503,s433072755,739,1035,clean_src/p00503/s433072755.c,obfuscated_bin/p00503/s433072755_fla_bcf_instsub.elf,input_output/p00503/input.txt,input_output/p00503/output.txt,llvm-clang-14,O0,True,OLLVM_Heroims_NewPass,"[""BCF"", ""FLA"", ""INSTSUB""]",SUCCESS,1,48,23,23,22,45.83333333333333,long,complex,long_complex,0.8965744082033101,1371,1079,
p00506,s127010243,392,810,clean_src/p00506/s127010243.c,obfuscated_bin/p00506/s127010243_fla_bcf_instsub.elf,input_output/p00506/input.txt,input_output/p00506/output.txt,llvm-clang-14,O0,True,OLLVM_Heroims_NewPass,"[""BCF"", ""FLA"", ""INSTSUB""]",SUCCESS,3,55,14,7,11,20.0,short,simple,short_simple,0.6641846061591492,516,442,
p00507,s723228800,510,2071,clean_src/p00507/s723228800.c,obfuscated_bin/p00507/s723228800_fla_bcf_instsub.elf,input_output/p00507/input.txt,input_output/p00507/output.txt,llvm-clang-14,O0,True,OLLVM_Heroims_NewPass,"[""BCF"", ""FLA"", ""INSTSUB""]",SUCCESS,1,72,20,20,19,26.38888888888889,short,complex,short_complex,0.7201816125328108,851,733,
p00508,s997788007,625,1611,clean_src/p00508/s997788007.c,obfuscated_bin/p00508/s997788007_fla_bcf_instsub.elf,input_output/p00508/input.txt,input_output/p00508/output.txt,llvm-clang-14,O0,True,OLLVM_Heroims_NewPass,"[""BCF"", ""FLA"", ""INSTSUB""]",SUCCESS,5,69,18,8,13,18.84057971014493,short,simple,short_simple,0.914717111543545,1133,380,
p00509,s796541698,340,1191,clean_src/p00509/s796541698.c,obfuscated_bin/p00509/s796541698_fla_bcf_instsub.elf,input_output/p00509/input.txt,input_output/p00509/output.txt,llvm-clang-14,O0,True,OLLVM_Heroims_NewPass,"[""BCF"", ""FLA"", ""INSTSUB""]",SUCCESS,4,51,18,9,14,27.450980392156865,short,complex,short_complex,0.5525387130050773,340,780,
p00510,s389610699,257,829,clean_src/p00510/s389610699.c,obfuscated_bin/p00510/s389610699_fla_bcf_instsub.elf,input_output/p00510/input.txt,input_output/p00510/output.txt,llvm-clang-14,O0,True,OLLVM_Heroims_NewPass,"[""BCF"", ""FLA"", ""INSTSUB""]",SUCCESS,2,39,7,4,5,12.82051282051282,short,simple,short_simple,0.612320507669646,6,136,
p00512,s649665761,471,1541,clean_src/p00512/s649665761.c,obfuscated_bin/p00512/s649665761_fla_bcf_instsub.elf,input_output/p00512/input.txt,input_output/p00512/output.txt,llvm-clang-14,O0,True,OLLVM_Heroims_NewPass,"[""BCF"", ""FLA"", ""INSTSUB""]",SUCCESS,2,61,10,5,8,13.114754098360656,short,simple,short_simple,0.8568217175687899,748,144,
p00513,s556663881,334,1113,clean_src/p00513/s556663881.c,obfuscated_bin/p00513/s556663881_fla_bcf_instsub.elf,input_output/p00513/input.txt,input_output/p00513/output.txt,llvm-clang-14,O0,True,OLLVM_Heroims_NewPass,"[""BCF"", ""FLA"", ""INSTSUB""]",SUCCESS,3,40,10,5,7,17.5,short,simple,short_simple,0.19623333762484862,322,324,
p00514,s123310428,414,1367,clean_src/p00514/s123310428.c,obfuscated_bin/p00514/s123310428_fla_bcf_instsub.elf,input_output/p00514/input.txt,input_output/p00514/output.txt,llvm-clang-14,O0,True,OLLVM_Heroims_NewPass,"[""BCF"", ""FLA"", ""INSTSUB""]",SUCCESS,5,53,16,6,11,20.754716981132077,short,simple,short_simple,0.9346604303775364,594,477,
p00516,s649886520,269,665,clean_src/p00516/s649886520.c,obfuscated_bin/p00516/s649886520_fla_bcf_instsub.elf,input_output/p00516/input.txt,input_output/p00516/output.txt,llvm-clang-14,O0,True,OLLVM_Heroims_NewPass,"[""BCF"", ""FLA"", ""INSTSUB""]",SUCCESS,4,47,10,3,6,12.76595744680851,short,simple,short_simple,0.9885884249330852,55,132,
p00517,s091355397,730,2293,clean_src/p00517/s091355397.c,obfuscated_bin/p00517/s091355397_fla_bcf_instsub.elf,input_output/p00517/input.txt,input_output/p00517/output.txt,llvm-clang-14,O0,True,OLLVM_Heroims_NewPass,"[""BCF"", ""FLA"", ""INSTSUB""]",SUCCESS,2,92,35,26,33,35.869565217391305,long,complex,long_complex,0.9947708403772295,1356,887,
p00518,s376296871,420,1075,clean_src/p00518/s376296871.c,obfuscated_bin/p00518/s376296871_fla_bcf_instsub.elf,input_output/p00518/input.txt,input_output/p00518/output.txt,llvm-clang-14,O0,True,OLLVM_Heroims_NewPass,"[""BCF"", ""FLA"", ""INSTSUB""]",SUCCESS,2,55,32,31,30,54.54545454545454,short,complex,short_complex,0.6808474099104199,608,1264,
p00519,s198704969,835,2122,clean_src/p00519/s198704969.c,obfuscated_bin/p00519/s198704969_fla_bcf_instsub.elf,input_output/p00519/input.txt,input_output/p00519/output.txt,llvm-clang-14,O0,True,OLLVM_Heroims_NewPass,"[""BCF"", ""FLA"", ""INSTSUB""]",SUCCESS,6,93,27,11,21,22.58064516129032,long,simple,long_simple,0.6585061175905246,1530,557,
p00521,s497721827,798,2017,clean_src/p00521/s497721827.c,obfuscated_bin/p00521/s497721827_fla_bcf_instsub.elf,input_output/p00521/input.txt,input_output/p00521/output.txt,llvm-clang-14,O0,True,OLLVM_Heroims_NewPass,"[""BCF"", ""FLA"", ""INSTSUB""]",SUCCESS,6,91,40,21,34,37.362637362637365,long,complex,long_complex,0.9687644536749879,1473,913,
p00522,s578258187,499,1084,clean_src/p00522/s578258187.c,obfuscated_bin/p00522/s578258187_fla_bcf_instsub.elf,input_output/p00522/input.txt,input_output/p00522/output.txt,llvm-clang-14,O0,True,OLLVM_Heroims_NewPass,"[""BCF"", ""FLA"", ""INSTSUB""]",SUCCESS,4,51,19,7,15,29.411764705882355,short,complex,short_complex,0.9989425138993385,819,873,
p00523,s876177191,380,920,clean_src/p00523/s876177191.c,obfuscated_bin/p00523/s876177191_fla_bcf_instsub.elf,input_output/p00523/input.txt,input_output/p00523/output.txt,llvm-clang-14,O0,True,OLLVM_Heroims_NewPass,"[""BCF"", ""FLA"", ""INSTSUB""]",SUCCESS,2,42,13,11,11,26.190476190476193,short,complex,short_complex,0.902164582861349,481,723,
p00524,s458637032,860,2166,clean_src/p00524/s458637032.c,obfuscated_bin/p00524/s458637032_fla_bcf_instsub.elf,input_output/p00524/input.txt,input_output/p00524/output.txt,llvm-clang-14,O0,True,OLLVM_Heroims_NewPass,"[""BCF"", ""FLA"", ""INSTSUB""]",SUCCESS,6,90,24,8,18,20.0,long,simple,long_simple,0.9482096865595705,1569,492,
p00527,s831823708,381,791,clean_src/p00527/s831823708.c,obfuscated_bin/p00527/s831823708_fla_bcf_instsub.elf,input_output/p00527/input.txt,input_output/p00527/output.txt,llvm-clang-14,O0,True,OLLVM_Heroims_NewPass,"[""BCF"", ""FLA"", ""INSTSUB""]",SUCCESS,1,30,10,10,9,30.0,short,complex,short_complex,0.9964006146907778,486,898,
p00528,s823304640,1354,3065,clean_src/p00528/s823304640.c,obfuscated_bin/p00528/s823304640_fla_bcf_instsub.elf,input_output/p00528/input.txt,input_output/p00528/output.txt,llvm-clang-14,O0,True,OLLVM_Heroims_NewPass,"[""BCF"", ""FLA"", ""INSTSUB""]",SUCCESS,8,112,37,12,29,25.892857142857146,long,simple,long_simple,0.35176631523741486,2001,646,
p00529,s756122992,413,1161,clean_src/p00529/s756122992.c,obfuscated_bin/p00529/s756122992_fla_bcf_instsub.elf,input_output/p00529/input.txt,input_output/p00529/output.txt,llvm-clang-14,O0,True,OLLVM_Heroims_NewPass,"[""BCF"", ""FLA"", ""INSTSUB""]",SUCCESS,2,54,24,13,22,40.74074074074074,short,complex,short_complex,0.8593832262440992,591,1156,
p00532,s880924459,269,605,clean_src/p00532/s880924459.c,obfuscated_bin/p00532/s880924459_fla_bcf_instsub.elf,input_output/p00532/input.txt,input_output/p00532/output.txt,llvm-clang-14,O0,True,OLLVM_Heroims_NewPass,"[""BCF"", ""FLA"", ""INSTSUB""]",SUCCESS,1,49,10,10,9,18.367346938775512,short,simple,short_simple,0.8357639866345337,56,366,
p00533,s101590583,330,668,clean_src/p00533/s101590583.c,obfuscated_bin/p00533/s101590583_fla_bcf_instsub.elf,input_output/p00533/input.txt,input_output/p00533/output.txt,llvm-clang-14,O0,True,OLLVM_Heroims_NewPass,"[""BCF"", ""FLA"", ""INSTSUB""]",SUCCESS,1,34,14,14,13,38.23529411764706,short,complex,short_complex,0.8234183180578564,309,1125,
p00534,s372542690,350,1102,clean_src/p00534/s372542690.c,obfuscated_bin/p00534/s372542690_fla_bcf_instsub.elf,input_output/p00534/input.txt,input_output/p00534/output.txt,llvm-clang-14,O0,True,OLLVM_Heroims_NewPass,"[""BCF"", ""FLA"", ""INSTSUB""]",SUCCESS,1,28,12,12,11,39.285714285714285,short,complex,short_complex,0.4739454488494229,367,1141,
p00535,s096906974,797,2716,clean_src/p00535/s096906974.c,obfuscated_bin/p00535/s096906974_fla_bcf_instsub.elf,input_output/p00535/input.txt,input_output/p00535/output.txt,llvm-clang-14,O0,True,OLLVM_Heroims_NewPass,"[""BCF"", ""FLA"", ""INSTSUB""]",SUCCESS,6,135,32,11,26,19.25925925925926,long,simple,long_simple,0.9383651251963623,1471,468,
p00537,s444945513,329,898,clean_src/p00537/s444945513.c,obfuscated_bin/p00537/s444945513_fla_bcf_instsub.elf,input_output/p00537/input.txt,input_output/p00537/output.txt,llvm-clang-14,O0,True,OLLVM_Heroims_NewPass,"[""BCF"", ""FLA"", ""INSTSUB""]",SUCCESS,1,36,11,11,10,27.77777777777778,short,complex,short_complex,0.9180459451562845,306,801,
p00538,s395337138,401,977,clean_src/p00538/s395337138.c,obfuscated_bin/p00538/s395337138_fla_bcf_instsub.elf,input_output/p00538/input.txt,input_output/p00538/output.txt,llvm-clang-14,O0,True,OLLVM_Heroims_NewPass,"[""BCF"", ""FLA"", ""INSTSUB""]",SUCCESS,2,44,16,14,14,31.818181818181817,short,complex,short_complex,0.7911561163782574,550,963,
p00539,s336293160,924,2368,clean_src/p00539/s336293160.c,obfuscated_bin/p00539/s336293160_fla_bcf_instsub.elf,input_output/p00539/input.txt,input_output/p00539/output.txt,llvm-clang-14,O0,True,OLLVM_Heroims_NewPass,"[""BCF"", ""FLA"", ""INSTSUB""]",SUCCESS,6,100,25,9,19,19.0,long,simple,long_simple,0.24190075609687145,1658,461,
p00540,s491548143,559,1377,clean_src/p00540/s491548143.c,obfuscated_bin/p00540/s491548143_fla_bcf_instsub.elf,input_output/p00540/input.txt,input_output/p00540/output.txt,llvm-clang-14,O0,True,OLLVM_Heroims_NewPass,"[""BCF"", ""FLA"", ""INSTSUB""]",SUCCESS,5,58,19,8,14,24.137931034482758,short,simple,short_simple,0.2661261100710127,980,628,
p00542,s199807506,259,459,clean_src/p00542/s199807506.c,obfuscated_bin/p00542/s199807506_fla_bcf_instsub.elf,input_output/p00542/input.txt,input_output/p00542/output.txt,llvm-clang-14,O0,True,OLLVM_Heroims_NewPass,"[""BCF"", ""FLA"", ""INSTSUB""]",SUCCESS,1,42,9,9,8,19.047619047619047,short,simple,short_simple,0.7136465880838169,14,386,
p00543,s829894682,286,1033,clean_src/p00543/s829894682.c,obfuscated_bin/p00543/s829894682_fla_bcf_instsub.elf,input_output/p00543/input.txt,input_output/p00543/output.txt,llvm-clang-14,O0,True,OLLVM_Heroims_NewPass,"[""BCF"", ""FLA"", ""INSTSUB""]",SUCCESS,5,50,10,3,5,10.0,short,simple,short_simple,0.7530592709953773,134,60,
p00544,s467049639,391,609,clean_src/p00544/s467049639.c,obfuscated_bin/p00544/s467049639_fla_bcf_instsub.elf,input_output/p00544/input.txt,input_output/p00544/output.txt,llvm-clang-14,O0,True,OLLVM_Heroims_NewPass,"[""BCF"", ""FLA"", ""INSTSUB""]",SUCCESS,1,30,15,15,14,46.666666666666664,short,complex,short_complex,0.9816999441771881,511,1224,
p00545,s149294408,527,1464,clean_src/p00545/s149294408.c,obfuscated_bin/p00545/s149294408_fla_bcf_instsub.elf,input_output/p00545/input.txt,input_output/p00545/output.txt,llvm-clang-14,O0,True,OLLVM_Heroims_NewPass,"[""BCF"", ""FLA"", ""INSTSUB""]",SUCCESS,3,53,16,12,13,24.528301886792452,short,simple,short_simple,0.9937252667034804,889,644,
p00546,s137193238,1761,6711,clean_src/p00546/s137193238.c,obfuscated_bin/p00546/s137193238_fla_bcf_instsub.elf,input_output/p00546/input.txt,input_output/p00546/output.txt,llvm-clang-14,O0,True,OLLVM_Heroims_NewPass,"[""BCF"", ""FLA"", ""INSTSUB""]",SUCCESS,12,244,35,11,23,9.426229508196721,long,simple,long_simple,0.48641906024944326,2175,68,
p00548,s835934524,275,749,clean_src/p00548/s835934524.c,obfuscated_bin/p00548/s835934524_fla_bcf_instsub.elf,input_output/p00548/input.txt,input_output/p00548/output.txt,llvm-clang-14,O0,True,OLLVM_Heroims_NewPass,"[""BCF"", ""FLA"", ""INSTSUB""]",SUCCESS,2,30,12,8,10,33.33333333333333,short,complex,short_complex,0.7943405685059636,84,1000,
p00549,s063098075,490,1472,clean_src/p00549/s063098075.c,obfuscated_bin/p00549/s063098075_fla_bcf_instsub.elf,input_output/p00549/input.txt,input_output/p00549/output.txt,llvm-clang-14,O0,True,OLLVM_Heroims_NewPass,"[""BCF"", ""FLA"", ""INSTSUB""]",SUCCESS,2,52,22,13,20,38.46153846153847,short,complex,short_complex,0.8977454028061789,798,1128,
p00550,s274532678,857,1431,clean_src/p00550/s274532678.c,obfuscated_bin/p00550/s274532678_fla_bcf_instsub.elf,input_output/p00550/input.txt,input_output/p00550/output.txt,llvm-clang-14,O0,True,OLLVM_Heroims_NewPass,"[""BCF"", ""FLA"", ""INSTSUB""]",SUCCESS,7,61,28,12,21,34.42622950819672,long,complex,long_complex,0.827953111732524,1562,852,
p00554,s181433649,272,505,clean_src/p00554/s181433649.c,obfuscated_bin/p00554/s181433649_fla_bcf_instsub.elf,input_output/p00554/input.txt,input_output/p00554/output.txt,llvm-clang-14,O0,True,OLLVM_Heroims_NewPass,"[""BCF"", ""FLA"", ""INSTSUB""]",SUCCESS,1,36,10,10,9,25.0,short,complex,short_complex,0.5185769094824708,66,668,
p00555,s011242750,278,1011,clean_src/p00555/s011242750.c,obfuscated_bin/p00555/s011242750_fla_bcf_instsub.elf,input_output/p00555/input.txt,input_output/p00555/output.txt,llvm-clang-14,O0,True,OLLVM_Heroims_NewPass,"[""BCF"", ""FLA"", ""INSTSUB""]",SUCCESS,1,36,15,15,14,38.88888888888889,short,complex,short_complex,0.8254702729431356,98,1136,
p00556,s086706760,348,947,clean_src/p00556/s086706760.c,obfuscated_bin/p00556/s086706760_fla_bcf_instsub.elf,input_output/p00556/input.txt,input_output/p00556/output.txt,llvm-clang-14,O0,True,OLLVM_Heroims_NewPass,"[""BCF"", ""FLA"", ""INSTSUB""]",SUCCESS,2,37,13,7,11,29.72972972972973,short,complex,short_complex,0.8761529760950658,358,890,
p00557,s686282362,611,1591,clean_src/p00557/s686282362.c,obfuscated_bin/p00557/s686282362_fla_bcf_instsub.elf,input_output/p00557/input.txt,input_output/p00557/output.txt,llvm-clang-14,O0,True,OLLVM_Heroims_NewPass,"[""BCF"", ""FLA"", ""INSTSUB""]",SUCCESS,2,72,22,11,20,27.77777777777778,short,complex,short_complex,0.9981292308534208,1096,802,
p00558,s871110764,874,2146,clean_src/p00558/s871110764.c,obfuscated_bin/p00558/s871110764_fla_bcf_instsub.elf,input_output/p00558/input.txt,input_output/p00558/output.txt,llvm-clang-14,O0,True,OLLVM_Heroims_NewPass,"[""BCF"", ""FLA"", ""INSTSUB""]",SUCCESS,6,84,26,11,20,23.809523809523807,long,simple,long_simple,0.8895429270126278,1587,589,
p00559,s162862122,504,1208,clean_src/p00559/s162862122.c,obfuscated_bin/p00559/s162862122_fla_bcf_instsub.elf,input_output/p00559/input.txt,input_output/p00559/output.txt,llvm-clang-14,O0,True,OLLVM_Heroims_NewPass,"[""BCF"", ""FLA"", ""INSTSUB""]",SUCCESS,3,56,17,7,14,25.0,short,complex,short_complex,0.8749565246726787,838,661,
p00560,s755427234,497,1299,clean_src/p00560/s755427234.c,obfuscated_bin/p00560/s755427234_fla_bcf_instsub.elf,input_output/p00560/input.txt,input_output/p00560/output.txt,llvm-clang-14,O0,True,OLLVM_Heroims_NewPass,"[""BCF"", ""FLA"", ""INSTSUB""]",SUCCESS,5,63,18,6,13,20.634920634920633,short,simple,short_simple,0.11069403105278974,815,472,
p00561,s100207335,614,1449,clean_src/p00561/s100207335.c,obfuscated_bin/p00561/s100207335_fla_bcf_instsub.elf,input_output/p00561/input.txt,input_output/p00561/output.txt,llvm-clang-14,O0,True,OLLVM_Heroims_NewPass,"[""BCF"", ""FLA"", ""INSTSUB""]",SUCCESS,6,69,27,8,21,30.434782608695656,short,complex,short_complex,0.1385409956496112,1103,915,
p00571,s635330528,339,1044,clean_src/p00571/s635330528.c,obfuscated_bin/p00571/s635330528_fla_bcf_instsub.elf,input_output/p00571/input.txt,input_output/p00571/output.txt,llvm-clang-14,O0,True,OLLVM_Heroims_NewPass,"[""BCF"", ""FLA"", ""INSTSUB""]",SUCCESS,4,38,12,5,8,21.052631578947366,short,simple,short_simple,0.8384386826761524,335,490,
p00575,s300670073,296,1026,clean_src/p00575/s300670073.c,obfuscated_bin/p00575/s300670073_fla_bcf_instsub.elf,input_output/p00575/input.txt,input_output/p00575/output.txt,llvm-clang-14,O0,True,OLLVM_Heroims_NewPass,"[""BCF"", ""FLA"", ""INSTSUB""]",SUCCESS,9,53,17,3,8,15.09433962264151,short,simple,short_simple,0.512697373313774,172,209,
p00576,s123244092,265,784,clean_src/p00576/s123244092.c,obfuscated_bin/p00576/s123244092_fla_bcf_instsub.elf,input_output/p00576/input.txt,input_output/p00576/output.txt,llvm-clang-14,O0,True,OLLVM_Heroims_NewPass,"[""BCF"", ""FLA"", ""INSTSUB""]",SUCCESS,2,58,11,7,9,15.517241379310345,short,simple,short_simple,0.9894550459441938,37,233,
p00577,s434486405,313,1074,clean_src/p00577/s434486405.c,obfuscated_bin/p00577/s434486405_fla_bcf_instsub.elf,input_output/p00577/input.txt,input_output/p00577/output.txt,llvm-clang-14,O0,True,OLLVM_Heroims_NewPass,"[""BCF"", ""FLA"", ""INSTSUB""]",SUCCESS,9,58,17,3,8,13.793103448275861,short,simple,short_simple,0.8753739846922632,240,171,
p00578,s993594951,350,1095,clean_src/p00578/s993594951.c,obfuscated_bin/p00578/s993594951_fla_bcf_instsub.elf,input_output/p00578/input.txt,input_output/p00578/output.txt,llvm-clang-14,O0,True,OLLVM_Heroims_NewPass,"[""BCF"", ""FLA"", ""INSTSUB""]",SUCCESS,2,54,12,9,10,18.51851851851852,short,simple,short_simple,0.8886151808428457,368,370,
p00580,s975704389,617,1325,clean_src/p00580/s975704389.c,obfuscated_bin/p00580/s975704389_fla_bcf_instsub.elf,input_output/p00580/input.txt,input_output/p00580/output.txt,llvm-clang-14,O0,True,OLLVM_Heroims_NewPass,"[""BCF"", ""FLA"", ""INSTSUB""]",SUCCESS,1,42,14,14,13,30.952380952380953,short,complex,short_complex,0.9499089026780754,1114,937,
p00581,s567247491,322,983,clean_src/p00581/s567247491.c,obfuscated_bin/p00581/s567247491_fla_bcf_instsub.elf,input_output/p00581/input.txt,input_output/p00581/output.txt,llvm-clang-14,O0,True,OLLVM_Heroims_NewPass,"[""BCF"", ""FLA"", ""INSTSUB""]",SUCCESS,3,37,12,8,9,24.324324324324326,short,simple,short_simple,0.9072936997479742,271,636,
p00582,s493156471,358,1111,clean_src/p00582/s493156471.c,obfuscated_bin/p00582/s493156471_fla_bcf_instsub.elf,input_output/p00582/input.txt,input_output/p00582/output.txt,llvm-clang-14,O0,True,OLLVM_Heroims_NewPass,"[""BCF"", ""FLA"", ""INSTSUB""]",SUCCESS,4,34,12,7,8,23.52941176470588,short,simple,short_simple,0.5817041950807096,401,604,
p00584,s542570843,380,1200,clean_src/p00584/s542570843.c,obfuscated_bin/p00584/s542570843_fla_bcf_instsub.elf,input_output/p00584/input.txt,input_output/p00584/output.txt,llvm-clang-14,O0,True,OLLVM_Heroims_NewPass,"[""BCF"", ""FLA"", ""INSTSUB""]",SUCCESS,2,44,15,11,13,29.545454545454547,short,complex,short_complex,0.5128134153072054,482,882,
p00587,s547138676,1229,4351,clean_src/p00587/s547138676.c,obfuscated_bin/p00587/s547138676_fla_bcf_instsub.elf,input_output/p00587/input.txt,input_output/p00587/output.txt,llvm-clang-14,O0,True,OLLVM_Heroims_NewPass,"[""BCF"", ""FLA"", ""INSTSUB""]",SUCCESS,9,194,46,8,37,19.072164948453608,long,simple,long_simple,0.914018412318035,1924,464,
p00588,s897173515,487,996,clean_src/p00588/s897173515.c,obfuscated_bin/p00588/s897173515_fla_bcf_instsub.elf,input_output/p00588/input.txt,input_output/p00588/output.txt,llvm-clang-14,O0,True,OLLVM_Heroims_NewPass,"[""BCF"", ""FLA"", ""INSTSUB""]",SUCCESS,1,31,9,9,8,25.806451612903224,short,complex,short_complex,0.7039756629619658,788,711,
p00589,s447420865,312,958,clean_src/p00589/s447420865.c,obfuscated_bin/p00589/s447420865_fla_bcf_instsub.elf,input_output/p00589/input.txt,input_output/p00589/output.txt,llvm-clang-14,O0,True,OLLVM_Heroims_NewPass,"[""BCF"", ""FLA"", ""INSTSUB""]",SUCCESS,1,51,11,11,10,19.607843137254903,short,simple,short_simple,0.5701744432578726,236,422,
p00590,s107791301,356,843,clean_src/p00590/s107791301.c,obfuscated_bin/p00590/s107791301_fla_bcf_instsub.elf,input_output/p00590/input.txt,input_output/p00590/output.txt,llvm-clang-14,O0,True,OLLVM_Heroims_NewPass,"[""BCF"", ""FLA"", ""INSTSUB""]",SUCCESS,5,37,16,5,11,29.72972972972973,short,complex,short_complex,0.47906821907528985,391,889,
p00591,s183380523,301,815,clean_src/p00591/s183380523.c,obfuscated_bin/p00591/s183380523_fla_bcf_instsub.elf,input_output/p00591/input.txt,input_output/p00591/output.txt,llvm-clang-14,O0,True,OLLVM_Heroims_NewPass,"[""BCF"", ""FLA"", ""INSTSUB""]",SUCCESS,1,43,17,17,16,37.2093023255814,short,complex,short_complex,0.9981869351075032,196,1108,
p00592,s251477429,263,708,clean_src/p00592/s251477429.c,obfuscated_bin/p00592/s251477429_fla_bcf_instsub.elf,input_output/p00592/input.txt,input_output/p00592/output.txt,llvm-clang-14,O0,True,OLLVM_Heroims_NewPass,"[""BCF"", ""FLA"", ""INSTSUB""]",SUCCESS,2,28,12,11,10,35.714285714285715,short,complex,short_complex,0.7805952029176227,32,1079,
p00593,s516682576,417,1484,clean_src/p00593/s516682576.c,obfuscated_bin/p00593/s516682576_fla_bcf_instsub.elf,input_output/p00593/input.txt,input_output/p00593/output.txt,llvm-clang-14,O0,True,OLLVM_Heroims_NewPass,"[""BCF"", ""FLA"", ""INSTSUB""]",SUCCESS,1,78,19,19,18,23.076923076923077,short,simple,short_simple,0.6025952553902827,599,586,
p00594,s930845242,288,897,clean_src/p00594/s930845242.c,obfuscated_bin/p00594/s930845242_fla_bcf_instsub.elf,input_output/p00594/input.txt,input_output/p00594/output.txt,llvm-clang-14,O0,True,OLLVM_Heroims_NewPass,"[""BCF"", ""FLA"", ""INSTSUB""]",SUCCESS,3,38,12,6,9,23.684210526315788,short,simple,short_simple,0.9660937327852794,140,609,
p00596,s396883123,288,528,clean_src/p00596/s396883123.c,obfuscated_bin/p00596/s396883123_fla_bcf_instsub.elf,input_output/p00596/input.txt,input_output/p00596/output.txt,llvm-clang-14,O0,True,OLLVM_Heroims_NewPass,"[""BCF"", ""FLA"", ""INSTSUB""]",SUCCESS,2,38,14,8,12,31.57894736842105,short,complex,short_complex,0.8293090256131601,141,955,
p00598,s826193728,1096,2728,clean_src/p00598/s826193728.c,obfuscated_bin/p00598/s826193728_fla_bcf_instsub.elf,input_output/p00598/input.txt,input_output/p00598/output.txt,llvm-clang-14,O0,True,OLLVM_Heroims_NewPass,"[""BCF"", ""FLA"", ""INSTSUB""]",SUCCESS,6,119,52,18,46,38.655462184873954,long,complex,long_complex,0.8770421416416408,1824,932,
p00600,s385520964,409,2160,clean_src/p00600/s385520964.c,obfuscated_bin/p00600/s385520964_fla_bcf_instsub.elf,input_output/p00600/input.txt,input_output/p00600/output.txt,llvm-clang-14,O0,True,OLLVM_Heroims_NewPass,"[""BCF"", ""FLA"", ""INSTSUB""]",SUCCESS,3,66,22,12,19,28.78787878787879,short,complex,short_complex,0.600115246767076,580,848,
p00601,s662134595,339,948,clean_src/p00601/s662134595.c,obfuscated_bin/p00601/s662134595_fla_bcf_instsub.elf,input_output/p00601/input.txt,input_output/p00601/output.txt,llvm-clang-14,O0,True,OLLVM_Heroims_NewPass,"[""BCF"", ""FLA"", ""INSTSUB""]",SUCCESS,4,51,15,6,11,21.568627450980394,short,simple,short_simple,0.9961774202071227,336,515,
p00602,s222965254,259,550,clean_src/p00602/s222965254.c,obfuscated_bin/p00602/s222965254_fla_bcf_instsub.elf,input_output/p00602/input.txt,input_output/p00602/output.txt,llvm-clang-14,O0,True,OLLVM_Heroims_NewPass,"[""BCF"", ""FLA"", ""INSTSUB""]",SUCCESS,2,27,9,6,7,25.925925925925924,short,complex,short_complex,0.4782258375080315,15,717,
p00603,s232433044,644,1457,clean_src/p00603/s232433044.c,obfuscated_bin/p00603/s232433044_fla_bcf_instsub.elf,input_output/p00603/input.txt,input_output/p00603/output.txt,llvm-clang-14,O0,True,OLLVM_Heroims_NewPass,"[""BCF"", ""FLA"", ""INSTSUB""]",SUCCESS,4,88,28,8,24,27.27272727272727,short,complex,short_complex,0.9146250023082332,1177,771,
p00604,s816780025,278,986,clean_src/p00604/s816780025.c,obfuscated_bin/p00604/s816780025_fla_bcf_instsub.elf,input_output/p00604/input.txt,input_output/p00604/output.txt,llvm-clang-14,O0,True,OLLVM_Heroims_NewPass,"[""BCF"", ""FLA"", ""INSTSUB""]",SUCCESS,2,46,9,5,7,15.217391304347828,short,simple,short_simple,0.8670053954748521,99,214,
p00605,s830182558,299,607,clean_src/p00605/s830182558.c,obfuscated_bin/p00605/s830182558_fla_bcf_instsub.elf,input_output/p00605/input.txt,input_output/p00605/output.txt,llvm-clang-14,O0,True,OLLVM_Heroims_NewPass,"[""BCF"", ""FLA"", ""INSTSUB""]",SUCCESS,1,46,14,14,13,28.26086956521739,short,complex,short_complex,0.36318110357962485,188,827,
p00606,s520363779,618,1994,clean_src/p00606/s520363779.c,obfuscated_bin/p00606/s520363779_fla_bcf_instsub.elf,input_output/p00606/input.txt,input_output/p00606/output.txt,llvm-clang-14,O0,True,OLLVM_Heroims_NewPass,"[""BCF"", ""FLA"", ""INSTSUB""]",SUCCESS,4,65,13,6,9,13.846153846153847,short,simple,short_simple,0.7209973665132173,1117,173,
p00607,s752881071,974,4322,clean_src/p00607/s752881071.c,obfuscated_bin/p00607/s752881071_fla_bcf_instsub.elf,input_output/p00607/input.txt,input_output/p00607/output.txt,llvm-clang-14,O0,True,OLLVM_Heroims_NewPass,"[""BCF"", ""FLA"", ""INSTSUB""]",SUCCESS,1,133,37,37,36,27.06766917293233,long,complex,long_complex,0.8472111533436885,1716,678,
p00609,s771113143,372,874,clean_src/p00609/s771113143.c,obfuscated_bin/p00609/s771113143_fla_bcf_instsub.elf,input_output/p00609/input.txt,input_output/p00609/output.txt,llvm-clang-14,O0,True,OLLVM_Heroims_NewPass,"[""BCF"", ""FLA"", ""INSTSUB""]",SUCCESS,3,34,13,9,10,29.411764705882355,short,complex,short_complex,0.8506523309992989,448,874,
p00610,s608837976,378,906,clean_src/p00610/s608837976.c,obfuscated_bin/p00610/s608837976_fla_bcf_instsub.elf,input_output/p00610/input.txt,input_output/p00610/output.txt,llvm-clang-14,O0,True,OLLVM_Heroims_NewPass,"[""BCF"", ""FLA"", ""INSTSUB""]",SUCCESS,1,30,17,17,16,53.333333333333336,short,complex,short_complex,0.1439440410138535,471,1261,
p00614,s679662234,408,1281,clean_src/p00614/s679662234.c,obfuscated_bin/p00614/s679662234_fla_bcf_instsub.elf,input_output/p00614/input.txt,input_output/p00614/output.txt,llvm-clang-14,O0,True,OLLVM_Heroims_NewPass,"[""BCF"", ""FLA"", ""INSTSUB""]",SUCCESS,3,64,14,6,11,17.1875,short,simple,short_simple,0.6951906432400652,577,309,
p00615,s533985760,308,810,clean_src/p00615/s533985760.c,obfuscated_bin/p00615/s533985760_fla_bcf_instsub.elf,input_output/p00615/input.txt,input_output/p00615/output.txt,llvm-clang-14,O0,True,OLLVM_Heroims_NewPass,"[""BCF"", ""FLA"", ""INSTSUB""]",SUCCESS,2,38,13,12,11,28.947368421052634,short,complex,short_complex,0.5972171196855067,221,856,
p00616,s799987834,971,1975,clean_src/p00616/s799987834.c,obfuscated_bin/p00616/s799987834_fla_bcf_instsub.elf,input_output/p00616/input.txt,input_output/p00616/output.txt,llvm-clang-14,O0,True,OLLVM_Heroims_NewPass,"[""BCF"", ""FLA"", ""INSTSUB""]",SUCCESS,2,82,39,31,37,45.1219512195122,long,complex,long_complex,0.9812759269087801,1708,1061,
p00617,s112295285,829,3013,clean_src/p00617/s112295285.c,obfuscated_bin/p00617/s112295285_fla_bcf_instsub.elf,input_output/p00617/input.txt,input_output/p00617/output.txt,llvm-clang-14,O0,True,OLLVM_Heroims_NewPass,"[""BCF"", ""FLA"", ""INSTSUB""]",SUCCESS,7,105,36,12,29,27.61904761904762,long,complex,long_complex,0.6783493777692794,1518,692,
p00618,s357574512,455,1313,clean_src/p00618/s357574512.c,obfuscated_bin/p00618/s357574512_fla_bcf_instsub.elf,input_output/p00618/input.txt,input_output/p00618/output.txt,llvm-clang-14,O0,True,OLLVM_Heroims_NewPass,"[""BCF"", ""FLA"", ""INSTSUB""]",SUCCESS,3,47,15,12,12,25.53191489361702,short,complex,short_complex,0.9884885936825875,704,700,
p00620,s594825546,851,1913,clean_src/p00620/s594825546.c,obfuscated_bin/p00620/s594825546_fla_bcf_instsub.elf,input_output/p00620/input.txt,input_output/p00620/output.txt,llvm-clang-14,O0,True,OLLVM_Heroims_NewPass,"[""BCF"", ""FLA"", ""INSTSUB""]",SUCCESS,4,68,32,18,28,41.17647058823529,long,complex,long_complex,0.938965319774761,1550,972,
p00621,s346194349,326,893,clean_src/p00621/s346194349.c,obfuscated_bin/p00621/s346194349_fla_bcf_instsub.elf,input_output/p00621/input.txt,input_output/p00621/output.txt,llvm-clang-14,O0,True,OLLVM_Heroims_NewPass,"[""BCF"", ""FLA"", ""INSTSUB""]",SUCCESS,1,50,17,17,16,32.0,short,complex,short_complex,0.9925248686184062,293,969,
p00623,s800298393,346,897,clean_src/p00623/s800298393.c,obfuscated_bin/p00623/s800298393_fla_bcf_instsub.elf,input_output/p00623/input.txt,input_output/p00623/output.txt,llvm-clang-14,O0,True,OLLVM_Heroims_NewPass,"[""BCF"", ""FLA"", ""INSTSUB""]",SUCCESS,2,40,11,6,9,22.5,short,simple,short_simple,0.39125074371735824,354,557,
p00624,s760639333,980,2823,clean_src/p00624/s760639333.c,obfuscated_bin/p00624/s760639333_fla_bcf_instsub.elf,input_output/p00624/input.txt,input_output/p00624/output.txt,llvm-clang-14,O0,True,OLLVM_Heroims_NewPass,"[""BCF"", ""FLA"", ""INSTSUB""]",SUCCESS,3,89,36,22,33,37.07865168539326,long,complex,long_complex,0.29805276867511676,1720,903,
p00625,s029368887,700,1799,clean_src/p00625/s029368887.c,obfuscated_bin/p00625/s029368887_fla_bcf_instsub.elf,input_output/p00625/input.txt,input_output/p00625/output.txt,llvm-clang-14,O0,True,OLLVM_Heroims_NewPass,"[""BCF"", ""FLA"", ""INSTSUB""]",SUCCESS,3,57,23,12,20,35.08771929824561,short,complex,short_complex,0.7220026922065012,1301,1061,
p00626,s888528764,811,1844,clean_src/p00626/s888528764.c,obfuscated_bin/p00626/s888528764_fla_bcf_instsub.elf,input_output/p00626/input.txt,input_output/p00626/output.txt,llvm-clang-14,O0,True,OLLVM_Heroims_NewPass,"[""BCF"", ""FLA"", ""INSTSUB""]",SUCCESS,3,70,33,20,30,42.857142857142854,long,complex,long_complex,0.8707680336562694,1491,1015,
p00627,s116113682,316,1112,clean_src/p00627/s116113682.c,obfuscated_bin/p00627/s116113682_fla_bcf_instsub.elf,input_output/p00627/input.txt,input_output/p00627/output.txt,llvm-clang-14,O0,True,OLLVM_Heroims_NewPass,"[""BCF"", ""FLA"", ""INSTSUB""]",SUCCESS,9,58,18,3,9,15.517241379310345,short,simple,short_simple,0.8643180675014037,249,229,
p00628,s797073215,322,856,clean_src/p00628/s797073215.c,obfuscated_bin/p00628/s797073215_fla_bcf_instsub.elf,input_output/p00628/input.txt,input_output/p00628/output.txt,llvm-clang-14,O0,True,OLLVM_Heroims_NewPass,"[""BCF"", ""FLA"", ""INSTSUB""]",SUCCESS,1,44,21,21,20,45.45454545454545,short,complex,short_complex,0.8624490080905289,272,1217,
p00629,s795933272,486,1181,clean_src/p00629/s795933272.c,obfuscated_bin/p00629/s795933272_fla_bcf_instsub.elf,input_output/p00629/input.txt,input_output/p00629/output.txt,llvm-clang-14,O0,True,OLLVM_Heroims_NewPass,"[""BCF"", ""FLA"", ""INSTSUB""]",SUCCESS,1,59,21,21,20,33.89830508474576,short,complex,short_complex,0.30705974844327755,784,1024,
p00630,s207590219,426,1302,clean_src/p00630/s207590219.c,obfuscated_bin/p00630/s207590219_fla_bcf_instsub.elf,input_output/p00630/input.txt,input_output/p00630/output.txt,llvm-clang-14,O0,True,OLLVM_Heroims_NewPass,"[""BCF"", ""FLA"", ""INSTSUB""]",SUCCESS,1,75,23,23,22,29.333333333333332,short,complex,short_complex,0.8017154390247195,629,872,
p00631,s761250042,294,708,clean_src/p00631/s761250042.c,obfuscated_bin/p00631/s761250042_fla_bcf_instsub.elf,input_output/p00631/input.txt,input_output/p00631/output.txt,llvm-clang-14,O0,True,OLLVM_Heroims_NewPass,"[""BCF"", ""FLA"", ""INSTSUB""]",SUCCESS,3,41,9,4,6,14.634146341463413,short,simple,short_simple,0.9951381964123603,167,190,
p00632,s635513385,794,1867,clean_src/p00632/s635513385.c,obfuscated_bin/p00632/s635513385_fla_bcf_instsub.elf,input_output/p00632/input.txt,input_output/p00632/output.txt,llvm-clang-14,O0,True,OLLVM_Heroims_NewPass,"[""BCF"", ""FLA"", ""INSTSUB""]",SUCCESS,1,52,27,27,26,50.0,long,complex,long_complex,0.6575687202475867,1467,1162,
p00633,s584590343,1244,2766,clean_src/p00633/s584590343.c,obfuscated_bin/p00633/s584590343_fla_bcf_instsub.elf,input_output/p00633/input.txt,input_output/p00633/output.txt,llvm-clang-14,O0,True,OLLVM_Heroims_NewPass,"[""BCF"", ""FLA"", ""INSTSUB""]",SUCCESS,9,87,42,22,33,37.93103448275862,long,complex,long_complex,0.5745898708777042,1936,922,
p00634,s333705813,1619,3999,clean_src/p00634/s333705813.c,obfuscated_bin/p00634/s333705813_fla_bcf_instsub.elf,input_output/p00634/input.txt,input_output/p00634/output.txt,llvm-clang-14,O0,True,OLLVM_Heroims_NewPass,"[""BCF"", ""FLA"", ""INSTSUB""]",SUCCESS,7,153,55,24,48,31.372549019607842,long,complex,long_complex,0.9796886668034502,2117,786,
p00635,s171650485,489,1175,clean_src/p00635/s171650485.c,obfuscated_bin/p00635/s171650485_fla_bcf_instsub.elf,input_output/p00635/input.txt,input_output/p00635/output.txt,llvm-clang-14,O0,True,OLLVM_Heroims_NewPass,"[""BCF"", ""FLA"", ""INSTSUB""]",SUCCESS,3,51,19,9,16,31.372549019607842,short,complex,short_complex,0.6482081885637573,794,950,
p00636,s203955946,1883,4501,clean_src/p00636/s203955946.c,obfuscated_bin/p00636/s203955946_fla_bcf_instsub.elf,input_output/p00636/input.txt,input_output/p00636/output.txt,llvm-clang-14,O0,True,OLLVM_Heroims_NewPass,"[""BCF"", ""FLA"", ""INSTSUB""]",SUCCESS,13,150,58,20,45,30.0,long,complex,long_complex,0.26757184332225337,2211,751,
p00637,s556838359,301,590,clean_src/p00637/s556838359.c,obfuscated_bin/p00637/s556838359_fla_bcf_instsub.elf,input_output/p00637/input.txt,input_output/p00637/output.txt,llvm-clang-14,O0,True,OLLVM_Heroims_NewPass,"[""BCF"", ""FLA"", ""INSTSUB""]",SUCCESS,1,36,13,13,12,33.33333333333333,short,complex,short_complex,0.22429102726044303,197,1014,
p00638,s879630043,273,881,clean_src/p00638/s879630043.c,obfuscated_bin/p00638/s879630043_fla_bcf_instsub.elf,input_output/p00638/input.txt,input_output/p00638/output.txt,llvm-clang-14,O0,True,OLLVM_Heroims_NewPass,"[""BCF"", ""FLA"", ""INSTSUB""]",SUCCESS,2,35,12,7,10,28.57142857142857,short,complex,short_complex,0.8262798574874178,73,832,
p00640,s916622346,368,563,clean_src/p00640/s916622346.c,obfuscated_bin/p00640/s916622346_fla_bcf_instsub.elf,input_output/p00640/input.txt,input_output/p00640/output.txt,llvm-clang-14,O0,True,OLLVM_Heroims_NewPass,"[""BCF"", ""FLA"", ""INSTSUB""]",SUCCESS,1,1,16,16,15,1500.0,short,complex,short_complex,0.4725543180965467,428,1300,
p00641,s714111875,535,1368,clean_src/p00641/s714111875.c,obfuscated_bin/p00641/s714111875_fla_bcf_instsub.elf,input_output/p00641/input.txt,input_output/p00641/output.txt,llvm-clang-14,O0,True,OLLVM_Heroims_NewPass,"[""BCF"", ""FLA"", ""INSTSUB""]",SUCCESS,7,52,20,6,13,25.0,short,complex,short_complex,0.43929448995635534,911,656,
p00643,s895640513,919,2232,clean_src/p00643/s895640513.c,obfuscated_bin/p00643/s895640513_fla_bcf_instsub.elf,input_output/p00643/input.txt,input_output/p00643/output.txt,llvm-clang-14,O0,True,OLLVM_Heroims_NewPass,"[""BCF"", ""FLA"", ""INSTSUB""]",SUCCESS,4,65,25,16,21,32.30769230769231,long,complex,long_complex,0.34000764102667047,1650,815,
p00645,s746268055,505,1289,clean_src/p00645/s746268055.c,obfuscated_bin/p00645/s746268055_fla_bcf_instsub.elf,input_output/p00645/input.txt,input_output/p00645/output.txt,llvm-clang-14,O0,True,OLLVM_Heroims_NewPass,"[""BCF"", ""FLA"", ""INSTSUB""]",SUCCESS,4,55,24,9,20,36.36363636363637,short,complex,short_complex,0.923245789578773,841,1090,
p00646,s951183552,870,2443,clean_src/p00646/s951183552.c,obfuscated_bin/p00646/s951183552_fla_bcf_instsub.elf,input_output/p00646/input.txt,input_output/p00646/output.txt,llvm-clang-14,O0,True,OLLVM_Heroims_NewPass,"[""BCF"", ""FLA"", ""INSTSUB""]",SUCCESS,3,79,31,18,28,35.44303797468354,long,complex,long_complex,0.7416703153526806,1578,876,
p00647,s618984191,366,1481,clean_src/p00647/s618984191.c,obfuscated_bin/p00647/s618984191_fla_bcf_instsub.elf,input_output/p00647/input.txt,input_output/p00647/output.txt,llvm-clang-14,O0,True,OLLVM_Heroims_NewPass,"[""BCF"", ""FLA"", ""INSTSUB""]",SUCCESS,1,78,21,21,20,25.64102564102564,short,complex,short_complex,0.6942308449615485,423,707,
p00648,s304200307,779,1961,clean_src/p00648/s304200307.c,obfuscated_bin/p00648/s304200307_fla_bcf_instsub.elf,input_output/p00648/input.txt,input_output/p00648/output.txt,llvm-clang-14,O0,True,OLLVM_Heroims_NewPass,"[""BCF"", ""FLA"", ""INSTSUB""]",SUCCESS,4,72,33,23,29,40.27777777777778,long,complex,long_complex,0.998949224055995,1439,957,
p00649,s499257925,625,1515,clean_src/p00649/s499257925.c,obfuscated_bin/p00649/s499257925_fla_bcf_instsub.elf,input_output/p00649/input.txt,input_output/p00649/output.txt,llvm-clang-14,O0,True,OLLVM_Heroims_NewPass,"[""BCF"", ""FLA"", ""INSTSUB""]",SUCCESS,4,56,23,12,19,33.92857142857143,short,complex,short_complex,0.855236500877311,1134,1025,
p00650,s165088872,548,1457,clean_src/p00650/s165088872.c,obfuscated_bin/p00650/s165088872_fla_bcf_instsub.elf,input_output/p00650/input.txt,input_output/p00650/output.txt,llvm-clang-14,O0,True,OLLVM_Heroims_NewPass,"[""BCF"", ""FLA"", ""INSTSUB""]",SUCCESS,7,51,20,7,13,25.49019607843137,short,complex,short_complex,0.989308266647246,947,690,
p00651,s492678919,1367,3660,clean_src/p00651/s492678919.c,obfuscated_bin/p00651/s492678919_fla_bcf_instsub.elf,input_output/p00651/input.txt,input_output/p00651/output.txt,llvm-clang-14,O0,True,OLLVM_Heroims_NewPass,"[""BCF"", ""FLA"", ""INSTSUB""]",SUCCESS,15,113,31,10,16,14.15929203539823,long,simple,long_simple,0.9143102314285767,2006,193,
p00652,s255286125,830,2181,clean_src/p00652/s255286125.c,obfuscated_bin/p00652/s255286125_fla_bcf_instsub.elf,input_output/p00652/input.txt,input_output/p00652/output.txt,llvm-clang-14,O0,True,OLLVM_Heroims_NewPass,"[""BCF"", ""FLA"", ""INSTSUB""]",SUCCESS,5,76,31,16,26,34.21052631578947,long,complex,long_complex,0.9846325289441358,1521,846,
p00653,s640140318,780,2043,clean_src/p00653/s640140318.c,obfuscated_bin/p00653/s640140318_fla_bcf_instsub.elf,input_output/p00653/input.txt,input_output/p00653/output.txt,llvm-clang-14,O0,True,OLLVM_Heroims_NewPass,"[""BCF"", ""FLA"", ""INSTSUB""]",SUCCESS,5,83,31,9,26,31.32530120481928,long,complex,long_complex,0.9454530767773798,1445,783,
p00654,s287811369,447,1366,clean_src/p00654/s287811369.c,obfuscated_bin/p00654/s287811369_fla_bcf_instsub.elf,input_output/p00654/input.txt,input_output/p00654/output.txt,llvm-clang-14,O0,True,OLLVM_Heroims_NewPass,"[""BCF"", ""FLA"", ""INSTSUB""]",SUCCESS,4,51,17,6,13,25.49019607843137,short,complex,short_complex,0.9582957165824296,679,689,
p00655,s726803740,945,2426,clean_src/p00655/s726803740.c,obfuscated_bin/p00655/s726803740_fla_bcf_instsub.elf,input_output/p00655/input.txt,input_output/p00655/output.txt,llvm-clang-14,O0,True,OLLVM_Heroims_NewPass,"[""BCF"", ""FLA"", ""INSTSUB""]",SUCCESS,6,85,38,12,32,37.64705882352941,long,complex,long_complex,0.9015223481399524,1681,917,
p00658,s751467982,2298,5982,clean_src/p00658/s751467982.c,obfuscated_bin/p00658/s751467982_fla_bcf_instsub.elf,input_output/p00658/input.txt,input_output/p00658/output.txt,llvm-clang-14,O0,True,OLLVM_Heroims_NewPass,"[""BCF"", ""FLA"", ""INSTSUB""]",SUCCESS,10,265,138,22,128,48.301886792452834,long,complex,long_complex,0.8321164405402014,2324,1132,
p00659,s938853803,330,1131,clean_src/p00659/s938853803.c,obfuscated_bin/p00659/s938853803_fla_bcf_instsub.elf,input_output/p00659/input.txt,input_output/p00659/output.txt,llvm-clang-14,O0,True,OLLVM_Heroims_NewPass,"[""BCF"", ""FLA"", ""INSTSUB""]",SUCCESS,1,52,9,9,8,15.384615384615385,short,simple,short_simple,0.8110672453271472,310,223,
p00660,s884213822,1342,3552,clean_src/p00660/s884213822.c,obfuscated_bin/p00660/s884213822_fla_bcf_instsub.elf,input_output/p00660/input.txt,input_output/p00660/output.txt,llvm-clang-14,O0,True,OLLVM_Heroims_NewPass,"[""BCF"", ""FLA"", ""INSTSUB""]",SUCCESS,6,191,37,10,31,16.230366492146597,long,simple,long_simple,0.6036737221045406,1998,325,
p00661,s732944217,356,957,clean_src/p00661/s732944217.c,obfuscated_bin/p00661/s732944217_fla_bcf_instsub.elf,input_output/p00661/input.txt,input_output/p00661/output.txt,llvm-clang-14,O0,True,OLLVM_Heroims_NewPass,"[""BCF"", ""FLA"", ""INSTSUB""]",SUCCESS,4,41,13,8,9,21.951219512195124,short,simple,short_simple,0.7669966981955834,392,532,
p00662,s138608097,280,653,clean_src/p00662/s138608097.c,obfuscated_bin/p00662/s138608097_fla_bcf_instsub.elf,input_output/p00662/input.txt,input_output/p00662/output.txt,llvm-clang-14,O0,True,OLLVM_Heroims_NewPass,"[""BCF"", ""FLA"", ""INSTSUB""]",SUCCESS,2,23,16,9,14,60.86956521739131,short,complex,short_complex,0.9317848530719116,106,1275,
p00663,s426395476,404,1712,clean_src/p00663/s426395476.c,obfuscated_bin/p00663/s426395476_fla_bcf_instsub.elf,input_output/p00663/input.txt,input_output/p00663/output.txt,llvm-clang-14,O0,True,OLLVM_Heroims_NewPass,"[""BCF"", ""FLA"", ""INSTSUB""]",SUCCESS,5,59,18,5,13,22.033898305084744,short,simple,short_simple,0.45726726722538646,557,537,
p00664,s838750401,494,1757,clean_src/p00664/s838750401.c,obfuscated_bin/p00664/s838750401_fla_bcf_instsub.elf,input_output/p00664/input.txt,input_output/p00664/output.txt,llvm-clang-14,O0,True,OLLVM_Heroims_NewPass,"[""BCF"", ""FLA"", ""INSTSUB""]",SUCCESS,3,72,17,11,14,19.444444444444446,short,simple,short_simple,0.8049890117215631,809,411,
p00665,s169054715,932,3260,clean_src/p00665/s169054715.c,obfuscated_bin/p00665/s169054715_fla_bcf_instsub.elf,input_output/p00665/input.txt,input_output/p00665/output.txt,llvm-clang-14,O0,True,OLLVM_Heroims_NewPass,"[""BCF"", ""FLA"", ""INSTSUB""]",SUCCESS,5,102,41,20,36,35.294117647058826,long,complex,long_complex,0.8333114700541846,1664,872,
p00667,s239968257,296,712,clean_src/p00667/s239968257.c,obfuscated_bin/p00667/s239968257_fla_bcf_instsub.elf,input_output/p00667/input.txt,input_output/p00667/output.txt,llvm-clang-14,O0,True,OLLVM_Heroims_NewPass,"[""BCF"", ""FLA"", ""INSTSUB""]",SUCCESS,1,26,12,12,11,42.30769230769231,short,complex,short_complex,0.06084235872429722,173,1182,
p00668,s175411163,1390,4918,clean_src/p00668/s175411163.c,obfuscated_bin/p00668/s175411163_fla_bcf_instsub.elf,input_output/p00668/input.txt,input_output/p00668/output.txt,llvm-clang-14,O0,True,OLLVM_Heroims_NewPass,"[""BCF"", ""FLA"", ""INSTSUB""]",SUCCESS,8,205,49,25,41,20.0,long,simple,long_simple,0.8278690201231621,2019,496,
p00669,s893838951,307,702,clean_src/p00669/s893838951.c,obfuscated_bin/p00669/s893838951_fla_bcf_instsub.elf,input_output/p00669/input.txt,input_output/p00669/output.txt,llvm-clang-14,O0,True,OLLVM_Heroims_NewPass,"[""BCF"", ""FLA"", ""INSTSUB""]",SUCCESS,1,42,13,13,12,28.57142857142857,short,complex,short_complex,0.3524794911819876,219,843,
p00670,s645981071,284,727,clean_src/p00670/s645981071.c,obfuscated_bin/p00670/s645981071_fla_bcf_instsub.elf,input_output/p00670/input.txt,input_output/p00670/output.txt,llvm-clang-14,O0,True,OLLVM_Heroims_NewPass,"[""BCF"", ""FLA"", ""INSTSUB""]",SUCCESS,2,31,13,11,11,35.483870967741936,short,complex,short_complex,0.8146587817116673,128,1074,
p00671,s847051475,645,1847,clean_src/p00671/s847051475.c,obfuscated_bin/p00671/s847051475_fla_bcf_instsub.elf,input_output/p00671/input.txt,input_output/p00671/output.txt,llvm-clang-14,O0,True,OLLVM_Heroims_NewPass,"[""BCF"", ""FLA"", ""INSTSUB""]",SUCCESS,2,62,27,20,25,40.32258064516129,short,complex,short_complex,0.7994613431938254,1180,1149,
p00672,s154348449,1127,3056,clean_src/p00672/s154348449.c,obfuscated_bin/p00672/s154348449_fla_bcf_instsub.elf,input_output/p00672/input.txt,input_output/p00672/output.txt,llvm-clang-14,O0,True,OLLVM_Heroims_NewPass,"[""BCF"", ""FLA"", ""INSTSUB""]",SUCCESS,9,141,49,8,40,28.368794326241137,long,complex,long_complex,0.8728695489718011,1846,708,
p00673,s358094490,1489,3880,clean_src/p00673/s358094490.c,obfuscated_bin/p00673/s358094490_fla_bcf_instsub.elf,input_output/p00673/input.txt,input_output/p00673/output.txt,llvm-clang-14,O0,True,OLLVM_Heroims_NewPass,"[""BCF"", ""FLA"", ""INSTSUB""]",SUCCESS,8,149,45,16,37,24.832214765100673,long,simple,long_simple,0.9650476266150941,2069,616,
p00677,s783278731,481,1402,clean_src/p00677/s783278731.c,obfuscated_bin/p00677/s783278731_fla_bcf_instsub.elf,input_output/p00677/input.txt,input_output/p00677/output.txt,llvm-clang-14,O0,True,OLLVM_Heroims_NewPass,"[""BCF"", ""FLA"", ""INSTSUB""]",SUCCESS,1,51,14,14,13,25.49019607843137,short,complex,short_complex,0.8057802783055882,774,696,
p00678,s961523709,398,1059,clean_src/p00678/s961523709.c,obfuscated_bin/p00678/s961523709_fla_bcf_instsub.elf,input_output/p00678/input.txt,input_output/p00678/output.txt,llvm-clang-14,O0,True,OLLVM_Heroims_NewPass,"[""BCF"", ""FLA"", ""INSTSUB""]",SUCCESS,4,56,15,6,11,19.642857142857142,short,simple,short_simple,0.5401257428421253,533,424,
p00680,s076121731,1622,4395,clean_src/p00680/s076121731.c,obfuscated_bin/p00680/s076121731_fla_bcf_instsub.elf,input_output/p00680/input.txt,input_output/p00680/output.txt,llvm-clang-14,O0,True,OLLVM_Heroims_NewPass,"[""BCF"", ""FLA"", ""INSTSUB""]",SUCCESS,9,164,52,13,43,26.21951219512195,long,complex,long_complex,0.850339395131945,2118,655,
p00682,s488651134,272,1225,clean_src/p00682/s488651134.c,obfuscated_bin/p00682/s488651134_fla_bcf_instsub.elf,input_output/p00682/input.txt,input_output/p00682/output.txt,llvm-clang-14,O0,True,OLLVM_Heroims_NewPass,"[""BCF"", ""FLA"", ""INSTSUB""]",SUCCESS,1,38,7,7,6,15.789473684210526,short,simple,short_simple,0.7301422287448782,67,246,
p00684,s879652265,756,2837,clean_src/p00684/s879652265.c,obfuscated_bin/p00684/s879652265_fla_bcf_instsub.elf,input_output/p00684/input.txt,input_output/p00684/output.txt,llvm-clang-14,O0,True,OLLVM_Heroims_NewPass,"[""BCF"", ""FLA"", ""INSTSUB""]",SUCCESS,7,173,34,9,27,15.606936416184972,long,simple,long_simple,0.5084460715173209,1402,266,
p00686,s979012754,530,1574,clean_src/p00686/s979012754.c,obfuscated_bin/p00686/s979012754_fla_bcf_instsub.elf,input_output/p00686/input.txt,input_output/p00686/output.txt,llvm-clang-14,O0,True,OLLVM_Heroims_NewPass,"[""BCF"", ""FLA"", ""INSTSUB""]",SUCCESS,7,75,25,14,18,24.0,short,simple,short_simple,0.6697111339111563,902,624,
p00687,s456762660,405,1301,clean_src/p00687/s456762660.c,obfuscated_bin/p00687/s456762660_fla_bcf_instsub.elf,input_output/p00687/input.txt,input_output/p00687/output.txt,llvm-clang-14,O0,True,OLLVM_Heroims_NewPass,"[""BCF"", ""FLA"", ""INSTSUB""]",SUCCESS,4,46,16,10,12,26.08695652173913,short,complex,short_complex,0.6575387633639587,567,721,
p00688,s832574067,460,1151,clean_src/p00688/s832574067.c,obfuscated_bin/p00688/s832574067_fla_bcf_instsub.elf,input_output/p00688/input.txt,input_output/p00688/output.txt,llvm-clang-14,O0,True,OLLVM_Heroims_NewPass,"[""BCF"", ""FLA"", ""INSTSUB""]",SUCCESS,1,41,21,21,20,48.78048780487805,short,complex,short_complex,0.36025889496349695,719,1239,
p00689,s559253277,586,1927,clean_src/p00689/s559253277.c,obfuscated_bin/p00689/s559253277_fla_bcf_instsub.elf,input_output/p00689/input.txt,input_output/p00689/output.txt,llvm-clang-14,O0,True,OLLVM_Heroims_NewPass,"[""BCF"", ""FLA"", ""INSTSUB""]",SUCCESS,3,69,26,16,23,33.33333333333333,short,complex,short_complex,0.8136324165992266,1040,1019,
p00690,s859821803,501,1180,clean_src/p00690/s859821803.c,obfuscated_bin/p00690/s859821803_fla_bcf_instsub.elf,input_output/p00690/input.txt,input_output/p00690/output.txt,llvm-clang-14,O0,True,OLLVM_Heroims_NewPass,"[""BCF"", ""FLA"", ""INSTSUB""]",SUCCESS,2,42,24,14,22,52.38095238095239,short,complex,short_complex,0.8983654095230276,825,1256,
p00692,s990316902,595,1493,clean_src/p00692/s990316902.c,obfuscated_bin/p00692/s990316902_fla_bcf_instsub.elf,input_output/p00692/input.txt,input_output/p00692/output.txt,llvm-clang-14,O0,True,OLLVM_Heroims_NewPass,"[""BCF"", ""FLA"", ""INSTSUB""]",SUCCESS,5,84,28,10,23,27.380952380952383,short,complex,short_complex,0.8863233740622898,1059,778,
p00693,s746355550,433,1343,clean_src/p00693/s746355550.c,obfuscated_bin/p00693/s746355550_fla_bcf_instsub.elf,input_output/p00693/input.txt,input_output/p00693/output.txt,llvm-clang-14,O0,True,OLLVM_Heroims_NewPass,"[""BCF"", ""FLA"", ""INSTSUB""]",SUCCESS,2,59,17,13,15,25.423728813559322,short,complex,short_complex,0.8883982985208481,643,683,
p00695,s952876907,400,1011,clean_src/p00695/s952876907.c,obfuscated_bin/p00695/s952876907_fla_bcf_instsub.elf,input_output/p00695/input.txt,input_output/p00695/output.txt,llvm-clang-14,O0,True,OLLVM_Heroims_NewPass,"[""BCF"", ""FLA"", ""INSTSUB""]",SUCCESS,3,50,12,4,9,18.0,short,simple,short_simple,0.8627105168312004,545,347,
p00697,s364169311,610,1521,clean_src/p00697/s364169311.c,obfuscated_bin/p00697/s364169311_fla_bcf_instsub.elf,input_output/p00697/input.txt,input_output/p00697/output.txt,llvm-clang-14,O0,True,OLLVM_Heroims_NewPass,"[""BCF"", ""FLA"", ""INSTSUB""]",SUCCESS,4,75,27,12,23,30.666666666666664,short,complex,short_complex,0.9742361907235426,1093,926,
p00698,s624127710,586,1052,clean_src/p00698/s624127710.c,obfuscated_bin/p00698/s624127710_fla_bcf_instsub.elf,input_output/p00698/input.txt,input_output/p00698/output.txt,llvm-clang-14,O0,True,OLLVM_Heroims_NewPass,"[""BCF"", ""FLA"", ""INSTSUB""]",SUCCESS,1,67,22,22,21,31.343283582089555,short,complex,short_complex,0.8452509278753724,1041,949,
p00699,s065019425,648,1451,clean_src/p00699/s065019425.c,obfuscated_bin/p00699/s065019425_fla_bcf_instsub.elf,input_output/p00699/input.txt,input_output/p00699/output.txt,llvm-clang-14,O0,True,OLLVM_Heroims_NewPass,"[""BCF"", ""FLA"", ""INSTSUB""]",SUCCESS,5,83,34,11,29,34.93975903614458,short,complex,short_complex,0.8698471784569374,1189,1058,
p00700,s408979676,309,859,clean_src/p00700/s408979676.c,obfuscated_bin/p00700/s408979676_fla_bcf_instsub.elf,input_output/p00700/input.txt,input_output/p00700/output.txt,llvm-clang-14,O0,True,OLLVM_Heroims_NewPass,"[""BCF"", ""FLA"", ""INSTSUB""]",SUCCESS,1,44,13,13,12,27.27272727272727,short,complex,short_complex,0.1819935658689793,225,777,
p00701,s926758009,765,1849,clean_src/p00701/s926758009.c,obfuscated_bin/p00701/s926758009_fla_bcf_instsub.elf,input_output/p00701/input.txt,input_output/p00701/output.txt,llvm-clang-14,O0,True,OLLVM_Heroims_NewPass,"[""BCF"", ""FLA"", ""INSTSUB""]",SUCCESS,4,87,26,17,22,25.287356321839084,long,simple,long_simple,0.6573427363271139,1421,633,
p00702,s986924418,663,1725,clean_src/p00702/s986924418.c,obfuscated_bin/p00702/s986924418_fla_bcf_instsub.elf,input_output/p00702/input.txt,input_output/p00702/output.txt,llvm-clang-14,O0,True,OLLVM_Heroims_NewPass,"[""BCF"", ""FLA"", ""INSTSUB""]",SUCCESS,4,70,27,14,23,32.857142857142854,short,complex,short_complex,0.9955420021562122,1224,992,
p00703,s147866941,656,2284,clean_src/p00703/s147866941.c,obfuscated_bin/p00703/s147866941_fla_bcf_instsub.elf,input_output/p00703/input.txt,input_output/p00703/output.txt,llvm-clang-14,O0,True,OLLVM_Heroims_NewPass,"[""BCF"", ""FLA"", ""INSTSUB""]",SUCCESS,3,91,25,16,22,24.175824175824175,short,simple,short_simple,0.8827015120079236,1205,630,
p00705,s676580734,471,1213,clean_src/p00705/s676580734.c,obfuscated_bin/p00705/s676580734_fla_bcf_instsub.elf,input_output/p00705/input.txt,input_output/p00705/output.txt,llvm-clang-14,O0,True,OLLVM_Heroims_NewPass,"[""BCF"", ""FLA"", ""INSTSUB""]",SUCCESS,1,69,22,22,21,30.434782608695656,short,complex,short_complex,0.8694842333615974,749,920,
p00706,s537057082,650,1448,clean_src/p00706/s537057082.c,obfuscated_bin/p00706/s537057082_fla_bcf_instsub.elf,input_output/p00706/input.txt,input_output/p00706/output.txt,llvm-clang-14,O0,True,OLLVM_Heroims_NewPass,"[""BCF"", ""FLA"", ""INSTSUB""]",SUCCESS,5,63,27,13,22,34.92063492063492,short,complex,short_complex,0.7171803232507961,1192,1057,
p00707,s938913864,929,3062,clean_src/p00707/s938913864.c,obfuscated_bin/p00707/s938913864_fla_bcf_instsub.elf,input_output/p00707/input.txt,input_output/p00707/output.txt,llvm-clang-14,O0,True,OLLVM_Heroims_NewPass,"[""BCF"", ""FLA"", ""INSTSUB""]",SUCCESS,4,133,35,12,31,23.308270676691727,long,simple,long_simple,0.727648654715146,1662,578,
p00708,s797754666,985,4156,clean_src/p00708/s797754666.c,obfuscated_bin/p00708/s797754666_fla_bcf_instsub.elf,input_output/p00708/input.txt,input_output/p00708/output.txt,llvm-clang-14,O0,True,OLLVM_Heroims_NewPass,"[""BCF"", ""FLA"", ""INSTSUB""]",SUCCESS,9,138,31,12,22,15.942028985507244,long,simple,long_simple,0.9746336634990037,1725,296,
p00710,s567565737,392,1175,clean_src/p00710/s567565737.c,obfuscated_bin/p00710/s567565737_fla_bcf_instsub.elf,input_output/p00710/input.txt,input_output/p00710/output.txt,llvm-clang-14,O0,True,OLLVM_Heroims_NewPass,"[""BCF"", ""FLA"", ""INSTSUB""]",SUCCESS,7,76,17,11,10,13.157894736842104,short,simple,short_simple,0.9070159371433683,517,146,
p00711,s276919313,711,2456,clean_src/p00711/s276919313.c,obfuscated_bin/p00711/s276919313_fla_bcf_instsub.elf,input_output/p00711/input.txt,input_output/p00711/output.txt,llvm-clang-14,O0,True,OLLVM_Heroims_NewPass,"[""BCF"", ""FLA"", ""INSTSUB""]",SUCCESS,5,103,24,10,19,18.446601941747574,long,simple,long_simple,0.9704863968284817,1323,444,
p00712,s552889646,539,1721,clean_src/p00712/s552889646.c,obfuscated_bin/p00712/s552889646_fla_bcf_instsub.elf,input_output/p00712/input.txt,input_output/p00712/output.txt,llvm-clang-14,O0,True,OLLVM_Heroims_NewPass,"[""BCF"", ""FLA"", ""INSTSUB""]",SUCCESS,7,65,22,9,15,23.076923076923077,short,simple,short_simple,0.9885488239964708,922,584,
p00713,s546699281,515,1761,clean_src/p00713/s546699281.c,obfuscated_bin/p00713/s546699281_fla_bcf_instsub.elf,input_output/p00713/input.txt,input_output/p00713/output.txt,llvm-clang-14,O0,True,OLLVM_Heroims_NewPass,"[""BCF"", ""FLA"", ""INSTSUB""]",SUCCESS,3,67,15,11,12,17.91044776119403,short,simple,short_simple,0.8793332980505735,861,344,
p00715,s666919572,895,2190,clean_src/p00715/s666919572.c,obfuscated_bin/p00715/s666919572_fla_bcf_instsub.elf,input_output/p00715/input.txt,input_output/p00715/output.txt,llvm-clang-14,O0,True,OLLVM_Heroims_NewPass,"[""BCF"", ""FLA"", ""INSTSUB""]",SUCCESS,3,72,40,32,37,51.388888888888886,long,complex,long_complex,0.9822090628536818,1622,1168,
p00716,s112778312,331,1825,clean_src/p00716/s112778312.c,obfuscated_bin/p00716/s112778312_fla_bcf_instsub.elf,input_output/p00716/input.txt,input_output/p00716/output.txt,llvm-clang-14,O0,True,OLLVM_Heroims_NewPass,"[""BCF"", ""FLA"", ""INSTSUB""]",SUCCESS,4,65,10,4,6,9.230769230769232,short,simple,short_simple,0.7437320819277126,313,45,
p00717,s294556295,876,1343,clean_src/p00717/s294556295.c,obfuscated_bin/p00717/s294556295_fla_bcf_instsub.elf,input_output/p00717/input.txt,input_output/p00717/output.txt,llvm-clang-14,O0,True,OLLVM_Heroims_NewPass,"[""BCF"", ""FLA"", ""INSTSUB""]",SUCCESS,2,46,35,25,33,71.73913043478261,long,complex,long_complex,0.6263259125393148,1591,1238,
p00718,s237960896,784,3317,clean_src/p00718/s237960896.c,obfuscated_bin/p00718/s237960896_fla_bcf_instsub.elf,input_output/p00718/input.txt,input_output/p00718/output.txt,llvm-clang-14,O0,True,OLLVM_Heroims_NewPass,"[""BCF"", ""FLA"", ""INSTSUB""]",SUCCESS,1,138,35,35,34,24.637681159420293,long,simple,long_simple,0.8959039975066919,1456,607,
p00721,s163482518,787,1359,clean_src/p00721/s163482518.c,obfuscated_bin/p00721/s163482518_fla_bcf_instsub.elf,input_output/p00721/input.txt,input_output/p00721/output.txt,llvm-clang-14,O0,True,OLLVM_Heroims_NewPass,"[""BCF"", ""FLA"", ""INSTSUB""]",SUCCESS,2,63,26,23,24,38.095238095238095,long,complex,long_complex,0.9202519676494104,1459,927,
p00722,s417995732,596,1768,clean_src/p00722/s417995732.c,obfuscated_bin/p00722/s417995732_fla_bcf_instsub.elf,input_output/p00722/input.txt,input_output/p00722/output.txt,llvm-clang-14,O0,True,OLLVM_Heroims_NewPass,"[""BCF"", ""FLA"", ""INSTSUB""]",SUCCESS,3,61,14,8,11,18.0327868852459,short,simple,short_simple,0.9668776318418002,1061,349,
p00723,s770378491,877,2617,clean_src/p00723/s770378491.c,obfuscated_bin/p00723/s770378491_fla_bcf_instsub.elf,input_output/p00723/input.txt,input_output/p00723/output.txt,llvm-clang-14,O0,True,OLLVM_Heroims_NewPass,"[""BCF"", ""FLA"", ""INSTSUB""]",SUCCESS,1,144,35,35,34,23.61111111111111,long,simple,long_simple,0.9173930025686757,1592,583,
p00725,s392254006,705,1673,clean_src/p00725/s392254006.c,obfuscated_bin/p00725/s392254006_fla_bcf_instsub.elf,input_output/p00725/input.txt,input_output/p00725/output.txt,llvm-clang-14,O0,True,OLLVM_Heroims_NewPass,"[""BCF"", ""FLA"", ""INSTSUB""]",SUCCESS,2,106,41,34,39,36.79245283018868,long,complex,long_complex,0.8919224033079108,1315,900,
p00726,s208922020,338,1056,clean_src/p00726/s208922020.c,obfuscated_bin/p00726/s208922020_fla_bcf_instsub.elf,input_output/p00726/input.txt,input_output/p00726/output.txt,llvm-clang-14,O0,True,OLLVM_Heroims_NewPass,"[""BCF"", ""FLA"", ""INSTSUB""]",SUCCESS,2,49,18,14,16,32.6530612244898,short,complex,short_complex,0.8893464533858744,330,988,
p00728,s465902201,322,784,clean_src/p00728/s465902201.c,obfuscated_bin/p00728/s465902201_fla_bcf_instsub.elf,input_output/p00728/input.txt,input_output/p00728/output.txt,llvm-clang-14,O0,True,OLLVM_Heroims_NewPass,"[""BCF"", ""FLA"", ""INSTSUB""]",SUCCESS,5,58,12,3,7,12.068965517241379,short,simple,short_simple,0.9726870497102624,273,114,
p00729,s108308170,569,2369,clean_src/p00729/s108308170.c,obfuscated_bin/p00729/s108308170_fla_bcf_instsub.elf,input_output/p00729/input.txt,input_output/p00729/output.txt,llvm-clang-14,O0,True,OLLVM_Heroims_NewPass,"[""BCF"", ""FLA"", ""INSTSUB""]",SUCCESS,1,60,19,19,18,30.0,short,complex,short_complex,0.9008981887592508,997,907,
p00730,s666996471,830,3156,clean_src/p00730/s666996471.c,obfuscated_bin/p00730/s666996471_fla_bcf_instsub.elf,input_output/p00730/input.txt,input_output/p00730/output.txt,llvm-clang-14,O0,True,OLLVM_Heroims_NewPass,"[""BCF"", ""FLA"", ""INSTSUB""]",SUCCESS,8,108,26,9,18,16.666666666666664,long,simple,long_simple,0.9636608291589389,1522,347,
p00731,s831275014,1392,3845,clean_src/p00731/s831275014.c,obfuscated_bin/p00731/s831275014_fla_bcf_instsub.elf,input_output/p00731/input.txt,input_output/p00731/output.txt,llvm-clang-14,O0,True,OLLVM_Heroims_NewPass,"[""BCF"", ""FLA"", ""INSTSUB""]",SUCCESS,8,135,51,33,43,31.851851851851855,long,complex,long_complex,0.9352418967576681,2023,792,
p00734,s767325064,590,1561,clean_src/p00734/s767325064.c,obfuscated_bin/p00734/s767325064_fla_bcf_instsub.elf,input_output/p00734/input.txt,input_output/p00734/output.txt,llvm-clang-14,O0,True,OLLVM_Heroims_NewPass,"[""BCF"", ""FLA"", ""INSTSUB""]",SUCCESS,1,85,28,28,27,31.76470588235294,short,complex,short_complex,0.9313454828842359,1047,962,
p00735,s469128385,398,1203,clean_src/p00735/s469128385.c,obfuscated_bin/p00735/s469128385_fla_bcf_instsub.elf,input_output/p00735/input.txt,input_output/p00735/output.txt,llvm-clang-14,O0,True,OLLVM_Heroims_NewPass,"[""BCF"", ""FLA"", ""INSTSUB""]",SUCCESS,3,84,25,16,22,26.190476190476193,short,complex,short_complex,0.7046881995099937,534,727,
p00736,s534975940,675,2565,clean_src/p00736/s534975940.c,obfuscated_bin/p00736/s534975940_fla_bcf_instsub.elf,input_output/p00736/input.txt,input_output/p00736/output.txt,llvm-clang-14,O0,True,OLLVM_Heroims_NewPass,"[""BCF"", ""FLA"", ""INSTSUB""]",SUCCESS,2,94,33,29,31,32.97872340425532,short,complex,short_complex,0.3368782193953366,1247,997,
p00737,s691049015,1133,3439,clean_src/p00737/s691049015.c,obfuscated_bin/p00737/s691049015_fla_bcf_instsub.elf,input_output/p00737/input.txt,input_output/p00737/output.txt,llvm-clang-14,O0,True,OLLVM_Heroims_NewPass,"[""BCF"", ""FLA"", ""INSTSUB""]",SUCCESS,4,103,34,20,30,29.126213592233007,long,complex,long_complex,0.6118452331163273,1860,730,
p00740,s248429054,310,858,clean_src/p00740/s248429054.c,obfuscated_bin/p00740/s248429054_fla_bcf_instsub.elf,input_output/p00740/input.txt,input_output/p00740/output.txt,llvm-clang-14,O0,True,OLLVM_Heroims_NewPass,"[""BCF"", ""FLA"", ""INSTSUB""]",SUCCESS,1,42,12,12,11,26.190476190476193,short,complex,short_complex,0.9917195704132291,230,724,
p00741,s007369827,4726,14916,clean_src/p00741/s007369827.c,obfuscated_bin/p00741/s007369827_fla_bcf_instsub.elf,input_output/p00741/input.txt,input_output/p00741/output.txt,llvm-clang-14,O0,True,OLLVM_Heroims_NewPass,"[""BCF"", ""FLA"", ""INSTSUB""]",SUCCESS,73,269,200,24,127,47.21189591078067,long,complex,long_complex,0.9923268491363124,2578,1108,
p00743,s195479129,1407,5384,clean_src/p00743/s195479129.c,obfuscated_bin/p00743/s195479129_fla_bcf_instsub.elf,input_output/p00743/input.txt,input_output/p00743/output.txt,llvm-clang-14,O0,True,OLLVM_Heroims_NewPass,"[""BCF"", ""FLA"", ""INSTSUB""]",SUCCESS,15,214,41,18,26,12.149532710280374,long,simple,long_simple,0.7942181923094327,2038,124,
p00744,s098934139,570,1455,clean_src/p00744/s098934139.c,obfuscated_bin/p00744/s098934139_fla_bcf_instsub.elf,input_output/p00744/input.txt,input_output/p00744/output.txt,llvm-clang-14,O0,True,OLLVM_Heroims_NewPass,"[""BCF"", ""FLA"", ""INSTSUB""]",SUCCESS,2,79,29,26,27,34.177215189873415,short,complex,short_complex,0.8851967796848239,1003,1037,
p00746,s439194350,732,1543,clean_src/p00746/s439194350.c,obfuscated_bin/p00746/s439194350_fla_bcf_instsub.elf,input_output/p00746/input.txt,input_output/p00746/output.txt,llvm-clang-14,O0,True,OLLVM_Heroims_NewPass,"[""BCF"", ""FLA"", ""INSTSUB""]",SUCCESS,2,65,30,17,28,43.07692307692308,long,complex,long_complex,0.9926807141851143,1363,1020,
p00748,s111448647,3224,8320,clean_src/p00748/s111448647.c,obfuscated_bin/p00748/s111448647_fla_bcf_instsub.elf,input_output/p00748/input.txt,input_output/p00748/output.txt,llvm-clang-14,O0,True,OLLVM_Heroims_NewPass,"[""BCF"", ""FLA"", ""INSTSUB""]",SUCCESS,57,125,142,8,85,68.0,long,complex,long_complex,0.9128007944095223,2538,1226,
p00749,s184151911,645,1728,clean_src/p00749/s184151911.c,obfuscated_bin/p00749/s184151911_fla_bcf_instsub.elf,input_output/p00749/input.txt,input_output/p00749/output.txt,llvm-clang-14,O0,True,OLLVM_Heroims_NewPass,"[""BCF"", ""FLA"", ""INSTSUB""]",SUCCESS,3,69,32,19,29,42.028985507246375,short,complex,short_complex,0.5274133641840985,1181,1179,
p00750,s040344759,984,2436,clean_src/p00750/s040344759.c,obfuscated_bin/p00750/s040344759_fla_bcf_instsub.elf,input_output/p00750/input.txt,input_output/p00750/output.txt,llvm-clang-14,O0,True,OLLVM_Heroims_NewPass,"[""BCF"", ""FLA"", ""INSTSUB""]",SUCCESS,6,96,29,12,23,23.958333333333336,long,simple,long_simple,0.7984295898512602,1724,596,
p00760,s930383766,404,862,clean_src/p00760/s930383766.c,obfuscated_bin/p00760/s930383766_fla_bcf_instsub.elf,input_output/p00760/input.txt,input_output/p00760/output.txt,llvm-clang-14,O0,True,OLLVM_Heroims_NewPass,"[""BCF"", ""FLA"", ""INSTSUB""]",SUCCESS,1,29,6,6,5,17.24137931034483,short,simple,short_simple,0.7145498587113046,558,315,
p00761,s500328594,604,1153,clean_src/p00761/s500328594.c,obfuscated_bin/p00761/s500328594_fla_bcf_instsub.elf,input_output/p00761/input.txt,input_output/p00761/output.txt,llvm-clang-14,O0,True,OLLVM_Heroims_NewPass,"[""BCF"", ""FLA"", ""INSTSUB""]",SUCCESS,1,73,22,22,21,28.767123287671232,short,complex,short_complex,0.8864196173115539,1078,847,
p00762,s261739519,1208,2910,clean_src/p00762/s261739519.c,obfuscated_bin/p00762/s261739519_fla_bcf_instsub.elf,input_output/p00762/input.txt,input_output/p00762/output.txt,llvm-clang-14,O0,True,OLLVM_Heroims_NewPass,"[""BCF"", ""FLA"", ""INSTSUB""]",SUCCESS,1,211,44,44,43,20.379146919431278,long,simple,long_simple,0.5693935363915115,1909,502,
p00763,s842141370,1306,4661,clean_src/p00763/s842141370.c,obfuscated_bin/p00763/s842141370_fla_bcf_instsub.elf,input_output/p00763/input.txt,input_output/p00763/output.txt,llvm-clang-14,O0,True,OLLVM_Heroims_NewPass,"[""BCF"", ""FLA"", ""INSTSUB""]",SUCCESS,7,146,52,22,45,30.82191780821918,long,complex,long_complex,0.8503630033435873,1978,772,
p00767,s159944230,437,986,clean_src/p00767/s159944230.c,obfuscated_bin/p00767/s159944230_fla_bcf_instsub.elf,input_output/p00767/input.txt,input_output/p00767/output.txt,llvm-clang-14,O0,True,OLLVM_Heroims_NewPass,"[""BCF"", ""FLA"", ""INSTSUB""]",SUCCESS,1,60,17,17,16,26.666666666666668,short,complex,short_complex,0.6578954994565589,653,748,
p00768,s318094036,728,2356,clean_src/p00768/s318094036.c,obfuscated_bin/p00768/s318094036_fla_bcf_instsub.elf,input_output/p00768/input.txt,input_output/p00768/output.txt,llvm-clang-14,O0,True,OLLVM_Heroims_NewPass,"[""BCF"", ""FLA"", ""INSTSUB""]",SUCCESS,1,87,20,20,19,21.839080459770116,long,simple,long_simple,0.981056970355322,1347,539,
p00769,s921599285,597,2183,clean_src/p00769/s921599285.c,obfuscated_bin/p00769/s921599285_fla_bcf_instsub.elf,input_output/p00769/input.txt,input_output/p00769/output.txt,llvm-clang-14,O0,True,OLLVM_Heroims_NewPass,"[""BCF"", ""FLA"", ""INSTSUB""]",SUCCESS,19,89,26,4,7,7.865168539325842,short,simple,short_simple,0.7866640486002416,1065,26,
p00773,s723100580,480,1107,clean_src/p00773/s723100580.c,obfuscated_bin/p00773/s723100580_fla_bcf_instsub.elf,input_output/p00773/input.txt,input_output/p00773/output.txt,llvm-clang-14,O0,True,OLLVM_Heroims_NewPass,"[""BCF"", ""FLA"", ""INSTSUB""]",SUCCESS,1,53,14,14,13,24.528301886792452,short,simple,short_simple,0.9836666428503346,771,645,
p00774,s537044984,971,1653,clean_src/p00774/s537044984.c,obfuscated_bin/p00774/s537044984_fla_bcf_instsub.elf,input_output/p00774/input.txt,input_output/p00774/output.txt,llvm-clang-14,O0,True,OLLVM_Heroims_NewPass,"[""BCF"", ""FLA"", ""INSTSUB""]",SUCCESS,1,65,33,33,32,49.23076923076923,long,complex,long_complex,0.7708128862750533,1709,1153,
p00775,s983634384,457,1408,clean_src/p00775/s983634384.c,obfuscated_bin/p00775/s983634384_fla_bcf_instsub.elf,input_output/p00775/input.txt,input_output/p00775/output.txt,llvm-clang-14,O0,True,OLLVM_Heroims_NewPass,"[""BCF"", ""FLA"", ""INSTSUB""]",SUCCESS,2,61,19,10,17,27.86885245901639,short,complex,short_complex,0.7066183727266022,710,803,
p00776,s015415524,341,811,clean_src/p00776/s015415524.c,obfuscated_bin/p00776/s015415524_fla_bcf_instsub.elf,input_output/p00776/input.txt,input_output/p00776/output.txt,llvm-clang-14,O0,True,OLLVM_Heroims_NewPass,"[""BCF"", ""FLA"", ""INSTSUB""]",SUCCESS,2,47,13,7,11,23.404255319148938,short,simple,short_simple,0.9357011710806455,343,591,
p00777,s549274606,1397,4479,clean_src/p00777/s549274606.c,obfuscated_bin/p00777/s549274606_fla_bcf_instsub.elf,input_output/p00777/input.txt,input_output/p00777/output.txt,llvm-clang-14,O0,True,OLLVM_Heroims_NewPass,"[""BCF"", ""FLA"", ""INSTSUB""]",SUCCESS,4,162,22,13,18,11.11111111111111,long,simple,long_simple,0.8661289782046586,2026,101,
p00778,s195286207,1091,3373,clean_src/p00778/s195286207.c,obfuscated_bin/p00778/s195286207_fla_bcf_instsub.elf,input_output/p00778/input.txt,input_output/p00778/output.txt,llvm-clang-14,O0,True,OLLVM_Heroims_NewPass,"[""BCF"", ""FLA"", ""INSTSUB""]",SUCCESS,5,100,55,22,50,50.0,long,complex,long_complex,0.08881690109974094,1819,1161,
p00780,s112808393,477,3477,clean_src/p00780/s112808393.c,obfuscated_bin/p00780/s112808393_fla_bcf_instsub.elf,input_output/p00780/input.txt,input_output/p00780/output.txt,llvm-clang-14,O0,True,OLLVM_Heroims_NewPass,"[""BCF"", ""FLA"", ""INSTSUB""]",SUCCESS,3,91,14,6,11,12.087912087912088,short,simple,short_simple,0.9459082222776432,764,115,
p00781,s762701264,482,1118,clean_src/p00781/s762701264.c,obfuscated_bin/p00781/s762701264_fla_bcf_instsub.elf,input_output/p00781/input.txt,input_output/p00781/output.txt,llvm-clang-14,O0,True,OLLVM_Heroims_NewPass,"[""BCF"", ""FLA"", ""INSTSUB""]",SUCCESS,4,53,21,6,17,32.075471698113205,short,complex,short_complex,0.8729770630319549,776,970,
p00782,s934241372,489,1247,clean_src/p00782/s934241372.c,obfuscated_bin/p00782/s934241372_fla_bcf_instsub.elf,input_output/p00782/input.txt,input_output/p00782/output.txt,llvm-clang-14,O0,True,OLLVM_Heroims_NewPass,"[""BCF"", ""FLA"", ""INSTSUB""]",SUCCESS,4,57,16,7,12,21.052631578947366,short,simple,short_simple,0.40626658254145254,795,492,
p00784,s101944790,265,705,clean_src/p00784/s101944790.c,obfuscated_bin/p00784/s101944790_fla_bcf_instsub.elf,input_output/p00784/input.txt,input_output/p00784/output.txt,llvm-clang-14,O0,True,OLLVM_Heroims_NewPass,"[""BCF"", ""FLA"", ""INSTSUB""]",SUCCESS,2,37,14,9,12,32.432432432432435,short,complex,short_complex,0.7537944885991554,38,978,
p00788,s998194081,344,1303,clean_src/p00788/s998194081.c,obfuscated_bin/p00788/s998194081_fla_bcf_instsub.elf,input_output/p00788/input.txt,input_output/p00788/output.txt,llvm-clang-14,O0,True,OLLVM_Heroims_NewPass,"[""BCF"", ""FLA"", ""INSTSUB""]",SUCCESS,4,71,16,8,12,16.901408450704224,short,simple,short_simple,0.788832983439004,349,294,
p00790,s845586816,258,1036,clean_src/p00790/s845586816.c,obfuscated_bin/p00790/s845586816_fla_bcf_instsub.elf,input_output/p00790/input.txt,input_output/p00790/output.txt,llvm-clang-14,O0,True,OLLVM_Heroims_NewPass,"[""BCF"", ""FLA"", ""INSTSUB""]",SUCCESS,1,62,8,8,7,11.29032258064516,short,simple,short_simple,0.9976076062171717,10,90,
p00791,s931350440,1300,5146,clean_src/p00791/s931350440.c,obfuscated_bin/p00791/s931350440_fla_bcf_instsub.elf,input_output/p00791/input.txt,input_output/p00791/output.txt,llvm-clang-14,O0,True,OLLVM_Heroims_NewPass,"[""BCF"", ""FLA"", ""INSTSUB""]",SUCCESS,11,173,56,15,45,26.011560693641616,long,simple,long_simple,0.6898543672195266,1972,648,
p00792,s293932614,442,975,clean_src/p00792/s293932614.c,obfuscated_bin/p00792/s293932614_fla_bcf_instsub.elf,input_output/p00792/input.txt,input_output/p00792/output.txt,llvm-clang-14,O0,True,OLLVM_Heroims_NewPass,"[""BCF"", ""FLA"", ""INSTSUB""]",SUCCESS,1,33,18,18,17,51.515151515151516,short,complex,short_complex,0.3963647233809412,663,1252,
p00793,s729150918,991,2198,clean_src/p00793/s729150918.c,obfuscated_bin/p00793/s729150918_fla_bcf_instsub.elf,input_output/p00793/input.txt,input_output/p00793/output.txt,llvm-clang-14,O0,True,OLLVM_Heroims_NewPass,"[""BCF"", ""FLA"", ""INSTSUB""]",SUCCESS,7,68,16,4,9,13.23529411764706,long,simple,long_simple,0.9955075460559221,1730,163,
p00794,s819440181,538,1176,clean_src/p00794/s819440181.c,obfuscated_bin/p00794/s819440181_fla_bcf_instsub.elf,input_output/p00794/input.txt,input_output/p00794/output.txt,llvm-clang-14,O0,True,OLLVM_Heroims_NewPass,"[""BCF"", ""FLA"", ""INSTSUB""]",SUCCESS,1,39,19,19,18,46.15384615384615,short,complex,short_complex,0.9708773493797246,919,1220,
p00796,s260377898,523,1032,clean_src/p00796/s260377898.c,obfuscated_bin/p00796/s260377898_fla_bcf_instsub.elf,input_output/p00796/input.txt,input_output/p00796/output.txt,llvm-clang-14,O0,True,OLLVM_Heroims_NewPass,"[""BCF"", ""FLA"", ""INSTSUB""]",SUCCESS,1,44,12,12,11,25.0,short,complex,short_complex,0.9484164306431969,878,671,
p00797,s258819850,471,1254,clean_src/p00797/s258819850.c,obfuscated_bin/p00797/s258819850_fla_bcf_instsub.elf,input_output/p00797/input.txt,input_output/p00797/output.txt,llvm-clang-14,O0,True,OLLVM_Heroims_NewPass,"[""BCF"", ""FLA"", ""INSTSUB""]",SUCCESS,1,52,23,23,22,42.30769230769231,short,complex,short_complex,0.9505687726888291,750,1185,
p00798,s043762061,729,1642,clean_src/p00798/s043762061.c,obfuscated_bin/p00798/s043762061_fla_bcf_instsub.elf,input_output/p00798/input.txt,input_output/p00798/output.txt,llvm-clang-14,O0,True,OLLVM_Heroims_NewPass,"[""BCF"", ""FLA"", ""INSTSUB""]",SUCCESS,2,58,34,33,32,55.172413793103445,long,complex,long_complex,0.904251231525262,1352,1176,
p00799,s995278111,444,1220,clean_src/p00799/s995278111.c,obfuscated_bin/p00799/s995278111_fla_bcf_instsub.elf,input_output/p00799/input.txt,input_output/p00799/output.txt,llvm-clang-14,O0,True,OLLVM_Heroims_NewPass,"[""BCF"", ""FLA"", ""INSTSUB""]",SUCCESS,1,47,20,20,19,40.42553191489361,short,complex,short_complex,0.9597107292401154,669,1151,
p00801,s394851581,833,2354,clean_src/p00801/s394851581.c,obfuscated_bin/p00801/s394851581_fla_bcf_instsub.elf,input_output/p00801/input.txt,input_output/p00801/output.txt,llvm-clang-14,O0,True,OLLVM_Heroims_NewPass,"[""BCF"", ""FLA"", ""INSTSUB""]",SUCCESS,6,102,37,15,31,30.392156862745097,long,complex,long_complex,0.1274062438771394,1526,767,
p00802,s441975194,463,1061,clean_src/p00802/s441975194.c,obfuscated_bin/p00802/s441975194_fla_bcf_instsub.elf,input_output/p00802/input.txt,input_output/p00802/output.txt,llvm-clang-14,O0,True,OLLVM_Heroims_NewPass,"[""BCF"", ""FLA"", ""INSTSUB""]",SUCCESS,1,29,20,20,19,65.51724137931035,short,complex,short_complex,0.1769914713398566,728,1284,
p00804,s521398605,980,2562,clean_src/p00804/s521398605.c,obfuscated_bin/p00804/s521398605_fla_bcf_instsub.elf,input_output/p00804/input.txt,input_output/p00804/output.txt,llvm-clang-14,O0,True,OLLVM_Heroims_NewPass,"[""BCF"", ""FLA"", ""INSTSUB""]",SUCCESS,3,80,34,29,31,38.75,long,complex,long_complex,0.6031335297622543,1721,934,
p00805,s279987277,814,1544,clean_src/p00805/s279987277.c,obfuscated_bin/p00805/s279987277_fla_bcf_instsub.elf,input_output/p00805/input.txt,input_output/p00805/output.txt,llvm-clang-14,O0,True,OLLVM_Heroims_NewPass,"[""BCF"", ""FLA"", ""INSTSUB""]",SUCCESS,3,48,17,14,14,29.166666666666668,long,complex,long_complex,0.7848641030557043,1498,733,
p00806,s477452406,513,1222,clean_src/p00806/s477452406.c,obfuscated_bin/p00806/s477452406_fla_bcf_instsub.elf,input_output/p00806/input.txt,input_output/p00806/output.txt,llvm-clang-14,O0,True,OLLVM_Heroims_NewPass,"[""BCF"", ""FLA"", ""INSTSUB""]",SUCCESS,2,48,14,10,12,25.0,short,complex,short_complex,0.7718493377153237,854,670,
p00807,s294267720,444,1073,clean_src/p00807/s294267720.c,obfuscated_bin/p00807/s294267720_fla_bcf_instsub.elf,input_output/p00807/input.txt,input_output/p00807/output.txt,llvm-clang-14,O0,True,OLLVM_Heroims_NewPass,"[""BCF"", ""FLA"", ""INSTSUB""]",SUCCESS,1,42,11,11,10,23.809523809523807,short,simple,short_simple,0.4579606908975048,670,616,
p00808,s208242003,1549,3887,clean_src/p00808/s208242003.c,obfuscated_bin/p00808/s208242003_fla_bcf_instsub.elf,input_output/p00808/input.txt,input_output/p00808/output.txt,llvm-clang-14,O0,True,OLLVM_Heroims_NewPass,"[""BCF"", ""FLA"", ""INSTSUB""]",SUCCESS,8,136,48,23,40,29.411764705882355,long,complex,long_complex,0.6589576495634845,2091,739,
p00810,s664717662,285,576,clean_src/p00810/s664717662.c,obfuscated_bin/p00810/s664717662_fla_bcf_instsub.elf,input_output/p00810/input.txt,input_output/p00810/output.txt,llvm-clang-14,O0,True,OLLVM_Heroims_NewPass,"[""BCF"", ""FLA"", ""INSTSUB""]",SUCCESS,3,26,10,6,7,26.923076923076923,short,complex,short_complex,0.8680553379913593,130,761,
p00811,s645202675,374,812,clean_src/p00811/s645202675.c,obfuscated_bin/p00811/s645202675_fla_bcf_instsub.elf,input_output/p00811/input.txt,input_output/p00811/output.txt,llvm-clang-14,O0,True,OLLVM_Heroims_NewPass,"[""BCF"", ""FLA"", ""INSTSUB""]",SUCCESS,2,43,16,11,14,32.55813953488372,short,complex,short_complex,0.8616399660783038,459,985,
p00812,s185171764,1890,4665,clean_src/p00812/s185171764.c,obfuscated_bin/p00812/s185171764_fla_bcf_instsub.elf,input_output/p00812/input.txt,input_output/p00812/output.txt,llvm-clang-14,O0,True,OLLVM_Heroims_NewPass,"[""BCF"", ""FLA"", ""INSTSUB""]",SUCCESS,10,210,82,19,72,34.285714285714285,long,complex,long_complex,0.9455241117023466,2213,848,
p00814,s894255267,642,1357,clean_src/p00814/s894255267.c,obfuscated_bin/p00814/s894255267_fla_bcf_instsub.elf,input_output/p00814/input.txt,input_output/p00814/output.txt,llvm-clang-14,O0,True,OLLVM_Heroims_NewPass,"[""BCF"", ""FLA"", ""INSTSUB""]",SUCCESS,2,52,24,16,22,42.30769230769231,short,complex,short_complex,0.6716831888090731,1169,1184,
p00815,s120996167,481,1245,clean_src/p00815/s120996167.c,obfuscated_bin/p00815/s120996167_fla_bcf_instsub.elf,input_output/p00815/input.txt,input_output/p00815/output.txt,llvm-clang-14,O0,True,OLLVM_Heroims_NewPass,"[""BCF"", ""FLA"", ""INSTSUB""]",SUCCESS,4,58,13,5,9,15.517241379310345,short,simple,short_simple,0.5794576296404776,775,231,
p00816,s708180980,322,708,clean_src/p00816/s708180980.c,obfuscated_bin/p00816/s708180980_fla_bcf_instsub.elf,input_output/p00816/input.txt,input_output/p00816/output.txt,llvm-clang-14,O0,True,OLLVM_Heroims_NewPass,"[""BCF"", ""FLA"", ""INSTSUB""]",SUCCESS,2,51,12,7,10,19.607843137254903,short,simple,short_simple,0.9058772987360054,274,421,
p00817,s642445379,1373,3794,clean_src/p00817/s642445379.c,obfuscated_bin/p00817/s642445379_fla_bcf_instsub.elf,input_output/p00817/input.txt,input_output/p00817/output.txt,llvm-clang-14,O0,True,OLLVM_Heroims_NewPass,"[""BCF"", ""FLA"", ""INSTSUB""]",SUCCESS,13,200,64,18,51,25.5,long,simple,long_simple,0.9166520040823584,2009,636,
p00818,s818780493,924,2187,clean_src/p00818/s818780493.c,obfuscated_bin/p00818/s818780493_fla_bcf_instsub.elf,input_output/p00818/input.txt,input_output/p00818/output.txt,llvm-clang-14,O0,True,OLLVM_Heroims_NewPass,"[""BCF"", ""FLA"", ""INSTSUB""]",SUCCESS,7,94,34,13,27,28.723404255319153,long,complex,long_complex,0.5125309664797902,1659,717,
p00819,s198422331,713,2701,clean_src/p00819/s198422331.c,obfuscated_bin/p00819/s198422331_fla_bcf_instsub.elf,input_output/p00819/input.txt,input_output/p00819/output.txt,llvm-clang-14,O0,True,OLLVM_Heroims_NewPass,"[""BCF"", ""FLA"", ""INSTSUB""]",SUCCESS,8,109,24,7,16,14.678899082568808,long,simple,long_simple,0.9532060944370631,1327,214,
p00820,s187749008,347,820,clean_src/p00820/s187749008.c,obfuscated_bin/p00820/s187749008_fla_bcf_instsub.elf,input_output/p00820/input.txt,input_output/p00820/output.txt,llvm-clang-14,O0,True,OLLVM_Heroims_NewPass,"[""BCF"", ""FLA"", ""INSTSUB""]",SUCCESS,1,27,16,16,15,55.55555555555556,short,complex,short_complex,0.7711942517678073,356,1265,
p00821,s142677561,751,1732,clean_src/p00821/s142677561.c,obfuscated_bin/p00821/s142677561_fla_bcf_instsub.elf,input_output/p00821/input.txt,input_output/p00821/output.txt,llvm-clang-14,O0,True,OLLVM_Heroims_NewPass,"[""BCF"", ""FLA"", ""INSTSUB""]",SUCCESS,4,64,22,13,18,28.125,long,complex,long_complex,0.07260059694608856,1391,704,
p00822,s206968717,818,1703,clean_src/p00822/s206968717.c,obfuscated_bin/p00822/s206968717_fla_bcf_instsub.elf,input_output/p00822/input.txt,input_output/p00822/output.txt,llvm-clang-14,O0,True,OLLVM_Heroims_NewPass,"[""BCF"", ""FLA"", ""INSTSUB""]",SUCCESS,3,65,35,15,32,49.23076923076923,long,complex,long_complex,0.9542866021792423,1504,1152,
p00823,s804057070,575,1465,clean_src/p00823/s804057070.c,obfuscated_bin/p00823/s804057070_fla_bcf_instsub.elf,input_output/p00823/input.txt,input_output/p00823/output.txt,llvm-clang-14,O0,True,OLLVM_Heroims_NewPass,"[""BCF"", ""FLA"", ""INSTSUB""]",SUCCESS,5,73,29,9,24,32.87671232876712,short,complex,short_complex,0.6738943609547332,1018,994,
p00824,s864776233,831,2113,clean_src/p00824/s864776233.c,obfuscated_bin/p00824/s864776233_fla_bcf_instsub.elf,input_output/p00824/input.txt,input_output/p00824/output.txt,llvm-clang-14,O0,True,OLLVM_Heroims_NewPass,"[""BCF"", ""FLA"", ""INSTSUB""]",SUCCESS,3,72,26,17,23,31.944444444444443,long,complex,long_complex,0.26106095336103574,1524,796,
p00825,s274423474,843,2347,clean_src/p00825/s274423474.c,obfuscated_bin/p00825/s274423474_fla_bcf_instsub.elf,input_output/p00825/input.txt,input_output/p00825/output.txt,llvm-clang-14,O0,True,OLLVM_Heroims_NewPass,"[""BCF"", ""FLA"", ""INSTSUB""]",SUCCESS,5,92,24,12,19,20.652173913043477,long,simple,long_simple,0.8883295481726662,1540,513,
p00827,s890838253,348,891,clean_src/p00827/s890838253.c,obfuscated_bin/p00827/s890838253_fla_bcf_instsub.elf,input_output/p00827/input.txt,input_output/p00827/output.txt,llvm-clang-14,O0,True,OLLVM_Heroims_NewPass,"[""BCF"", ""FLA"", ""INSTSUB""]",SUCCESS,2,41,15,11,13,31.70731707317073,short,complex,short_complex,0.705442753897465,359,960,
p00828,s687079356,611,1384,clean_src/p00828/s687079356.c,obfuscated_bin/p00828/s687079356_fla_bcf_instsub.elf,input_output/p00828/input.txt,input_output/p00828/output.txt,llvm-clang-14,O0,True,OLLVM_Heroims_NewPass,"[""BCF"", ""FLA"", ""INSTSUB""]",SUCCESS,2,63,34,20,32,50.79365079365079,short,complex,short_complex,0.9242100635935127,1097,1245,
p00829,s099852042,360,730,clean_src/p00829/s099852042.c,obfuscated_bin/p00829/s099852042_fla_bcf_instsub.elf,input_output/p00829/input.txt,input_output/p00829/output.txt,llvm-clang-14,O0,True,OLLVM_Heroims_NewPass,"[""BCF"", ""FLA"", ""INSTSUB""]",SUCCESS,1,57,13,13,12,21.052631578947366,short,simple,short_simple,0.9766483207933536,406,498,
p00830,s416532650,846,2133,clean_src/p00830/s416532650.c,obfuscated_bin/p00830/s416532650_fla_bcf_instsub.elf,input_output/p00830/input.txt,input_output/p00830/output.txt,llvm-clang-14,O0,True,OLLVM_Heroims_NewPass,"[""BCF"", ""FLA"", ""INSTSUB""]",SUCCESS,5,102,34,18,29,28.431372549019606,long,complex,long_complex,0.8012130309351891,1543,709,
p00831,s888931187,973,2381,clean_src/p00831/s888931187.c,obfuscated_bin/p00831/s888931187_fla_bcf_instsub.elf,input_output/p00831/input.txt,input_output/p00831/output.txt,llvm-clang-14,O0,True,OLLVM_Heroims_NewPass,"[""BCF"", ""FLA"", ""INSTSUB""]",SUCCESS,4,78,40,25,36,46.15384615384615,long,complex,long_complex,0.8245241365604329,1713,1087,
p00832,s698287859,1117,2010,clean_src/p00832/s698287859.c,obfuscated_bin/p00832/s698287859_fla_bcf_instsub.elf,input_output/p00832/input.txt,input_output/p00832/output.txt,llvm-clang-14,O0,True,OLLVM_Heroims_NewPass,"[""BCF"", ""FLA"", ""INSTSUB""]",SUCCESS,2,60,28,15,26,43.333333333333336,long,complex,long_complex,0.3788597839176915,1838,1026,
p00833,s052284859,1823,5085,clean_src/p00833/s052284859.c,obfuscated_bin/p00833/s052284859_fla_bcf_instsub.elf,input_output/p00833/input.txt,input_output/p00833/output.txt,llvm-clang-14,O0,True,OLLVM_Heroims_NewPass,"[""BCF"", ""FLA"", ""INSTSUB""]",SUCCESS,11,169,78,30,67,39.64497041420118,long,complex,long_complex,0.20162572294033665,2196,947,
p00836,s104413654,345,914,clean_src/p00836/s104413654.c,obfuscated_bin/p00836/s104413654_fla_bcf_instsub.elf,input_output/p00836/input.txt,input_output/p00836/output.txt,llvm-clang-14,O0,True,OLLVM_Heroims_NewPass,"[""BCF"", ""FLA"", ""INSTSUB""]",SUCCESS,2,28,13,8,11,39.285714285714285,short,complex,short_complex,0.9255390287815553,353,1140,
p00837,s695156462,688,1668,clean_src/p00837/s695156462.c,obfuscated_bin/p00837/s695156462_fla_bcf_instsub.elf,input_output/p00837/input.txt,input_output/p00837/output.txt,llvm-clang-14,O0,True,OLLVM_Heroims_NewPass,"[""BCF"", ""FLA"", ""INSTSUB""]",SUCCESS,2,60,17,15,15,25.0,short,complex,short_complex,0.6463517448706376,1281,674,
p00838,s077698313,1090,2213,clean_src/p00838/s077698313.c,obfuscated_bin/p00838/s077698313_fla_bcf_instsub.elf,input_output/p00838/input.txt,input_output/p00838/output.txt,llvm-clang-14,O0,True,OLLVM_Heroims_NewPass,"[""BCF"", ""FLA"", ""INSTSUB""]",SUCCESS,3,80,27,15,24,30.0,long,complex,long_complex,0.6340465122811275,1818,750,
p00845,s825494697,339,865,clean_src/p00845/s825494697.c,obfuscated_bin/p00845/s825494697_fla_bcf_instsub.elf,input_output/p00845/input.txt,input_output/p00845/output.txt,llvm-clang-14,O0,True,OLLVM_Heroims_NewPass,"[""BCF"", ""FLA"", ""INSTSUB""]",SUCCESS,4,37,11,8,7,18.91891891891892,short,simple,short_simple,0.8867692156919595,337,382,
p00846,s754188909,744,1723,clean_src/p00846/s754188909.c,obfuscated_bin/p00846/s754188909_fla_bcf_instsub.elf,input_output/p00846/input.txt,input_output/p00846/output.txt,llvm-clang-14,O0,True,OLLVM_Heroims_NewPass,"[""BCF"", ""FLA"", ""INSTSUB""]",SUCCESS,5,58,16,7,11,18.96551724137931,long,simple,long_simple,0.8719232589584598,1381,458,
p00848,s735607817,368,1030,clean_src/p00848/s735607817.c,obfuscated_bin/p00848/s735607817_fla_bcf_instsub.elf,input_output/p00848/input.txt,input_output/p00848/output.txt,llvm-clang-14,O0,True,OLLVM_Heroims_NewPass,"[""BCF"", ""FLA"", ""INSTSUB""]",SUCCESS,2,46,18,10,16,34.78260869565217,short,complex,short_complex,0.8811089885177679,429,1053,
p00850,s398716739,2047,4004,clean_src/p00850/s398716739.c,obfuscated_bin/p00850/s398716739_fla_bcf_instsub.elf,input_output/p00850/input.txt,input_output/p00850/output.txt,llvm-clang-14,O0,True,OLLVM_Heroims_NewPass,"[""BCF"", ""FLA"", ""INSTSUB""]",SUCCESS,1,58,3,3,2,3.4482758620689653,long,simple,long_simple,0.8804854746860958,2262,7,
p00854,s619579719,427,1164,clean_src/p00854/s619579719.c,obfuscated_bin/p00854/s619579719_fla_bcf_instsub.elf,input_output/p00854/input.txt,input_output/p00854/output.txt,llvm-clang-14,O0,True,OLLVM_Heroims_NewPass,"[""BCF"", ""FLA"", ""INSTSUB""]",SUCCESS,4,63,19,13,15,23.809523809523807,short,simple,short_simple,0.022605465217163223,633,617,
p00855,s615675161,397,1582,clean_src/p00855/s615675161.c,obfuscated_bin/p00855/s615675161_fla_bcf_instsub.elf,input_output/p00855/input.txt,input_output/p00855/output.txt,llvm-clang-14,O0,True,OLLVM_Heroims_NewPass,"[""BCF"", ""FLA"", ""INSTSUB""]",SUCCESS,6,67,19,4,13,19.402985074626866,short,simple,short_simple,0.8598121067245234,530,401,
p00856,s356570828,420,1416,clean_src/p00856/s356570828.c,obfuscated_bin/p00856/s356570828_fla_bcf_instsub.elf,input_output/p00856/input.txt,input_output/p00856/output.txt,llvm-clang-14,O0,True,OLLVM_Heroims_NewPass,"[""BCF"", ""FLA"", ""INSTSUB""]",SUCCESS,3,61,18,9,15,24.59016393442623,short,simple,short_simple,0.8495658776816536,609,648,
p00858,s843594199,2488,6074,clean_src/p00858/s843594199.c,obfuscated_bin/p00858/s843594199_fla_bcf_instsub.elf,input_output/p00858/input.txt,input_output/p00858/output.txt,llvm-clang-14,O0,True,OLLVM_Heroims_NewPass,"[""BCF"", ""FLA"", ""INSTSUB""]",SUCCESS,24,228,95,19,71,31.140350877192986,long,complex,long_complex,0.9307116270383137,2374,778,
p00859,s595927985,596,1581,clean_src/p00859/s595927985.c,obfuscated_bin/p00859/s595927985_fla_bcf_instsub.elf,input_output/p00859/input.txt,input_output/p00859/output.txt,llvm-clang-14,O0,True,OLLVM_Heroims_NewPass,"[""BCF"", ""FLA"", ""INSTSUB""]",SUCCESS,7,57,23,12,16,28.07017543859649,short,complex,short_complex,0.8151399444964402,1062,811,
p00861,s960782657,1914,6065,clean_src/p00861/s960782657.c,obfuscated_bin/p00861/s960782657_fla_bcf_instsub.elf,input_output/p00861/input.txt,input_output/p00861/output.txt,llvm-clang-14,O0,True,OLLVM_Heroims_NewPass,"[""BCF"", ""FLA"", ""INSTSUB""]",SUCCESS,7,224,66,25,59,26.339285714285715,long,complex,long_complex,0.508291358117727,2221,660,
p00862,s818315518,1517,3604,clean_src/p00862/s818315518.c,obfuscated_bin/p00862/s818315518_fla_bcf_instsub.elf,input_output/p00862/input.txt,input_output/p00862/output.txt,llvm-clang-14,O0,True,OLLVM_Heroims_NewPass,"[""BCF"", ""FLA"", ""INSTSUB""]",SUCCESS,19,96,38,8,19,19.791666666666664,long,simple,long_simple,0.2720809140232514,2083,484,
p00865,s468269320,313,748,clean_src/p00865/s468269320.c,obfuscated_bin/p00865/s468269320_fla_bcf_instsub.elf,input_output/p00865/input.txt,input_output/p00865/output.txt,llvm-clang-14,O0,True,OLLVM_Heroims_NewPass,"[""BCF"", ""FLA"", ""INSTSUB""]",SUCCESS,1,47,9,9,8,17.02127659574468,short,simple,short_simple,0.9493764955903012,241,302,
p00866,s671422703,601,1329,clean_src/p00866/s671422703.c,obfuscated_bin/p00866/s671422703_fla_bcf_instsub.elf,input_output/p00866/input.txt,input_output/p00866/output.txt,llvm-clang-14,O0,True,OLLVM_Heroims_NewPass,"[""BCF"", ""FLA"", ""INSTSUB""]",SUCCESS,3,51,16,11,13,25.49019607843137,short,complex,short_complex,0.7202495056385391,1074,695,
p00867,s333068212,2108,4363,clean_src/p00867/s333068212.c,obfuscated_bin/p00867/s333068212_fla_bcf_instsub.elf,input_output/p00867/input.txt,input_output/p00867/output.txt,llvm-clang-14,O0,True,OLLVM_Heroims_NewPass,"[""BCF"", ""FLA"", ""INSTSUB""]",SUCCESS,14,140,78,21,64,45.714285714285715,long,complex,long_complex,0.6270989189427911,2270,1073,
p00869,s683298538,889,2144,clean_src/p00869/s683298538.c,obfuscated_bin/p00869/s683298538_fla_bcf_instsub.elf,input_output/p00869/input.txt,input_output/p00869/output.txt,llvm-clang-14,O0,True,OLLVM_Heroims_NewPass,"[""BCF"", ""FLA"", ""INSTSUB""]",SUCCESS,1,56,21,21,20,35.714285714285715,long,complex,long_complex,0.15756659241369364,1617,884,
p00870,s651919810,412,1077,clean_src/p00870/s651919810.c,obfuscated_bin/p00870/s651919810_fla_bcf_instsub.elf,input_output/p00870/input.txt,input_output/p00870/output.txt,llvm-clang-14,O0,True,OLLVM_Heroims_NewPass,"[""BCF"", ""FLA"", ""INSTSUB""]",SUCCESS,2,44,16,14,14,31.818181818181817,short,complex,short_complex,0.33052460762956193,589,964,
p00872,s902172523,1393,3266,clean_src/p00872/s902172523.c,obfuscated_bin/p00872/s902172523_fla_bcf_instsub.elf,input_output/p00872/input.txt,input_output/p00872/output.txt,llvm-clang-14,O0,True,OLLVM_Heroims_NewPass,"[""BCF"", ""FLA"", ""INSTSUB""]",SUCCESS,12,170,70,13,58,34.11764705882353,long,complex,long_complex,0.08008702324990935,2025,844,
p00874,s801749796,297,1069,clean_src/p00874/s801749796.c,obfuscated_bin/p00874/s801749796_fla_bcf_instsub.elf,input_output/p00874/input.txt,input_output/p00874/output.txt,llvm-clang-14,O0,True,OLLVM_Heroims_NewPass,"[""BCF"", ""FLA"", ""INSTSUB""]",SUCCESS,1,54,10,10,9,16.666666666666664,short,simple,short_simple,0.021274068761505394,179,289,
p00875,s752836403,499,1181,clean_src/p00875/s752836403.c,obfuscated_bin/p00875/s752836403_fla_bcf_instsub.elf,input_output/p00875/input.txt,input_output/p00875/output.txt,llvm-clang-14,O0,True,OLLVM_Heroims_NewPass,"[""BCF"", ""FLA"", ""INSTSUB""]",SUCCESS,1,40,13,13,12,30.0,short,complex,short_complex,0.31039036370686335,820,902,
p00876,s802330914,679,1493,clean_src/p00876/s802330914.c,obfuscated_bin/p00876/s802330914_fla_bcf_instsub.elf,input_output/p00876/input.txt,input_output/p00876/output.txt,llvm-clang-14,O0,True,OLLVM_Heroims_NewPass,"[""BCF"", ""FLA"", ""INSTSUB""]",SUCCESS,3,54,26,18,23,42.592592592592595,short,complex,short_complex,0.7599374570937777,1255,1187,
p00877,s358403986,2125,5775,clean_src/p00877/s358403986.c,obfuscated_bin/p00877/s358403986_fla_bcf_instsub.elf,input_output/p00877/input.txt,input_output/p00877/output.txt,llvm-clang-14,O0,True,OLLVM_Heroims_NewPass,"[""BCF"", ""FLA"", ""INSTSUB""]",SUCCESS,9,162,105,51,96,59.25925925925925,long,complex,long_complex,0.03288564611633782,2278,1195,
p00880,s772311297,604,1469,clean_src/p00880/s772311297.c,obfuscated_bin/p00880/s772311297_fla_bcf_instsub.elf,input_output/p00880/input.txt,input_output/p00880/output.txt,llvm-clang-14,O0,True,OLLVM_Heroims_NewPass,"[""BCF"", ""FLA"", ""INSTSUB""]",SUCCESS,4,47,11,4,7,14.893617021276595,short,simple,short_simple,0.699795017836385,1079,198,
p00881,s291262720,392,1036,clean_src/p00881/s291262720.c,obfuscated_bin/p00881/s291262720_fla_bcf_instsub.elf,input_output/p00881/input.txt,input_output/p00881/output.txt,llvm-clang-14,O0,True,OLLVM_Heroims_NewPass,"[""BCF"", ""FLA"", ""INSTSUB""]",SUCCESS,3,45,15,9,12,26.666666666666668,short,complex,short_complex,0.1008407851266454,518,744,
p00884,s244698300,465,1683,clean_src/p00884/s244698300.c,obfuscated_bin/p00884/s244698300_fla_bcf_instsub.elf,input_output/p00884/input.txt,input_output/p00884/output.txt,llvm-clang-14,O0,True,OLLVM_Heroims_NewPass,"[""BCF"", ""FLA"", ""INSTSUB""]",SUCCESS,4,79,18,8,14,17.72151898734177,short,simple,short_simple,0.8404527647103702,734,333,
p00885,s503058545,453,849,clean_src/p00885/s503058545.c,obfuscated_bin/p00885/s503058545_fla_bcf_instsub.elf,input_output/p00885/input.txt,input_output/p00885/output.txt,llvm-clang-14,O0,True,OLLVM_Heroims_NewPass,"[""BCF"", ""FLA"", ""INSTSUB""]",SUCCESS,2,42,24,18,22,52.38095238095239,short,complex,short_complex,0.5512965435401976,697,1257,
p00886,s002647541,758,2118,clean_src/p00886/s002647541.c,obfuscated_bin/p00886/s002647541_fla_bcf_instsub.elf,input_output/p00886/input.txt,input_output/p00886/output.txt,llvm-clang-14,O0,True,OLLVM_Heroims_NewPass,"[""BCF"", ""FLA"", ""INSTSUB""]",SUCCESS,7,88,27,10,20,22.727272727272727,long,simple,long_simple,0.2591689017614628,1405,562,
p00887,s632577312,679,1586,clean_src/p00887/s632577312.c,obfuscated_bin/p00887/s632577312_fla_bcf_instsub.elf,input_output/p00887/input.txt,input_output/p00887/output.txt,llvm-clang-14,O0,True,OLLVM_Heroims_NewPass,"[""BCF"", ""FLA"", ""INSTSUB""]",SUCCESS,3,54,30,17,27,50.0,short,complex,short_complex,0.9964800307965053,1256,1242,
p00889,s220934181,529,1304,clean_src/p00889/s220934181.c,obfuscated_bin/p00889/s220934181_fla_bcf_instsub.elf,input_output/p00889/input.txt,input_output/p00889/output.txt,llvm-clang-14,O0,True,OLLVM_Heroims_NewPass,"[""BCF"", ""FLA"", ""INSTSUB""]",SUCCESS,3,58,21,13,18,31.03448275862069,short,complex,short_complex,0.9452499344192172,894,940,
p00890,s445768044,697,1817,clean_src/p00890/s445768044.c,obfuscated_bin/p00890/s445768044_fla_bcf_instsub.elf,input_output/p00890/input.txt,input_output/p00890/output.txt,llvm-clang-14,O0,True,OLLVM_Heroims_NewPass,"[""BCF"", ""FLA"", ""INSTSUB""]",SUCCESS,6,80,22,8,16,20.0,short,simple,short_simple,0.4619606174425054,1294,445,
p00891,s612917956,854,1972,clean_src/p00891/s612917956.c,obfuscated_bin/p00891/s612917956_fla_bcf_instsub.elf,input_output/p00891/input.txt,input_output/p00891/output.txt,llvm-clang-14,O0,True,OLLVM_Heroims_NewPass,"[""BCF"", ""FLA"", ""INSTSUB""]",SUCCESS,1,68,33,33,32,47.05882352941176,long,complex,long_complex,0.41717132889898567,1552,1101,
p00893,s741438337,1880,4171,clean_src/p00893/s741438337.c,obfuscated_bin/p00893/s741438337_fla_bcf_instsub.elf,input_output/p00893/input.txt,input_output/p00893/output.txt,llvm-clang-14,O0,True,OLLVM_Heroims_NewPass,"[""BCF"", ""FLA"", ""INSTSUB""]",SUCCESS,13,183,72,19,59,32.240437158469945,long,complex,long_complex,0.968199296109502,2209,814,
p00894,s631571771,374,667,clean_src/p00894/s631571771.c,obfuscated_bin/p00894/s631571771_fla_bcf_instsub.elf,input_output/p00894/input.txt,input_output/p00894/output.txt,llvm-clang-14,O0,True,OLLVM_Heroims_NewPass,"[""BCF"", ""FLA"", ""INSTSUB""]",SUCCESS,2,33,16,12,14,42.42424242424242,short,complex,short_complex,0.8891151351184301,460,1186,
p00895,s423521037,651,2516,clean_src/p00895/s423521037.c,obfuscated_bin/p00895/s423521037_fla_bcf_instsub.elf,input_output/p00895/input.txt,input_output/p00895/output.txt,llvm-clang-14,O0,True,OLLVM_Heroims_NewPass,"[""BCF"", ""FLA"", ""INSTSUB""]",SUCCESS,4,60,26,13,22,36.666666666666664,short,complex,short_complex,0.5674779611504003,1195,1097,
p00897,s018575313,1271,3695,clean_src/p00897/s018575313.c,obfuscated_bin/p00897/s018575313_fla_bcf_instsub.elf,input_output/p00897/input.txt,input_output/p00897/output.txt,llvm-clang-14,O0,True,OLLVM_Heroims_NewPass,"[""BCF"", ""FLA"", ""INSTSUB""]",SUCCESS,8,129,37,12,29,22.48062015503876,long,simple,long_simple,0.8960763258614174,1956,555,
p00898,s145880237,1116,2278,clean_src/p00898/s145880237.c,obfuscated_bin/p00898/s145880237_fla_bcf_instsub.elf,input_output/p00898/input.txt,input_output/p00898/output.txt,llvm-clang-14,O0,True,OLLVM_Heroims_NewPass,"[""BCF"", ""FLA"", ""INSTSUB""]",SUCCESS,2,70,16,12,14,20.0,long,simple,long_simple,0.5394664169749611,1837,494,
p00901,s560750563,801,2023,clean_src/p00901/s560750563.c,obfuscated_bin/p00901/s560750563_fla_bcf_instsub.elf,input_output/p00901/input.txt,input_output/p00901/output.txt,llvm-clang-14,O0,True,OLLVM_Heroims_NewPass,"[""BCF"", ""FLA"", ""INSTSUB""]",SUCCESS,8,98,36,8,28,28.57142857142857,long,complex,long_complex,0.9989391398879275,1480,712,
p00904,s784404313,366,654,clean_src/p00904/s784404313.c,obfuscated_bin/p00904/s784404313_fla_bcf_instsub.elf,input_output/p00904/input.txt,input_output/p00904/output.txt,llvm-clang-14,O0,True,OLLVM_Heroims_NewPass,"[""BCF"", ""FLA"", ""INSTSUB""]",SUCCESS,1,37,19,19,18,48.64864864864865,short,complex,short_complex,0.8361493793592515,424,1237,
p00905,s976040819,1017,2923,clean_src/p00905/s976040819.c,obfuscated_bin/p00905/s976040819_fla_bcf_instsub.elf,input_output/p00905/input.txt,input_output/p00905/output.txt,llvm-clang-14,O0,True,OLLVM_Heroims_NewPass,"[""BCF"", ""FLA"", ""INSTSUB""]",SUCCESS,5,130,38,12,33,25.384615384615383,long,simple,long_simple,0.8245207745325634,1755,634,
p00906,s040988507,537,1175,clean_src/p00906/s040988507.c,obfuscated_bin/p00906/s040988507_fla_bcf_instsub.elf,input_output/p00906/input.txt,input_output/p00906/output.txt,llvm-clang-14,O0,True,OLLVM_Heroims_NewPass,"[""BCF"", ""FLA"", ""INSTSUB""]",SUCCESS,2,37,16,14,14,37.83783783783784,short,complex,short_complex,0.9104852519664354,915,1117,
p00907,s235316349,261,687,clean_src/p00907/s235316349.c,obfuscated_bin/p00907/s235316349_fla_bcf_instsub.elf,input_output/p00907/input.txt,input_output/p00907/output.txt,llvm-clang-14,O0,True,OLLVM_Heroims_NewPass,"[""BCF"", ""FLA"", ""INSTSUB""]",SUCCESS,2,37,18,10,16,43.24324324324324,short,complex,short_complex,0.9488181579276815,24,1193,
p00909,s441055645,730,1482,clean_src/p00909/s441055645.c,obfuscated_bin/p00909/s441055645_fla_bcf_instsub.elf,input_output/p00909/input.txt,input_output/p00909/output.txt,llvm-clang-14,O0,True,OLLVM_Heroims_NewPass,"[""BCF"", ""FLA"", ""INSTSUB""]",SUCCESS,1,61,24,24,23,37.704918032786885,long,complex,long_complex,0.6296276420031648,1357,919,
p00912,s102099520,325,864,clean_src/p00912/s102099520.c,obfuscated_bin/p00912/s102099520_fla_bcf_instsub.elf,input_output/p00912/input.txt,input_output/p00912/output.txt,llvm-clang-14,O0,True,OLLVM_Heroims_NewPass,"[""BCF"", ""FLA"", ""INSTSUB""]",SUCCESS,3,39,14,7,11,28.205128205128204,short,complex,short_complex,0.5383993180350118,289,816,
p00915,s152084553,482,1111,clean_src/p00915/s152084553.c,obfuscated_bin/p00915/s152084553_fla_bcf_instsub.elf,input_output/p00915/input.txt,input_output/p00915/output.txt,llvm-clang-14,O0,True,OLLVM_Heroims_NewPass,"[""BCF"", ""FLA"", ""INSTSUB""]",SUCCESS,1,78,24,24,23,29.48717948717949,short,complex,short_complex,0.7131824466935185,777,877,
p00916,s448872249,1180,3282,clean_src/p00916/s448872249.c,obfuscated_bin/p00916/s448872249_fla_bcf_instsub.elf,input_output/p00916/input.txt,input_output/p00916/output.txt,llvm-clang-14,O0,True,OLLVM_Heroims_NewPass,"[""BCF"", ""FLA"", ""INSTSUB""]",SUCCESS,10,142,44,13,34,23.943661971830984,long,simple,long_simple,0.5955555925601831,1894,595,
p00917,s757535261,320,1084,clean_src/p00917/s757535261.c,obfuscated_bin/p00917/s757535261_fla_bcf_instsub.elf,input_output/p00917/input.txt,input_output/p00917/output.txt,llvm-clang-14,O0,True,OLLVM_Heroims_NewPass,"[""BCF"", ""FLA"", ""INSTSUB""]",SUCCESS,2,37,14,12,12,32.432432432432435,short,complex,short_complex,0.6682686594189068,266,979,
p00919,s845436225,938,2173,clean_src/p00919/s845436225.c,obfuscated_bin/p00919/s845436225_fla_bcf_instsub.elf,input_output/p00919/input.txt,input_output/p00919/output.txt,llvm-clang-14,O0,True,OLLVM_Heroims_NewPass,"[""BCF"", ""FLA"", ""INSTSUB""]",SUCCESS,5,81,32,18,27,33.33333333333333,long,complex,long_complex,0.04735870172624823,1675,832,
p00920,s991728840,1065,2454,clean_src/p00920/s991728840.c,obfuscated_bin/p00920/s991728840_fla_bcf_instsub.elf,input_output/p00920/input.txt,input_output/p00920/output.txt,llvm-clang-14,O0,True,OLLVM_Heroims_NewPass,"[""BCF"", ""FLA"", ""INSTSUB""]",SUCCESS,9,102,35,12,26,25.49019607843137,long,simple,long_simple,0.5395878800859271,1791,635,
p00924,s299490596,299,764,clean_src/p00924/s299490596.c,obfuscated_bin/p00924/s299490596_fla_bcf_instsub.elf,input_output/p00924/input.txt,input_output/p00924/output.txt,llvm-clang-14,O0,True,OLLVM_Heroims_NewPass,"[""BCF"", ""FLA"", ""INSTSUB""]",SUCCESS,2,28,11,8,9,32.142857142857146,short,complex,short_complex,0.4303613796690021,189,971,
p00925,s167968106,319,1068,clean_src/p00925/s167968106.c,obfuscated_bin/p00925/s167968106_fla_bcf_instsub.elf,input_output/p00925/input.txt,input_output/p00925/output.txt,llvm-clang-14,O0,True,OLLVM_Heroims_NewPass,"[""BCF"", ""FLA"", ""INSTSUB""]",SUCCESS,3,64,15,7,12,18.75,short,simple,short_simple,0.9854184740093886,262,377,
p00926,s266111625,399,656,clean_src/p00926/s266111625.c,obfuscated_bin/p00926/s266111625_fla_bcf_instsub.elf,input_output/p00926/input.txt,input_output/p00926/output.txt,llvm-clang-14,O0,True,OLLVM_Heroims_NewPass,"[""BCF"", ""FLA"", ""INSTSUB""]",SUCCESS,2,40,11,9,9,22.5,short,simple,short_simple,0.5363843743573202,540,560,
p00927,s098092049,445,1181,clean_src/p00927/s098092049.c,obfuscated_bin/p00927/s098092049_fla_bcf_instsub.elf,input_output/p00927/input.txt,input_output/p00927/output.txt,llvm-clang-14,O0,True,OLLVM_Heroims_NewPass,"[""BCF"", ""FLA"", ""INSTSUB""]",SUCCESS,4,52,17,8,13,25.0,short,complex,short_complex,0.8007775548592515,673,664,
p00929,s816538302,701,1650,clean_src/p00929/s816538302.c,obfuscated_bin/p00929/s816538302_fla_bcf_instsub.elf,input_output/p00929/input.txt,input_output/p00929/output.txt,llvm-clang-14,O0,True,OLLVM_Heroims_NewPass,"[""BCF"", ""FLA"", ""INSTSUB""]",SUCCESS,6,55,23,13,17,30.909090909090907,long,complex,long_complex,0.9481773290274454,1303,775,
p00935,s896132122,301,1042,clean_src/p00935/s896132122.c,obfuscated_bin/p00935/s896132122_fla_bcf_instsub.elf,input_output/p00935/input.txt,input_output/p00935/output.txt,llvm-clang-14,O0,True,OLLVM_Heroims_NewPass,"[""BCF"", ""FLA"", ""INSTSUB""]",SUCCESS,3,42,12,7,9,21.428571428571427,short,simple,short_simple,0.8001375546511511,198,508,
p00938,s691245832,559,1302,clean_src/p00938/s691245832.c,obfuscated_bin/p00938/s691245832_fla_bcf_instsub.elf,input_output/p00938/input.txt,input_output/p00938/output.txt,llvm-clang-14,O0,True,OLLVM_Heroims_NewPass,"[""BCF"", ""FLA"", ""INSTSUB""]",SUCCESS,3,42,23,19,20,47.61904761904761,short,complex,short_complex,0.8946393548227324,981,1230,
p00943,s492185853,766,1865,clean_src/p00943/s492185853.c,obfuscated_bin/p00943/s492185853_fla_bcf_instsub.elf,input_output/p00943/input.txt,input_output/p00943/output.txt,llvm-clang-14,O0,True,OLLVM_Heroims_NewPass,"[""BCF"", ""FLA"", ""INSTSUB""]",SUCCESS,5,75,22,11,17,22.666666666666664,long,simple,long_simple,0.5295520659004332,1424,560,
p00945,s327921634,344,968,clean_src/p00945/s327921634.c,obfuscated_bin/p00945/s327921634_fla_bcf_instsub.elf,input_output/p00945/input.txt,input_output/p00945/output.txt,llvm-clang-14,O0,True,OLLVM_Heroims_NewPass,"[""BCF"", ""FLA"", ""INSTSUB""]",SUCCESS,3,39,14,9,11,28.205128205128204,short,complex,short_complex,0.8639249010442762,350,820,
p00946,s731523773,326,978,clean_src/p00946/s731523773.c,obfuscated_bin/p00946/s731523773_fla_bcf_instsub.elf,input_output/p00946/input.txt,input_output/p00946/output.txt,llvm-clang-14,O0,True,OLLVM_Heroims_NewPass,"[""BCF"", ""FLA"", ""INSTSUB""]",SUCCESS,4,37,9,4,5,13.513513513513514,short,simple,short_simple,0.80654113661359,294,159,
p00947,s268837874,594,1361,clean_src/p00947/s268837874.c,obfuscated_bin/p00947/s268837874_fla_bcf_instsub.elf,input_output/p00947/input.txt,input_output/p00947/output.txt,llvm-clang-14,O0,True,OLLVM_Heroims_NewPass,"[""BCF"", ""FLA"", ""INSTSUB""]",SUCCESS,4,45,22,19,18,40.0,short,complex,short_complex,0.722403933103091,1054,1147,
p00948,s129881740,404,1006,clean_src/p00948/s129881740.c,obfuscated_bin/p00948/s129881740_fla_bcf_instsub.elf,input_output/p00948/input.txt,input_output/p00948/output.txt,llvm-clang-14,O0,True,OLLVM_Heroims_NewPass,"[""BCF"", ""FLA"", ""INSTSUB""]",SUCCESS,2,41,13,10,11,26.82926829268293,short,complex,short_complex,0.822759644323198,559,753,
p00949,s184138403,674,1708,clean_src/p00949/s184138403.c,obfuscated_bin/p00949/s184138403_fla_bcf_instsub.elf,input_output/p00949/input.txt,input_output/p00949/output.txt,llvm-clang-14,O0,True,OLLVM_Heroims_NewPass,"[""BCF"", ""FLA"", ""INSTSUB""]",SUCCESS,3,63,24,12,21,33.33333333333333,short,complex,short_complex,0.5633045988023037,1245,1013,
p00950,s538812874,815,2167,clean_src/p00950/s538812874.c,obfuscated_bin/p00950/s538812874_fla_bcf_instsub.elf,input_output/p00950/input.txt,input_output/p00950/output.txt,llvm-clang-14,O0,True,OLLVM_Heroims_NewPass,"[""BCF"", ""FLA"", ""INSTSUB""]",SUCCESS,6,107,52,16,46,42.99065420560748,long,complex,long_complex,0.8504274397380567,1500,1019,
p00952,s921664209,321,908,clean_src/p00952/s921664209.c,obfuscated_bin/p00952/s921664209_fla_bcf_instsub.elf,input_output/p00952/input.txt,input_output/p00952/output.txt,llvm-clang-14,O0,True,OLLVM_Heroims_NewPass,"[""BCF"", ""FLA"", ""INSTSUB""]",SUCCESS,4,39,17,11,13,33.33333333333333,short,complex,short_complex,0.9222944813677874,268,1010,
p00958,s174515691,627,1505,clean_src/p00958/s174515691.c,obfuscated_bin/p00958/s174515691_fla_bcf_instsub.elf,input_output/p00958/input.txt,input_output/p00958/output.txt,llvm-clang-14,O0,True,OLLVM_Heroims_NewPass,"[""BCF"", ""FLA"", ""INSTSUB""]",SUCCESS,3,61,29,23,26,42.62295081967213,short,complex,short_complex,0.9873159826478355,1140,1188,
p00965,s341143621,317,892,clean_src/p00965/s341143621.c,obfuscated_bin/p00965/s341143621_fla_bcf_instsub.elf,input_output/p00965/input.txt,input_output/p00965/output.txt,llvm-clang-14,O0,True,OLLVM_Heroims_NewPass,"[""BCF"", ""FLA"", ""INSTSUB""]",SUCCESS,2,37,9,7,7,18.91891891891892,short,simple,short_simple,0.09422531018122782,254,381,
p00968,s210509398,277,1090,clean_src/p00968/s210509398.c,obfuscated_bin/p00968/s210509398_fla_bcf_instsub.elf,input_output/p00968/input.txt,input_output/p00968/output.txt,llvm-clang-14,O0,True,OLLVM_Heroims_NewPass,"[""BCF"", ""FLA"", ""INSTSUB""]",SUCCESS,2,43,15,13,13,30.23255813953488,short,complex,short_complex,0.8964345834128871,90,910,
p00971,s622210708,664,1725,clean_src/p00971/s622210708.c,obfuscated_bin/p00971/s622210708_fla_bcf_instsub.elf,input_output/p00971/input.txt,input_output/p00971/output.txt,llvm-clang-14,O0,True,OLLVM_Heroims_NewPass,"[""BCF"", ""FLA"", ""INSTSUB""]",SUCCESS,3,58,12,5,9,15.517241379310345,short,simple,short_simple,0.2827225910060456,1225,232,
p00974,s307740625,352,1094,clean_src/p00974/s307740625.c,obfuscated_bin/p00974/s307740625_fla_bcf_instsub.elf,input_output/p00974/input.txt,input_output/p00974/output.txt,llvm-clang-14,O0,True,OLLVM_Heroims_NewPass,"[""BCF"", ""FLA"", ""INSTSUB""]",SUCCESS,5,50,13,6,8,16.0,short,simple,short_simple,0.8915092980278317,376,255,
p00979,s315323919,300,891,clean_src/p00979/s315323919.c,obfuscated_bin/p00979/s315323919_fla_bcf_instsub.elf,input_output/p00979/input.txt,input_output/p00979/output.txt,llvm-clang-14,O0,True,OLLVM_Heroims_NewPass,"[""BCF"", ""FLA"", ""INSTSUB""]",SUCCESS,6,56,11,4,5,8.928571428571429,short,simple,short_simple,0.7999286117484038,192,41,
p00990,s002078126,445,1185,clean_src/p00990/s002078126.c,obfuscated_bin/p00990/s002078126_fla_bcf_instsub.elf,input_output/p00990/input.txt,input_output/p00990/output.txt,llvm-clang-14,O0,True,OLLVM_Heroims_NewPass,"[""BCF"", ""FLA"", ""INSTSUB""]",SUCCESS,3,68,17,8,14,20.588235294117645,short,simple,short_simple,0.9932411757353737,674,471,
p00991,s485493751,475,747,clean_src/p00991/s485493751.c,obfuscated_bin/p00991/s485493751_fla_bcf_instsub.elf,input_output/p00991/input.txt,input_output/p00991/output.txt,llvm-clang-14,O0,True,OLLVM_Heroims_NewPass,"[""BCF"", ""FLA"", ""INSTSUB""]",SUCCESS,4,36,16,8,12,33.33333333333333,short,complex,short_complex,0.9868912574905903,756,1002,
p00993,s037753951,729,2139,clean_src/p00993/s037753951.c,obfuscated_bin/p00993/s037753951_fla_bcf_instsub.elf,input_output/p00993/input.txt,input_output/p00993/output.txt,llvm-clang-14,O0,True,OLLVM_Heroims_NewPass,"[""BCF"", ""FLA"", ""INSTSUB""]",SUCCESS,4,99,25,8,21,21.21212121212121,long,simple,long_simple,0.42679433157017643,1353,531,
p00997,s005708263,471,1283,clean_src/p00997/s005708263.c,obfuscated_bin/p00997/s005708263_fla_bcf_instsub.elf,input_output/p00997/input.txt,input_output/p00997/output.txt,llvm-clang-14,O0,True,OLLVM_Heroims_NewPass,"[""BCF"", ""FLA"", ""INSTSUB""]",SUCCESS,7,39,14,3,7,17.94871794871795,short,simple,short_simple,0.8009085014696409,751,345,
p00998,s059115605,994,3332,clean_src/p00998/s059115605.c,obfuscated_bin/p00998/s059115605_fla_bcf_instsub.elf,input_output/p00998/input.txt,input_output/p00998/output.txt,llvm-clang-14,O0,True,OLLVM_Heroims_NewPass,"[""BCF"", ""FLA"", ""INSTSUB""]",SUCCESS,13,123,29,6,16,13.008130081300814,long,simple,long_simple,0.03796010577877229,1732,155,
p00999,s129716806,277,740,clean_src/p00999/s129716806.c,obfuscated_bin/p00999/s129716806_fla_bcf_instsub.elf,input_output/p00999/input.txt,input_output/p00999/output.txt,llvm-clang-14,O0,True,OLLVM_Heroims_NewPass,"[""BCF"", ""FLA"", ""INSTSUB""]",SUCCESS,2,31,12,7,10,32.25806451612903,short,complex,short_complex,0.37811230137912866,91,972,
p01000,s240467006,890,2087,clean_src/p01000/s240467006.c,obfuscated_bin/p01000/s240467006_fla_bcf_instsub.elf,input_output/p01000/input.txt,input_output/p01000/output.txt,llvm-clang-14,O0,True,OLLVM_Heroims_NewPass,"[""BCF"", ""FLA"", ""INSTSUB""]",SUCCESS,6,116,49,17,43,37.06896551724138,long,complex,long_complex,0.9991043643944315,1618,902,
p01002,s376076755,1006,2299,clean_src/p01002/s376076755.c,obfuscated_bin/p01002/s376076755_fla_bcf_instsub.elf,input_output/p01002/input.txt,input_output/p01002/output.txt,llvm-clang-14,O0,True,OLLVM_Heroims_NewPass,"[""BCF"", ""FLA"", ""INSTSUB""]",SUCCESS,3,94,38,19,35,37.234042553191486,long,complex,long_complex,0.7840621199287922,1745,907,
p01005,s292895558,750,2937,clean_src/p01005/s292895558.c,obfuscated_bin/p01005/s292895558_fla_bcf_instsub.elf,input_output/p01005/input.txt,input_output/p01005/output.txt,llvm-clang-14,O0,True,OLLVM_Heroims_NewPass,"[""BCF"", ""FLA"", ""INSTSUB""]",SUCCESS,5,126,31,21,26,20.634920634920633,long,simple,long_simple,0.7886010706236715,1390,511,
p01007,s790681550,957,2036,clean_src/p01007/s790681550.c,obfuscated_bin/p01007/s790681550_fla_bcf_instsub.elf,input_output/p01007/input.txt,input_output/p01007/output.txt,llvm-clang-14,O0,True,OLLVM_Heroims_NewPass,"[""BCF"", ""FLA"", ""INSTSUB""]",SUCCESS,5,87,34,10,29,33.33333333333333,long,complex,long_complex,0.9047626111165368,1694,830,
p01009,s854693016,503,1466,clean_src/p01009/s854693016.c,obfuscated_bin/p01009/s854693016_fla_bcf_instsub.elf,input_output/p01009/input.txt,input_output/p01009/output.txt,llvm-clang-14,O0,True,OLLVM_Heroims_NewPass,"[""BCF"", ""FLA"", ""INSTSUB""]",SUCCESS,4,80,19,10,15,18.75,short,simple,short_simple,0.765747516334302,832,379,
p01010,s396298118,1690,4621,clean_src/p01010/s396298118.c,obfuscated_bin/p01010/s396298118_fla_bcf_instsub.elf,input_output/p01010/input.txt,input_output/p01010/output.txt,llvm-clang-14,O0,True,OLLVM_Heroims_NewPass,"[""BCF"", ""FLA"", ""INSTSUB""]",SUCCESS,10,127,54,15,44,34.645669291338585,long,complex,long_complex,0.960304615759049,2153,858,
p01013,s762634060,1134,2906,clean_src/p01013/s762634060.c,obfuscated_bin/p01013/s762634060_fla_bcf_instsub.elf,input_output/p01013/input.txt,input_output/p01013/output.txt,llvm-clang-14,O0,True,OLLVM_Heroims_NewPass,"[""BCF"", ""FLA"", ""INSTSUB""]",SUCCESS,11,86,19,7,8,9.30232558139535,long,simple,long_simple,0.11890958211627956,1862,66,
p01014,s108323444,1208,3007,clean_src/p01014/s108323444.c,obfuscated_bin/p01014/s108323444_fla_bcf_instsub.elf,input_output/p01014/input.txt,input_output/p01014/output.txt,llvm-clang-14,O0,True,OLLVM_Heroims_NewPass,"[""BCF"", ""FLA"", ""INSTSUB""]",SUCCESS,3,88,57,49,54,61.36363636363637,long,complex,long_complex,0.7807436611123739,1910,1201,
p01017,s561476214,369,946,clean_src/p01017/s561476214.c,obfuscated_bin/p01017/s561476214_fla_bcf_instsub.elf,input_output/p01017/input.txt,input_output/p01017/output.txt,llvm-clang-14,O0,True,OLLVM_Heroims_NewPass,"[""BCF"", ""FLA"", ""INSTSUB""]",SUCCESS,1,47,15,15,14,29.78723404255319,short,complex,short_complex,0.9353269411146844,433,893,
p01018,s350746009,753,2134,clean_src/p01018/s350746009.c,obfuscated_bin/p01018/s350746009_fla_bcf_instsub.elf,input_output/p01018/input.txt,input_output/p01018/output.txt,llvm-clang-14,O0,True,OLLVM_Heroims_NewPass,"[""BCF"", ""FLA"", ""INSTSUB""]",SUCCESS,4,88,24,16,20,22.727272727272727,long,simple,long_simple,0.10330810287908043,1395,563,
p01020,s955242988,280,878,clean_src/p01020/s955242988.c,obfuscated_bin/p01020/s955242988_fla_bcf_instsub.elf,input_output/p01020/input.txt,input_output/p01020/output.txt,llvm-clang-14,O0,True,OLLVM_Heroims_NewPass,"[""BCF"", ""FLA"", ""INSTSUB""]",SUCCESS,4,30,10,5,6,20.0,short,simple,short_simple,0.9161431319844318,107,430,
p01021,s116298580,411,1238,clean_src/p01021/s116298580.c,obfuscated_bin/p01021/s116298580_fla_bcf_instsub.elf,input_output/p01021/input.txt,input_output/p01021/output.txt,llvm-clang-14,O0,True,OLLVM_Heroims_NewPass,"[""BCF"", ""FLA"", ""INSTSUB""]",SUCCESS,4,68,15,7,11,16.176470588235293,short,simple,short_simple,0.5627104302633174,584,265,
p01022,s677464144,537,1672,clean_src/p01022/s677464144.c,obfuscated_bin/p01022/s677464144_fla_bcf_instsub.elf,input_output/p01022/input.txt,input_output/p01022/output.txt,llvm-clang-14,O0,True,OLLVM_Heroims_NewPass,"[""BCF"", ""FLA"", ""INSTSUB""]",SUCCESS,4,59,20,10,16,27.11864406779661,short,complex,short_complex,0.6401621146297586,916,767,
p01023,s731183671,1131,2921,clean_src/p01023/s731183671.c,obfuscated_bin/p01023/s731183671_fla_bcf_instsub.elf,input_output/p01023/input.txt,input_output/p01023/output.txt,llvm-clang-14,O0,True,OLLVM_Heroims_NewPass,"[""BCF"", ""FLA"", ""INSTSUB""]",SUCCESS,4,84,33,14,29,34.523809523809526,long,complex,long_complex,0.48505443039110885,1858,854,
p01024,s387719499,296,1066,clean_src/p01024/s387719499.c,obfuscated_bin/p01024/s387719499_fla_bcf_instsub.elf,input_output/p01024/input.txt,input_output/p01024/output.txt,llvm-clang-14,O0,True,OLLVM_Heroims_NewPass,"[""BCF"", ""FLA"", ""INSTSUB""]",SUCCESS,1,24,7,7,6,25.0,short,complex,short_complex,0.877313675716921,174,658,
p01029,s455839483,549,1435,clean_src/p01029/s455839483.c,obfuscated_bin/p01029/s455839483_fla_bcf_instsub.elf,input_output/p01029/input.txt,input_output/p01029/output.txt,llvm-clang-14,O0,True,OLLVM_Heroims_NewPass,"[""BCF"", ""FLA"", ""INSTSUB""]",SUCCESS,3,58,21,17,18,31.03448275862069,short,complex,short_complex,0.8619953692401704,952,941,
p01030,s165588383,911,2456,clean_src/p01030/s165588383.c,obfuscated_bin/p01030/s165588383_fla_bcf_instsub.elf,input_output/p01030/input.txt,input_output/p01030/output.txt,llvm-clang-14,O0,True,OLLVM_Heroims_NewPass,"[""BCF"", ""FLA"", ""INSTSUB""]",SUCCESS,2,87,37,22,35,40.229885057471265,long,complex,long_complex,0.8153425194768392,1641,956,
p01037,s623652489,323,821,clean_src/p01037/s623652489.c,obfuscated_bin/p01037/s623652489_fla_bcf_instsub.elf,input_output/p01037/input.txt,input_output/p01037/output.txt,llvm-clang-14,O0,True,OLLVM_Heroims_NewPass,"[""BCF"", ""FLA"", ""INSTSUB""]",SUCCESS,2,37,13,12,11,29.72972972972973,short,complex,short_complex,0.4381181832117471,281,892,
p01038,s232138613,433,1244,clean_src/p01038/s232138613.c,obfuscated_bin/p01038/s232138613_fla_bcf_instsub.elf,input_output/p01038/input.txt,input_output/p01038/output.txt,llvm-clang-14,O0,True,OLLVM_Heroims_NewPass,"[""BCF"", ""FLA"", ""INSTSUB""]",SUCCESS,7,95,28,5,21,22.105263157894736,short,simple,short_simple,0.757912972690785,644,539,
p01039,s522310856,634,1652,clean_src/p01039/s522310856.c,obfuscated_bin/p01039/s522310856_fla_bcf_instsub.elf,input_output/p01039/input.txt,input_output/p01039/output.txt,llvm-clang-14,O0,True,OLLVM_Heroims_NewPass,"[""BCF"", ""FLA"", ""INSTSUB""]",SUCCESS,6,70,22,9,16,22.857142857142858,short,simple,short_simple,0.8752923761632192,1153,576,
p01040,s899044917,291,1001,clean_src/p01040/s899044917.c,obfuscated_bin/p01040/s899044917_fla_bcf_instsub.elf,input_output/p01040/input.txt,input_output/p01040/output.txt,llvm-clang-14,O0,True,OLLVM_Heroims_NewPass,"[""BCF"", ""FLA"", ""INSTSUB""]",SUCCESS,3,34,15,10,12,35.294117647058826,short,complex,short_complex,0.644912628665202,155,1066,
p01049,s116298191,332,928,clean_src/p01049/s116298191.c,obfuscated_bin/p01049/s116298191_fla_bcf_instsub.elf,input_output/p01049/input.txt,input_output/p01049/output.txt,llvm-clang-14,O0,True,OLLVM_Heroims_NewPass,"[""BCF"", ""FLA"", ""INSTSUB""]",SUCCESS,4,47,13,4,9,19.148936170212767,short,simple,short_simple,0.865224696877312,317,390,
p01050,s141367384,355,1042,clean_src/p01050/s141367384.c,obfuscated_bin/p01050/s141367384_fla_bcf_instsub.elf,input_output/p01050/input.txt,input_output/p01050/output.txt,llvm-clang-14,O0,True,OLLVM_Heroims_NewPass,"[""BCF"", ""FLA"", ""INSTSUB""]",SUCCESS,4,52,16,6,12,23.076923076923077,short,simple,short_simple,0.4318483333004257,385,581,
p01051,s700046621,909,2287,clean_src/p01051/s700046621.c,obfuscated_bin/p01051/s700046621_fla_bcf_instsub.elf,input_output/p01051/input.txt,input_output/p01051/output.txt,llvm-clang-14,O0,True,OLLVM_Heroims_NewPass,"[""BCF"", ""FLA"", ""INSTSUB""]",SUCCESS,4,81,36,27,32,39.50617283950617,long,complex,long_complex,0.0866310732254284,1639,944,
p01052,s491671104,296,804,clean_src/p01052/s491671104.c,obfuscated_bin/p01052/s491671104_fla_bcf_instsub.elf,input_output/p01052/input.txt,input_output/p01052/output.txt,llvm-clang-14,O0,True,OLLVM_Heroims_NewPass,"[""BCF"", ""FLA"", ""INSTSUB""]",SUCCESS,3,33,11,7,8,24.242424242424242,short,simple,short_simple,0.667759570848587,175,632,
p01053,s500018331,509,1362,clean_src/p01053/s500018331.c,obfuscated_bin/p01053/s500018331_fla_bcf_instsub.elf,input_output/p01053/input.txt,input_output/p01053/output.txt,llvm-clang-14,O0,True,OLLVM_Heroims_NewPass,"[""BCF"", ""FLA"", ""INSTSUB""]",SUCCESS,3,50,19,13,16,32.0,short,complex,short_complex,0.6648083860770353,850,968,
p01054,s490568092,274,803,clean_src/p01054/s490568092.c,obfuscated_bin/p01054/s490568092_fla_bcf_instsub.elf,input_output/p01054/input.txt,input_output/p01054/output.txt,llvm-clang-14,O0,True,OLLVM_Heroims_NewPass,"[""BCF"", ""FLA"", ""INSTSUB""]",SUCCESS,3,41,8,3,5,12.195121951219512,short,simple,short_simple,0.20714183595198143,77,119,
p01061,s396349881,319,846,clean_src/p01061/s396349881.c,obfuscated_bin/p01061/s396349881_fla_bcf_instsub.elf,input_output/p01061/input.txt,input_output/p01061/output.txt,llvm-clang-14,O0,True,OLLVM_Heroims_NewPass,"[""BCF"", ""FLA"", ""INSTSUB""]",SUCCESS,5,26,14,7,9,34.61538461538461,short,complex,short_complex,0.7484646438341561,263,1048,
p01063,s461562122,948,1804,clean_src/p01063/s461562122.c,obfuscated_bin/p01063/s461562122_fla_bcf_instsub.elf,input_output/p01063/input.txt,input_output/p01063/output.txt,llvm-clang-14,O0,True,OLLVM_Heroims_NewPass,"[""BCF"", ""FLA"", ""INSTSUB""]",SUCCESS,3,39,29,26,26,66.66666666666666,long,complex,long_complex,0.7022594330024704,1685,1223,
p01064,s574273233,351,1187,clean_src/p01064/s574273233.c,obfuscated_bin/p01064/s574273233_fla_bcf_instsub.elf,input_output/p01064/input.txt,input_output/p01064/output.txt,llvm-clang-14,O0,True,OLLVM_Heroims_NewPass,"[""BCF"", ""FLA"", ""INSTSUB""]",SUCCESS,2,36,13,11,11,30.555555555555557,short,complex,short_complex,0.20449534451537144,373,923,
p01065,s985142020,476,1053,clean_src/p01065/s985142020.c,obfuscated_bin/p01065/s985142020_fla_bcf_instsub.elf,input_output/p01065/input.txt,input_output/p01065/output.txt,llvm-clang-14,O0,True,OLLVM_Heroims_NewPass,"[""BCF"", ""FLA"", ""INSTSUB""]",SUCCESS,2,34,15,13,13,38.23529411764706,short,complex,short_complex,0.2544208922013059,761,1124,
p01066,s972989042,1773,4444,clean_src/p01066/s972989042.c,obfuscated_bin/p01066/s972989042_fla_bcf_instsub.elf,input_output/p01066/input.txt,input_output/p01066/output.txt,llvm-clang-14,O0,True,OLLVM_Heroims_NewPass,"[""BCF"", ""FLA"", ""INSTSUB""]",SUCCESS,19,185,56,12,37,20.0,long,simple,long_simple,0.02438285943433849,2179,495,
p01070,s168119686,854,2458,clean_src/p01070/s168119686.c,obfuscated_bin/p01070/s168119686_fla_bcf_instsub.elf,input_output/p01070/input.txt,input_output/p01070/output.txt,llvm-clang-14,O0,True,OLLVM_Heroims_NewPass,"[""BCF"", ""FLA"", ""INSTSUB""]",SUCCESS,7,100,34,15,27,27.0,long,complex,long_complex,0.8857193755400036,1553,676,
p01072,s230147177,277,567,clean_src/p01072/s230147177.c,obfuscated_bin/p01072/s230147177_fla_bcf_instsub.elf,input_output/p01072/input.txt,input_output/p01072/output.txt,llvm-clang-14,O0,True,OLLVM_Heroims_NewPass,"[""BCF"", ""FLA"", ""INSTSUB""]",SUCCESS,1,38,9,9,8,21.052631578947366,short,simple,short_simple,0.8759866958597299,92,495,
p01073,s895491223,406,990,clean_src/p01073/s895491223.c,obfuscated_bin/p01073/s895491223_fla_bcf_instsub.elf,input_output/p01073/input.txt,input_output/p01073/output.txt,llvm-clang-14,O0,True,OLLVM_Heroims_NewPass,"[""BCF"", ""FLA"", ""INSTSUB""]",SUCCESS,2,33,17,16,15,45.45454545454545,short,complex,short_complex,0.383467342320444,569,1215,
p01074,s034695649,291,571,clean_src/p01074/s034695649.c,obfuscated_bin/p01074/s034695649_fla_bcf_instsub.elf,input_output/p01074/input.txt,input_output/p01074/output.txt,llvm-clang-14,O0,True,OLLVM_Heroims_NewPass,"[""BCF"", ""FLA"", ""INSTSUB""]",SUCCESS,2,19,8,6,6,31.57894736842105,short,complex,short_complex,0.40981958689724807,156,954,
p01075,s709994169,753,2052,clean_src/p01075/s709994169.c,obfuscated_bin/p01075/s709994169_fla_bcf_instsub.elf,input_output/p01075/input.txt,input_output/p01075/output.txt,llvm-clang-14,O0,True,OLLVM_Heroims_NewPass,"[""BCF"", ""FLA"", ""INSTSUB""]",SUCCESS,6,83,23,7,17,20.481927710843372,long,simple,long_simple,0.6206610691119071,1396,503,
p01080,s171255836,741,2043,clean_src/p01080/s171255836.c,obfuscated_bin/p01080/s171255836_fla_bcf_instsub.elf,input_output/p01080/input.txt,input_output/p01080/output.txt,llvm-clang-14,O0,True,OLLVM_Heroims_NewPass,"[""BCF"", ""FLA"", ""INSTSUB""]",SUCCESS,5,84,24,7,19,22.61904761904762,long,simple,long_simple,0.8907300079580716,1374,558,
p01085,s513948845,548,2126,clean_src/p01085/s513948845.c,obfuscated_bin/p01085/s513948845_fla_bcf_instsub.elf,input_output/p01085/input.txt,input_output/p01085/output.txt,llvm-clang-14,O0,True,OLLVM_Heroims_NewPass,"[""BCF"", ""FLA"", ""INSTSUB""]",SUCCESS,18,82,25,5,7,8.536585365853659,short,simple,short_simple,0.3980183207969038,948,38,
p01086,s079658692,611,2351,clean_src/p01086/s079658692.c,obfuscated_bin/p01086/s079658692_fla_bcf_instsub.elf,input_output/p01086/input.txt,input_output/p01086/output.txt,llvm-clang-14,O0,True,OLLVM_Heroims_NewPass,"[""BCF"", ""FLA"", ""INSTSUB""]",SUCCESS,18,94,28,8,10,10.638297872340425,short,simple,short_simple,0.8271540870261868,1098,75,
p01087,s383237586,453,1036,clean_src/p01087/s383237586.c,obfuscated_bin/p01087/s383237586_fla_bcf_instsub.elf,input_output/p01087/input.txt,input_output/p01087/output.txt,llvm-clang-14,O0,True,OLLVM_Heroims_NewPass,"[""BCF"", ""FLA"", ""INSTSUB""]",SUCCESS,3,70,21,7,18,25.71428571428571,short,complex,short_complex,0.9379343180924526,698,708,
p01088,s725504443,1107,4643,clean_src/p01088/s725504443.c,obfuscated_bin/p01088/s725504443_fla_bcf_instsub.elf,input_output/p01088/input.txt,input_output/p01088/output.txt,llvm-clang-14,O0,True,OLLVM_Heroims_NewPass,"[""BCF"", ""FLA"", ""INSTSUB""]",SUCCESS,1,103,28,28,27,26.21359223300971,long,complex,long_complex,0.6307663444310527,1833,654,
p01089,s131317181,353,900,clean_src/p01089/s131317181.c,obfuscated_bin/p01089/s131317181_fla_bcf_instsub.elf,input_output/p01089/input.txt,input_output/p01089/output.txt,llvm-clang-14,O0,True,OLLVM_Heroims_NewPass,"[""BCF"", ""FLA"", ""INSTSUB""]",SUCCESS,2,46,16,12,14,30.434782608695656,short,complex,short_complex,0.08699515807913649,380,918,
p01093,s837774515,343,1431,clean_src/p01093/s837774515.c,obfuscated_bin/p01093/s837774515_fla_bcf_instsub.elf,input_output/p01093/input.txt,input_output/p01093/output.txt,llvm-clang-14,O0,True,OLLVM_Heroims_NewPass,"[""BCF"", ""FLA"", ""INSTSUB""]",SUCCESS,2,53,13,8,11,20.754716981132077,short,simple,short_simple,0.9813965386791638,347,478,
p01094,s543196180,966,3920,clean_src/p01094/s543196180.c,obfuscated_bin/p01094/s543196180_fla_bcf_instsub.elf,input_output/p01094/input.txt,input_output/p01094/output.txt,llvm-clang-14,O0,True,OLLVM_Heroims_NewPass,"[""BCF"", ""FLA"", ""INSTSUB""]",SUCCESS,1,129,40,40,39,30.23255813953488,long,complex,long_complex,0.9972330359232047,1702,762,
p01096,s944084611,347,1089,clean_src/p01096/s944084611.c,obfuscated_bin/p01096/s944084611_fla_bcf_instsub.elf,input_output/p01096/input.txt,input_output/p01096/output.txt,llvm-clang-14,O0,True,OLLVM_Heroims_NewPass,"[""BCF"", ""FLA"", ""INSTSUB""]",SUCCESS,4,49,16,6,12,24.489795918367346,short,simple,short_simple,0.9352203896887661,357,638,
p01097,s439701276,538,1679,clean_src/p01097/s439701276.c,obfuscated_bin/p01097/s439701276_fla_bcf_instsub.elf,input_output/p01097/input.txt,input_output/p01097/output.txt,llvm-clang-14,O0,True,OLLVM_Heroims_NewPass,"[""BCF"", ""FLA"", ""INSTSUB""]",SUCCESS,4,54,19,8,15,27.77777777777778,short,complex,short_complex,0.6480640453988732,920,797,
p01100,s936082528,1257,3266,clean_src/p01100/s936082528.c,obfuscated_bin/p01100/s936082528_fla_bcf_instsub.elf,input_output/p01100/input.txt,input_output/p01100/output.txt,llvm-clang-14,O0,True,OLLVM_Heroims_NewPass,"[""BCF"", ""FLA"", ""INSTSUB""]",SUCCESS,9,141,43,8,34,24.113475177304963,long,simple,long_simple,0.7599363182545412,1943,599,
p01101,s859842977,380,933,clean_src/p01101/s859842977.c,obfuscated_bin/p01101/s859842977_fla_bcf_instsub.elf,input_output/p01101/input.txt,input_output/p01101/output.txt,llvm-clang-14,O0,True,OLLVM_Heroims_NewPass,"[""BCF"", ""FLA"", ""INSTSUB""]",SUCCESS,3,38,22,17,19,50.0,short,complex,short_complex,0.7730561016122558,483,1241,
p01102,s125612378,458,1148,clean_src/p01102/s125612378.c,obfuscated_bin/p01102/s125612378_fla_bcf_instsub.elf,input_output/p01102/input.txt,input_output/p01102/output.txt,llvm-clang-14,O0,True,OLLVM_Heroims_NewPass,"[""BCF"", ""FLA"", ""INSTSUB""]",SUCCESS,1,57,17,17,16,28.07017543859649,short,complex,short_complex,0.9773131040659628,714,812,
p01103,s586602401,493,1238,clean_src/p01103/s586602401.c,obfuscated_bin/p01103/s586602401_fla_bcf_instsub.elf,input_output/p01103/input.txt,input_output/p01103/output.txt,llvm-clang-14,O0,True,OLLVM_Heroims_NewPass,"[""BCF"", ""FLA"", ""INSTSUB""]",SUCCESS,1,66,24,24,23,34.84848484848485,short,complex,short_complex,0.7849789151636862,807,1055,
p01104,s017474940,790,2014,clean_src/p01104/s017474940.c,obfuscated_bin/p01104/s017474940_fla_bcf_instsub.elf,input_output/p01104/input.txt,input_output/p01104/output.txt,llvm-clang-14,O0,True,OLLVM_Heroims_NewPass,"[""BCF"", ""FLA"", ""INSTSUB""]",SUCCESS,3,81,29,26,26,32.098765432098766,long,complex,long_complex,0.8042663389625826,1463,801,
p01105,s992013783,822,7602,clean_src/p01105/s992013783.c,obfuscated_bin/p01105/s992013783_fla_bcf_instsub.elf,input_output/p01105/input.txt,input_output/p01105/output.txt,llvm-clang-14,O0,True,OLLVM_Heroims_NewPass,"[""BCF"", ""FLA"", ""INSTSUB""]",SUCCESS,6,134,34,12,28,20.8955223880597,long,simple,long_simple,0.7575107010956392,1512,523,
p01107,s557881752,715,1578,clean_src/p01107/s557881752.c,obfuscated_bin/p01107/s557881752_fla_bcf_instsub.elf,input_output/p01107/input.txt,input_output/p01107/output.txt,llvm-clang-14,O0,True,OLLVM_Heroims_NewPass,"[""BCF"", ""FLA"", ""INSTSUB""]",SUCCESS,2,63,33,21,31,49.2063492063492,long,complex,long_complex,0.7059439992855001,1333,1151,
p01110,s030997631,356,1982,clean_src/p01110/s030997631.c,obfuscated_bin/p01110/s030997631_fla_bcf_instsub.elf,input_output/p01110/input.txt,input_output/p01110/output.txt,llvm-clang-14,O0,True,OLLVM_Heroims_NewPass,"[""BCF"", ""FLA"", ""INSTSUB""]",SUCCESS,1,44,15,15,14,31.818181818181817,short,complex,short_complex,0.669506196990545,393,965,
p01111,s579328243,307,1389,clean_src/p01111/s579328243.c,obfuscated_bin/p01111/s579328243_fla_bcf_instsub.elf,input_output/p01111/input.txt,input_output/p01111/output.txt,llvm-clang-14,O0,True,OLLVM_Heroims_NewPass,"[""BCF"", ""FLA"", ""INSTSUB""]",SUCCESS,2,62,13,9,11,17.741935483870968,short,simple,short_simple,0.8808483315044554,220,334,
p01117,s743066797,271,916,clean_src/p01117/s743066797.c,obfuscated_bin/p01117/s743066797_fla_bcf_instsub.elf,input_output/p01117/input.txt,input_output/p01117/output.txt,llvm-clang-14,O0,True,OLLVM_Heroims_NewPass,"[""BCF"", ""FLA"", ""INSTSUB""]",SUCCESS,3,33,13,7,10,30.303030303030305,short,complex,short_complex,0.5121556703855669,62,911,
p01118,s560710676,279,714,clean_src/p01118/s560710676.c,obfuscated_bin/p01118/s560710676_fla_bcf_instsub.elf,input_output/p01118/input.txt,input_output/p01118/output.txt,llvm-clang-14,O0,True,OLLVM_Heroims_NewPass,"[""BCF"", ""FLA"", ""INSTSUB""]",SUCCESS,1,29,9,9,8,27.586206896551722,short,complex,short_complex,0.2597989791214471,103,793,
p01119,s795481102,834,2401,clean_src/p01119/s795481102.c,obfuscated_bin/p01119/s795481102_fla_bcf_instsub.elf,input_output/p01119/input.txt,input_output/p01119/output.txt,llvm-clang-14,O0,True,OLLVM_Heroims_NewPass,"[""BCF"", ""FLA"", ""INSTSUB""]",SUCCESS,7,101,41,17,34,33.663366336633665,long,complex,long_complex,0.19644551202328386,1528,838,
p01125,s335470448,637,3552,clean_src/p01125/s335470448.c,obfuscated_bin/p01125/s335470448_fla_bcf_instsub.elf,input_output/p01125/input.txt,input_output/p01125/output.txt,llvm-clang-14,O0,True,OLLVM_Heroims_NewPass,"[""BCF"", ""FLA"", ""INSTSUB""]",SUCCESS,2,123,21,13,19,15.447154471544716,short,simple,short_simple,0.9571208318327924,1160,224,
p01126,s056654307,682,2412,clean_src/p01126/s056654307.c,obfuscated_bin/p01126/s056654307_fla_bcf_instsub.elf,input_output/p01126/input.txt,input_output/p01126/output.txt,llvm-clang-14,O0,True,OLLVM_Heroims_NewPass,"[""BCF"", ""FLA"", ""INSTSUB""]",SUCCESS,19,91,30,8,11,12.087912087912088,short,simple,short_simple,0.9847934846458593,1262,116,
p01127,s597372170,820,1450,clean_src/p01127/s597372170.c,obfuscated_bin/p01127/s597372170_fla_bcf_instsub.elf,input_output/p01127/input.txt,input_output/p01127/output.txt,llvm-clang-14,O0,True,OLLVM_Heroims_NewPass,"[""BCF"", ""FLA"", ""INSTSUB""]",SUCCESS,2,82,21,12,19,23.170731707317074,long,simple,long_simple,0.9828279546591814,1508,575,
p01128,s684164776,627,1202,clean_src/p01128/s684164776.c,obfuscated_bin/p01128/s684164776_fla_bcf_instsub.elf,input_output/p01128/input.txt,input_output/p01128/output.txt,llvm-clang-14,O0,True,OLLVM_Heroims_NewPass,"[""BCF"", ""FLA"", ""INSTSUB""]",SUCCESS,2,56,23,17,21,37.5,short,complex,short_complex,0.7836546251223694,1141,1111,
p01130,s103715643,383,997,clean_src/p01130/s103715643.c,obfuscated_bin/p01130/s103715643_fla_bcf_instsub.elf,input_output/p01130/input.txt,input_output/p01130/output.txt,llvm-clang-14,O0,True,OLLVM_Heroims_NewPass,"[""BCF"", ""FLA"", ""INSTSUB""]",SUCCESS,2,34,13,11,11,32.35294117647059,short,complex,short_complex,0.46638763303287534,493,975,
p01131,s678630436,709,2423,clean_src/p01131/s678630436.c,obfuscated_bin/p01131/s678630436_fla_bcf_instsub.elf,input_output/p01131/input.txt,input_output/p01131/output.txt,llvm-clang-14,O0,True,OLLVM_Heroims_NewPass,"[""BCF"", ""FLA"", ""INSTSUB""]",SUCCESS,1,110,70,70,69,62.727272727272734,long,complex,long_complex,0.881281768355731,1317,1208,
p01132,s104489706,615,1330,clean_src/p01132/s104489706.c,obfuscated_bin/p01132/s104489706_fla_bcf_instsub.elf,input_output/p01132/input.txt,input_output/p01132/output.txt,llvm-clang-14,O0,True,OLLVM_Heroims_NewPass,"[""BCF"", ""FLA"", ""INSTSUB""]",SUCCESS,1,60,26,26,25,41.66666666666667,short,complex,short_complex,0.962102813568996,1107,1175,
p01133,s961478607,449,1000,clean_src/p01133/s961478607.c,obfuscated_bin/p01133/s961478607_fla_bcf_instsub.elf,input_output/p01133/input.txt,input_output/p01133/output.txt,llvm-clang-14,O0,True,OLLVM_Heroims_NewPass,"[""BCF"", ""FLA"", ""INSTSUB""]",SUCCESS,2,56,18,10,16,28.57142857142857,short,complex,short_complex,0.9495803179920909,685,840,
p01134,s630341446,711,1540,clean_src/p01134/s630341446.c,obfuscated_bin/p01134/s630341446_fla_bcf_instsub.elf,input_output/p01134/input.txt,input_output/p01134/output.txt,llvm-clang-14,O0,True,OLLVM_Heroims_NewPass,"[""BCF"", ""FLA"", ""INSTSUB""]",SUCCESS,3,52,20,10,17,32.69230769230769,long,complex,long_complex,0.8013012023790512,1324,819,
p01136,s614515814,420,937,clean_src/p01136/s614515814.c,obfuscated_bin/p01136/s614515814_fla_bcf_instsub.elf,input_output/p01136/input.txt,input_output/p01136/output.txt,llvm-clang-14,O0,True,OLLVM_Heroims_NewPass,"[""BCF"", ""FLA"", ""INSTSUB""]",SUCCESS,1,58,22,22,21,36.206896551724135,short,complex,short_complex,0.77291928917397,610,1089,
p01137,s707316262,267,682,clean_src/p01137/s707316262.c,obfuscated_bin/p01137/s707316262_fla_bcf_instsub.elf,input_output/p01137/input.txt,input_output/p01137/output.txt,llvm-clang-14,O0,True,OLLVM_Heroims_NewPass,"[""BCF"", ""FLA"", ""INSTSUB""]",SUCCESS,2,30,12,8,10,33.33333333333333,short,complex,short_complex,0.9847310548594355,45,1001,
p01138,s934758679,641,2073,clean_src/p01138/s934758679.c,obfuscated_bin/p01138/s934758679_fla_bcf_instsub.elf,input_output/p01138/input.txt,input_output/p01138/output.txt,llvm-clang-14,O0,True,OLLVM_Heroims_NewPass,"[""BCF"", ""FLA"", ""INSTSUB""]",SUCCESS,7,76,21,6,14,18.421052631578945,short,simple,short_simple,0.8926719160195953,1165,367,
p01139,s235587746,858,2516,clean_src/p01139/s235587746.c,obfuscated_bin/p01139/s235587746_fla_bcf_instsub.elf,input_output/p01139/input.txt,input_output/p01139/output.txt,llvm-clang-14,O0,True,OLLVM_Heroims_NewPass,"[""BCF"", ""FLA"", ""INSTSUB""]",SUCCESS,1,135,46,46,45,33.33333333333333,long,complex,long_complex,0.912246878554851,1566,835,
p01140,s539611760,420,996,clean_src/p01140/s539611760.c,obfuscated_bin/p01140/s539611760_fla_bcf_instsub.elf,input_output/p01140/input.txt,input_output/p01140/output.txt,llvm-clang-14,O0,True,OLLVM_Heroims_NewPass,"[""BCF"", ""FLA"", ""INSTSUB""]",SUCCESS,1,56,17,17,16,28.57142857142857,short,complex,short_complex,0.9541754395430088,611,845,
p01142,s370337674,915,2226,clean_src/p01142/s370337674.c,obfuscated_bin/p01142/s370337674_fla_bcf_instsub.elf,input_output/p01142/input.txt,input_output/p01142/output.txt,llvm-clang-14,O0,True,OLLVM_Heroims_NewPass,"[""BCF"", ""FLA"", ""INSTSUB""]",SUCCESS,3,72,27,11,24,33.33333333333333,long,complex,long_complex,0.3810813284828961,1646,831,
p01143,s040811723,272,2448,clean_src/p01143/s040811723.c,obfuscated_bin/p01143/s040811723_fla_bcf_instsub.elf,input_output/p01143/input.txt,input_output/p01143/output.txt,llvm-clang-14,O0,True,OLLVM_Heroims_NewPass,"[""BCF"", ""FLA"", ""INSTSUB""]",SUCCESS,1,28,8,8,7,25.0,short,complex,short_complex,0.3202441597220492,68,662,
p01144,s185939546,348,719,clean_src/p01144/s185939546.c,obfuscated_bin/p01144/s185939546_fla_bcf_instsub.elf,input_output/p01144/input.txt,input_output/p01144/output.txt,llvm-clang-14,O0,True,OLLVM_Heroims_NewPass,"[""BCF"", ""FLA"", ""INSTSUB""]",SUCCESS,1,38,14,14,13,34.21052631578947,short,complex,short_complex,0.33268005325628247,360,1038,
p01145,s886351077,389,1016,clean_src/p01145/s886351077.c,obfuscated_bin/p01145/s886351077_fla_bcf_instsub.elf,input_output/p01145/input.txt,input_output/p01145/output.txt,llvm-clang-14,O0,True,OLLVM_Heroims_NewPass,"[""BCF"", ""FLA"", ""INSTSUB""]",SUCCESS,1,34,22,22,21,61.76470588235294,short,complex,short_complex,0.20875921609289405,507,1276,
p01146,s912751457,955,2437,clean_src/p01146/s912751457.c,obfuscated_bin/p01146/s912751457_fla_bcf_instsub.elf,input_output/p01146/input.txt,input_output/p01146/output.txt,llvm-clang-14,O0,True,OLLVM_Heroims_NewPass,"[""BCF"", ""FLA"", ""INSTSUB""]",SUCCESS,6,99,27,10,21,21.21212121212121,long,simple,long_simple,0.9906068738366656,1691,532,
p01147,s590447842,1019,3259,clean_src/p01147/s590447842.c,obfuscated_bin/p01147/s590447842_fla_bcf_instsub.elf,input_output/p01147/input.txt,input_output/p01147/output.txt,llvm-clang-14,O0,True,OLLVM_Heroims_NewPass,"[""BCF"", ""FLA"", ""INSTSUB""]",SUCCESS,7,160,40,13,33,20.625,long,simple,long_simple,0.21301865097570316,1759,510,
p01149,s372573667,265,713,clean_src/p01149/s372573667.c,obfuscated_bin/p01149/s372573667_fla_bcf_instsub.elf,input_output/p01149/input.txt,input_output/p01149/output.txt,llvm-clang-14,O0,True,OLLVM_Heroims_NewPass,"[""BCF"", ""FLA"", ""INSTSUB""]",SUCCESS,1,25,16,16,15,60.0,short,complex,short_complex,0.5497580265909159,39,1274,
p01150,s737085626,574,1027,clean_src/p01150/s737085626.c,obfuscated_bin/p01150/s737085626_fla_bcf_instsub.elf,input_output/p01150/input.txt,input_output/p01150/output.txt,llvm-clang-14,O0,True,OLLVM_Heroims_NewPass,"[""BCF"", ""FLA"", ""INSTSUB""]",SUCCESS,1,32,13,13,12,37.5,short,complex,short_complex,0.7416011642698422,1014,1110,
p01151,s385014400,480,1392,clean_src/p01151/s385014400.c,obfuscated_bin/p01151/s385014400_fla_bcf_instsub.elf,input_output/p01151/input.txt,input_output/p01151/output.txt,llvm-clang-14,O0,True,OLLVM_Heroims_NewPass,"[""BCF"", ""FLA"", ""INSTSUB""]",SUCCESS,3,58,21,9,18,31.03448275862069,short,complex,short_complex,0.9714417195010276,772,938,
p01153,s215111834,278,649,clean_src/p01153/s215111834.c,obfuscated_bin/p01153/s215111834_fla_bcf_instsub.elf,input_output/p01153/input.txt,input_output/p01153/output.txt,llvm-clang-14,O0,True,OLLVM_Heroims_NewPass,"[""BCF"", ""FLA"", ""INSTSUB""]",SUCCESS,1,22,11,11,10,45.45454545454545,short,complex,short_complex,0.8685922527772799,100,1213,
p01155,s702468449,599,1220,clean_src/p01155/s702468449.c,obfuscated_bin/p01155/s702468449_fla_bcf_instsub.elf,input_output/p01155/input.txt,input_output/p01155/output.txt,llvm-clang-14,O0,True,OLLVM_Heroims_NewPass,"[""BCF"", ""FLA"", ""INSTSUB""]",SUCCESS,1,50,14,14,13,26.0,short,complex,short_complex,0.35601253746984973,1069,719,
p01156,s259473316,333,978,clean_src/p01156/s259473316.c,obfuscated_bin/p01156/s259473316_fla_bcf_instsub.elf,input_output/p01156/input.txt,input_output/p01156/output.txt,llvm-clang-14,O0,True,OLLVM_Heroims_NewPass,"[""BCF"", ""FLA"", ""INSTSUB""]",SUCCESS,3,51,16,10,13,25.49019607843137,short,complex,short_complex,0.581343533037673,318,693,
p01158,s103755222,1295,3561,clean_src/p01158/s103755222.c,obfuscated_bin/p01158/s103755222_fla_bcf_instsub.elf,input_output/p01158/input.txt,input_output/p01158/output.txt,llvm-clang-14,O0,True,OLLVM_Heroims_NewPass,"[""BCF"", ""FLA"", ""INSTSUB""]",SUCCESS,9,139,44,19,35,25.179856115107913,long,simple,long_simple,0.540245571786998,1968,625,
p01163,s555494380,523,1451,clean_src/p01163/s555494380.c,obfuscated_bin/p01163/s555494380_fla_bcf_instsub.elf,input_output/p01163/input.txt,input_output/p01163/output.txt,llvm-clang-14,O0,True,OLLVM_Heroims_NewPass,"[""BCF"", ""FLA"", ""INSTSUB""]",SUCCESS,3,55,23,14,20,36.36363636363637,short,complex,short_complex,0.7007305922439045,879,1092,
p01164,s230317767,869,2229,clean_src/p01164/s230317767.c,obfuscated_bin/p01164/s230317767_fla_bcf_instsub.elf,input_output/p01164/input.txt,input_output/p01164/output.txt,llvm-clang-14,O0,True,OLLVM_Heroims_NewPass,"[""BCF"", ""FLA"", ""INSTSUB""]",SUCCESS,6,80,29,12,23,28.749999999999996,long,complex,long_complex,0.4870002499889492,1576,718,
p01168,s504312290,394,1109,clean_src/p01168/s504312290.c,obfuscated_bin/p01168/s504312290_fla_bcf_instsub.elf,input_output/p01168/input.txt,input_output/p01168/output.txt,llvm-clang-14,O0,True,OLLVM_Heroims_NewPass,"[""BCF"", ""FLA"", ""INSTSUB""]",SUCCESS,3,41,21,18,18,43.90243902439025,short,complex,short_complex,0.19871909090723738,523,1202,
p01171,s899646685,731,2013,clean_src/p01171/s899646685.c,obfuscated_bin/p01171/s899646685_fla_bcf_instsub.elf,input_output/p01171/input.txt,input_output/p01171/output.txt,llvm-clang-14,O0,True,OLLVM_Heroims_NewPass,"[""BCF"", ""FLA"", ""INSTSUB""]",SUCCESS,2,74,19,13,17,22.972972972972975,long,simple,long_simple,0.9217945508275112,1360,565,
p01172,s786666774,277,766,clean_src/p01172/s786666774.c,obfuscated_bin/p01172/s786666774_fla_bcf_instsub.elf,input_output/p01172/input.txt,input_output/p01172/output.txt,llvm-clang-14,O0,True,OLLVM_Heroims_NewPass,"[""BCF"", ""FLA"", ""INSTSUB""]",SUCCESS,3,40,10,6,7,17.5,short,simple,short_simple,0.8576502629331323,93,325,
p01173,s053374278,1499,3599,clean_src/p01173/s053374278.c,obfuscated_bin/p01173/s053374278_fla_bcf_instsub.elf,input_output/p01173/input.txt,input_output/p01173/output.txt,llvm-clang-14,O0,True,OLLVM_Heroims_NewPass,"[""BCF"", ""FLA"", ""INSTSUB""]",SUCCESS,8,148,43,20,35,23.64864864864865,long,simple,long_simple,0.9221505056631174,2074,585,
p01181,s654025475,465,1153,clean_src/p01181/s654025475.c,obfuscated_bin/p01181/s654025475_fla_bcf_instsub.elf,input_output/p01181/input.txt,input_output/p01181/output.txt,llvm-clang-14,O0,True,OLLVM_Heroims_NewPass,"[""BCF"", ""FLA"", ""INSTSUB""]",SUCCESS,3,50,19,7,16,32.0,short,complex,short_complex,0.9669746542969605,735,967,
p01184,s507959431,813,2177,clean_src/p01184/s507959431.c,obfuscated_bin/p01184/s507959431_fla_bcf_instsub.elf,input_output/p01184/input.txt,input_output/p01184/output.txt,llvm-clang-14,O0,True,OLLVM_Heroims_NewPass,"[""BCF"", ""FLA"", ""INSTSUB""]",SUCCESS,4,91,34,16,30,32.967032967032964,long,complex,long_complex,0.557388321394088,1496,823,
p01187,s792166978,499,1433,clean_src/p01187/s792166978.c,obfuscated_bin/p01187/s792166978_fla_bcf_instsub.elf,input_output/p01187/input.txt,input_output/p01187/output.txt,llvm-clang-14,O0,True,OLLVM_Heroims_NewPass,"[""BCF"", ""FLA"", ""INSTSUB""]",SUCCESS,4,69,23,9,19,27.536231884057973,short,complex,short_complex,0.7420332337766546,821,790,
p01192,s580358651,616,1745,clean_src/p01192/s580358651.c,obfuscated_bin/p01192/s580358651_fla_bcf_instsub.elf,input_output/p01192/input.txt,input_output/p01192/output.txt,llvm-clang-14,O0,True,OLLVM_Heroims_NewPass,"[""BCF"", ""FLA"", ""INSTSUB""]",SUCCESS,4,92,30,19,26,28.26086956521739,short,complex,short_complex,0.9678808060833445,1109,828,
p01193,s980628171,364,1188,clean_src/p01193/s980628171.c,obfuscated_bin/p01193/s980628171_fla_bcf_instsub.elf,input_output/p01193/input.txt,input_output/p01193/output.txt,llvm-clang-14,O0,True,OLLVM_Heroims_NewPass,"[""BCF"", ""FLA"", ""INSTSUB""]",SUCCESS,2,63,26,21,24,38.095238095238095,short,complex,short_complex,0.02425093702349601,416,1123,
p01199,s431562047,1002,2617,clean_src/p01199/s431562047.c,obfuscated_bin/p01199/s431562047_fla_bcf_instsub.elf,input_output/p01199/input.txt,input_output/p01199/output.txt,llvm-clang-14,O0,True,OLLVM_Heroims_NewPass,"[""BCF"", ""FLA"", ""INSTSUB""]",SUCCESS,6,107,35,15,29,27.102803738317753,long,complex,long_complex,0.5756357338090907,1740,679,
p01201,s967715312,2467,5123,clean_src/p01201/s967715312.c,obfuscated_bin/p01201/s967715312_fla_bcf_instsub.elf,input_output/p01201/input.txt,input_output/p01201/output.txt,llvm-clang-14,O0,True,OLLVM_Heroims_NewPass,"[""BCF"", ""FLA"", ""INSTSUB""]",SUCCESS,15,174,76,13,61,35.05747126436782,long,complex,long_complex,0.7137915074256176,2367,867,
p01202,s921465927,456,1202,clean_src/p01202/s921465927.c,obfuscated_bin/p01202/s921465927_fla_bcf_instsub.elf,input_output/p01202/input.txt,input_output/p01202/output.txt,llvm-clang-14,O0,True,OLLVM_Heroims_NewPass,"[""BCF"", ""FLA"", ""INSTSUB""]",SUCCESS,1,49,36,36,35,71.42857142857143,short,complex,short_complex,0.7905584941954032,708,1290,
p01205,s067911650,344,863,clean_src/p01205/s067911650.c,obfuscated_bin/p01205/s067911650_fla_bcf_instsub.elf,input_output/p01205/input.txt,input_output/p01205/output.txt,llvm-clang-14,O0,True,OLLVM_Heroims_NewPass,"[""BCF"", ""FLA"", ""INSTSUB""]",SUCCESS,3,42,17,8,14,33.33333333333333,short,complex,short_complex,0.37800693003365204,351,1004,
p01206,s691108801,779,1789,clean_src/p01206/s691108801.c,obfuscated_bin/p01206/s691108801_fla_bcf_instsub.elf,input_output/p01206/input.txt,input_output/p01206/output.txt,llvm-clang-14,O0,True,OLLVM_Heroims_NewPass,"[""BCF"", ""FLA"", ""INSTSUB""]",SUCCESS,6,78,40,13,34,43.58974358974359,long,complex,long_complex,0.5173336476613969,1440,1031,
p01207,s508631277,619,1676,clean_src/p01207/s508631277.c,obfuscated_bin/p01207/s508631277_fla_bcf_instsub.elf,input_output/p01207/input.txt,input_output/p01207/output.txt,llvm-clang-14,O0,True,OLLVM_Heroims_NewPass,"[""BCF"", ""FLA"", ""INSTSUB""]",SUCCESS,4,74,31,20,27,36.486486486486484,short,complex,short_complex,0.6106379839491047,1121,1093,
p01208,s008573704,1628,4089,clean_src/p01208/s008573704.c,obfuscated_bin/p01208/s008573704_fla_bcf_instsub.elf,input_output/p01208/input.txt,input_output/p01208/output.txt,llvm-clang-14,O0,True,OLLVM_Heroims_NewPass,"[""BCF"", ""FLA"", ""INSTSUB""]",SUCCESS,13,139,52,11,39,28.05755395683453,long,complex,long_complex,0.6894609477482266,2122,702,
p01209,s504788235,446,1515,clean_src/p01209/s504788235.c,obfuscated_bin/p01209/s504788235_fla_bcf_instsub.elf,input_output/p01209/input.txt,input_output/p01209/output.txt,llvm-clang-14,O0,True,OLLVM_Heroims_NewPass,"[""BCF"", ""FLA"", ""INSTSUB""]",SUCCESS,6,77,17,6,11,14.285714285714285,short,simple,short_simple,0.18131249472981092,676,181,
p01212,s983539779,926,2083,clean_src/p01212/s983539779.c,obfuscated_bin/p01212/s983539779_fla_bcf_instsub.elf,input_output/p01212/input.txt,input_output/p01212/output.txt,llvm-clang-14,O0,True,OLLVM_Heroims_NewPass,"[""BCF"", ""FLA"", ""INSTSUB""]",SUCCESS,1,70,27,27,26,37.142857142857146,long,complex,long_complex,0.6673657699863671,1660,904,
p01213,s601359332,775,2247,clean_src/p01213/s601359332.c,obfuscated_bin/p01213/s601359332_fla_bcf_instsub.elf,input_output/p01213/input.txt,input_output/p01213/output.txt,llvm-clang-14,O0,True,OLLVM_Heroims_NewPass,"[""BCF"", ""FLA"", ""INSTSUB""]",SUCCESS,6,95,26,7,20,21.052631578947366,long,simple,long_simple,0.6386763560283935,1436,528,
p01219,s205511754,514,1386,clean_src/p01219/s205511754.c,obfuscated_bin/p01219/s205511754_fla_bcf_instsub.elf,input_output/p01219/input.txt,input_output/p01219/output.txt,llvm-clang-14,O0,True,OLLVM_Heroims_NewPass,"[""BCF"", ""FLA"", ""INSTSUB""]",SUCCESS,3,62,18,8,15,24.193548387096776,short,simple,short_simple,0.967596378149335,859,631,
p01223,s856047456,296,707,clean_src/p01223/s856047456.c,obfuscated_bin/p01223/s856047456_fla_bcf_instsub.elf,input_output/p01223/input.txt,input_output/p01223/output.txt,llvm-clang-14,O0,True,OLLVM_Heroims_NewPass,"[""BCF"", ""FLA"", ""INSTSUB""]",SUCCESS,1,34,11,11,10,29.411764705882355,short,complex,short_complex,0.9430850244294218,176,875,
p01224,s511653146,701,1883,clean_src/p01224/s511653146.c,obfuscated_bin/p01224/s511653146_fla_bcf_instsub.elf,input_output/p01224/input.txt,input_output/p01224/output.txt,llvm-clang-14,O0,True,OLLVM_Heroims_NewPass,"[""BCF"", ""FLA"", ""INSTSUB""]",SUCCESS,2,66,18,13,16,24.242424242424242,long,simple,long_simple,0.7858087161593024,1304,601,
p01225,s800486446,1412,3045,clean_src/p01225/s800486446.c,obfuscated_bin/p01225/s800486446_fla_bcf_instsub.elf,input_output/p01225/input.txt,input_output/p01225/output.txt,llvm-clang-14,O0,True,OLLVM_Heroims_NewPass,"[""BCF"", ""FLA"", ""INSTSUB""]",SUCCESS,5,190,65,42,60,31.57894736842105,long,complex,long_complex,0.575064785343494,2042,790,
p01226,s574421245,1019,2360,clean_src/p01226/s574421245.c,obfuscated_bin/p01226/s574421245_fla_bcf_instsub.elf,input_output/p01226/input.txt,input_output/p01226/output.txt,llvm-clang-14,O0,True,OLLVM_Heroims_NewPass,"[""BCF"", ""FLA"", ""INSTSUB""]",SUCCESS,2,152,67,55,65,42.76315789473684,long,complex,long_complex,0.8632595656257718,1760,1012,
p01227,s897415475,356,712,clean_src/p01227/s897415475.c,obfuscated_bin/p01227/s897415475_fla_bcf_instsub.elf,input_output/p01227/input.txt,input_output/p01227/output.txt,llvm-clang-14,O0,True,OLLVM_Heroims_NewPass,"[""BCF"", ""FLA"", ""INSTSUB""]",SUCCESS,3,33,12,6,9,27.27272727272727,short,complex,short_complex,0.8085913139566294,394,770,
p01228,s021858278,564,1585,clean_src/p01228/s021858278.c,obfuscated_bin/p01228/s021858278_fla_bcf_instsub.elf,input_output/p01228/input.txt,input_output/p01228/output.txt,llvm-clang-14,O0,True,OLLVM_Heroims_NewPass,"[""BCF"", ""FLA"", ""INSTSUB""]",SUCCESS,2,82,19,16,17,20.73170731707317,short,simple,short_simple,0.9655785840092549,990,476,
p01229,s278447462,425,1069,clean_src/p01229/s278447462.c,obfuscated_bin/p01229/s278447462_fla_bcf_instsub.elf,input_output/p01229/input.txt,input_output/p01229/output.txt,llvm-clang-14,O0,True,OLLVM_Heroims_NewPass,"[""BCF"", ""FLA"", ""INSTSUB""]",SUCCESS,2,41,16,13,14,34.146341463414636,short,complex,short_complex,0.09022333076892886,625,1034,
p01231,s554179881,460,1145,clean_src/p01231/s554179881.c,obfuscated_bin/p01231/s554179881_fla_bcf_instsub.elf,input_output/p01231/input.txt,input_output/p01231/output.txt,llvm-clang-14,O0,True,OLLVM_Heroims_NewPass,"[""BCF"", ""FLA"", ""INSTSUB""]",SUCCESS,3,52,18,9,15,28.846153846153843,short,complex,short_complex,0.8237983130995589,720,850,
p01232,s432807517,809,1963,clean_src/p01232/s432807517.c,obfuscated_bin/p01232/s432807517_fla_bcf_instsub.elf,input_output/p01232/input.txt,input_output/p01232/output.txt,llvm-clang-14,O0,True,OLLVM_Heroims_NewPass,"[""BCF"", ""FLA"", ""INSTSUB""]",SUCCESS,5,91,28,10,23,25.274725274725274,long,simple,long_simple,0.8181344657521343,1488,631,
p01233,s352240446,842,2010,clean_src/p01233/s352240446.c,obfuscated_bin/p01233/s352240446_fla_bcf_instsub.elf,input_output/p01233/input.txt,input_output/p01233/output.txt,llvm-clang-14,O0,True,OLLVM_Heroims_NewPass,"[""BCF"", ""FLA"", ""INSTSUB""]",SUCCESS,5,77,50,24,45,58.44155844155844,long,complex,long_complex,0.4657533199797522,1538,1191,
p01235,s605175216,2458,5894,clean_src/p01235/s605175216.c,obfuscated_bin/p01235/s605175216_fla_bcf_instsub.elf,input_output/p01235/input.txt,input_output/p01235/output.txt,llvm-clang-14,O0,True,OLLVM_Heroims_NewPass,"[""BCF"", ""FLA"", ""INSTSUB""]",SUCCESS,27,206,82,13,55,26.699029126213592,long,complex,long_complex,0.7965272647216578,2365,668,
p01236,s603574654,1199,3437,clean_src/p01236/s603574654.c,obfuscated_bin/p01236/s603574654_fla_bcf_instsub.elf,input_output/p01236/input.txt,input_output/p01236/output.txt,llvm-clang-14,O0,True,OLLVM_Heroims_NewPass,"[""BCF"", ""FLA"", ""INSTSUB""]",SUCCESS,1,103,15,15,14,13.592233009708737,long,simple,long_simple,0.12456959910287202,1902,173,
p01238,s432341294,325,1003,clean_src/p01238/s432341294.c,obfuscated_bin/p01238/s432341294_fla_bcf_instsub.elf,input_output/p01238/input.txt,input_output/p01238/output.txt,llvm-clang-14,O0,True,OLLVM_Heroims_NewPass,"[""BCF"", ""FLA"", ""INSTSUB""]",SUCCESS,2,45,10,6,8,17.77777777777778,short,simple,short_simple,0.33899317679104346,290,337,
p01240,s676084672,1134,3016,clean_src/p01240/s676084672.c,obfuscated_bin/p01240/s676084672_fla_bcf_instsub.elf,input_output/p01240/input.txt,input_output/p01240/output.txt,llvm-clang-14,O0,True,OLLVM_Heroims_NewPass,"[""BCF"", ""FLA"", ""INSTSUB""]",SUCCESS,8,118,39,14,31,26.27118644067797,long,complex,long_complex,0.302261721934711,1863,657,
p01244,s521563775,490,2199,clean_src/p01244/s521563775.c,obfuscated_bin/p01244/s521563775_fla_bcf_instsub.elf,input_output/p01244/input.txt,input_output/p01244/output.txt,llvm-clang-14,O0,True,OLLVM_Heroims_NewPass,"[""BCF"", ""FLA"", ""INSTSUB""]",SUCCESS,2,40,7,4,5,12.5,short,simple,short_simple,0.5789367018061357,799,125,
p01248,s283895130,351,869,clean_src/p01248/s283895130.c,obfuscated_bin/p01248/s283895130_fla_bcf_instsub.elf,input_output/p01248/input.txt,input_output/p01248/output.txt,llvm-clang-14,O0,True,OLLVM_Heroims_NewPass,"[""BCF"", ""FLA"", ""INSTSUB""]",SUCCESS,2,37,14,12,12,32.432432432432435,short,complex,short_complex,0.2835561094618061,374,980,
p01249,s960804015,404,992,clean_src/p01249/s960804015.c,obfuscated_bin/p01249/s960804015_fla_bcf_instsub.elf,input_output/p01249/input.txt,input_output/p01249/output.txt,llvm-clang-14,O0,True,OLLVM_Heroims_NewPass,"[""BCF"", ""FLA"", ""INSTSUB""]",SUCCESS,1,33,13,13,12,36.36363636363637,short,complex,short_complex,0.967345785871359,560,1091,
p01251,s774919533,793,1915,clean_src/p01251/s774919533.c,obfuscated_bin/p01251/s774919533_fla_bcf_instsub.elf,input_output/p01251/input.txt,input_output/p01251/output.txt,llvm-clang-14,O0,True,OLLVM_Heroims_NewPass,"[""BCF"", ""FLA"", ""INSTSUB""]",SUCCESS,2,62,38,36,36,58.06451612903226,long,complex,long_complex,0.9813344703704678,1465,1189,
p01254,s317142708,1163,2707,clean_src/p01254/s317142708.c,obfuscated_bin/p01254/s317142708_fla_bcf_instsub.elf,input_output/p01254/input.txt,input_output/p01254/output.txt,llvm-clang-14,O0,True,OLLVM_Heroims_NewPass,"[""BCF"", ""FLA"", ""INSTSUB""]",SUCCESS,6,104,34,11,28,26.923076923076923,long,complex,long_complex,0.8500401830238979,1884,675,
p01255,s700524496,2291,6025,clean_src/p01255/s700524496.c,obfuscated_bin/p01255/s700524496_fla_bcf_instsub.elf,input_output/p01255/input.txt,input_output/p01255/output.txt,llvm-clang-14,O0,True,OLLVM_Heroims_NewPass,"[""BCF"", ""FLA"", ""INSTSUB""]",SUCCESS,16,204,88,37,72,35.294117647058826,long,complex,long_complex,0.7115455852790705,2323,874,
p01256,s817531765,966,2553,clean_src/p01256/s817531765.c,obfuscated_bin/p01256/s817531765_fla_bcf_instsub.elf,input_output/p01256/input.txt,input_output/p01256/output.txt,llvm-clang-14,O0,True,OLLVM_Heroims_NewPass,"[""BCF"", ""FLA"", ""INSTSUB""]",SUCCESS,4,86,32,15,28,32.55813953488372,long,complex,long_complex,0.7691457052236617,1703,817,
p01257,s569912357,594,1730,clean_src/p01257/s569912357.c,obfuscated_bin/p01257/s569912357_fla_bcf_instsub.elf,input_output/p01257/input.txt,input_output/p01257/output.txt,llvm-clang-14,O0,True,OLLVM_Heroims_NewPass,"[""BCF"", ""FLA"", ""INSTSUB""]",SUCCESS,7,97,30,9,23,23.711340206185564,short,simple,short_simple,0.6482986601339286,1055,611,
p01258,s767713575,315,778,clean_src/p01258/s767713575.c,obfuscated_bin/p01258/s767713575_fla_bcf_instsub.elf,input_output/p01258/input.txt,input_output/p01258/output.txt,llvm-clang-14,O0,True,OLLVM_Heroims_NewPass,"[""BCF"", ""FLA"", ""INSTSUB""]",SUCCESS,2,25,9,6,7,28.000000000000004,short,complex,short_complex,0.24280531428693652,246,805,
p01260,s062043128,406,2013,clean_src/p01260/s062043128.c,obfuscated_bin/p01260/s062043128_fla_bcf_instsub.elf,input_output/p01260/input.txt,input_output/p01260/output.txt,llvm-clang-14,O0,True,OLLVM_Heroims_NewPass,"[""BCF"", ""FLA"", ""INSTSUB""]",SUCCESS,4,57,19,9,15,26.31578947368421,short,complex,short_complex,0.45519547579124997,570,730,
p01261,s232179435,631,1671,clean_src/p01261/s232179435.c,obfuscated_bin/p01261/s232179435_fla_bcf_instsub.elf,input_output/p01261/input.txt,input_output/p01261/output.txt,llvm-clang-14,O0,True,OLLVM_Heroims_NewPass,"[""BCF"", ""FLA"", ""INSTSUB""]",SUCCESS,5,107,27,8,22,20.5607476635514,short,simple,short_simple,0.6165460787973416,1146,467,
p01263,s703663253,1671,5238,clean_src/p01263/s703663253.c,obfuscated_bin/p01263/s703663253_fla_bcf_instsub.elf,input_output/p01263/input.txt,input_output/p01263/output.txt,llvm-clang-14,O0,True,OLLVM_Heroims_NewPass,"[""BCF"", ""FLA"", ""INSTSUB""]",SUCCESS,9,172,49,17,40,23.25581395348837,long,simple,long_simple,0.9188428829293943,2144,577,
p01267,s931923287,311,701,clean_src/p01267/s931923287.c,obfuscated_bin/p01267/s931923287_fla_bcf_instsub.elf,input_output/p01267/input.txt,input_output/p01267/output.txt,llvm-clang-14,O0,True,OLLVM_Heroims_NewPass,"[""BCF"", ""FLA"", ""INSTSUB""]",SUCCESS,5,27,15,7,10,37.03703703703704,short,complex,short_complex,0.8079847456763847,233,1104,
p01268,s664737092,673,2021,clean_src/p01268/s664737092.c,obfuscated_bin/p01268/s664737092_fla_bcf_instsub.elf,input_output/p01268/input.txt,input_output/p01268/output.txt,llvm-clang-14,O0,True,OLLVM_Heroims_NewPass,"[""BCF"", ""FLA"", ""INSTSUB""]",SUCCESS,4,88,30,10,26,29.545454545454547,short,complex,short_complex,0.7944024108187525,1240,881,
p01269,s519103734,884,2098,clean_src/p01269/s519103734.c,obfuscated_bin/p01269/s519103734_fla_bcf_instsub.elf,input_output/p01269/input.txt,input_output/p01269/output.txt,llvm-clang-14,O0,True,OLLVM_Heroims_NewPass,"[""BCF"", ""FLA"", ""INSTSUB""]",SUCCESS,5,80,22,8,17,21.25,long,simple,long_simple,0.9014538424961508,1604,533,
p01270,s400706901,460,1358,clean_src/p01270/s400706901.c,obfuscated_bin/p01270/s400706901_fla_bcf_instsub.elf,input_output/p01270/input.txt,input_output/p01270/output.txt,llvm-clang-14,O0,True,OLLVM_Heroims_NewPass,"[""BCF"", ""FLA"", ""INSTSUB""]",SUCCESS,2,51,16,14,14,27.450980392156865,short,complex,short_complex,0.49663606927832826,721,781,
p01271,s677635907,816,1913,clean_src/p01271/s677635907.c,obfuscated_bin/p01271/s677635907_fla_bcf_instsub.elf,input_output/p01271/input.txt,input_output/p01271/output.txt,llvm-clang-14,O0,True,OLLVM_Heroims_NewPass,"[""BCF"", ""FLA"", ""INSTSUB""]",SUCCESS,1,53,26,26,25,47.16981132075472,long,complex,long_complex,0.8464179705084162,1501,1105,
p01273,s065185394,374,1032,clean_src/p01273/s065185394.c,obfuscated_bin/p01273/s065185394_fla_bcf_instsub.elf,input_output/p01273/input.txt,input_output/p01273/output.txt,llvm-clang-14,O0,True,OLLVM_Heroims_NewPass,"[""BCF"", ""FLA"", ""INSTSUB""]",SUCCESS,4,36,14,5,10,27.77777777777778,short,complex,short_complex,0.6655014480426668,461,796,
p01274,s869782785,469,844,clean_src/p01274/s869782785.c,obfuscated_bin/p01274/s869782785_fla_bcf_instsub.elf,input_output/p01274/input.txt,input_output/p01274/output.txt,llvm-clang-14,O0,True,OLLVM_Heroims_NewPass,"[""BCF"", ""FLA"", ""INSTSUB""]",SUCCESS,3,30,16,12,13,43.333333333333336,short,complex,short_complex,0.06599285377414221,745,1195,
p01275,s979476593,438,1322,clean_src/p01275/s979476593.c,obfuscated_bin/p01275/s979476593_fla_bcf_instsub.elf,input_output/p01275/input.txt,input_output/p01275/output.txt,llvm-clang-14,O0,True,OLLVM_Heroims_NewPass,"[""BCF"", ""FLA"", ""INSTSUB""]",SUCCESS,6,80,19,4,13,16.25,short,simple,short_simple,0.9455174041145843,656,268,
p01280,s214618024,664,1604,clean_src/p01280/s214618024.c,obfuscated_bin/p01280/s214618024_fla_bcf_instsub.elf,input_output/p01280/input.txt,input_output/p01280/output.txt,llvm-clang-14,O0,True,OLLVM_Heroims_NewPass,"[""BCF"", ""FLA"", ""INSTSUB""]",SUCCESS,4,66,24,19,20,30.303030303030305,short,complex,short_complex,0.8518931990469922,1226,913,
p01281,s566246268,605,1419,clean_src/p01281/s566246268.c,obfuscated_bin/p01281/s566246268_fla_bcf_instsub.elf,input_output/p01281/input.txt,input_output/p01281/output.txt,llvm-clang-14,O0,True,OLLVM_Heroims_NewPass,"[""BCF"", ""FLA"", ""INSTSUB""]",SUCCESS,5,83,29,9,24,28.915662650602407,short,complex,short_complex,0.908374690347689,1081,853,
p01282,s792789288,710,1783,clean_src/p01282/s792789288.c,obfuscated_bin/p01282/s792789288_fla_bcf_instsub.elf,input_output/p01282/input.txt,input_output/p01282/output.txt,llvm-clang-14,O0,True,OLLVM_Heroims_NewPass,"[""BCF"", ""FLA"", ""INSTSUB""]",SUCCESS,4,67,24,15,20,29.850746268656714,long,complex,long_complex,0.6221331566856381,1321,747,
p01283,s030159889,267,786,clean_src/p01283/s030159889.c,obfuscated_bin/p01283/s030159889_fla_bcf_instsub.elf,input_output/p01283/input.txt,input_output/p01283/output.txt,llvm-clang-14,O0,True,OLLVM_Heroims_NewPass,"[""BCF"", ""FLA"", ""INSTSUB""]",SUCCESS,1,27,11,11,10,37.03703703703704,short,complex,short_complex,0.9806260243457453,46,1105,
p01284,s438095024,364,954,clean_src/p01284/s438095024.c,obfuscated_bin/p01284/s438095024_fla_bcf_instsub.elf,input_output/p01284/input.txt,input_output/p01284/output.txt,llvm-clang-14,O0,True,OLLVM_Heroims_NewPass,"[""BCF"", ""FLA"", ""INSTSUB""]",SUCCESS,3,46,15,8,12,26.08695652173913,short,complex,short_complex,0.9624575085039656,417,720,
p01286,s044312968,1123,2911,clean_src/p01286/s044312968.c,obfuscated_bin/p01286/s044312968_fla_bcf_instsub.elf,input_output/p01286/input.txt,input_output/p01286/output.txt,llvm-clang-14,O0,True,OLLVM_Heroims_NewPass,"[""BCF"", ""FLA"", ""INSTSUB""]",SUCCESS,6,106,34,13,28,26.41509433962264,long,complex,long_complex,0.4707013263426175,1843,662,
p01287,s981763340,972,1808,clean_src/p01287/s981763340.c,obfuscated_bin/p01287/s981763340_fla_bcf_instsub.elf,input_output/p01287/input.txt,input_output/p01287/output.txt,llvm-clang-14,O0,True,OLLVM_Heroims_NewPass,"[""BCF"", ""FLA"", ""INSTSUB""]",SUCCESS,4,72,22,9,18,25.0,long,simple,long_simple,0.9717765350576818,1712,619,
p01288,s580127711,547,1732,clean_src/p01288/s580127711.c,obfuscated_bin/p01288/s580127711_fla_bcf_instsub.elf,input_output/p01288/input.txt,input_output/p01288/output.txt,llvm-clang-14,O0,True,OLLVM_Heroims_NewPass,"[""BCF"", ""FLA"", ""INSTSUB""]",SUCCESS,5,78,22,15,17,21.794871794871796,short,simple,short_simple,0.8867584730924964,944,527,
p01293,s589908347,387,985,clean_src/p01293/s589908347.c,obfuscated_bin/p01293/s589908347_fla_bcf_instsub.elf,input_output/p01293/input.txt,input_output/p01293/output.txt,llvm-clang-14,O0,True,OLLVM_Heroims_NewPass,"[""BCF"", ""FLA"", ""INSTSUB""]",SUCCESS,1,34,13,13,12,35.294117647058826,short,complex,short_complex,0.9603140569242181,503,1068,
p01294,s096417590,500,1250,clean_src/p01294/s096417590.c,obfuscated_bin/p01294/s096417590_fla_bcf_instsub.elf,input_output/p01294/input.txt,input_output/p01294/output.txt,llvm-clang-14,O0,True,OLLVM_Heroims_NewPass,"[""BCF"", ""FLA"", ""INSTSUB""]",SUCCESS,2,55,21,19,19,34.54545454545455,short,complex,short_complex,0.20435207139057865,823,1046,
p01295,s077033019,268,1035,clean_src/p01295/s077033019.c,obfuscated_bin/p01295/s077033019_fla_bcf_instsub.elf,input_output/p01295/input.txt,input_output/p01295/output.txt,llvm-clang-14,O0,True,OLLVM_Heroims_NewPass,"[""BCF"", ""FLA"", ""INSTSUB""]",SUCCESS,2,34,11,8,9,26.47058823529412,short,complex,short_complex,0.5871469592272084,47,735,
p01296,s236329906,1301,3532,clean_src/p01296/s236329906.c,obfuscated_bin/p01296/s236329906_fla_bcf_instsub.elf,input_output/p01296/input.txt,input_output/p01296/output.txt,llvm-clang-14,O0,True,OLLVM_Heroims_NewPass,"[""BCF"", ""FLA"", ""INSTSUB""]",SUCCESS,9,118,51,25,42,35.59322033898305,long,complex,long_complex,0.415959106925174,1974,878,
p01300,s453445433,269,708,clean_src/p01300/s453445433.c,obfuscated_bin/p01300/s453445433_fla_bcf_instsub.elf,input_output/p01300/input.txt,input_output/p01300/output.txt,llvm-clang-14,O0,True,OLLVM_Heroims_NewPass,"[""BCF"", ""FLA"", ""INSTSUB""]",SUCCESS,1,33,10,10,9,27.27272727272727,short,complex,short_complex,0.3470098710390861,57,773,
p01304,s050470565,447,1234,clean_src/p01304/s050470565.c,obfuscated_bin/p01304/s050470565_fla_bcf_instsub.elf,input_output/p01304/input.txt,input_output/p01304/output.txt,llvm-clang-14,O0,True,OLLVM_Heroims_NewPass,"[""BCF"", ""FLA"", ""INSTSUB""]",SUCCESS,2,51,18,16,16,31.372549019607842,short,complex,short_complex,0.9891645824154024,680,951,
p01305,s732834438,413,1106,clean_src/p01305/s732834438.c,obfuscated_bin/p01305/s732834438_fla_bcf_instsub.elf,input_output/p01305/input.txt,input_output/p01305/output.txt,llvm-clang-14,O0,True,OLLVM_Heroims_NewPass,"[""BCF"", ""FLA"", ""INSTSUB""]",SUCCESS,2,39,14,7,12,30.76923076923077,short,complex,short_complex,0.7828280955318501,592,929,
p01306,s730195956,532,1605,clean_src/p01306/s730195956.c,obfuscated_bin/p01306/s730195956_fla_bcf_instsub.elf,input_output/p01306/input.txt,input_output/p01306/output.txt,llvm-clang-14,O0,True,OLLVM_Heroims_NewPass,"[""BCF"", ""FLA"", ""INSTSUB""]",SUCCESS,3,92,13,7,10,10.869565217391305,short,simple,short_simple,0.8990255911983034,905,82,
p01308,s996195452,689,1787,clean_src/p01308/s996195452.c,obfuscated_bin/p01308/s996195452_fla_bcf_instsub.elf,input_output/p01308/input.txt,input_output/p01308/output.txt,llvm-clang-14,O0,True,OLLVM_Heroims_NewPass,"[""BCF"", ""FLA"", ""INSTSUB""]",SUCCESS,6,79,33,13,27,34.177215189873415,short,complex,short_complex,0.680716028869052,1284,1036,
p01309,s189308766,560,1442,clean_src/p01309/s189308766.c,obfuscated_bin/p01309/s189308766_fla_bcf_instsub.elf,input_output/p01309/input.txt,input_output/p01309/output.txt,llvm-clang-14,O0,True,OLLVM_Heroims_NewPass,"[""BCF"", ""FLA"", ""INSTSUB""]",SUCCESS,2,56,16,14,14,25.0,short,complex,short_complex,0.8206574557472273,985,673,
p01311,s472467422,1000,3052,clean_src/p01311/s472467422.c,obfuscated_bin/p01311/s472467422_fla_bcf_instsub.elf,input_output/p01311/input.txt,input_output/p01311/output.txt,llvm-clang-14,O0,True,OLLVM_Heroims_NewPass,"[""BCF"", ""FLA"", ""INSTSUB""]",SUCCESS,1,107,28,28,27,25.233644859813083,long,simple,long_simple,0.3279211476983649,1739,629,
p01313,s454185481,1219,2444,clean_src/p01313/s454185481.c,obfuscated_bin/p01313/s454185481_fla_bcf_instsub.elf,input_output/p01313/input.txt,input_output/p01313/output.txt,llvm-clang-14,O0,True,OLLVM_Heroims_NewPass,"[""BCF"", ""FLA"", ""INSTSUB""]",SUCCESS,4,105,21,7,17,16.19047619047619,long,simple,long_simple,0.5906627780672078,1917,322,
p01314,s706224864,611,1698,clean_src/p01314/s706224864.c,obfuscated_bin/p01314/s706224864_fla_bcf_instsub.elf,input_output/p01314/input.txt,input_output/p01314/output.txt,llvm-clang-14,O0,True,OLLVM_Heroims_NewPass,"[""BCF"", ""FLA"", ""INSTSUB""]",SUCCESS,2,60,16,13,14,23.333333333333332,short,simple,short_simple,0.4802496971723076,1099,590,
p01315,s212409236,461,980,clean_src/p01315/s212409236.c,obfuscated_bin/p01315/s212409236_fla_bcf_instsub.elf,input_output/p01315/input.txt,input_output/p01315/output.txt,llvm-clang-14,O0,True,OLLVM_Heroims_NewPass,"[""BCF"", ""FLA"", ""INSTSUB""]",SUCCESS,3,49,14,10,11,22.448979591836736,short,simple,short_simple,0.9713025825480694,725,553,
p01316,s251444774,591,1440,clean_src/p01316/s251444774.c,obfuscated_bin/p01316/s251444774_fla_bcf_instsub.elf,input_output/p01316/input.txt,input_output/p01316/output.txt,llvm-clang-14,O0,True,OLLVM_Heroims_NewPass,"[""BCF"", ""FLA"", ""INSTSUB""]",SUCCESS,3,53,23,17,20,37.735849056603776,short,complex,short_complex,0.9834639954255949,1049,1113,
p01317,s900148452,682,1465,clean_src/p01317/s900148452.c,obfuscated_bin/p01317/s900148452_fla_bcf_instsub.elf,input_output/p01317/input.txt,input_output/p01317/output.txt,llvm-clang-14,O0,True,OLLVM_Heroims_NewPass,"[""BCF"", ""FLA"", ""INSTSUB""]",SUCCESS,2,53,21,19,19,35.84905660377358,short,complex,short_complex,0.9162875584557036,1263,1081,
p01318,s432810881,1846,4446,clean_src/p01318/s432810881.c,obfuscated_bin/p01318/s432810881_fla_bcf_instsub.elf,input_output/p01318/input.txt,input_output/p01318/output.txt,llvm-clang-14,O0,True,OLLVM_Heroims_NewPass,"[""BCF"", ""FLA"", ""INSTSUB""]",SUCCESS,20,122,45,16,25,20.491803278688526,long,simple,long_simple,0.9046869418410518,2200,505,
p01321,s411317848,268,738,clean_src/p01321/s411317848.c,obfuscated_bin/p01321/s411317848_fla_bcf_instsub.elf,input_output/p01321/input.txt,input_output/p01321/output.txt,llvm-clang-14,O0,True,OLLVM_Heroims_NewPass,"[""BCF"", ""FLA"", ""INSTSUB""]",SUCCESS,1,34,8,8,7,20.588235294117645,short,simple,short_simple,0.9753317514272981,48,470,
p01322,s280645784,269,706,clean_src/p01322/s280645784.c,obfuscated_bin/p01322/s280645784_fla_bcf_instsub.elf,input_output/p01322/input.txt,input_output/p01322/output.txt,llvm-clang-14,O0,True,OLLVM_Heroims_NewPass,"[""BCF"", ""FLA"", ""INSTSUB""]",SUCCESS,2,40,13,8,11,27.500000000000004,short,complex,short_complex,0.741551165492825,58,788,
p01323,s759224119,1174,3144,clean_src/p01323/s759224119.c,obfuscated_bin/p01323/s759224119_fla_bcf_instsub.elf,input_output/p01323/input.txt,input_output/p01323/output.txt,llvm-clang-14,O0,True,OLLVM_Heroims_NewPass,"[""BCF"", ""FLA"", ""INSTSUB""]",SUCCESS,11,166,61,12,50,30.120481927710845,long,complex,long_complex,0.8937945336334157,1891,758,
p01324,s994835807,572,1758,clean_src/p01324/s994835807.c,obfuscated_bin/p01324/s994835807_fla_bcf_instsub.elf,input_output/p01324/input.txt,input_output/p01324/output.txt,llvm-clang-14,O0,True,OLLVM_Heroims_NewPass,"[""BCF"", ""FLA"", ""INSTSUB""]",SUCCESS,4,76,28,12,24,31.57894736842105,short,complex,short_complex,0.3532024263617921,1011,956,
p01325,s918878507,400,1119,clean_src/p01325/s918878507.c,obfuscated_bin/p01325/s918878507_fla_bcf_instsub.elf,input_output/p01325/input.txt,input_output/p01325/output.txt,llvm-clang-14,O0,True,OLLVM_Heroims_NewPass,"[""BCF"", ""FLA"", ""INSTSUB""]",SUCCESS,2,51,15,9,13,25.49019607843137,short,complex,short_complex,0.9508395745712979,546,692,
p01326,s324989160,487,1311,clean_src/p01326/s324989160.c,obfuscated_bin/p01326/s324989160_fla_bcf_instsub.elf,input_output/p01326/input.txt,input_output/p01326/output.txt,llvm-clang-14,O0,True,OLLVM_Heroims_NewPass,"[""BCF"", ""FLA"", ""INSTSUB""]",SUCCESS,2,58,26,17,24,41.37931034482759,short,complex,short_complex,0.5350763612244617,789,1169,
p01327,s276572277,528,1376,clean_src/p01327/s276572277.c,obfuscated_bin/p01327/s276572277_fla_bcf_instsub.elf,input_output/p01327/input.txt,input_output/p01327/output.txt,llvm-clang-14,O0,True,OLLVM_Heroims_NewPass,"[""BCF"", ""FLA"", ""INSTSUB""]",SUCCESS,2,51,11,10,9,17.647058823529413,short,simple,short_simple,0.9390536182510854,891,330,
p01329,s583577926,1329,3069,clean_src/p01329/s583577926.c,obfuscated_bin/p01329/s583577926_fla_bcf_instsub.elf,input_output/p01329/input.txt,input_output/p01329/output.txt,llvm-clang-14,O0,True,OLLVM_Heroims_NewPass,"[""BCF"", ""FLA"", ""INSTSUB""]",SUCCESS,5,128,49,18,44,34.375,long,complex,long_complex,0.496458874241105,1992,850,
p01331,s169788379,709,1726,clean_src/p01331/s169788379.c,obfuscated_bin/p01331/s169788379_fla_bcf_instsub.elf,input_output/p01331/input.txt,input_output/p01331/output.txt,llvm-clang-14,O0,True,OLLVM_Heroims_NewPass,"[""BCF"", ""FLA"", ""INSTSUB""]",SUCCESS,5,57,20,10,15,26.31578947368421,long,complex,long_complex,0.9865815588002581,1318,659,
p01333,s489298968,362,833,clean_src/p01333/s489298968.c,obfuscated_bin/p01333/s489298968_fla_bcf_instsub.elf,input_output/p01333/input.txt,input_output/p01333/output.txt,llvm-clang-14,O0,True,OLLVM_Heroims_NewPass,"[""BCF"", ""FLA"", ""INSTSUB""]",SUCCESS,1,70,13,13,12,17.142857142857142,short,simple,short_simple,0.3370936471685785,411,306,
p01334,s641014899,411,1301,clean_src/p01334/s641014899.c,obfuscated_bin/p01334/s641014899_fla_bcf_instsub.elf,input_output/p01334/input.txt,input_output/p01334/output.txt,llvm-clang-14,O0,True,OLLVM_Heroims_NewPass,"[""BCF"", ""FLA"", ""INSTSUB""]",SUCCESS,1,39,12,12,11,28.205128205128204,short,complex,short_complex,0.816925785784048,585,823,
p01335,s757024988,686,1288,clean_src/p01335/s757024988.c,obfuscated_bin/p01335/s757024988_fla_bcf_instsub.elf,input_output/p01335/input.txt,input_output/p01335/output.txt,llvm-clang-14,O0,True,OLLVM_Heroims_NewPass,"[""BCF"", ""FLA"", ""INSTSUB""]",SUCCESS,8,76,44,13,36,47.368421052631575,short,complex,short_complex,0.7034176353240648,1274,1228,
p01336,s383699505,299,765,clean_src/p01336/s383699505.c,obfuscated_bin/p01336/s383699505_fla_bcf_instsub.elf,input_output/p01336/input.txt,input_output/p01336/output.txt,llvm-clang-14,O0,True,OLLVM_Heroims_NewPass,"[""BCF"", ""FLA"", ""INSTSUB""]",SUCCESS,2,35,9,5,7,20.0,short,simple,short_simple,0.6565069970099082,190,432,
p01337,s509950071,671,1603,clean_src/p01337/s509950071.c,obfuscated_bin/p01337/s509950071_fla_bcf_instsub.elf,input_output/p01337/input.txt,input_output/p01337/output.txt,llvm-clang-14,O0,True,OLLVM_Heroims_NewPass,"[""BCF"", ""FLA"", ""INSTSUB""]",SUCCESS,2,68,30,29,28,41.17647058823529,short,complex,short_complex,0.6269173307777504,1235,1166,
p01339,s625856414,989,2629,clean_src/p01339/s625856414.c,obfuscated_bin/p01339/s625856414_fla_bcf_instsub.elf,input_output/p01339/input.txt,input_output/p01339/output.txt,llvm-clang-14,O0,True,OLLVM_Heroims_NewPass,"[""BCF"", ""FLA"", ""INSTSUB""]",SUCCESS,9,108,34,9,25,23.14814814814815,long,simple,long_simple,0.871905582982484,1728,573,
p01340,s733154730,541,1257,clean_src/p01340/s733154730.c,obfuscated_bin/p01340/s733154730_fla_bcf_instsub.elf,input_output/p01340/input.txt,input_output/p01340/output.txt,llvm-clang-14,O0,True,OLLVM_Heroims_NewPass,"[""BCF"", ""FLA"", ""INSTSUB""]",SUCCESS,3,59,19,12,16,27.11864406779661,short,complex,short_complex,0.4845720184361332,929,768,
p01347,s597653329,1143,3051,clean_src/p01347/s597653329.c,obfuscated_bin/p01347/s597653329_fla_bcf_instsub.elf,input_output/p01347/input.txt,input_output/p01347/output.txt,llvm-clang-14,O0,True,OLLVM_Heroims_NewPass,"[""BCF"", ""FLA"", ""INSTSUB""]",SUCCESS,7,118,30,14,23,19.491525423728813,long,simple,long_simple,0.8101641386517253,1870,476,
p01349,s190149120,1032,1859,clean_src/p01349/s190149120.c,obfuscated_bin/p01349/s190149120_fla_bcf_instsub.elf,input_output/p01349/input.txt,input_output/p01349/output.txt,llvm-clang-14,O0,True,OLLVM_Heroims_NewPass,"[""BCF"", ""FLA"", ""INSTSUB""]",SUCCESS,9,108,41,11,32,29.629629629629626,long,complex,long_complex,0.9876792527353305,1773,744,
p01350,s841098625,873,1881,clean_src/p01350/s841098625.c,obfuscated_bin/p01350/s841098625_fla_bcf_instsub.elf,input_output/p01350/input.txt,input_output/p01350/output.txt,llvm-clang-14,O0,True,OLLVM_Heroims_NewPass,"[""BCF"", ""FLA"", ""INSTSUB""]",SUCCESS,3,70,26,21,23,32.857142857142854,long,complex,long_complex,0.7828036152519636,1584,822,
p01351,s819657375,612,1465,clean_src/p01351/s819657375.c,obfuscated_bin/p01351/s819657375_fla_bcf_instsub.elf,input_output/p01351/input.txt,input_output/p01351/output.txt,llvm-clang-14,O0,True,OLLVM_Heroims_NewPass,"[""BCF"", ""FLA"", ""INSTSUB""]",SUCCESS,7,50,19,8,12,24.0,short,simple,short_simple,0.9089192329103368,1101,622,
p01352,s955126250,1969,5590,clean_src/p01352/s955126250.c,obfuscated_bin/p01352/s955126250_fla_bcf_instsub.elf,input_output/p01352/input.txt,input_output/p01352/output.txt,llvm-clang-14,O0,True,OLLVM_Heroims_NewPass,"[""BCF"", ""FLA"", ""INSTSUB""]",SUCCESS,20,285,65,8,45,15.789473684210526,long,simple,long_simple,0.48831574275869694,2235,283,
p01353,s505187468,425,1045,clean_src/p01353/s505187468.c,obfuscated_bin/p01353/s505187468_fla_bcf_instsub.elf,input_output/p01353/input.txt,input_output/p01353/output.txt,llvm-clang-14,O0,True,OLLVM_Heroims_NewPass,"[""BCF"", ""FLA"", ""INSTSUB""]",SUCCESS,3,38,11,8,8,21.052631578947366,short,simple,short_simple,0.8549182101249608,626,493,
p01354,s659006695,270,780,clean_src/p01354/s659006695.c,obfuscated_bin/p01354/s659006695_fla_bcf_instsub.elf,input_output/p01354/input.txt,input_output/p01354/output.txt,llvm-clang-14,O0,True,OLLVM_Heroims_NewPass,"[""BCF"", ""FLA"", ""INSTSUB""]",SUCCESS,1,28,9,9,8,28.57142857142857,short,complex,short_complex,0.4550331479380805,59,835,
p01356,s382133146,529,1441,clean_src/p01356/s382133146.c,obfuscated_bin/p01356/s382133146_fla_bcf_instsub.elf,input_output/p01356/input.txt,input_output/p01356/output.txt,llvm-clang-14,O0,True,OLLVM_Heroims_NewPass,"[""BCF"", ""FLA"", ""INSTSUB""]",SUCCESS,3,66,25,18,22,33.33333333333333,short,complex,short_complex,0.35804085658540363,895,1022,
p01358,s393651768,577,1426,clean_src/p01358/s393651768.c,obfuscated_bin/p01358/s393651768_fla_bcf_instsub.elf,input_output/p01358/input.txt,input_output/p01358/output.txt,llvm-clang-14,O0,True,OLLVM_Heroims_NewPass,"[""BCF"", ""FLA"", ""INSTSUB""]",SUCCESS,2,54,29,27,27,50.0,short,complex,short_complex,0.993390810212505,1026,1243,
p01359,s298343381,256,1144,clean_src/p01359/s298343381.c,obfuscated_bin/p01359/s298343381_fla_bcf_instsub.elf,input_output/p01359/input.txt,input_output/p01359/output.txt,llvm-clang-14,O0,True,OLLVM_Heroims_NewPass,"[""BCF"", ""FLA"", ""INSTSUB""]",SUCCESS,2,45,11,9,9,20.0,short,simple,short_simple,0.769057528696604,2,446,
p01360,s990778090,397,1862,clean_src/p01360/s990778090.c,obfuscated_bin/p01360/s990778090_fla_bcf_instsub.elf,input_output/p01360/input.txt,input_output/p01360/output.txt,llvm-clang-14,O0,True,OLLVM_Heroims_NewPass,"[""BCF"", ""FLA"", ""INSTSUB""]",SUCCESS,3,67,23,17,20,29.850746268656714,short,complex,short_complex,0.46406123861965576,531,895,
p01362,s647032807,800,1611,clean_src/p01362/s647032807.c,obfuscated_bin/p01362/s647032807_fla_bcf_instsub.elf,input_output/p01362/input.txt,input_output/p01362/output.txt,llvm-clang-14,O0,True,OLLVM_Heroims_NewPass,"[""BCF"", ""FLA"", ""INSTSUB""]",SUCCESS,8,65,41,18,33,50.76923076923077,long,complex,long_complex,0.5118458504416613,1478,1164,
p01366,s607436737,1141,2883,clean_src/p01366/s607436737.c,obfuscated_bin/p01366/s607436737_fla_bcf_instsub.elf,input_output/p01366/input.txt,input_output/p01366/output.txt,llvm-clang-14,O0,True,OLLVM_Heroims_NewPass,"[""BCF"", ""FLA"", ""INSTSUB""]",SUCCESS,7,104,31,10,24,23.076923076923077,long,simple,long_simple,0.947117786939774,1868,569,
p01367,s660407400,407,1060,clean_src/p01367/s660407400.c,obfuscated_bin/p01367/s660407400_fla_bcf_instsub.elf,input_output/p01367/input.txt,input_output/p01367/output.txt,llvm-clang-14,O0,True,OLLVM_Heroims_NewPass,"[""BCF"", ""FLA"", ""INSTSUB""]",SUCCESS,3,50,18,12,15,30.0,short,complex,short_complex,0.9781939056191504,573,900,
p01368,s259938050,616,1483,clean_src/p01368/s259938050.c,obfuscated_bin/p01368/s259938050_fla_bcf_instsub.elf,input_output/p01368/input.txt,input_output/p01368/output.txt,llvm-clang-14,O0,True,OLLVM_Heroims_NewPass,"[""BCF"", ""FLA"", ""INSTSUB""]",SUCCESS,3,63,24,17,21,33.33333333333333,short,complex,short_complex,0.9519732629695553,1110,1021,
p01388,s063131303,303,1040,clean_src/p01388/s063131303.c,obfuscated_bin/p01388/s063131303_fla_bcf_instsub.elf,input_output/p01388/input.txt,input_output/p01388/output.txt,llvm-clang-14,O0,True,OLLVM_Heroims_NewPass,"[""BCF"", ""FLA"", ""INSTSUB""]",SUCCESS,1,46,21,21,20,43.47826086956522,short,complex,short_complex,0.30503345126400305,204,1198,
p01389,s201714381,349,896,clean_src/p01389/s201714381.c,obfuscated_bin/p01389/s201714381_fla_bcf_instsub.elf,input_output/p01389/input.txt,input_output/p01389/output.txt,llvm-clang-14,O0,True,OLLVM_Heroims_NewPass,"[""BCF"", ""FLA"", ""INSTSUB""]",SUCCESS,2,40,11,9,9,22.5,short,simple,short_simple,0.8621504949325708,363,561,
p01392,s019421829,1120,3191,clean_src/p01392/s019421829.c,obfuscated_bin/p01392/s019421829_fla_bcf_instsub.elf,input_output/p01392/input.txt,input_output/p01392/output.txt,llvm-clang-14,O0,True,OLLVM_Heroims_NewPass,"[""BCF"", ""FLA"", ""INSTSUB""]",SUCCESS,3,87,21,12,18,20.689655172413794,long,simple,long_simple,0.9641320507698887,1841,515,
p01398,s551145736,291,698,clean_src/p01398/s551145736.c,obfuscated_bin/p01398/s551145736_fla_bcf_instsub.elf,input_output/p01398/input.txt,input_output/p01398/output.txt,llvm-clang-14,O0,True,OLLVM_Heroims_NewPass,"[""BCF"", ""FLA"", ""INSTSUB""]",SUCCESS,1,36,7,7,6,16.666666666666664,short,simple,short_simple,0.8851741221133308,157,286,
p01400,s913185739,983,2565,clean_src/p01400/s913185739.c,obfuscated_bin/p01400/s913185739_fla_bcf_instsub.elf,input_output/p01400/input.txt,input_output/p01400/output.txt,llvm-clang-14,O0,True,OLLVM_Heroims_NewPass,"[""BCF"", ""FLA"", ""INSTSUB""]",SUCCESS,6,95,28,8,22,23.157894736842106,long,simple,long_simple,0.9585319282694476,1723,574,
p01401,s694164582,547,1294,clean_src/p01401/s694164582.c,obfuscated_bin/p01401/s694164582_fla_bcf_instsub.elf,input_output/p01401/input.txt,input_output/p01401/output.txt,llvm-clang-14,O0,True,OLLVM_Heroims_NewPass,"[""BCF"", ""FLA"", ""INSTSUB""]",SUCCESS,2,46,15,13,13,28.26086956521739,short,complex,short_complex,0.7032172510962288,945,826,
p01402,s289406488,437,1265,clean_src/p01402/s289406488.c,obfuscated_bin/p01402/s289406488_fla_bcf_instsub.elf,input_output/p01402/input.txt,input_output/p01402/output.txt,llvm-clang-14,O0,True,OLLVM_Heroims_NewPass,"[""BCF"", ""FLA"", ""INSTSUB""]",SUCCESS,2,46,18,10,16,34.78260869565217,short,complex,short_complex,0.3039830289385559,654,1054,
p01403,s600130886,259,964,clean_src/p01403/s600130886.c,obfuscated_bin/p01403/s600130886_fla_bcf_instsub.elf,input_output/p01403/input.txt,input_output/p01403/output.txt,llvm-clang-14,O0,True,OLLVM_Heroims_NewPass,"[""BCF"", ""FLA"", ""INSTSUB""]",SUCCESS,2,30,9,6,7,23.333333333333332,short,simple,short_simple,0.33391924014868135,16,589,
p01407,s572419465,1406,3352,clean_src/p01407/s572419465.c,obfuscated_bin/p01407/s572419465_fla_bcf_instsub.elf,input_output/p01407/input.txt,input_output/p01407/output.txt,llvm-clang-14,O0,True,OLLVM_Heroims_NewPass,"[""BCF"", ""FLA"", ""INSTSUB""]",SUCCESS,6,119,44,16,38,31.932773109243694,long,complex,long_complex,0.8725874293902477,2036,795,
p01409,s894018418,1864,5590,clean_src/p01409/s894018418.c,obfuscated_bin/p01409/s894018418_fla_bcf_instsub.elf,input_output/p01409/input.txt,input_output/p01409/output.txt,llvm-clang-14,O0,True,OLLVM_Heroims_NewPass,"[""BCF"", ""FLA"", ""INSTSUB""]",SUCCESS,12,226,55,11,43,19.02654867256637,long,simple,long_simple,0.3173848857744189,2205,463,
p01410,s611166951,1219,3242,clean_src/p01410/s611166951.c,obfuscated_bin/p01410/s611166951_fla_bcf_instsub.elf,input_output/p01410/input.txt,input_output/p01410/output.txt,llvm-clang-14,O0,True,OLLVM_Heroims_NewPass,"[""BCF"", ""FLA"", ""INSTSUB""]",SUCCESS,8,119,33,12,25,21.008403361344538,long,simple,long_simple,0.49660710351347137,1918,527,
p01412,s914278635,372,895,clean_src/p01412/s914278635.c,obfuscated_bin/p01412/s914278635_fla_bcf_instsub.elf,input_output/p01412/input.txt,input_output/p01412/output.txt,llvm-clang-14,O0,True,OLLVM_Heroims_NewPass,"[""BCF"", ""FLA"", ""INSTSUB""]",SUCCESS,2,32,21,20,19,59.375,short,complex,short_complex,0.8255433766900365,449,1272,
p01416,s682833506,522,1334,clean_src/p01416/s682833506.c,obfuscated_bin/p01416/s682833506_fla_bcf_instsub.elf,input_output/p01416/input.txt,input_output/p01416/output.txt,llvm-clang-14,O0,True,OLLVM_Heroims_NewPass,"[""BCF"", ""FLA"", ""INSTSUB""]",SUCCESS,2,50,22,17,20,40.0,short,complex,short_complex,0.8582514269853994,876,1146,
p01417,s073636610,578,1329,clean_src/p01417/s073636610.c,obfuscated_bin/p01417/s073636610_fla_bcf_instsub.elf,input_output/p01417/input.txt,input_output/p01417/output.txt,llvm-clang-14,O0,True,OLLVM_Heroims_NewPass,"[""BCF"", ""FLA"", ""INSTSUB""]",SUCCESS,3,57,18,10,15,26.31578947368421,short,complex,short_complex,0.5834225553266378,1028,731,
p01418,s212806323,259,712,clean_src/p01418/s212806323.c,obfuscated_bin/p01418/s212806323_fla_bcf_instsub.elf,input_output/p01418/input.txt,input_output/p01418/output.txt,llvm-clang-14,O0,True,OLLVM_Heroims_NewPass,"[""BCF"", ""FLA"", ""INSTSUB""]",SUCCESS,2,41,10,9,8,19.51219512195122,short,simple,short_simple,0.11057728801600408,17,415,
p01419,s255812028,906,1966,clean_src/p01419/s255812028.c,obfuscated_bin/p01419/s255812028_fla_bcf_instsub.elf,input_output/p01419/input.txt,input_output/p01419/output.txt,llvm-clang-14,O0,True,OLLVM_Heroims_NewPass,"[""BCF"", ""FLA"", ""INSTSUB""]",SUCCESS,2,68,26,24,24,35.294117647058826,long,complex,long_complex,0.29094042565103984,1633,873,
p01420,s303475616,638,1458,clean_src/p01420/s303475616.c,obfuscated_bin/p01420/s303475616_fla_bcf_instsub.elf,input_output/p01420/input.txt,input_output/p01420/output.txt,llvm-clang-14,O0,True,OLLVM_Heroims_NewPass,"[""BCF"", ""FLA"", ""INSTSUB""]",SUCCESS,3,57,21,16,18,31.57894736842105,short,complex,short_complex,0.7864741089023605,1161,957,
p01421,s689448174,859,2405,clean_src/p01421/s689448174.c,obfuscated_bin/p01421/s689448174_fla_bcf_instsub.elf,input_output/p01421/input.txt,input_output/p01421/output.txt,llvm-clang-14,O0,True,OLLVM_Heroims_NewPass,"[""BCF"", ""FLA"", ""INSTSUB""]",SUCCESS,7,97,27,7,20,20.618556701030926,long,simple,long_simple,0.6227462676395096,1567,509,
p01422,s240119830,282,705,clean_src/p01422/s240119830.c,obfuscated_bin/p01422/s240119830_fla_bcf_instsub.elf,input_output/p01422/input.txt,input_output/p01422/output.txt,llvm-clang-14,O0,True,OLLVM_Heroims_NewPass,"[""BCF"", ""FLA"", ""INSTSUB""]",SUCCESS,1,25,10,10,9,36.0,short,complex,short_complex,0.9987792719756303,115,1086,
p01423,s295924305,422,1027,clean_src/p01423/s295924305.c,obfuscated_bin/p01423/s295924305_fla_bcf_instsub.elf,input_output/p01423/input.txt,input_output/p01423/output.txt,llvm-clang-14,O0,True,OLLVM_Heroims_NewPass,"[""BCF"", ""FLA"", ""INSTSUB""]",SUCCESS,3,50,20,15,17,34.0,short,complex,short_complex,0.9383635456061424,619,1028,
p01425,s301634045,688,1803,clean_src/p01425/s301634045.c,obfuscated_bin/p01425/s301634045_fla_bcf_instsub.elf,input_output/p01425/input.txt,input_output/p01425/output.txt,llvm-clang-14,O0,True,OLLVM_Heroims_NewPass,"[""BCF"", ""FLA"", ""INSTSUB""]",SUCCESS,3,61,25,17,22,36.0655737704918,short,complex,short_complex,0.9431347990933924,1282,1087,
p01427,s304775272,438,968,clean_src/p01427/s304775272.c,obfuscated_bin/p01427/s304775272_fla_bcf_instsub.elf,input_output/p01427/input.txt,input_output/p01427/output.txt,llvm-clang-14,O0,True,OLLVM_Heroims_NewPass,"[""BCF"", ""FLA"", ""INSTSUB""]",SUCCESS,2,30,12,9,10,33.33333333333333,short,complex,short_complex,0.43505346386286137,657,1005,
p01428,s524005912,917,3353,clean_src/p01428/s524005912.c,obfuscated_bin/p01428/s524005912_fla_bcf_instsub.elf,input_output/p01428/input.txt,input_output/p01428/output.txt,llvm-clang-14,O0,True,OLLVM_Heroims_NewPass,"[""BCF"", ""FLA"", ""INSTSUB""]",SUCCESS,1,101,64,64,63,62.37623762376238,long,complex,long_complex,0.607846071401473,1648,1206,
p01429,s886087868,492,1213,clean_src/p01429/s886087868.c,obfuscated_bin/p01429/s886087868_fla_bcf_instsub.elf,input_output/p01429/input.txt,input_output/p01429/output.txt,llvm-clang-14,O0,True,OLLVM_Heroims_NewPass,"[""BCF"", ""FLA"", ""INSTSUB""]",SUCCESS,5,46,12,5,7,15.217391304347828,short,simple,short_simple,0.08526855801242195,803,215,
p01430,s389413171,782,1612,clean_src/p01430/s389413171.c,obfuscated_bin/p01430/s389413171_fla_bcf_instsub.elf,input_output/p01430/input.txt,input_output/p01430/output.txt,llvm-clang-14,O0,True,OLLVM_Heroims_NewPass,"[""BCF"", ""FLA"", ""INSTSUB""]",SUCCESS,5,73,24,12,19,26.027397260273972,long,simple,long_simple,0.9453812555041183,1449,650,
p01434,s781366822,672,2016,clean_src/p01434/s781366822.c,obfuscated_bin/p01434/s781366822_fla_bcf_instsub.elf,input_output/p01434/input.txt,input_output/p01434/output.txt,llvm-clang-14,O0,True,OLLVM_Heroims_NewPass,"[""BCF"", ""FLA"", ""INSTSUB""]",SUCCESS,3,89,19,12,16,17.97752808988764,short,simple,short_simple,0.9817648420867509,1237,346,
p01437,s857429601,560,5238,clean_src/p01437/s857429601.c,obfuscated_bin/p01437/s857429601_fla_bcf_instsub.elf,input_output/p01437/input.txt,input_output/p01437/output.txt,llvm-clang-14,O0,True,OLLVM_Heroims_NewPass,"[""BCF"", ""FLA"", ""INSTSUB""]",SUCCESS,1,71,16,16,15,21.12676056338028,short,simple,short_simple,0.9889846093177329,986,500,
p01438,s730417221,257,515,clean_src/p01438/s730417221.c,obfuscated_bin/p01438/s730417221_fla_bcf_instsub.elf,input_output/p01438/input.txt,input_output/p01438/output.txt,llvm-clang-14,O0,True,OLLVM_Heroims_NewPass,"[""BCF"", ""FLA"", ""INSTSUB""]",SUCCESS,2,22,11,9,9,40.909090909090914,short,complex,short_complex,0.9698291669210146,7,1158,
p01439,s372982268,636,2047,clean_src/p01439/s372982268.c,obfuscated_bin/p01439/s372982268_fla_bcf_instsub.elf,input_output/p01439/input.txt,input_output/p01439/output.txt,llvm-clang-14,O0,True,OLLVM_Heroims_NewPass,"[""BCF"", ""FLA"", ""INSTSUB""]",SUCCESS,7,102,26,6,19,18.627450980392158,short,simple,short_simple,0.006055508317053704,1158,372,
p01443,s265122236,448,1193,clean_src/p01443/s265122236.c,obfuscated_bin/p01443/s265122236_fla_bcf_instsub.elf,input_output/p01443/input.txt,input_output/p01443/output.txt,llvm-clang-14,O0,True,OLLVM_Heroims_NewPass,"[""BCF"", ""FLA"", ""INSTSUB""]",SUCCESS,3,44,18,7,15,34.090909090909086,short,complex,short_complex,0.18653029512764852,684,1032,
p01444,s075084171,524,1313,clean_src/p01444/s075084171.c,obfuscated_bin/p01444/s075084171_fla_bcf_instsub.elf,input_output/p01444/input.txt,input_output/p01444/output.txt,llvm-clang-14,O0,True,OLLVM_Heroims_NewPass,"[""BCF"", ""FLA"", ""INSTSUB""]",SUCCESS,5,65,21,8,16,24.615384615384617,short,simple,short_simple,0.5286368767278651,883,650,
p01445,s093483454,1778,4257,clean_src/p01445/s093483454.c,obfuscated_bin/p01445/s093483454_fla_bcf_instsub.elf,input_output/p01445/input.txt,input_output/p01445/output.txt,llvm-clang-14,O0,True,OLLVM_Heroims_NewPass,"[""BCF"", ""FLA"", ""INSTSUB""]",SUCCESS,15,175,61,8,46,26.285714285714285,long,complex,long_complex,0.9707594880278342,2181,658,
p01448,s694237184,557,2181,clean_src/p01448/s694237184.c,obfuscated_bin/p01448/s694237184_fla_bcf_instsub.elf,input_output/p01448/input.txt,input_output/p01448/output.txt,llvm-clang-14,O0,True,OLLVM_Heroims_NewPass,"[""BCF"", ""FLA"", ""INSTSUB""]",SUCCESS,19,82,25,3,6,7.317073170731707,short,simple,short_simple,0.41251572227140465,971,22,
p01449,s247417691,743,2103,clean_src/p01449/s247417691.c,obfuscated_bin/p01449/s247417691_fla_bcf_instsub.elf,input_output/p01449/input.txt,input_output/p01449/output.txt,llvm-clang-14,O0,True,OLLVM_Heroims_NewPass,"[""BCF"", ""FLA"", ""INSTSUB""]",SUCCESS,6,86,25,7,19,22.093023255813954,long,simple,long_simple,0.8715012870305598,1380,549,
p01450,s181338346,874,2984,clean_src/p01450/s181338346.c,obfuscated_bin/p01450/s181338346_fla_bcf_instsub.elf,input_output/p01450/input.txt,input_output/p01450/output.txt,llvm-clang-14,O0,True,OLLVM_Heroims_NewPass,"[""BCF"", ""FLA"", ""INSTSUB""]",SUCCESS,11,147,37,10,26,17.687074829931973,long,simple,long_simple,0.4338271567733152,1588,412,
p01451,s905720547,978,2367,clean_src/p01451/s905720547.c,obfuscated_bin/p01451/s905720547_fla_bcf_instsub.elf,input_output/p01451/input.txt,input_output/p01451/output.txt,llvm-clang-14,O0,True,OLLVM_Heroims_NewPass,"[""BCF"", ""FLA"", ""INSTSUB""]",SUCCESS,10,83,34,12,24,28.915662650602407,long,complex,long_complex,0.9195190984633553,1718,722,
p01452,s914618577,487,1010,clean_src/p01452/s914618577.c,obfuscated_bin/p01452/s914618577_fla_bcf_instsub.elf,input_output/p01452/input.txt,input_output/p01452/output.txt,llvm-clang-14,O0,True,OLLVM_Heroims_NewPass,"[""BCF"", ""FLA"", ""INSTSUB""]",SUCCESS,5,54,11,4,6,11.11111111111111,short,simple,short_simple,0.9648620607184921,790,86,
p01457,s819120279,287,908,clean_src/p01457/s819120279.c,obfuscated_bin/p01457/s819120279_fla_bcf_instsub.elf,input_output/p01457/input.txt,input_output/p01457/output.txt,llvm-clang-14,O0,True,OLLVM_Heroims_NewPass,"[""BCF"", ""FLA"", ""INSTSUB""]",SUCCESS,4,66,14,4,10,15.151515151515152,short,simple,short_simple,0.7150796777021695,139,212,
p01459,s741867686,990,2017,clean_src/p01459/s741867686.c,obfuscated_bin/p01459/s741867686_fla_bcf_instsub.elf,input_output/p01459/input.txt,input_output/p01459/output.txt,llvm-clang-14,O0,True,OLLVM_Heroims_NewPass,"[""BCF"", ""FLA"", ""INSTSUB""]",SUCCESS,1,59,35,35,34,57.6271186440678,long,complex,long_complex,0.2766127822672283,1729,1187,
p01460,s590932965,2206,7160,clean_src/p01460/s590932965.c,obfuscated_bin/p01460/s590932965_fla_bcf_instsub.elf,input_output/p01460/input.txt,input_output/p01460/output.txt,llvm-clang-14,O0,True,OLLVM_Heroims_NewPass,"[""BCF"", ""FLA"", ""INSTSUB""]",SUCCESS,6,273,81,34,75,27.472527472527474,long,complex,long_complex,0.15344832316016666,2308,690,
p01461,s012685448,356,767,clean_src/p01461/s012685448.c,obfuscated_bin/p01461/s012685448_fla_bcf_instsub.elf,input_output/p01461/input.txt,input_output/p01461/output.txt,llvm-clang-14,O0,True,OLLVM_Heroims_NewPass,"[""BCF"", ""FLA"", ""INSTSUB""]",SUCCESS,2,29,6,4,4,13.793103448275861,short,simple,short_simple,0.8607078795166312,395,172,
p01462,s164451271,282,650,clean_src/p01462/s164451271.c,obfuscated_bin/p01462/s164451271_fla_bcf_instsub.elf,input_output/p01462/input.txt,input_output/p01462/output.txt,llvm-clang-14,O0,True,OLLVM_Heroims_NewPass,"[""BCF"", ""FLA"", ""INSTSUB""]",SUCCESS,1,26,11,11,10,38.46153846153847,short,complex,short_complex,0.3509856183795447,116,1127,
p01465,s218548683,700,2036,clean_src/p01465/s218548683.c,obfuscated_bin/p01465/s218548683_fla_bcf_instsub.elf,input_output/p01465/input.txt,input_output/p01465/output.txt,llvm-clang-14,O0,True,OLLVM_Heroims_NewPass,"[""BCF"", ""FLA"", ""INSTSUB""]",SUCCESS,1,75,29,29,28,37.333333333333336,long,complex,long_complex,0.9880352684136068,1302,910,
p01467,s643285605,322,718,clean_src/p01467/s643285605.c,obfuscated_bin/p01467/s643285605_fla_bcf_instsub.elf,input_output/p01467/input.txt,input_output/p01467/output.txt,llvm-clang-14,O0,True,OLLVM_Heroims_NewPass,"[""BCF"", ""FLA"", ""INSTSUB""]",SUCCESS,1,45,11,11,10,22.22222222222222,short,simple,short_simple,0.7579165309919553,275,544,
p01468,s725036643,1074,2919,clean_src/p01468/s725036643.c,obfuscated_bin/p01468/s725036643_fla_bcf_instsub.elf,input_output/p01468/input.txt,input_output/p01468/output.txt,llvm-clang-14,O0,True,OLLVM_Heroims_NewPass,"[""BCF"", ""FLA"", ""INSTSUB""]",SUCCESS,13,83,36,8,23,27.710843373493976,long,complex,long_complex,0.9467774793658142,1800,695,
p01469,s571010683,865,3319,clean_src/p01469/s571010683.c,obfuscated_bin/p01469/s571010683_fla_bcf_instsub.elf,input_output/p01469/input.txt,input_output/p01469/output.txt,llvm-clang-14,O0,True,OLLVM_Heroims_NewPass,"[""BCF"", ""FLA"", ""INSTSUB""]",SUCCESS,5,92,40,22,35,38.04347826086957,long,complex,long_complex,0.9736596128070857,1572,925,
p01470,s095975534,443,1446,clean_src/p01470/s095975534.c,obfuscated_bin/p01470/s095975534_fla_bcf_instsub.elf,input_output/p01470/input.txt,input_output/p01470/output.txt,llvm-clang-14,O0,True,OLLVM_Heroims_NewPass,"[""BCF"", ""FLA"", ""INSTSUB""]",SUCCESS,4,52,20,12,16,30.76923076923077,short,complex,short_complex,0.7355029923706852,666,932,
p01471,s062749348,400,1142,clean_src/p01471/s062749348.c,obfuscated_bin/p01471/s062749348_fla_bcf_instsub.elf,input_output/p01471/input.txt,input_output/p01471/output.txt,llvm-clang-14,O0,True,OLLVM_Heroims_NewPass,"[""BCF"", ""FLA"", ""INSTSUB""]",SUCCESS,3,39,17,10,14,35.8974358974359,short,complex,short_complex,0.7541850966355275,547,1082,
p01473,s477215725,265,1068,clean_src/p01473/s477215725.c,obfuscated_bin/p01473/s477215725_fla_bcf_instsub.elf,input_output/p01473/input.txt,input_output/p01473/output.txt,llvm-clang-14,O0,True,OLLVM_Heroims_NewPass,"[""BCF"", ""FLA"", ""INSTSUB""]",SUCCESS,3,63,10,7,7,11.11111111111111,short,simple,short_simple,0.9660121917176296,40,87,
p01478,s885249315,699,1795,clean_src/p01478/s885249315.c,obfuscated_bin/p01478/s885249315_fla_bcf_instsub.elf,input_output/p01478/input.txt,input_output/p01478/output.txt,llvm-clang-14,O0,True,OLLVM_Heroims_NewPass,"[""BCF"", ""FLA"", ""INSTSUB""]",SUCCESS,5,69,23,12,18,26.08695652173913,short,complex,short_complex,0.3648624515482233,1298,722,
p01480,s771964989,435,884,clean_src/p01480/s771964989.c,obfuscated_bin/p01480/s771964989_fla_bcf_instsub.elf,input_output/p01480/input.txt,input_output/p01480/output.txt,llvm-clang-14,O0,True,OLLVM_Heroims_NewPass,"[""BCF"", ""FLA"", ""INSTSUB""]",SUCCESS,1,32,9,9,8,25.0,short,complex,short_complex,0.8873639890983671,648,666,
p01481,s954203580,687,1544,clean_src/p01481/s954203580.c,obfuscated_bin/p01481/s954203580_fla_bcf_instsub.elf,input_output/p01481/input.txt,input_output/p01481/output.txt,llvm-clang-14,O0,True,OLLVM_Heroims_NewPass,"[""BCF"", ""FLA"", ""INSTSUB""]",SUCCESS,5,48,30,23,25,52.083333333333336,short,complex,short_complex,0.8848953855368342,1278,1253,
p01482,s959242667,695,2928,clean_src/p01482/s959242667.c,obfuscated_bin/p01482/s959242667_fla_bcf_instsub.elf,input_output/p01482/input.txt,input_output/p01482/output.txt,llvm-clang-14,O0,True,OLLVM_Heroims_NewPass,"[""BCF"", ""FLA"", ""INSTSUB""]",SUCCESS,1,110,36,36,35,31.818181818181817,short,complex,short_complex,0.09436715171773746,1292,966,
p01484,s124781613,740,2561,clean_src/p01484/s124781613.c,obfuscated_bin/p01484/s124781613_fla_bcf_instsub.elf,input_output/p01484/input.txt,input_output/p01484/output.txt,llvm-clang-14,O0,True,OLLVM_Heroims_NewPass,"[""BCF"", ""FLA"", ""INSTSUB""]",SUCCESS,2,100,27,15,25,25.0,long,simple,long_simple,0.5171928215509513,1372,623,
p01486,s518256125,317,870,clean_src/p01486/s518256125.c,obfuscated_bin/p01486/s518256125_fla_bcf_instsub.elf,input_output/p01486/input.txt,input_output/p01486/output.txt,llvm-clang-14,O0,True,OLLVM_Heroims_NewPass,"[""BCF"", ""FLA"", ""INSTSUB""]",SUCCESS,2,47,13,10,11,23.404255319148938,short,simple,short_simple,0.5677354836303046,255,595,
p01488,s303057574,1626,4083,clean_src/p01488/s303057574.c,obfuscated_bin/p01488/s303057574_fla_bcf_instsub.elf,input_output/p01488/input.txt,input_output/p01488/output.txt,llvm-clang-14,O0,True,OLLVM_Heroims_NewPass,"[""BCF"", ""FLA"", ""INSTSUB""]",SUCCESS,9,155,43,11,34,21.935483870967744,long,simple,long_simple,0.8297816418162386,2120,544,
p01489,s922126147,643,1378,clean_src/p01489/s922126147.c,obfuscated_bin/p01489/s922126147_fla_bcf_instsub.elf,input_output/p01489/input.txt,input_output/p01489/output.txt,llvm-clang-14,O0,True,OLLVM_Heroims_NewPass,"[""BCF"", ""FLA"", ""INSTSUB""]",SUCCESS,4,46,12,6,8,17.391304347826086,short,simple,short_simple,0.37206015352701927,1174,319,
p01493,s510160334,283,690,clean_src/p01493/s510160334.c,obfuscated_bin/p01493/s510160334_fla_bcf_instsub.elf,input_output/p01493/input.txt,input_output/p01493/output.txt,llvm-clang-14,O0,True,OLLVM_Heroims_NewPass,"[""BCF"", ""FLA"", ""INSTSUB""]",SUCCESS,2,32,13,9,11,34.375,short,complex,short_complex,0.9647722252336599,119,1042,
p01497,s654764559,785,2184,clean_src/p01497/s654764559.c,obfuscated_bin/p01497/s654764559_fla_bcf_instsub.elf,input_output/p01497/input.txt,input_output/p01497/output.txt,llvm-clang-14,O0,True,OLLVM_Heroims_NewPass,"[""BCF"", ""FLA"", ""INSTSUB""]",SUCCESS,2,97,27,25,25,25.773195876288657,long,simple,long_simple,0.28825382311042,1457,642,
p01498,s018449183,489,1277,clean_src/p01498/s018449183.c,obfuscated_bin/p01498/s018449183_fla_bcf_instsub.elf,input_output/p01498/input.txt,input_output/p01498/output.txt,llvm-clang-14,O0,True,OLLVM_Heroims_NewPass,"[""BCF"", ""FLA"", ""INSTSUB""]",SUCCESS,6,52,21,11,15,28.846153846153843,short,complex,short_complex,0.7648629227368426,796,851,
p01499,s655264261,369,984,clean_src/p01499/s655264261.c,obfuscated_bin/p01499/s655264261_fla_bcf_instsub.elf,input_output/p01499/input.txt,input_output/p01499/output.txt,llvm-clang-14,O0,True,OLLVM_Heroims_NewPass,"[""BCF"", ""FLA"", ""INSTSUB""]",SUCCESS,4,39,13,7,9,23.076923076923077,short,simple,short_simple,0.987243840195488,434,583,
p01501,s288468547,1367,3461,clean_src/p01501/s288468547.c,obfuscated_bin/p01501/s288468547_fla_bcf_instsub.elf,input_output/p01501/input.txt,input_output/p01501/output.txt,llvm-clang-14,O0,True,OLLVM_Heroims_NewPass,"[""BCF"", ""FLA"", ""INSTSUB""]",SUCCESS,17,94,33,7,16,17.02127659574468,long,simple,long_simple,0.04739361417442811,2007,376,
p01511,s429598632,933,2249,clean_src/p01511/s429598632.c,obfuscated_bin/p01511/s429598632_fla_bcf_instsub.elf,input_output/p01511/input.txt,input_output/p01511/output.txt,llvm-clang-14,O0,True,OLLVM_Heroims_NewPass,"[""BCF"", ""FLA"", ""INSTSUB""]",SUCCESS,6,96,30,9,24,25.0,long,simple,long_simple,0.3623131877537743,1667,621,
p01522,s986731688,313,664,clean_src/p01522/s986731688.c,obfuscated_bin/p01522/s986731688_fla_bcf_instsub.elf,input_output/p01522/input.txt,input_output/p01522/output.txt,llvm-clang-14,O0,True,OLLVM_Heroims_NewPass,"[""BCF"", ""FLA"", ""INSTSUB""]",SUCCESS,5,34,14,8,9,26.47058823529412,short,complex,short_complex,0.7271311071776757,242,736,
p01523,s142397418,315,560,clean_src/p01523/s142397418.c,obfuscated_bin/p01523/s142397418_fla_bcf_instsub.elf,input_output/p01523/input.txt,input_output/p01523/output.txt,llvm-clang-14,O0,True,OLLVM_Heroims_NewPass,"[""BCF"", ""FLA"", ""INSTSUB""]",SUCCESS,2,29,12,10,10,34.48275862068966,short,complex,short_complex,0.5752391455108612,247,1044,
p01526,s098069021,623,1554,clean_src/p01526/s098069021.c,obfuscated_bin/p01526/s098069021_fla_bcf_instsub.elf,input_output/p01526/input.txt,input_output/p01526/output.txt,llvm-clang-14,O0,True,OLLVM_Heroims_NewPass,"[""BCF"", ""FLA"", ""INSTSUB""]",SUCCESS,4,63,26,10,22,34.92063492063492,short,complex,short_complex,0.7780910665925043,1129,1056,
p01527,s840441245,283,666,clean_src/p01527/s840441245.c,obfuscated_bin/p01527/s840441245_fla_bcf_instsub.elf,input_output/p01527/input.txt,input_output/p01527/output.txt,llvm-clang-14,O0,True,OLLVM_Heroims_NewPass,"[""BCF"", ""FLA"", ""INSTSUB""]",SUCCESS,1,29,8,8,7,24.137931034482758,short,simple,short_simple,0.6156776284408078,120,627,
p01529,s530492428,373,842,clean_src/p01529/s530492428.c,obfuscated_bin/p01529/s530492428_fla_bcf_instsub.elf,input_output/p01529/input.txt,input_output/p01529/output.txt,llvm-clang-14,O0,True,OLLVM_Heroims_NewPass,"[""BCF"", ""FLA"", ""INSTSUB""]",SUCCESS,2,35,10,8,8,22.857142857142858,short,simple,short_simple,0.7845105189897006,454,574,
p01531,s535824277,626,1440,clean_src/p01531/s535824277.c,obfuscated_bin/p01531/s535824277_fla_bcf_instsub.elf,input_output/p01531/input.txt,input_output/p01531/output.txt,llvm-clang-14,O0,True,OLLVM_Heroims_NewPass,"[""BCF"", ""FLA"", ""INSTSUB""]",SUCCESS,2,91,25,19,23,25.274725274725274,short,complex,short_complex,0.5597257841307354,1136,676,
p01532,s263359593,310,1276,clean_src/p01532/s263359593.c,obfuscated_bin/p01532/s263359593_fla_bcf_instsub.elf,input_output/p01532/input.txt,input_output/p01532/output.txt,llvm-clang-14,O0,True,OLLVM_Heroims_NewPass,"[""BCF"", ""FLA"", ""INSTSUB""]",SUCCESS,1,51,12,12,11,21.568627450980394,short,simple,short_simple,0.8402470458420741,231,516,
p01533,s702232631,1025,2489,clean_src/p01533/s702232631.c,obfuscated_bin/p01533/s702232631_fla_bcf_instsub.elf,input_output/p01533/input.txt,input_output/p01533/output.txt,llvm-clang-14,O0,True,OLLVM_Heroims_NewPass,"[""BCF"", ""FLA"", ""INSTSUB""]",SUCCESS,5,87,35,17,30,34.48275862068966,long,complex,long_complex,0.8916125929155427,1767,853,
p01534,s294408574,485,1550,clean_src/p01534/s294408574.c,obfuscated_bin/p01534/s294408574_fla_bcf_instsub.elf,input_output/p01534/input.txt,input_output/p01534/output.txt,llvm-clang-14,O0,True,OLLVM_Heroims_NewPass,"[""BCF"", ""FLA"", ""INSTSUB""]",SUCCESS,3,57,23,12,20,35.08771929824561,short,complex,short_complex,0.7660944473734789,783,1062,
p01535,s136732255,2298,7067,clean_src/p01535/s136732255.c,obfuscated_bin/p01535/s136732255_fla_bcf_instsub.elf,input_output/p01535/input.txt,input_output/p01535/output.txt,llvm-clang-14,O0,True,OLLVM_Heroims_NewPass,"[""BCF"", ""FLA"", ""INSTSUB""]",SUCCESS,9,290,85,22,76,26.20689655172414,long,complex,long_complex,0.7280491874671219,2325,653,
p01536,s477078312,1769,8265,clean_src/p01536/s477078312.c,obfuscated_bin/p01536/s477078312_fla_bcf_instsub.elf,input_output/p01536/input.txt,input_output/p01536/output.txt,llvm-clang-14,O0,True,OLLVM_Heroims_NewPass,"[""BCF"", ""FLA"", ""INSTSUB""]",SUCCESS,9,270,83,47,74,27.40740740740741,long,complex,long_complex,0.5864672566753569,2176,686,
p01537,s877582066,956,2411,clean_src/p01537/s877582066.c,obfuscated_bin/p01537/s877582066_fla_bcf_instsub.elf,input_output/p01537/input.txt,input_output/p01537/output.txt,llvm-clang-14,O0,True,OLLVM_Heroims_NewPass,"[""BCF"", ""FLA"", ""INSTSUB""]",SUCCESS,5,109,38,21,33,30.275229357798167,long,complex,long_complex,0.9601888222022174,1693,764,
p01538,s194164592,349,1104,clean_src/p01538/s194164592.c,obfuscated_bin/p01538/s194164592_fla_bcf_instsub.elf,input_output/p01538/input.txt,input_output/p01538/output.txt,llvm-clang-14,O0,True,OLLVM_Heroims_NewPass,"[""BCF"", ""FLA"", ""INSTSUB""]",SUCCESS,3,50,13,7,10,20.0,short,simple,short_simple,0.5494283398355595,364,441,
p01539,s920540782,1098,2588,clean_src/p01539/s920540782.c,obfuscated_bin/p01539/s920540782_fla_bcf_instsub.elf,input_output/p01539/input.txt,input_output/p01539/output.txt,llvm-clang-14,O0,True,OLLVM_Heroims_NewPass,"[""BCF"", ""FLA"", ""INSTSUB""]",SUCCESS,6,91,30,14,24,26.373626373626376,long,complex,long_complex,0.6428380080492001,1826,661,
p01540,s707360279,887,2035,clean_src/p01540/s707360279.c,obfuscated_bin/p01540/s707360279_fla_bcf_instsub.elf,input_output/p01540/input.txt,input_output/p01540/output.txt,llvm-clang-14,O0,True,OLLVM_Heroims_NewPass,"[""BCF"", ""FLA"", ""INSTSUB""]",SUCCESS,7,82,29,9,22,26.82926829268293,long,complex,long_complex,0.9930021141344197,1614,672,
p01542,s231123056,855,3026,clean_src/p01542/s231123056.c,obfuscated_bin/p01542/s231123056_fla_bcf_instsub.elf,input_output/p01542/input.txt,input_output/p01542/output.txt,llvm-clang-14,O0,True,OLLVM_Heroims_NewPass,"[""BCF"", ""FLA"", ""INSTSUB""]",SUCCESS,3,134,50,31,47,35.07462686567165,long,complex,long_complex,0.9218767811275648,1557,868,
p01543,s188421439,1615,4081,clean_src/p01543/s188421439.c,obfuscated_bin/p01543/s188421439_fla_bcf_instsub.elf,input_output/p01543/input.txt,input_output/p01543/output.txt,llvm-clang-14,O0,True,OLLVM_Heroims_NewPass,"[""BCF"", ""FLA"", ""INSTSUB""]",SUCCESS,8,148,52,22,44,29.72972972972973,long,complex,long_complex,0.13365806391822155,2115,746,
p01544,s377159039,681,1813,clean_src/p01544/s377159039.c,obfuscated_bin/p01544/s377159039_fla_bcf_instsub.elf,input_output/p01544/input.txt,input_output/p01544/output.txt,llvm-clang-14,O0,True,OLLVM_Heroims_NewPass,"[""BCF"", ""FLA"", ""INSTSUB""]",SUCCESS,3,72,24,16,21,29.166666666666668,short,complex,short_complex,0.6209654914482555,1259,868,
p01545,s921980217,416,1130,clean_src/p01545/s921980217.c,obfuscated_bin/p01545/s921980217_fla_bcf_instsub.elf,input_output/p01545/input.txt,input_output/p01545/output.txt,llvm-clang-14,O0,True,OLLVM_Heroims_NewPass,"[""BCF"", ""FLA"", ""INSTSUB""]",SUCCESS,4,49,15,6,11,22.448979591836736,short,simple,short_simple,0.40130092911859316,598,552,
p01549,s968437222,935,2831,clean_src/p01549/s968437222.c,obfuscated_bin/p01549/s968437222_fla_bcf_instsub.elf,input_output/p01549/input.txt,input_output/p01549/output.txt,llvm-clang-14,O0,True,OLLVM_Heroims_NewPass,"[""BCF"", ""FLA"", ""INSTSUB""]",SUCCESS,12,155,42,11,30,19.35483870967742,long,simple,long_simple,0.9438735262760347,1670,472,
p01551,s562293148,1379,3232,clean_src/p01551/s562293148.c,obfuscated_bin/p01551/s562293148_fla_bcf_instsub.elf,input_output/p01551/input.txt,input_output/p01551/output.txt,llvm-clang-14,O0,True,OLLVM_Heroims_NewPass,"[""BCF"", ""FLA"", ""INSTSUB""]",SUCCESS,4,130,54,42,50,38.46153846153847,long,complex,long_complex,0.459182228446804,2013,930,
p01552,s116110150,468,1667,clean_src/p01552/s116110150.c,obfuscated_bin/p01552/s116110150_fla_bcf_instsub.elf,input_output/p01552/input.txt,input_output/p01552/output.txt,llvm-clang-14,O0,True,OLLVM_Heroims_NewPass,"[""BCF"", ""FLA"", ""INSTSUB""]",SUCCESS,1,89,16,16,15,16.853932584269664,short,simple,short_simple,0.8146434134076571,739,290,
p01553,s719070572,303,664,clean_src/p01553/s719070572.c,obfuscated_bin/p01553/s719070572_fla_bcf_instsub.elf,input_output/p01553/input.txt,input_output/p01553/output.txt,llvm-clang-14,O0,True,OLLVM_Heroims_NewPass,"[""BCF"", ""FLA"", ""INSTSUB""]",SUCCESS,1,26,7,7,6,23.076923076923077,short,simple,short_simple,0.7591751149611017,205,582,
p01554,s773151550,382,985,clean_src/p01554/s773151550.c,obfuscated_bin/p01554/s773151550_fla_bcf_instsub.elf,input_output/p01554/input.txt,input_output/p01554/output.txt,llvm-clang-14,O0,True,OLLVM_Heroims_NewPass,"[""BCF"", ""FLA"", ""INSTSUB""]",SUCCESS,1,56,17,17,16,28.57142857142857,short,complex,short_complex,0.9846475722965508,490,846,
p01555,s970490103,1300,3849,clean_src/p01555/s970490103.c,obfuscated_bin/p01555/s970490103_fla_bcf_instsub.elf,input_output/p01555/input.txt,input_output/p01555/output.txt,llvm-clang-14,O0,True,OLLVM_Heroims_NewPass,"[""BCF"", ""FLA"", ""INSTSUB""]",SUCCESS,11,163,34,9,23,14.11042944785276,long,simple,long_simple,0.7706406069735667,1973,188,
p01557,s831746510,548,1507,clean_src/p01557/s831746510.c,obfuscated_bin/p01557/s831746510_fla_bcf_instsub.elf,input_output/p01557/input.txt,input_output/p01557/output.txt,llvm-clang-14,O0,True,OLLVM_Heroims_NewPass,"[""BCF"", ""FLA"", ""INSTSUB""]",SUCCESS,4,60,16,5,12,20.0,short,simple,short_simple,0.7736243678110964,949,435,
p01558,s557137827,844,1843,clean_src/p01558/s557137827.c,obfuscated_bin/p01558/s557137827_fla_bcf_instsub.elf,input_output/p01558/input.txt,input_output/p01558/output.txt,llvm-clang-14,O0,True,OLLVM_Heroims_NewPass,"[""BCF"", ""FLA"", ""INSTSUB""]",SUCCESS,8,70,29,8,21,30.0,long,complex,long_complex,0.6810416011216688,1541,749,
p01561,s706861073,959,2180,clean_src/p01561/s706861073.c,obfuscated_bin/p01561/s706861073_fla_bcf_instsub.elf,input_output/p01561/input.txt,input_output/p01561/output.txt,llvm-clang-14,O0,True,OLLVM_Heroims_NewPass,"[""BCF"", ""FLA"", ""INSTSUB""]",SUCCESS,5,82,27,9,22,26.82926829268293,long,complex,long_complex,0.9612944647650794,1696,673,
p01563,s248090133,635,1394,clean_src/p01563/s248090133.c,obfuscated_bin/p01563/s248090133_fla_bcf_instsub.elf,input_output/p01563/input.txt,input_output/p01563/output.txt,llvm-clang-14,O0,True,OLLVM_Heroims_NewPass,"[""BCF"", ""FLA"", ""INSTSUB""]",SUCCESS,2,50,21,20,19,38.0,short,complex,short_complex,0.23107700040544676,1156,1121,
p01570,s796235385,620,1565,clean_src/p01570/s796235385.c,obfuscated_bin/p01570/s796235385_fla_bcf_instsub.elf,input_output/p01570/input.txt,input_output/p01570/output.txt,llvm-clang-14,O0,True,OLLVM_Heroims_NewPass,"[""BCF"", ""FLA"", ""INSTSUB""]",SUCCESS,4,66,19,11,15,22.727272727272727,short,simple,short_simple,0.6662837713528078,1123,569,
p01571,s327549193,1794,4359,clean_src/p01571/s327549193.c,obfuscated_bin/p01571/s327549193_fla_bcf_instsub.elf,input_output/p01571/input.txt,input_output/p01571/output.txt,llvm-clang-14,O0,True,OLLVM_Heroims_NewPass,"[""BCF"", ""FLA"", ""INSTSUB""]",SUCCESS,10,158,53,13,43,27.21518987341772,long,complex,long_complex,0.666408545759649,2188,683,
p01592,s939347612,309,850,clean_src/p01592/s939347612.c,obfuscated_bin/p01592/s939347612_fla_bcf_instsub.elf,input_output/p01592/input.txt,input_output/p01592/output.txt,llvm-clang-14,O0,True,OLLVM_Heroims_NewPass,"[""BCF"", ""FLA"", ""INSTSUB""]",SUCCESS,3,42,13,6,10,23.809523809523807,short,simple,short_simple,0.875332013728851,226,615,
p01600,s019997628,884,3855,clean_src/p01600/s019997628.c,obfuscated_bin/p01600/s019997628_fla_bcf_instsub.elf,input_output/p01600/input.txt,input_output/p01600/output.txt,llvm-clang-14,O0,True,OLLVM_Heroims_NewPass,"[""BCF"", ""FLA"", ""INSTSUB""]",SUCCESS,8,133,27,6,19,14.285714285714285,long,simple,long_simple,0.9755898296760135,1605,200,
p01601,s299523666,406,1243,clean_src/p01601/s299523666.c,obfuscated_bin/p01601/s299523666_fla_bcf_instsub.elf,input_output/p01601/input.txt,input_output/p01601/output.txt,llvm-clang-14,O0,True,OLLVM_Heroims_NewPass,"[""BCF"", ""FLA"", ""INSTSUB""]",SUCCESS,4,59,22,8,18,30.508474576271187,short,complex,short_complex,0.7160289610819623,571,921,
p01604,s957324137,392,947,clean_src/p01604/s957324137.c,obfuscated_bin/p01604/s957324137_fla_bcf_instsub.elf,input_output/p01604/input.txt,input_output/p01604/output.txt,llvm-clang-14,O0,True,OLLVM_Heroims_NewPass,"[""BCF"", ""FLA"", ""INSTSUB""]",SUCCESS,2,48,16,10,14,29.166666666666668,short,complex,short_complex,0.883142260600354,519,867,
p01606,s471551800,513,1367,clean_src/p01606/s471551800.c,obfuscated_bin/p01606/s471551800_fla_bcf_instsub.elf,input_output/p01606/input.txt,input_output/p01606/output.txt,llvm-clang-14,O0,True,OLLVM_Heroims_NewPass,"[""BCF"", ""FLA"", ""INSTSUB""]",SUCCESS,3,51,22,13,19,37.254901960784316,short,complex,short_complex,0.975322847163012,855,1109,
p01610,s969054598,1323,2043,clean_src/p01610/s969054598.c,obfuscated_bin/p01610/s969054598_fla_bcf_instsub.elf,input_output/p01610/input.txt,input_output/p01610/output.txt,llvm-clang-14,O0,True,OLLVM_Heroims_NewPass,"[""BCF"", ""FLA"", ""INSTSUB""]",SUCCESS,7,77,16,8,9,11.688311688311687,long,simple,long_simple,0.8525774361066174,1988,113,
p01620,s195341996,288,714,clean_src/p01620/s195341996.c,obfuscated_bin/p01620/s195341996_fla_bcf_instsub.elf,input_output/p01620/input.txt,input_output/p01620/output.txt,llvm-clang-14,O0,True,OLLVM_Heroims_NewPass,"[""BCF"", ""FLA"", ""INSTSUB""]",SUCCESS,1,49,12,12,11,22.448979591836736,short,simple,short_simple,0.6976465212242449,142,554,
p01621,s204527463,650,1648,clean_src/p01621/s204527463.c,obfuscated_bin/p01621/s204527463_fla_bcf_instsub.elf,input_output/p01621/input.txt,input_output/p01621/output.txt,llvm-clang-14,O0,True,OLLVM_Heroims_NewPass,"[""BCF"", ""FLA"", ""INSTSUB""]",SUCCESS,2,45,17,15,15,33.33333333333333,short,complex,short_complex,0.31724461029022544,1193,1016,
p01622,s071805693,359,1197,clean_src/p01622/s071805693.c,obfuscated_bin/p01622/s071805693_fla_bcf_instsub.elf,input_output/p01622/input.txt,input_output/p01622/output.txt,llvm-clang-14,O0,True,OLLVM_Heroims_NewPass,"[""BCF"", ""FLA"", ""INSTSUB""]",SUCCESS,1,42,12,12,11,26.190476190476193,short,complex,short_complex,0.503726270595393,405,725,
p01624,s910011999,1206,4778,clean_src/p01624/s910011999.c,obfuscated_bin/p01624/s910011999_fla_bcf_instsub.elf,input_output/p01624/input.txt,input_output/p01624/output.txt,llvm-clang-14,O0,True,OLLVM_Heroims_NewPass,"[""BCF"", ""FLA"", ""INSTSUB""]",SUCCESS,4,170,73,29,69,40.588235294117645,long,complex,long_complex,0.7841175373045164,1908,961,
p01628,s696308437,640,2104,clean_src/p01628/s696308437.c,obfuscated_bin/p01628/s696308437_fla_bcf_instsub.elf,input_output/p01628/input.txt,input_output/p01628/output.txt,llvm-clang-14,O0,True,OLLVM_Heroims_NewPass,"[""BCF"", ""FLA"", ""INSTSUB""]",SUCCESS,5,74,21,9,16,21.62162162162162,short,simple,short_simple,0.967192505601626,1163,518,
p01629,s098039948,883,2189,clean_src/p01629/s098039948.c,obfuscated_bin/p01629/s098039948_fla_bcf_instsub.elf,input_output/p01629/input.txt,input_output/p01629/output.txt,llvm-clang-14,O0,True,OLLVM_Heroims_NewPass,"[""BCF"", ""FLA"", ""INSTSUB""]",SUCCESS,10,131,44,10,34,25.954198473282442,long,simple,long_simple,0.9906156766534872,1603,647,
p01631,s724904541,932,2458,clean_src/p01631/s724904541.c,obfuscated_bin/p01631/s724904541_fla_bcf_instsub.elf,input_output/p01631/input.txt,input_output/p01631/output.txt,llvm-clang-14,O0,True,OLLVM_Heroims_NewPass,"[""BCF"", ""FLA"", ""INSTSUB""]",SUCCESS,7,121,30,8,23,19.00826446280992,long,simple,long_simple,0.48625641638991746,1665,462,
p01632,s233973268,647,1162,clean_src/p01632/s233973268.c,obfuscated_bin/p01632/s233973268_fla_bcf_instsub.elf,input_output/p01632/input.txt,input_output/p01632/output.txt,llvm-clang-14,O0,True,OLLVM_Heroims_NewPass,"[""BCF"", ""FLA"", ""INSTSUB""]",SUCCESS,4,58,19,7,15,25.862068965517242,short,complex,short_complex,0.7607498965123723,1186,715,
p01646,s312449694,459,1223,clean_src/p01646/s312449694.c,obfuscated_bin/p01646/s312449694_fla_bcf_instsub.elf,input_output/p01646/input.txt,input_output/p01646/output.txt,llvm-clang-14,O0,True,OLLVM_Heroims_NewPass,"[""BCF"", ""FLA"", ""INSTSUB""]",SUCCESS,4,50,25,12,21,42.0,short,complex,short_complex,0.9865344756181691,718,1178,
p01648,s782267295,622,1333,clean_src/p01648/s782267295.c,obfuscated_bin/p01648/s782267295_fla_bcf_instsub.elf,input_output/p01648/input.txt,input_output/p01648/output.txt,llvm-clang-14,O0,True,OLLVM_Heroims_NewPass,"[""BCF"", ""FLA"", ""INSTSUB""]",SUCCESS,6,52,26,6,20,38.46153846153847,short,complex,short_complex,0.6260024306504445,1125,1126,
p01650,s182325312,854,1893,clean_src/p01650/s182325312.c,obfuscated_bin/p01650/s182325312_fla_bcf_instsub.elf,input_output/p01650/input.txt,input_output/p01650/output.txt,llvm-clang-14,O0,True,OLLVM_Heroims_NewPass,"[""BCF"", ""FLA"", ""INSTSUB""]",SUCCESS,3,65,32,18,29,44.61538461538462,long,complex,long_complex,0.8660536466046935,1554,1053,
p01651,s966104090,549,1656,clean_src/p01651/s966104090.c,obfuscated_bin/p01651/s966104090_fla_bcf_instsub.elf,input_output/p01651/input.txt,input_output/p01651/output.txt,llvm-clang-14,O0,True,OLLVM_Heroims_NewPass,"[""BCF"", ""FLA"", ""INSTSUB""]",SUCCESS,5,71,26,10,21,29.577464788732392,short,complex,short_complex,0.1744654784698454,953,885,
p01655,s853314054,950,1965,clean_src/p01655/s853314054.c,obfuscated_bin/p01655/s853314054_fla_bcf_instsub.elf,input_output/p01655/input.txt,input_output/p01655/output.txt,llvm-clang-14,O0,True,OLLVM_Heroims_NewPass,"[""BCF"", ""FLA"", ""INSTSUB""]",SUCCESS,4,88,43,19,39,44.31818181818182,long,complex,long_complex,0.6958578859309703,1686,1047,
p01658,s662043134,344,577,clean_src/p01658/s662043134.c,obfuscated_bin/p01658/s662043134_fla_bcf_instsub.elf,input_output/p01658/input.txt,input_output/p01658/output.txt,llvm-clang-14,O0,True,OLLVM_Heroims_NewPass,"[""BCF"", ""FLA"", ""INSTSUB""]",SUCCESS,1,27,18,18,17,62.96296296296296,short,complex,short_complex,0.8972394021133875,352,1278,
p01661,s241018467,551,1222,clean_src/p01661/s241018467.c,obfuscated_bin/p01661/s241018467_fla_bcf_instsub.elf,input_output/p01661/input.txt,input_output/p01661/output.txt,llvm-clang-14,O0,True,OLLVM_Heroims_NewPass,"[""BCF"", ""FLA"", ""INSTSUB""]",SUCCESS,2,42,18,16,16,38.095238095238095,short,complex,short_complex,0.8601404709369117,957,1122,
p01668,s752059729,677,1817,clean_src/p01668/s752059729.c,obfuscated_bin/p01668/s752059729_fla_bcf_instsub.elf,input_output/p01668/input.txt,input_output/p01668/output.txt,llvm-clang-14,O0,True,OLLVM_Heroims_NewPass,"[""BCF"", ""FLA"", ""INSTSUB""]",SUCCESS,4,69,34,17,30,43.47826086956522,short,complex,short_complex,0.5856455643942358,1249,1196,
p01676,s889917061,355,999,clean_src/p01676/s889917061.c,obfuscated_bin/p01676/s889917061_fla_bcf_instsub.elf,input_output/p01676/input.txt,input_output/p01676/output.txt,llvm-clang-14,O0,True,OLLVM_Heroims_NewPass,"[""BCF"", ""FLA"", ""INSTSUB""]",SUCCESS,6,34,14,4,8,23.52941176470588,short,simple,short_simple,0.23516609910021014,386,603,
p01677,s178590614,455,1017,clean_src/p01677/s178590614.c,obfuscated_bin/p01677/s178590614_fla_bcf_instsub.elf,input_output/p01677/input.txt,input_output/p01677/output.txt,llvm-clang-14,O0,True,OLLVM_Heroims_NewPass,"[""BCF"", ""FLA"", ""INSTSUB""]",SUCCESS,2,60,24,13,22,36.666666666666664,short,complex,short_complex,0.5727521003634181,705,1098,
p01678,s066427786,581,1096,clean_src/p01678/s066427786.c,obfuscated_bin/p01678/s066427786_fla_bcf_instsub.elf,input_output/p01678/input.txt,input_output/p01678/output.txt,llvm-clang-14,O0,True,OLLVM_Heroims_NewPass,"[""BCF"", ""FLA"", ""INSTSUB""]",SUCCESS,1,55,29,29,28,50.90909090909091,short,complex,short_complex,0.5850743882827402,1035,1247,
p01682,s424591383,404,1180,clean_src/p01682/s424591383.c,obfuscated_bin/p01682/s424591383_fla_bcf_instsub.elf,input_output/p01682/input.txt,input_output/p01682/output.txt,llvm-clang-14,O0,True,OLLVM_Heroims_NewPass,"[""BCF"", ""FLA"", ""INSTSUB""]",SUCCESS,1,45,21,21,20,44.44444444444444,short,complex,short_complex,0.728794466540259,561,1208,
p01687,s146593197,364,1159,clean_src/p01687/s146593197.c,obfuscated_bin/p01687/s146593197_fla_bcf_instsub.elf,input_output/p01687/input.txt,input_output/p01687/output.txt,llvm-clang-14,O0,True,OLLVM_Heroims_NewPass,"[""BCF"", ""FLA"", ""INSTSUB""]",SUCCESS,3,61,21,15,18,29.508196721311474,short,complex,short_complex,0.6467991327075746,418,878,
p01688,s922240304,468,1422,clean_src/p01688/s922240304.c,obfuscated_bin/p01688/s922240304_fla_bcf_instsub.elf,input_output/p01688/input.txt,input_output/p01688/output.txt,llvm-clang-14,O0,True,OLLVM_Heroims_NewPass,"[""BCF"", ""FLA"", ""INSTSUB""]",SUCCESS,4,72,18,8,14,19.444444444444446,short,simple,short_simple,0.8275638613842621,740,409,
p01689,s746824615,874,1527,clean_src/p01689/s746824615.c,obfuscated_bin/p01689/s746824615_fla_bcf_instsub.elf,input_output/p01689/input.txt,input_output/p01689/output.txt,llvm-clang-14,O0,True,OLLVM_Heroims_NewPass,"[""BCF"", ""FLA"", ""INSTSUB""]",SUCCESS,3,59,29,25,26,44.06779661016949,long,complex,long_complex,0.09685624652707892,1589,1044,
p01690,s651101224,830,1664,clean_src/p01690/s651101224.c,obfuscated_bin/p01690/s651101224_fla_bcf_instsub.elf,input_output/p01690/input.txt,input_output/p01690/output.txt,llvm-clang-14,O0,True,OLLVM_Heroims_NewPass,"[""BCF"", ""FLA"", ""INSTSUB""]",SUCCESS,2,47,26,24,24,51.06382978723404,long,complex,long_complex,0.9499445429637211,1523,1165,
p01691,s390202622,1712,4460,clean_src/p01691/s390202622.c,obfuscated_bin/p01691/s390202622_fla_bcf_instsub.elf,input_output/p01691/input.txt,input_output/p01691/output.txt,llvm-clang-14,O0,True,OLLVM_Heroims_NewPass,"[""BCF"", ""FLA"", ""INSTSUB""]",SUCCESS,23,147,60,12,37,25.170068027210885,long,simple,long_simple,0.28689087618935427,2164,624,
p01693,s239922327,1066,2864,clean_src/p01693/s239922327.c,obfuscated_bin/p01693/s239922327_fla_bcf_instsub.elf,input_output/p01693/input.txt,input_output/p01693/output.txt,llvm-clang-14,O0,True,OLLVM_Heroims_NewPass,"[""BCF"", ""FLA"", ""INSTSUB""]",SUCCESS,7,112,31,12,24,21.428571428571427,long,simple,long_simple,0.6538377900491156,1793,537,
p01694,s404598200,536,2068,clean_src/p01694/s404598200.c,obfuscated_bin/p01694/s404598200_fla_bcf_instsub.elf,input_output/p01694/input.txt,input_output/p01694/output.txt,llvm-clang-14,O0,True,OLLVM_Heroims_NewPass,"[""BCF"", ""FLA"", ""INSTSUB""]",SUCCESS,18,78,25,5,7,8.974358974358974,short,simple,short_simple,0.9060956465323171,913,42,
p01695,s955274826,449,1425,clean_src/p01695/s955274826.c,obfuscated_bin/p01695/s955274826_fla_bcf_instsub.elf,input_output/p01695/input.txt,input_output/p01695/output.txt,llvm-clang-14,O0,True,OLLVM_Heroims_NewPass,"[""BCF"", ""FLA"", ""INSTSUB""]",SUCCESS,5,78,20,7,15,19.230769230769234,short,simple,short_simple,0.7369028530846191,686,396,
p01696,s577689506,742,2750,clean_src/p01696/s577689506.c,obfuscated_bin/p01696/s577689506_fla_bcf_instsub.elf,input_output/p01696/input.txt,input_output/p01696/output.txt,llvm-clang-14,O0,True,OLLVM_Heroims_NewPass,"[""BCF"", ""FLA"", ""INSTSUB""]",SUCCESS,19,111,30,9,11,9.90990990990991,long,simple,long_simple,0.7955285633876924,1378,78,
p01698,s987459249,839,2100,clean_src/p01698/s987459249.c,obfuscated_bin/p01698/s987459249_fla_bcf_instsub.elf,input_output/p01698/input.txt,input_output/p01698/output.txt,llvm-clang-14,O0,True,OLLVM_Heroims_NewPass,"[""BCF"", ""FLA"", ""INSTSUB""]",SUCCESS,4,60,20,12,16,26.666666666666668,long,complex,long_complex,0.6025820245220649,1536,667,
p01701,s442672965,473,2687,clean_src/p01701/s442672965.c,obfuscated_bin/p01701/s442672965_fla_bcf_instsub.elf,input_output/p01701/input.txt,input_output/p01701/output.txt,llvm-clang-14,O0,True,OLLVM_Heroims_NewPass,"[""BCF"", ""FLA"", ""INSTSUB""]",SUCCESS,6,114,18,5,12,10.526315789473683,short,simple,short_simple,0.6258120327088061,753,73,
p01702,s412852986,341,827,clean_src/p01702/s412852986.c,obfuscated_bin/p01702/s412852986_fla_bcf_instsub.elf,input_output/p01702/input.txt,input_output/p01702/output.txt,llvm-clang-14,O0,True,OLLVM_Heroims_NewPass,"[""BCF"", ""FLA"", ""INSTSUB""]",SUCCESS,1,39,17,17,16,41.02564102564102,short,complex,short_complex,0.7789884680856799,344,1160,
p01707,s987126911,369,973,clean_src/p01707/s987126911.c,obfuscated_bin/p01707/s987126911_fla_bcf_instsub.elf,input_output/p01707/input.txt,input_output/p01707/output.txt,llvm-clang-14,O0,True,OLLVM_Heroims_NewPass,"[""BCF"", ""FLA"", ""INSTSUB""]",SUCCESS,3,40,11,7,8,20.0,short,simple,short_simple,0.44661791256266237,435,439,
p01708,s440607847,1554,3594,clean_src/p01708/s440607847.c,obfuscated_bin/p01708/s440607847_fla_bcf_instsub.elf,input_output/p01708/input.txt,input_output/p01708/output.txt,llvm-clang-14,O0,True,OLLVM_Heroims_NewPass,"[""BCF"", ""FLA"", ""INSTSUB""]",SUCCESS,6,123,37,23,31,25.203252032520325,long,simple,long_simple,0.4246740315064894,2094,627,
p01712,s494905194,339,746,clean_src/p01712/s494905194.c,obfuscated_bin/p01712/s494905194_fla_bcf_instsub.elf,input_output/p01712/input.txt,input_output/p01712/output.txt,llvm-clang-14,O0,True,OLLVM_Heroims_NewPass,"[""BCF"", ""FLA"", ""INSTSUB""]",SUCCESS,2,36,14,8,12,33.33333333333333,short,complex,short_complex,0.8268017209539393,338,1003,
p01713,s881327841,266,652,clean_src/p01713/s881327841.c,obfuscated_bin/p01713/s881327841_fla_bcf_instsub.elf,input_output/p01713/input.txt,input_output/p01713/output.txt,llvm-clang-14,O0,True,OLLVM_Heroims_NewPass,"[""BCF"", ""FLA"", ""INSTSUB""]",SUCCESS,1,26,9,9,8,30.76923076923077,short,complex,short_complex,0.9766558344059373,42,930,
p01715,s050641482,672,1634,clean_src/p01715/s050641482.c,obfuscated_bin/p01715/s050641482_fla_bcf_instsub.elf,input_output/p01715/input.txt,input_output/p01715/output.txt,llvm-clang-14,O0,True,OLLVM_Heroims_NewPass,"[""BCF"", ""FLA"", ""INSTSUB""]",SUCCESS,4,62,20,11,16,25.806451612903224,short,complex,short_complex,0.04297160134171352,1238,712,
p01719,s234167444,268,594,clean_src/p01719/s234167444.c,obfuscated_bin/p01719/s234167444_fla_bcf_instsub.elf,input_output/p01719/input.txt,input_output/p01719/output.txt,llvm-clang-14,O0,True,OLLVM_Heroims_NewPass,"[""BCF"", ""FLA"", ""INSTSUB""]",SUCCESS,1,23,9,9,8,34.78260869565217,short,complex,short_complex,0.42409590902066274,49,1052,
p01720,s137471682,881,2290,clean_src/p01720/s137471682.c,obfuscated_bin/p01720/s137471682_fla_bcf_instsub.elf,input_output/p01720/input.txt,input_output/p01720/output.txt,llvm-clang-14,O0,True,OLLVM_Heroims_NewPass,"[""BCF"", ""FLA"", ""INSTSUB""]",SUCCESS,6,90,23,8,17,18.88888888888889,long,simple,long_simple,0.7456807941320052,1600,455,
p01721,s258175430,379,1086,clean_src/p01721/s258175430.c,obfuscated_bin/p01721/s258175430_fla_bcf_instsub.elf,input_output/p01721/input.txt,input_output/p01721/output.txt,llvm-clang-14,O0,True,OLLVM_Heroims_NewPass,"[""BCF"", ""FLA"", ""INSTSUB""]",SUCCESS,1,53,10,10,9,16.9811320754717,short,simple,short_simple,0.5923517179076313,477,299,
p01722,s090257283,355,1333,clean_src/p01722/s090257283.c,obfuscated_bin/p01722/s090257283_fla_bcf_instsub.elf,input_output/p01722/input.txt,input_output/p01722/output.txt,llvm-clang-14,O0,True,OLLVM_Heroims_NewPass,"[""BCF"", ""FLA"", ""INSTSUB""]",SUCCESS,15,62,22,4,7,11.29032258064516,short,simple,short_simple,0.3912682334874973,387,89,
p01724,s514586915,958,2273,clean_src/p01724/s514586915.c,obfuscated_bin/p01724/s514586915_fla_bcf_instsub.elf,input_output/p01724/input.txt,input_output/p01724/output.txt,llvm-clang-14,O0,True,OLLVM_Heroims_NewPass,"[""BCF"", ""FLA"", ""INSTSUB""]",SUCCESS,7,115,41,16,34,29.565217391304348,long,complex,long_complex,0.7483955523099804,1695,743,
p01725,s406751763,729,2524,clean_src/p01725/s406751763.c,obfuscated_bin/p01725/s406751763_fla_bcf_instsub.elf,input_output/p01725/input.txt,input_output/p01725/output.txt,llvm-clang-14,O0,True,OLLVM_Heroims_NewPass,"[""BCF"", ""FLA"", ""INSTSUB""]",SUCCESS,3,111,37,14,34,30.630630630630627,long,complex,long_complex,0.13215167866897792,1354,770,
p01726,s158000530,425,1091,clean_src/p01726/s158000530.c,obfuscated_bin/p01726/s158000530_fla_bcf_instsub.elf,input_output/p01726/input.txt,input_output/p01726/output.txt,llvm-clang-14,O0,True,OLLVM_Heroims_NewPass,"[""BCF"", ""FLA"", ""INSTSUB""]",SUCCESS,2,47,13,7,11,23.404255319148938,short,simple,short_simple,0.32058598092409885,627,592,
p01730,s491630545,732,1853,clean_src/p01730/s491630545.c,obfuscated_bin/p01730/s491630545_fla_bcf_instsub.elf,input_output/p01730/input.txt,input_output/p01730/output.txt,llvm-clang-14,O0,True,OLLVM_Heroims_NewPass,"[""BCF"", ""FLA"", ""INSTSUB""]",SUCCESS,3,61,26,13,23,37.704918032786885,long,complex,long_complex,0.9504288722845521,1364,918,
p01731,s460121043,301,979,clean_src/p01731/s460121043.c,obfuscated_bin/p01731/s460121043_fla_bcf_instsub.elf,input_output/p01731/input.txt,input_output/p01731/output.txt,llvm-clang-14,O0,True,OLLVM_Heroims_NewPass,"[""BCF"", ""FLA"", ""INSTSUB""]",SUCCESS,2,39,10,7,8,20.51282051282051,short,simple,short_simple,0.9430328498716035,199,461,
p01733,s441045858,373,1056,clean_src/p01733/s441045858.c,obfuscated_bin/p01733/s441045858_fla_bcf_instsub.elf,input_output/p01733/input.txt,input_output/p01733/output.txt,llvm-clang-14,O0,True,OLLVM_Heroims_NewPass,"[""BCF"", ""FLA"", ""INSTSUB""]",SUCCESS,3,45,11,5,8,17.77777777777778,short,simple,short_simple,0.8910883345873857,455,336,
p01747,s671481242,779,2033,clean_src/p01747/s671481242.c,obfuscated_bin/p01747/s671481242_fla_bcf_instsub.elf,input_output/p01747/input.txt,input_output/p01747/output.txt,llvm-clang-14,O0,True,OLLVM_Heroims_NewPass,"[""BCF"", ""FLA"", ""INSTSUB""]",SUCCESS,10,78,28,7,18,23.076923076923077,long,simple,long_simple,0.9798177959179823,1441,568,
p01753,s800377345,333,818,clean_src/p01753/s800377345.c,obfuscated_bin/p01753/s800377345_fla_bcf_instsub.elf,input_output/p01753/input.txt,input_output/p01753/output.txt,llvm-clang-14,O0,True,OLLVM_Heroims_NewPass,"[""BCF"", ""FLA"", ""INSTSUB""]",SUCCESS,1,24,7,7,6,25.0,short,complex,short_complex,0.608310383232012,319,659,
p01754,s084694906,331,863,clean_src/p01754/s084694906.c,obfuscated_bin/p01754/s084694906_fla_bcf_instsub.elf,input_output/p01754/input.txt,input_output/p01754/output.txt,llvm-clang-14,O0,True,OLLVM_Heroims_NewPass,"[""BCF"", ""FLA"", ""INSTSUB""]",SUCCESS,3,40,11,4,8,20.0,short,simple,short_simple,0.8603434976470581,314,429,
p01755,s655001298,963,2211,clean_src/p01755/s655001298.c,obfuscated_bin/p01755/s655001298_fla_bcf_instsub.elf,input_output/p01755/input.txt,input_output/p01755/output.txt,llvm-clang-14,O0,True,OLLVM_Heroims_NewPass,"[""BCF"", ""FLA"", ""INSTSUB""]",SUCCESS,7,99,42,12,35,35.35353535353536,long,complex,long_complex,0.23425501637486257,1697,875,
p01756,s417138916,1708,4961,clean_src/p01756/s417138916.c,obfuscated_bin/p01756/s417138916_fla_bcf_instsub.elf,input_output/p01756/input.txt,input_output/p01756/output.txt,llvm-clang-14,O0,True,OLLVM_Heroims_NewPass,"[""BCF"", ""FLA"", ""INSTSUB""]",SUCCESS,14,193,71,22,57,29.533678756476682,long,complex,long_complex,0.9819743538330412,2161,741,
p01760,s396348883,567,1469,clean_src/p01760/s396348883.c,obfuscated_bin/p01760/s396348883_fla_bcf_instsub.elf,input_output/p01760/input.txt,input_output/p01760/output.txt,llvm-clang-14,O0,True,OLLVM_Heroims_NewPass,"[""BCF"", ""FLA"", ""INSTSUB""]",SUCCESS,5,65,27,11,22,33.84615384615385,short,complex,short_complex,0.8723173817853607,993,1023,
p01761,s191414399,714,2837,clean_src/p01761/s191414399.c,obfuscated_bin/p01761/s191414399_fla_bcf_instsub.elf,input_output/p01761/input.txt,input_output/p01761/output.txt,llvm-clang-14,O0,True,OLLVM_Heroims_NewPass,"[""BCF"", ""FLA"", ""INSTSUB""]",SUCCESS,5,80,34,9,29,36.25,long,complex,long_complex,0.5952905444723369,1329,896,
p01762,s360234413,534,1131,clean_src/p01762/s360234413.c,obfuscated_bin/p01762/s360234413_fla_bcf_instsub.elf,input_output/p01762/input.txt,input_output/p01762/output.txt,llvm-clang-14,O0,True,OLLVM_Heroims_NewPass,"[""BCF"", ""FLA"", ""INSTSUB""]",SUCCESS,4,47,17,6,13,27.659574468085108,short,complex,short_complex,0.9460016553635858,909,794,
p01763,s434446386,343,772,clean_src/p01763/s434446386.c,obfuscated_bin/p01763/s434446386_fla_bcf_instsub.elf,input_output/p01763/input.txt,input_output/p01763/output.txt,llvm-clang-14,O0,True,OLLVM_Heroims_NewPass,"[""BCF"", ""FLA"", ""INSTSUB""]",SUCCESS,1,37,16,16,15,40.54054054054054,short,complex,short_complex,0.5804514298966722,348,1153,
p01764,s409050383,380,939,clean_src/p01764/s409050383.c,obfuscated_bin/p01764/s409050383_fla_bcf_instsub.elf,input_output/p01764/input.txt,input_output/p01764/output.txt,llvm-clang-14,O0,True,OLLVM_Heroims_NewPass,"[""BCF"", ""FLA"", ""INSTSUB""]",SUCCESS,3,43,12,7,9,20.930232558139537,short,simple,short_simple,0.4733206365818333,484,486,
p01766,s942434524,360,745,clean_src/p01766/s942434524.c,obfuscated_bin/p01766/s942434524_fla_bcf_instsub.elf,input_output/p01766/input.txt,input_output/p01766/output.txt,llvm-clang-14,O0,True,OLLVM_Heroims_NewPass,"[""BCF"", ""FLA"", ""INSTSUB""]",SUCCESS,1,23,10,10,9,39.130434782608695,short,complex,short_complex,0.019245453480250974,407,1138,
p01767,s517709464,311,778,clean_src/p01767/s517709464.c,obfuscated_bin/p01767/s517709464_fla_bcf_instsub.elf,input_output/p01767/input.txt,input_output/p01767/output.txt,llvm-clang-14,O0,True,OLLVM_Heroims_NewPass,"[""BCF"", ""FLA"", ""INSTSUB""]",SUCCESS,3,36,11,7,8,22.22222222222222,short,simple,short_simple,0.8554862846918623,234,543,
p01768,s689148510,797,1982,clean_src/p01768/s689148510.c,obfuscated_bin/p01768/s689148510_fla_bcf_instsub.elf,input_output/p01768/input.txt,input_output/p01768/output.txt,llvm-clang-14,O0,True,OLLVM_Heroims_NewPass,"[""BCF"", ""FLA"", ""INSTSUB""]",SUCCESS,8,70,30,11,22,31.428571428571427,long,complex,long_complex,0.61123528895903,1472,787,
p01769,s251928732,331,495,clean_src/p01769/s251928732.c,obfuscated_bin/p01769/s251928732_fla_bcf_instsub.elf,input_output/p01769/input.txt,input_output/p01769/output.txt,llvm-clang-14,O0,True,OLLVM_Heroims_NewPass,"[""BCF"", ""FLA"", ""INSTSUB""]",SUCCESS,2,17,9,6,7,41.17647058823529,short,complex,short_complex,0.8285863764750108,315,1163,
p01770,s907654460,762,2331,clean_src/p01770/s907654460.c,obfuscated_bin/p01770/s907654460_fla_bcf_instsub.elf,input_output/p01770/input.txt,input_output/p01770/output.txt,llvm-clang-14,O0,True,OLLVM_Heroims_NewPass,"[""BCF"", ""FLA"", ""INSTSUB""]",SUCCESS,4,69,16,7,12,17.391304347826086,long,simple,long_simple,0.8971269852367261,1412,399,
p01773,s995264367,772,2142,clean_src/p01773/s995264367.c,obfuscated_bin/p01773/s995264367_fla_bcf_instsub.elf,input_output/p01773/input.txt,input_output/p01773/output.txt,llvm-clang-14,O0,True,OLLVM_Heroims_NewPass,"[""BCF"", ""FLA"", ""INSTSUB""]",SUCCESS,5,86,27,15,22,25.581395348837212,long,simple,long_simple,0.6530299508021578,1434,639,
p01774,s927978667,1002,1905,clean_src/p01774/s927978667.c,obfuscated_bin/p01774/s927978667_fla_bcf_instsub.elf,input_output/p01774/input.txt,input_output/p01774/output.txt,llvm-clang-14,O0,True,OLLVM_Heroims_NewPass,"[""BCF"", ""FLA"", ""INSTSUB""]",SUCCESS,2,53,25,23,23,43.39622641509434,long,complex,long_complex,0.9943343061276394,1741,1028,
p01775,s707115478,998,2614,clean_src/p01775/s707115478.c,obfuscated_bin/p01775/s707115478_fla_bcf_instsub.elf,input_output/p01775/input.txt,input_output/p01775/output.txt,llvm-clang-14,O0,True,OLLVM_Heroims_NewPass,"[""BCF"", ""FLA"", ""INSTSUB""]",SUCCESS,6,92,25,7,19,20.652173913043477,long,simple,long_simple,0.8220677875146425,1736,512,
p01780,s614952524,1406,3962,clean_src/p01780/s614952524.c,obfuscated_bin/p01780/s614952524_fla_bcf_instsub.elf,input_output/p01780/input.txt,input_output/p01780/output.txt,llvm-clang-14,O0,True,OLLVM_Heroims_NewPass,"[""BCF"", ""FLA"", ""INSTSUB""]",SUCCESS,10,139,36,9,26,18.705035971223023,long,simple,long_simple,0.051662132622415924,2037,449,
p01781,s982580874,746,1656,clean_src/p01781/s982580874.c,obfuscated_bin/p01781/s982580874_fla_bcf_instsub.elf,input_output/p01781/input.txt,input_output/p01781/output.txt,llvm-clang-14,O0,True,OLLVM_Heroims_NewPass,"[""BCF"", ""FLA"", ""INSTSUB""]",SUCCESS,3,62,20,10,17,27.419354838709676,long,complex,long_complex,0.7318392880028157,1385,687,
p01782,s061032302,1365,3252,clean_src/p01782/s061032302.c,obfuscated_bin/p01782/s061032302_fla_bcf_instsub.elf,input_output/p01782/input.txt,input_output/p01782/output.txt,llvm-clang-14,O0,True,OLLVM_Heroims_NewPass,"[""BCF"", ""FLA"", ""INSTSUB""]",SUCCESS,12,101,40,13,28,27.722772277227726,long,complex,long_complex,0.08984635305383148,2004,696,
p01784,s342858715,435,2058,clean_src/p01784/s342858715.c,obfuscated_bin/p01784/s342858715_fla_bcf_instsub.elf,input_output/p01784/input.txt,input_output/p01784/output.txt,llvm-clang-14,O0,True,OLLVM_Heroims_NewPass,"[""BCF"", ""FLA"", ""INSTSUB""]",SUCCESS,2,52,23,21,21,40.38461538461539,short,complex,short_complex,0.638665637702879,649,1150,
p01789,s480242621,371,917,clean_src/p01789/s480242621.c,obfuscated_bin/p01789/s480242621_fla_bcf_instsub.elf,input_output/p01789/input.txt,input_output/p01789/output.txt,llvm-clang-14,O0,True,OLLVM_Heroims_NewPass,"[""BCF"", ""FLA"", ""INSTSUB""]",SUCCESS,3,41,21,17,18,43.90243902439025,short,complex,short_complex,0.24327070090578162,445,1201,
p01803,s155717392,361,1001,clean_src/p01803/s155717392.c,obfuscated_bin/p01803/s155717392_fla_bcf_instsub.elf,input_output/p01803/input.txt,input_output/p01803/output.txt,llvm-clang-14,O0,True,OLLVM_Heroims_NewPass,"[""BCF"", ""FLA"", ""INSTSUB""]",SUCCESS,3,49,23,9,20,40.816326530612244,short,complex,short_complex,0.4426471605414378,410,1157,
p01804,s504250201,1094,2996,clean_src/p01804/s504250201.c,obfuscated_bin/p01804/s504250201_fla_bcf_instsub.elf,input_output/p01804/input.txt,input_output/p01804/output.txt,llvm-clang-14,O0,True,OLLVM_Heroims_NewPass,"[""BCF"", ""FLA"", ""INSTSUB""]",SUCCESS,1,103,50,50,49,47.57281553398058,long,complex,long_complex,0.6444172056743427,1822,1112,
p01809,s091205221,697,1974,clean_src/p01809/s091205221.c,obfuscated_bin/p01809/s091205221_fla_bcf_instsub.elf,input_output/p01809/input.txt,input_output/p01809/output.txt,llvm-clang-14,O0,True,OLLVM_Heroims_NewPass,"[""BCF"", ""FLA"", ""INSTSUB""]",SUCCESS,3,72,17,13,14,19.444444444444446,short,simple,short_simple,0.8716779535376905,1295,412,
p01811,s395806867,454,1101,clean_src/p01811/s395806867.c,obfuscated_bin/p01811/s395806867_fla_bcf_instsub.elf,input_output/p01811/input.txt,input_output/p01811/output.txt,llvm-clang-14,O0,True,OLLVM_Heroims_NewPass,"[""BCF"", ""FLA"", ""INSTSUB""]",SUCCESS,1,41,27,27,26,63.41463414634146,short,complex,short_complex,0.6110099337533833,700,1280,
p01812,s005006825,450,1095,clean_src/p01812/s005006825.c,obfuscated_bin/p01812/s005006825_fla_bcf_instsub.elf,input_output/p01812/input.txt,input_output/p01812/output.txt,llvm-clang-14,O0,True,OLLVM_Heroims_NewPass,"[""BCF"", ""FLA"", ""INSTSUB""]",SUCCESS,2,41,13,11,11,26.82926829268293,short,complex,short_complex,0.97862270860395,688,754,
p01813,s018475630,529,1231,clean_src/p01813/s018475630.c,obfuscated_bin/p01813/s018475630_fla_bcf_instsub.elf,input_output/p01813/input.txt,input_output/p01813/output.txt,llvm-clang-14,O0,True,OLLVM_Heroims_NewPass,"[""BCF"", ""FLA"", ""INSTSUB""]",SUCCESS,1,39,20,20,19,48.717948717948715,short,complex,short_complex,0.13302806895602037,896,1238,
p01815,s323564000,673,1494,clean_src/p01815/s323564000.c,obfuscated_bin/p01815/s323564000_fla_bcf_instsub.elf,input_output/p01815/input.txt,input_output/p01815/output.txt,llvm-clang-14,O0,True,OLLVM_Heroims_NewPass,"[""BCF"", ""FLA"", ""INSTSUB""]",SUCCESS,4,73,14,5,10,13.698630136986301,short,simple,short_simple,0.10848108986694016,1241,169,
p01819,s066629609,279,751,clean_src/p01819/s066629609.c,obfuscated_bin/p01819/s066629609_fla_bcf_instsub.elf,input_output/p01819/input.txt,input_output/p01819/output.txt,llvm-clang-14,O0,True,OLLVM_Heroims_NewPass,"[""BCF"", ""FLA"", ""INSTSUB""]",SUCCESS,1,30,12,12,11,36.666666666666664,short,complex,short_complex,0.6095590362000807,104,1096,
p01821,s908680668,1013,2724,clean_src/p01821/s908680668.c,obfuscated_bin/p01821/s908680668_fla_bcf_instsub.elf,input_output/p01821/input.txt,input_output/p01821/output.txt,llvm-clang-14,O0,True,OLLVM_Heroims_NewPass,"[""BCF"", ""FLA"", ""INSTSUB""]",SUCCESS,5,106,33,14,28,26.41509433962264,long,complex,long_complex,0.7993535488777618,1751,663,
p01824,s928687100,602,1548,clean_src/p01824/s928687100.c,obfuscated_bin/p01824/s928687100_fla_bcf_instsub.elf,input_output/p01824/input.txt,input_output/p01824/output.txt,llvm-clang-14,O0,True,OLLVM_Heroims_NewPass,"[""BCF"", ""FLA"", ""INSTSUB""]",SUCCESS,4,59,25,10,21,35.59322033898305,short,complex,short_complex,0.20662447669610784,1075,1077,
p01828,s134808213,506,1354,clean_src/p01828/s134808213.c,obfuscated_bin/p01828/s134808213_fla_bcf_instsub.elf,input_output/p01828/input.txt,input_output/p01828/output.txt,llvm-clang-14,O0,True,OLLVM_Heroims_NewPass,"[""BCF"", ""FLA"", ""INSTSUB""]",SUCCESS,13,77,27,12,14,18.181818181818183,short,simple,short_simple,0.5698224999791397,846,358,
p01829,s082742166,742,1669,clean_src/p01829/s082742166.c,obfuscated_bin/p01829/s082742166_fla_bcf_instsub.elf,input_output/p01829/input.txt,input_output/p01829/output.txt,llvm-clang-14,O0,True,OLLVM_Heroims_NewPass,"[""BCF"", ""FLA"", ""INSTSUB""]",SUCCESS,2,66,29,20,27,40.909090909090914,long,complex,long_complex,0.9053688443124788,1379,968,
p01830,s239343904,575,1665,clean_src/p01830/s239343904.c,obfuscated_bin/p01830/s239343904_fla_bcf_instsub.elf,input_output/p01830/input.txt,input_output/p01830/output.txt,llvm-clang-14,O0,True,OLLVM_Heroims_NewPass,"[""BCF"", ""FLA"", ""INSTSUB""]",SUCCESS,5,71,23,11,18,25.352112676056336,short,complex,short_complex,0.5741473869392366,1019,681,
p01832,s549906356,1010,2151,clean_src/p01832/s549906356.c,obfuscated_bin/p01832/s549906356_fla_bcf_instsub.elf,input_output/p01832/input.txt,input_output/p01832/output.txt,llvm-clang-14,O0,True,OLLVM_Heroims_NewPass,"[""BCF"", ""FLA"", ""INSTSUB""]",SUCCESS,8,87,30,8,22,25.287356321839084,long,simple,long_simple,0.891621840887348,1750,632,
p01841,s583951253,872,2355,clean_src/p01841/s583951253.c,obfuscated_bin/p01841/s583951253_fla_bcf_instsub.elf,input_output/p01841/input.txt,input_output/p01841/output.txt,llvm-clang-14,O0,True,OLLVM_Heroims_NewPass,"[""BCF"", ""FLA"", ""INSTSUB""]",SUCCESS,6,113,21,8,15,13.274336283185843,long,simple,long_simple,0.9670269131507485,1583,166,
p01842,s725272837,523,1310,clean_src/p01842/s725272837.c,obfuscated_bin/p01842/s725272837_fla_bcf_instsub.elf,input_output/p01842/input.txt,input_output/p01842/output.txt,llvm-clang-14,O0,True,OLLVM_Heroims_NewPass,"[""BCF"", ""FLA"", ""INSTSUB""]",SUCCESS,3,43,17,7,14,32.55813953488372,short,complex,short_complex,0.38248272787317605,880,983,
p01845,s071880245,258,1190,clean_src/p01845/s071880245.c,obfuscated_bin/p01845/s071880245_fla_bcf_instsub.elf,input_output/p01845/input.txt,input_output/p01845/output.txt,llvm-clang-14,O0,True,OLLVM_Heroims_NewPass,"[""BCF"", ""FLA"", ""INSTSUB""]",SUCCESS,2,40,13,7,11,27.500000000000004,short,complex,short_complex,0.2700090157297068,11,786,
p01846,s350420198,501,2609,clean_src/p01846/s350420198.c,obfuscated_bin/p01846/s350420198_fla_bcf_instsub.elf,input_output/p01846/input.txt,input_output/p01846/output.txt,llvm-clang-14,O0,True,OLLVM_Heroims_NewPass,"[""BCF"", ""FLA"", ""INSTSUB""]",SUCCESS,1,86,23,23,22,25.581395348837212,short,complex,short_complex,0.9223111435439857,826,701,
p01847,s062317478,443,1220,clean_src/p01847/s062317478.c,obfuscated_bin/p01847/s062317478_fla_bcf_instsub.elf,input_output/p01847/input.txt,input_output/p01847/output.txt,llvm-clang-14,O0,True,OLLVM_Heroims_NewPass,"[""BCF"", ""FLA"", ""INSTSUB""]",SUCCESS,2,43,20,16,18,41.86046511627907,short,complex,short_complex,0.6080088191876077,667,1176,
p01848,s634725894,941,2263,clean_src/p01848/s634725894.c,obfuscated_bin/p01848/s634725894_fla_bcf_instsub.elf,input_output/p01848/input.txt,input_output/p01848/output.txt,llvm-clang-14,O0,True,OLLVM_Heroims_NewPass,"[""BCF"", ""FLA"", ""INSTSUB""]",SUCCESS,6,98,24,5,18,18.367346938775512,long,simple,long_simple,0.8129557820678196,1677,441,
p01849,s195213709,328,769,clean_src/p01849/s195213709.c,obfuscated_bin/p01849/s195213709_fla_bcf_instsub.elf,input_output/p01849/input.txt,input_output/p01849/output.txt,llvm-clang-14,O0,True,OLLVM_Heroims_NewPass,"[""BCF"", ""FLA"", ""INSTSUB""]",SUCCESS,1,28,7,7,6,21.428571428571427,short,simple,short_simple,0.849711652227922,302,507,
p01851,s487152495,492,1048,clean_src/p01851/s487152495.c,obfuscated_bin/p01851/s487152495_fla_bcf_instsub.elf,input_output/p01851/input.txt,input_output/p01851/output.txt,llvm-clang-14,O0,True,OLLVM_Heroims_NewPass,"[""BCF"", ""FLA"", ""INSTSUB""]",SUCCESS,3,34,17,13,14,41.17647058823529,short,complex,short_complex,0.6783720009534059,804,1164,
p01852,s868117078,260,764,clean_src/p01852/s868117078.c,obfuscated_bin/p01852/s868117078_fla_bcf_instsub.elf,input_output/p01852/input.txt,input_output/p01852/output.txt,llvm-clang-14,O0,True,OLLVM_Heroims_NewPass,"[""BCF"", ""FLA"", ""INSTSUB""]",SUCCESS,3,31,3,1,0,0.0,short,simple,short_simple,0.8901014559586173,20,2,
p01853,s573078872,498,1340,clean_src/p01853/s573078872.c,obfuscated_bin/p01853/s573078872_fla_bcf_instsub.elf,input_output/p01853/input.txt,input_output/p01853/output.txt,llvm-clang-14,O0,True,OLLVM_Heroims_NewPass,"[""BCF"", ""FLA"", ""INSTSUB""]",SUCCESS,2,61,20,18,18,29.508196721311474,short,complex,short_complex,0.49458747941769665,817,879,
p01858,s599847458,432,860,clean_src/p01858/s599847458.c,obfuscated_bin/p01858/s599847458_fla_bcf_instsub.elf,input_output/p01858/input.txt,input_output/p01858/output.txt,llvm-clang-14,O0,True,OLLVM_Heroims_NewPass,"[""BCF"", ""FLA"", ""INSTSUB""]",SUCCESS,2,42,29,27,27,64.28571428571429,short,complex,short_complex,0.4232393045484081,641,1282,
p01859,s856991401,283,559,clean_src/p01859/s856991401.c,obfuscated_bin/p01859/s856991401_fla_bcf_instsub.elf,input_output/p01859/input.txt,input_output/p01859/output.txt,llvm-clang-14,O0,True,OLLVM_Heroims_NewPass,"[""BCF"", ""FLA"", ""INSTSUB""]",SUCCESS,2,32,13,10,11,34.375,short,complex,short_complex,0.9335335120310625,121,1043,
p01863,s492274788,385,988,clean_src/p01863/s492274788.c,obfuscated_bin/p01863/s492274788_fla_bcf_instsub.elf,input_output/p01863/input.txt,input_output/p01863/output.txt,llvm-clang-14,O0,True,OLLVM_Heroims_NewPass,"[""BCF"", ""FLA"", ""INSTSUB""]",SUCCESS,1,42,12,12,11,26.190476190476193,short,complex,short_complex,0.10760501318785287,494,726,
p01868,s330310737,272,591,clean_src/p01868/s330310737.c,obfuscated_bin/p01868/s330310737_fla_bcf_instsub.elf,input_output/p01868/input.txt,input_output/p01868/output.txt,llvm-clang-14,O0,True,OLLVM_Heroims_NewPass,"[""BCF"", ""FLA"", ""INSTSUB""]",SUCCESS,1,22,11,11,10,45.45454545454545,short,complex,short_complex,0.49145510237800094,69,1214,
p01869,s057915006,906,2450,clean_src/p01869/s057915006.c,obfuscated_bin/p01869/s057915006_fla_bcf_instsub.elf,input_output/p01869/input.txt,input_output/p01869/output.txt,llvm-clang-14,O0,True,OLLVM_Heroims_NewPass,"[""BCF"", ""FLA"", ""INSTSUB""]",SUCCESS,6,99,39,18,33,33.33333333333333,long,complex,long_complex,0.5816645302928678,1634,833,
p01872,s677999953,276,744,clean_src/p01872/s677999953.c,obfuscated_bin/p01872/s677999953_fla_bcf_instsub.elf,input_output/p01872/input.txt,input_output/p01872/output.txt,llvm-clang-14,O0,True,OLLVM_Heroims_NewPass,"[""BCF"", ""FLA"", ""INSTSUB""]",SUCCESS,2,47,13,8,11,23.404255319148938,short,simple,short_simple,0.9850281226084615,86,594,
p01873,s247650006,297,939,clean_src/p01873/s247650006.c,obfuscated_bin/p01873/s247650006_fla_bcf_instsub.elf,input_output/p01873/input.txt,input_output/p01873/output.txt,llvm-clang-14,O0,True,OLLVM_Heroims_NewPass,"[""BCF"", ""FLA"", ""INSTSUB""]",SUCCESS,4,53,13,5,9,16.9811320754717,short,simple,short_simple,0.41573134650354093,180,297,
p01880,s018427479,285,764,clean_src/p01880/s018427479.c,obfuscated_bin/p01880/s018427479_fla_bcf_instsub.elf,input_output/p01880/input.txt,input_output/p01880/output.txt,llvm-clang-14,O0,True,OLLVM_Heroims_NewPass,"[""BCF"", ""FLA"", ""INSTSUB""]",SUCCESS,4,37,12,5,8,21.62162162162162,short,simple,short_simple,0.0235856976636859,131,517,
p01881,s655588170,753,1961,clean_src/p01881/s655588170.c,obfuscated_bin/p01881/s655588170_fla_bcf_instsub.elf,input_output/p01881/input.txt,input_output/p01881/output.txt,llvm-clang-14,O0,True,OLLVM_Heroims_NewPass,"[""BCF"", ""FLA"", ""INSTSUB""]",SUCCESS,5,80,30,14,25,31.25,long,complex,long_complex,0.3746384399655269,1397,781,
p01884,s346542980,469,1436,clean_src/p01884/s346542980.c,obfuscated_bin/p01884/s346542980_fla_bcf_instsub.elf,input_output/p01884/input.txt,input_output/p01884/output.txt,llvm-clang-14,O0,True,OLLVM_Heroims_NewPass,"[""BCF"", ""FLA"", ""INSTSUB""]",SUCCESS,4,55,15,7,11,20.0,short,simple,short_simple,0.2253944831141178,746,443,
p01887,s321343063,413,1083,clean_src/p01887/s321343063.c,obfuscated_bin/p01887/s321343063_fla_bcf_instsub.elf,input_output/p01887/input.txt,input_output/p01887/output.txt,llvm-clang-14,O0,True,OLLVM_Heroims_NewPass,"[""BCF"", ""FLA"", ""INSTSUB""]",SUCCESS,2,44,14,12,12,27.27272727272727,short,complex,short_complex,0.8947286428866319,593,775,
p01898,s082863776,260,504,clean_src/p01898/s082863776.c,obfuscated_bin/p01898/s082863776_fla_bcf_instsub.elf,input_output/p01898/input.txt,input_output/p01898/output.txt,llvm-clang-14,O0,True,OLLVM_Heroims_NewPass,"[""BCF"", ""FLA"", ""INSTSUB""]",SUCCESS,1,15,12,12,11,73.33333333333333,short,complex,short_complex,0.7829342575849203,21,1291,
p01900,s273986022,271,628,clean_src/p01900/s273986022.c,obfuscated_bin/p01900/s273986022_fla_bcf_instsub.elf,input_output/p01900/input.txt,input_output/p01900/output.txt,llvm-clang-14,O0,True,OLLVM_Heroims_NewPass,"[""BCF"", ""FLA"", ""INSTSUB""]",SUCCESS,1,26,12,12,11,42.30769230769231,short,complex,short_complex,0.8672423462468114,63,1183,
p01901,s594504740,399,968,clean_src/p01901/s594504740.c,obfuscated_bin/p01901/s594504740_fla_bcf_instsub.elf,input_output/p01901/input.txt,input_output/p01901/output.txt,llvm-clang-14,O0,True,OLLVM_Heroims_NewPass,"[""BCF"", ""FLA"", ""INSTSUB""]",SUCCESS,3,45,12,7,9,20.0,short,simple,short_simple,0.7111107037219343,541,440,
p01903,s059301724,1080,2814,clean_src/p01903/s059301724.c,obfuscated_bin/p01903/s059301724_fla_bcf_instsub.elf,input_output/p01903/input.txt,input_output/p01903/output.txt,llvm-clang-14,O0,True,OLLVM_Heroims_NewPass,"[""BCF"", ""FLA"", ""INSTSUB""]",SUCCESS,6,108,33,14,27,25.0,long,simple,long_simple,0.6265873084766354,1809,622,
p01906,s382097261,673,1876,clean_src/p01906/s382097261.c,obfuscated_bin/p01906/s382097261_fla_bcf_instsub.elf,input_output/p01906/input.txt,input_output/p01906/output.txt,llvm-clang-14,O0,True,OLLVM_Heroims_NewPass,"[""BCF"", ""FLA"", ""INSTSUB""]",SUCCESS,6,102,24,11,18,17.647058823529413,short,simple,short_simple,0.8617860704657943,1242,331,
p01907,s589855209,800,2045,clean_src/p01907/s589855209.c,obfuscated_bin/p01907/s589855209_fla_bcf_instsub.elf,input_output/p01907/input.txt,input_output/p01907/output.txt,llvm-clang-14,O0,True,OLLVM_Heroims_NewPass,"[""BCF"", ""FLA"", ""INSTSUB""]",SUCCESS,4,77,21,7,17,22.07792207792208,long,simple,long_simple,0.25877177666661744,1479,548,
p01908,s296790144,407,809,clean_src/p01908/s296790144.c,obfuscated_bin/p01908/s296790144_fla_bcf_instsub.elf,input_output/p01908/input.txt,input_output/p01908/output.txt,llvm-clang-14,O0,True,OLLVM_Heroims_NewPass,"[""BCF"", ""FLA"", ""INSTSUB""]",SUCCESS,1,37,6,6,5,13.513513513513514,short,simple,short_simple,0.6472178346138335,574,161,
p01909,s265213589,447,941,clean_src/p01909/s265213589.c,obfuscated_bin/p01909/s265213589_fla_bcf_instsub.elf,input_output/p01909/input.txt,input_output/p01909/output.txt,llvm-clang-14,O0,True,OLLVM_Heroims_NewPass,"[""BCF"", ""FLA"", ""INSTSUB""]",SUCCESS,1,34,11,11,10,29.411764705882355,short,complex,short_complex,0.22913316265257055,681,876,
p01910,s047774015,1033,2780,clean_src/p01910/s047774015.c,obfuscated_bin/p01910/s047774015_fla_bcf_instsub.elf,input_output/p01910/input.txt,input_output/p01910/output.txt,llvm-clang-14,O0,True,OLLVM_Heroims_NewPass,"[""BCF"", ""FLA"", ""INSTSUB""]",SUCCESS,10,111,27,6,17,15.315315315315313,long,simple,long_simple,0.9442451960197805,1774,248,
p01911,s160949704,911,2435,clean_src/p01911/s160949704.c,obfuscated_bin/p01911/s160949704_fla_bcf_instsub.elf,input_output/p01911/input.txt,input_output/p01911/output.txt,llvm-clang-14,O0,True,OLLVM_Heroims_NewPass,"[""BCF"", ""FLA"", ""INSTSUB""]",SUCCESS,7,96,26,6,19,19.791666666666664,long,simple,long_simple,0.38268391407415736,1642,483,
p01914,s806412301,386,1035,clean_src/p01914/s806412301.c,obfuscated_bin/p01914/s806412301_fla_bcf_instsub.elf,input_output/p01914/input.txt,input_output/p01914/output.txt,llvm-clang-14,O0,True,OLLVM_Heroims_NewPass,"[""BCF"", ""FLA"", ""INSTSUB""]",SUCCESS,4,44,11,4,7,15.909090909090908,short,simple,short_simple,0.4568512109344981,499,253,
p01915,s706806235,1183,3096,clean_src/p01915/s706806235.c,obfuscated_bin/p01915/s706806235_fla_bcf_instsub.elf,input_output/p01915/input.txt,input_output/p01915/output.txt,llvm-clang-14,O0,True,OLLVM_Heroims_NewPass,"[""BCF"", ""FLA"", ""INSTSUB""]",SUCCESS,7,113,34,12,27,23.893805309734514,long,simple,long_simple,0.6382389505894591,1896,592,
p01917,s784226984,449,924,clean_src/p01917/s784226984.c,obfuscated_bin/p01917/s784226984_fla_bcf_instsub.elf,input_output/p01917/input.txt,input_output/p01917/output.txt,llvm-clang-14,O0,True,OLLVM_Heroims_NewPass,"[""BCF"", ""FLA"", ""INSTSUB""]",SUCCESS,2,37,19,15,17,45.94594594594595,short,complex,short_complex,0.5229397856413368,687,1218,
p01919,s963786795,765,2055,clean_src/p01919/s963786795.c,obfuscated_bin/p01919/s963786795_fla_bcf_instsub.elf,input_output/p01919/input.txt,input_output/p01919/output.txt,llvm-clang-14,O0,True,OLLVM_Heroims_NewPass,"[""BCF"", ""FLA"", ""INSTSUB""]",SUCCESS,6,75,21,8,15,20.0,long,simple,long_simple,0.848687712813921,1422,491,
p01920,s922127654,1036,3016,clean_src/p01920/s922127654.c,obfuscated_bin/p01920/s922127654_fla_bcf_instsub.elf,input_output/p01920/input.txt,input_output/p01920/output.txt,llvm-clang-14,O0,True,OLLVM_Heroims_NewPass,"[""BCF"", ""FLA"", ""INSTSUB""]",SUCCESS,10,111,42,15,32,28.82882882882883,long,complex,long_complex,0.9691156077930893,1776,720,
p01923,s234075269,279,627,clean_src/p01923/s234075269.c,obfuscated_bin/p01923/s234075269_fla_bcf_instsub.elf,input_output/p01923/input.txt,input_output/p01923/output.txt,llvm-clang-14,O0,True,OLLVM_Heroims_NewPass,"[""BCF"", ""FLA"", ""INSTSUB""]",SUCCESS,4,26,11,4,7,26.923076923076923,short,complex,short_complex,0.9429985728643981,105,759,
p01924,s690617766,303,758,clean_src/p01924/s690617766.c,obfuscated_bin/p01924/s690617766_fla_bcf_instsub.elf,input_output/p01924/input.txt,input_output/p01924/output.txt,llvm-clang-14,O0,True,OLLVM_Heroims_NewPass,"[""BCF"", ""FLA"", ""INSTSUB""]",SUCCESS,2,35,12,10,10,28.57142857142857,short,complex,short_complex,0.7179733698253444,206,839,
p01925,s718043777,286,824,clean_src/p01925/s718043777.c,obfuscated_bin/p01925/s718043777_fla_bcf_instsub.elf,input_output/p01925/input.txt,input_output/p01925/output.txt,llvm-clang-14,O0,True,OLLVM_Heroims_NewPass,"[""BCF"", ""FLA"", ""INSTSUB""]",SUCCESS,1,36,7,7,6,16.666666666666664,short,simple,short_simple,0.5913677088029945,135,287,
p01926,s854716408,326,1077,clean_src/p01926/s854716408.c,obfuscated_bin/p01926/s854716408_fla_bcf_instsub.elf,input_output/p01926/input.txt,input_output/p01926/output.txt,llvm-clang-14,O0,True,OLLVM_Heroims_NewPass,"[""BCF"", ""FLA"", ""INSTSUB""]",SUCCESS,3,49,15,7,12,24.489795918367346,short,simple,short_simple,0.14133118654029075,295,639,
p01928,s364103572,1217,3206,clean_src/p01928/s364103572.c,obfuscated_bin/p01928/s364103572_fla_bcf_instsub.elf,input_output/p01928/input.txt,input_output/p01928/output.txt,llvm-clang-14,O0,True,OLLVM_Heroims_NewPass,"[""BCF"", ""FLA"", ""INSTSUB""]",SUCCESS,8,123,35,12,27,21.951219512195124,long,simple,long_simple,0.4142162968733273,1916,545,
p01932,s338167133,280,780,clean_src/p01932/s338167133.c,obfuscated_bin/p01932/s338167133_fla_bcf_instsub.elf,input_output/p01932/input.txt,input_output/p01932/output.txt,llvm-clang-14,O0,True,OLLVM_Heroims_NewPass,"[""BCF"", ""FLA"", ""INSTSUB""]",SUCCESS,2,35,8,6,6,17.142857142857142,short,simple,short_simple,0.9266509792862804,108,305,
p01933,s562077251,274,698,clean_src/p01933/s562077251.c,obfuscated_bin/p01933/s562077251_fla_bcf_instsub.elf,input_output/p01933/input.txt,input_output/p01933/output.txt,llvm-clang-14,O0,True,OLLVM_Heroims_NewPass,"[""BCF"", ""FLA"", ""INSTSUB""]",SUCCESS,2,32,10,8,8,25.0,short,complex,short_complex,0.3719574872771887,78,663,
p01934,s536405711,1213,3139,clean_src/p01934/s536405711.c,obfuscated_bin/p01934/s536405711_fla_bcf_instsub.elf,input_output/p01934/input.txt,input_output/p01934/output.txt,llvm-clang-14,O0,True,OLLVM_Heroims_NewPass,"[""BCF"", ""FLA"", ""INSTSUB""]",SUCCESS,11,100,26,6,15,15.0,long,simple,long_simple,0.5813449797094536,1914,233,
p01940,s674339729,304,768,clean_src/p01940/s674339729.c,obfuscated_bin/p01940/s674339729_fla_bcf_instsub.elf,input_output/p01940/input.txt,input_output/p01940/output.txt,llvm-clang-14,O0,True,OLLVM_Heroims_NewPass,"[""BCF"", ""FLA"", ""INSTSUB""]",SUCCESS,1,39,12,12,11,28.205128205128204,short,complex,short_complex,0.1575617171538658,211,824,
p01941,s628943884,350,698,clean_src/p01941/s628943884.c,obfuscated_bin/p01941/s628943884_fla_bcf_instsub.elf,input_output/p01941/input.txt,input_output/p01941/output.txt,llvm-clang-14,O0,True,OLLVM_Heroims_NewPass,"[""BCF"", ""FLA"", ""INSTSUB""]",SUCCESS,3,29,14,10,11,37.93103448275862,short,complex,short_complex,0.13110206075269637,369,1120,
p01942,s343180962,1174,3632,clean_src/p01942/s343180962.c,obfuscated_bin/p01942/s343180962_fla_bcf_instsub.elf,input_output/p01942/input.txt,input_output/p01942/output.txt,llvm-clang-14,O0,True,OLLVM_Heroims_NewPass,"[""BCF"", ""FLA"", ""INSTSUB""]",SUCCESS,9,112,39,10,30,26.785714285714285,long,complex,long_complex,0.19380009607409943,1892,670,
p01944,s089463869,736,2221,clean_src/p01944/s089463869.c,obfuscated_bin/p01944/s089463869_fla_bcf_instsub.elf,input_output/p01944/input.txt,input_output/p01944/output.txt,llvm-clang-14,O0,True,OLLVM_Heroims_NewPass,"[""BCF"", ""FLA"", ""INSTSUB""]",SUCCESS,5,79,19,13,14,17.72151898734177,long,simple,long_simple,0.2336427095585043,1368,416,
p01946,s029309726,373,889,clean_src/p01946/s029309726.c,obfuscated_bin/p01946/s029309726_fla_bcf_instsub.elf,input_output/p01946/input.txt,input_output/p01946/output.txt,llvm-clang-14,O0,True,OLLVM_Heroims_NewPass,"[""BCF"", ""FLA"", ""INSTSUB""]",SUCCESS,2,41,13,9,11,26.82926829268293,short,complex,short_complex,0.5032537723420932,456,751,
p01957,s311004801,458,1135,clean_src/p01957/s311004801.c,obfuscated_bin/p01957/s311004801_fla_bcf_instsub.elf,input_output/p01957/input.txt,input_output/p01957/output.txt,llvm-clang-14,O0,True,OLLVM_Heroims_NewPass,"[""BCF"", ""FLA"", ""INSTSUB""]",SUCCESS,3,51,21,9,18,35.294117647058826,short,complex,short_complex,0.519495395956197,715,1065,
p01958,s082957100,689,1779,clean_src/p01958/s082957100.c,obfuscated_bin/p01958/s082957100_fla_bcf_instsub.elf,input_output/p01958/input.txt,input_output/p01958/output.txt,llvm-clang-14,O0,True,OLLVM_Heroims_NewPass,"[""BCF"", ""FLA"", ""INSTSUB""]",SUCCESS,3,64,18,9,15,23.4375,short,simple,short_simple,0.7724878986090832,1285,598,
p01967,s498772177,323,750,clean_src/p01967/s498772177.c,obfuscated_bin/p01967/s498772177_fla_bcf_instsub.elf,input_output/p01967/input.txt,input_output/p01967/output.txt,llvm-clang-14,O0,True,OLLVM_Heroims_NewPass,"[""BCF"", ""FLA"", ""INSTSUB""]",SUCCESS,1,38,7,7,6,15.789473684210526,short,simple,short_simple,0.06392134998836341,282,247,
p01968,s797773621,385,746,clean_src/p01968/s797773621.c,obfuscated_bin/p01968/s797773621_fla_bcf_instsub.elf,input_output/p01968/input.txt,input_output/p01968/output.txt,llvm-clang-14,O0,True,OLLVM_Heroims_NewPass,"[""BCF"", ""FLA"", ""INSTSUB""]",SUCCESS,3,30,14,10,11,36.666666666666664,short,complex,short_complex,0.4948253059645402,495,1095,
p01970,s660972586,357,1038,clean_src/p01970/s660972586.c,obfuscated_bin/p01970/s660972586_fla_bcf_instsub.elf,input_output/p01970/input.txt,input_output/p01970/output.txt,llvm-clang-14,O0,True,OLLVM_Heroims_NewPass,"[""BCF"", ""FLA"", ""INSTSUB""]",SUCCESS,3,39,16,10,13,33.33333333333333,short,complex,short_complex,0.4115418754922776,399,1007,
p01973,s736340177,832,2202,clean_src/p01973/s736340177.c,obfuscated_bin/p01973/s736340177_fla_bcf_instsub.elf,input_output/p01973/input.txt,input_output/p01973/output.txt,llvm-clang-14,O0,True,OLLVM_Heroims_NewPass,"[""BCF"", ""FLA"", ""INSTSUB""]",SUCCESS,5,92,30,11,25,27.173913043478258,long,complex,long_complex,0.6686527277049451,1525,681,
p01975,s826445680,289,889,clean_src/p01975/s826445680.c,obfuscated_bin/p01975/s826445680_fla_bcf_instsub.elf,input_output/p01975/input.txt,input_output/p01975/output.txt,llvm-clang-14,O0,True,OLLVM_Heroims_NewPass,"[""BCF"", ""FLA"", ""INSTSUB""]",SUCCESS,1,38,12,12,11,28.947368421052634,short,complex,short_complex,0.8950757170955367,148,857,
p01976,s831038473,338,1002,clean_src/p01976/s831038473.c,obfuscated_bin/p01976/s831038473_fla_bcf_instsub.elf,input_output/p01976/input.txt,input_output/p01976/output.txt,llvm-clang-14,O0,True,OLLVM_Heroims_NewPass,"[""BCF"", ""FLA"", ""INSTSUB""]",SUCCESS,3,43,12,5,9,20.930232558139537,short,simple,short_simple,0.6961130137470207,331,485,
p01977,s517576212,575,1056,clean_src/p01977/s517576212.c,obfuscated_bin/p01977/s517576212_fla_bcf_instsub.elf,input_output/p01977/input.txt,input_output/p01977/output.txt,llvm-clang-14,O0,True,OLLVM_Heroims_NewPass,"[""BCF"", ""FLA"", ""INSTSUB""]",SUCCESS,1,29,18,18,17,58.620689655172406,short,complex,short_complex,0.40341337749160566,1020,1270,
p01978,s984717351,1157,2966,clean_src/p01978/s984717351.c,obfuscated_bin/p01978/s984717351_fla_bcf_instsub.elf,input_output/p01978/input.txt,input_output/p01978/output.txt,llvm-clang-14,O0,True,OLLVM_Heroims_NewPass,"[""BCF"", ""FLA"", ""INSTSUB""]",SUCCESS,10,112,26,6,16,14.285714285714285,long,simple,long_simple,0.9283197835537413,1882,199,
p01979,s947707978,360,644,clean_src/p01979/s947707978.c,obfuscated_bin/p01979/s947707978_fla_bcf_instsub.elf,input_output/p01979/input.txt,input_output/p01979/output.txt,llvm-clang-14,O0,True,OLLVM_Heroims_NewPass,"[""BCF"", ""FLA"", ""INSTSUB""]",SUCCESS,1,28,26,26,25,89.28571428571429,short,complex,short_complex,0.41578783380031903,408,1293,
p01980,s983614164,811,2263,clean_src/p01980/s983614164.c,obfuscated_bin/p01980/s983614164_fla_bcf_instsub.elf,input_output/p01980/input.txt,input_output/p01980/output.txt,llvm-clang-14,O0,True,OLLVM_Heroims_NewPass,"[""BCF"", ""FLA"", ""INSTSUB""]",SUCCESS,8,75,24,7,16,21.333333333333336,long,simple,long_simple,0.9184989330532712,1492,534,
p01983,s788241299,519,1433,clean_src/p01983/s788241299.c,obfuscated_bin/p01983/s788241299_fla_bcf_instsub.elf,input_output/p01983/input.txt,input_output/p01983/output.txt,llvm-clang-14,O0,True,OLLVM_Heroims_NewPass,"[""BCF"", ""FLA"", ""INSTSUB""]",SUCCESS,2,56,25,16,23,41.07142857142857,short,complex,short_complex,0.9636631023818942,873,1161,
p01984,s640471284,486,1617,clean_src/p01984/s640471284.c,obfuscated_bin/p01984/s640471284_fla_bcf_instsub.elf,input_output/p01984/input.txt,input_output/p01984/output.txt,llvm-clang-14,O0,True,OLLVM_Heroims_NewPass,"[""BCF"", ""FLA"", ""INSTSUB""]",SUCCESS,4,67,17,9,13,19.402985074626866,short,simple,short_simple,0.29084154731853074,785,404,
p01985,s767517293,683,1597,clean_src/p01985/s767517293.c,obfuscated_bin/p01985/s767517293_fla_bcf_instsub.elf,input_output/p01985/input.txt,input_output/p01985/output.txt,llvm-clang-14,O0,True,OLLVM_Heroims_NewPass,"[""BCF"", ""FLA"", ""INSTSUB""]",SUCCESS,4,82,20,9,16,19.51219512195122,short,simple,short_simple,0.9126782150660366,1266,416,
p01990,s644065819,400,776,clean_src/p01990/s644065819.c,obfuscated_bin/p01990/s644065819_fla_bcf_instsub.elf,input_output/p01990/input.txt,input_output/p01990/output.txt,llvm-clang-14,O0,True,OLLVM_Heroims_NewPass,"[""BCF"", ""FLA"", ""INSTSUB""]",SUCCESS,1,48,7,7,6,12.5,short,simple,short_simple,0.9331456277584969,548,128,
p01991,s715845148,4964,15844,clean_src/p01991/s715845148.c,obfuscated_bin/p01991/s715845148_fla_bcf_instsub.elf,input_output/p01991/input.txt,input_output/p01991/output.txt,llvm-clang-14,O0,True,OLLVM_Heroims_NewPass,"[""BCF"", ""FLA"", ""INSTSUB""]",SUCCESS,74,298,202,24,128,42.95302013422819,long,complex,long_complex,0.7393205274403153,2584,1017,
p01992,s566993103,263,710,clean_src/p01992/s566993103.c,obfuscated_bin/p01992/s566993103_fla_bcf_instsub.elf,input_output/p01992/input.txt,input_output/p01992/output.txt,llvm-clang-14,O0,True,OLLVM_Heroims_NewPass,"[""BCF"", ""FLA"", ""INSTSUB""]",SUCCESS,2,31,11,9,9,29.03225806451613,short,complex,short_complex,0.5384549733096519,33,860,
p01994,s751478729,297,841,clean_src/p01994/s751478729.c,obfuscated_bin/p01994/s751478729_fla_bcf_instsub.elf,input_output/p01994/input.txt,input_output/p01994/output.txt,llvm-clang-14,O0,True,OLLVM_Heroims_NewPass,"[""BCF"", ""FLA"", ""INSTSUB""]",SUCCESS,3,39,13,9,10,25.64102564102564,short,complex,short_complex,0.9013105183204125,181,704,
p01995,s815850837,447,1084,clean_src/p01995/s815850837.c,obfuscated_bin/p01995/s815850837_fla_bcf_instsub.elf,input_output/p01995/input.txt,input_output/p01995/output.txt,llvm-clang-14,O0,True,OLLVM_Heroims_NewPass,"[""BCF"", ""FLA"", ""INSTSUB""]",SUCCESS,2,39,14,9,12,30.76923076923077,short,complex,short_complex,0.06498900002334618,682,931,
p02000,s679527935,505,1261,clean_src/p02000/s679527935.c,obfuscated_bin/p02000/s679527935_fla_bcf_instsub.elf,input_output/p02000/input.txt,input_output/p02000/output.txt,llvm-clang-14,O0,True,OLLVM_Heroims_NewPass,"[""BCF"", ""FLA"", ""INSTSUB""]",SUCCESS,3,57,19,11,16,28.07017543859649,short,complex,short_complex,0.9553789698615478,842,810,
p02003,s748309817,1312,4487,clean_src/p02003/s748309817.c,obfuscated_bin/p02003/s748309817_fla_bcf_instsub.elf,input_output/p02003/input.txt,input_output/p02003/output.txt,llvm-clang-14,O0,True,OLLVM_Heroims_NewPass,"[""BCF"", ""FLA"", ""INSTSUB""]",SUCCESS,6,146,38,15,32,21.91780821917808,long,simple,long_simple,0.18553062324503888,1985,543,
p02005,s565084797,668,1810,clean_src/p02005/s565084797.c,obfuscated_bin/p02005/s565084797_fla_bcf_instsub.elf,input_output/p02005/input.txt,input_output/p02005/output.txt,llvm-clang-14,O0,True,OLLVM_Heroims_NewPass,"[""BCF"", ""FLA"", ""INSTSUB""]",SUCCESS,5,75,23,12,18,24.0,short,simple,short_simple,0.838813887907083,1231,623,
p02006,s932977360,282,992,clean_src/p02006/s932977360.c,obfuscated_bin/p02006/s932977360_fla_bcf_instsub.elf,input_output/p02006/input.txt,input_output/p02006/output.txt,llvm-clang-14,O0,True,OLLVM_Heroims_NewPass,"[""BCF"", ""FLA"", ""INSTSUB""]",SUCCESS,3,39,13,7,10,25.64102564102564,short,complex,short_complex,0.8048598170833978,117,703,
p02007,s761085324,1303,3933,clean_src/p02007/s761085324.c,obfuscated_bin/p02007/s761085324_fla_bcf_instsub.elf,input_output/p02007/input.txt,input_output/p02007/output.txt,llvm-clang-14,O0,True,OLLVM_Heroims_NewPass,"[""BCF"", ""FLA"", ""INSTSUB""]",SUCCESS,8,137,40,9,32,23.357664233576642,long,simple,long_simple,0.6614407574758744,1975,580,
p02012,s836389765,277,722,clean_src/p02012/s836389765.c,obfuscated_bin/p02012/s836389765_fla_bcf_instsub.elf,input_output/p02012/input.txt,input_output/p02012/output.txt,llvm-clang-14,O0,True,OLLVM_Heroims_NewPass,"[""BCF"", ""FLA"", ""INSTSUB""]",SUCCESS,2,45,11,6,9,20.0,short,simple,short_simple,0.43919758353408955,94,437,
p02013,s085470817,882,2455,clean_src/p02013/s085470817.c,obfuscated_bin/p02013/s085470817_fla_bcf_instsub.elf,input_output/p02013/input.txt,input_output/p02013/output.txt,llvm-clang-14,O0,True,OLLVM_Heroims_NewPass,"[""BCF"", ""FLA"", ""INSTSUB""]",SUCCESS,7,98,35,10,28,28.57142857142857,long,complex,long_complex,0.369063269128309,1601,714,
p02023,s093543805,417,933,clean_src/p02023/s093543805.c,obfuscated_bin/p02023/s093543805_fla_bcf_instsub.elf,input_output/p02023/input.txt,input_output/p02023/output.txt,llvm-clang-14,O0,True,OLLVM_Heroims_NewPass,"[""BCF"", ""FLA"", ""INSTSUB""]",SUCCESS,4,42,9,4,5,11.904761904761903,short,simple,short_simple,0.9538628295449241,600,112,
p02026,s010652044,1193,3008,clean_src/p02026/s010652044.c,obfuscated_bin/p02026/s010652044_fla_bcf_instsub.elf,input_output/p02026/input.txt,input_output/p02026/output.txt,llvm-clang-14,O0,True,OLLVM_Heroims_NewPass,"[""BCF"", ""FLA"", ""INSTSUB""]",SUCCESS,11,110,30,6,19,17.272727272727273,long,simple,long_simple,0.42025452157808774,1900,393,
p02028,s673126280,526,1368,clean_src/p02028/s673126280.c,obfuscated_bin/p02028/s673126280_fla_bcf_instsub.elf,input_output/p02028/input.txt,input_output/p02028/output.txt,llvm-clang-14,O0,True,OLLVM_Heroims_NewPass,"[""BCF"", ""FLA"", ""INSTSUB""]",SUCCESS,8,56,17,4,9,16.071428571428573,short,simple,short_simple,0.5936606213747377,886,258,
p02029,s891773536,711,2119,clean_src/p02029/s891773536.c,obfuscated_bin/p02029/s891773536_fla_bcf_instsub.elf,input_output/p02029/input.txt,input_output/p02029/output.txt,llvm-clang-14,O0,True,OLLVM_Heroims_NewPass,"[""BCF"", ""FLA"", ""INSTSUB""]",SUCCESS,6,77,29,14,23,29.87012987012987,long,complex,long_complex,0.8908851824041331,1325,748,
p02030,s116088558,397,1066,clean_src/p02030/s116088558.c,obfuscated_bin/p02030/s116088558_fla_bcf_instsub.elf,input_output/p02030/input.txt,input_output/p02030/output.txt,llvm-clang-14,O0,True,OLLVM_Heroims_NewPass,"[""BCF"", ""FLA"", ""INSTSUB""]",SUCCESS,1,46,18,18,17,36.95652173913043,short,complex,short_complex,0.31887425833483285,532,1103,
p02031,s348690444,262,840,clean_src/p02031/s348690444.c,obfuscated_bin/p02031/s348690444_fla_bcf_instsub.elf,input_output/p02031/input.txt,input_output/p02031/output.txt,llvm-clang-14,O0,True,OLLVM_Heroims_NewPass,"[""BCF"", ""FLA"", ""INSTSUB""]",SUCCESS,3,34,12,8,9,26.47058823529412,short,complex,short_complex,0.14808225935822028,27,737,
p02032,s417832412,632,1709,clean_src/p02032/s417832412.c,obfuscated_bin/p02032/s417832412_fla_bcf_instsub.elf,input_output/p02032/input.txt,input_output/p02032/output.txt,llvm-clang-14,O0,True,OLLVM_Heroims_NewPass,"[""BCF"", ""FLA"", ""INSTSUB""]",SUCCESS,2,63,14,12,12,19.047619047619047,short,simple,short_simple,0.9474848628734025,1149,388,
p02033,s107827639,420,864,clean_src/p02033/s107827639.c,obfuscated_bin/p02033/s107827639_fla_bcf_instsub.elf,input_output/p02033/input.txt,input_output/p02033/output.txt,llvm-clang-14,O0,True,OLLVM_Heroims_NewPass,"[""BCF"", ""FLA"", ""INSTSUB""]",SUCCESS,4,41,15,6,11,26.82926829268293,short,complex,short_complex,0.900819006787069,612,750,
p02034,s394275728,329,959,clean_src/p02034/s394275728.c,obfuscated_bin/p02034/s394275728_fla_bcf_instsub.elf,input_output/p02034/input.txt,input_output/p02034/output.txt,llvm-clang-14,O0,True,OLLVM_Heroims_NewPass,"[""BCF"", ""FLA"", ""INSTSUB""]",SUCCESS,4,43,17,8,13,30.23255813953488,short,complex,short_complex,0.11086148496726245,307,909,
p02035,s741239259,399,901,clean_src/p02035/s741239259.c,obfuscated_bin/p02035/s741239259_fla_bcf_instsub.elf,input_output/p02035/input.txt,input_output/p02035/output.txt,llvm-clang-14,O0,True,OLLVM_Heroims_NewPass,"[""BCF"", ""FLA"", ""INSTSUB""]",SUCCESS,4,26,11,4,7,26.923076923076923,short,complex,short_complex,0.5459091889811949,542,760,
p02041,s423953232,642,1717,clean_src/p02041/s423953232.c,obfuscated_bin/p02041/s423953232_fla_bcf_instsub.elf,input_output/p02041/input.txt,input_output/p02041/output.txt,llvm-clang-14,O0,True,OLLVM_Heroims_NewPass,"[""BCF"", ""FLA"", ""INSTSUB""]",SUCCESS,8,62,20,6,12,19.35483870967742,short,simple,short_simple,0.38609384072361863,1170,399,
p02044,s860601566,283,1052,clean_src/p02044/s860601566.c,obfuscated_bin/p02044/s860601566_fla_bcf_instsub.elf,input_output/p02044/input.txt,input_output/p02044/output.txt,llvm-clang-14,O0,True,OLLVM_Heroims_NewPass,"[""BCF"", ""FLA"", ""INSTSUB""]",SUCCESS,8,53,15,3,7,13.20754716981132,short,simple,short_simple,0.23514285063678864,122,147,
p02045,s260450199,678,1637,clean_src/p02045/s260450199.c,obfuscated_bin/p02045/s260450199_fla_bcf_instsub.elf,input_output/p02045/input.txt,input_output/p02045/output.txt,llvm-clang-14,O0,True,OLLVM_Heroims_NewPass,"[""BCF"", ""FLA"", ""INSTSUB""]",SUCCESS,6,54,31,12,25,46.2962962962963,short,complex,short_complex,0.9590193322118128,1251,1221,
p02046,s868477870,324,993,clean_src/p02046/s868477870.c,obfuscated_bin/p02046/s868477870_fla_bcf_instsub.elf,input_output/p02046/input.txt,input_output/p02046/output.txt,llvm-clang-14,O0,True,OLLVM_Heroims_NewPass,"[""BCF"", ""FLA"", ""INSTSUB""]",SUCCESS,3,40,22,14,19,47.5,short,complex,short_complex,0.6838964622001349,285,1229,
p02047,s842824862,341,725,clean_src/p02047/s842824862.c,obfuscated_bin/p02047/s842824862_fla_bcf_instsub.elf,input_output/p02047/input.txt,input_output/p02047/output.txt,llvm-clang-14,O0,True,OLLVM_Heroims_NewPass,"[""BCF"", ""FLA"", ""INSTSUB""]",SUCCESS,1,28,4,4,3,10.714285714285714,short,simple,short_simple,0.6770280455804124,345,78,
p02052,s839105643,277,721,clean_src/p02052/s839105643.c,obfuscated_bin/p02052/s839105643_fla_bcf_instsub.elf,input_output/p02052/input.txt,input_output/p02052/output.txt,llvm-clang-14,O0,True,OLLVM_Heroims_NewPass,"[""BCF"", ""FLA"", ""INSTSUB""]",SUCCESS,2,36,9,7,7,19.444444444444446,short,simple,short_simple,0.5222931579505405,95,406,
p02053,s098329933,268,874,clean_src/p02053/s098329933.c,obfuscated_bin/p02053/s098329933_fla_bcf_instsub.elf,input_output/p02053/input.txt,input_output/p02053/output.txt,llvm-clang-14,O0,True,OLLVM_Heroims_NewPass,"[""BCF"", ""FLA"", ""INSTSUB""]",SUCCESS,3,32,13,9,10,31.25,short,complex,short_complex,0.842774894223685,50,947,
p02055,s918006341,369,793,clean_src/p02055/s918006341.c,obfuscated_bin/p02055/s918006341_fla_bcf_instsub.elf,input_output/p02055/input.txt,input_output/p02055/output.txt,llvm-clang-14,O0,True,OLLVM_Heroims_NewPass,"[""BCF"", ""FLA"", ""INSTSUB""]",SUCCESS,1,39,9,9,8,20.51282051282051,short,simple,short_simple,0.21495838407316792,436,463,
p02056,s529226180,1745,5907,clean_src/p02056/s529226180.c,obfuscated_bin/p02056/s529226180_fla_bcf_instsub.elf,input_output/p02056/input.txt,input_output/p02056/output.txt,llvm-clang-14,O0,True,OLLVM_Heroims_NewPass,"[""BCF"", ""FLA"", ""INSTSUB""]",SUCCESS,11,202,41,12,30,14.85148514851485,long,simple,long_simple,0.5916473535534269,2172,222,
p02057,s673506284,622,1522,clean_src/p02057/s673506284.c,obfuscated_bin/p02057/s673506284_fla_bcf_instsub.elf,input_output/p02057/input.txt,input_output/p02057/output.txt,llvm-clang-14,O0,True,OLLVM_Heroims_NewPass,"[""BCF"", ""FLA"", ""INSTSUB""]",SUCCESS,6,70,14,4,8,11.428571428571429,short,simple,short_simple,0.9341193754300576,1126,94,
p02058,s931817262,1105,3373,clean_src/p02058/s931817262.c,obfuscated_bin/p02058/s931817262_fla_bcf_instsub.elf,input_output/p02058/input.txt,input_output/p02058/output.txt,llvm-clang-14,O0,True,OLLVM_Heroims_NewPass,"[""BCF"", ""FLA"", ""INSTSUB""]",SUCCESS,5,112,21,12,16,14.285714285714285,long,simple,long_simple,0.3949159599158377,1830,204,
p02059,s063884393,1171,3174,clean_src/p02059/s063884393.c,obfuscated_bin/p02059/s063884393_fla_bcf_instsub.elf,input_output/p02059/input.txt,input_output/p02059/output.txt,llvm-clang-14,O0,True,OLLVM_Heroims_NewPass,"[""BCF"", ""FLA"", ""INSTSUB""]",SUCCESS,8,133,32,9,24,18.045112781954884,long,simple,long_simple,0.7289691277883394,1888,425,
p02060,s706882681,297,715,clean_src/p02060/s706882681.c,obfuscated_bin/p02060/s706882681_fla_bcf_instsub.elf,input_output/p02060/input.txt,input_output/p02060/output.txt,llvm-clang-14,O0,True,OLLVM_Heroims_NewPass,"[""BCF"", ""FLA"", ""INSTSUB""]",SUCCESS,1,28,13,13,12,42.857142857142854,short,complex,short_complex,0.9966414953284394,182,1190,
p02061,s097519111,291,909,clean_src/p02061/s097519111.c,obfuscated_bin/p02061/s097519111_fla_bcf_instsub.elf,input_output/p02061/input.txt,input_output/p02061/output.txt,llvm-clang-14,O0,True,OLLVM_Heroims_NewPass,"[""BCF"", ""FLA"", ""INSTSUB""]",SUCCESS,4,33,13,4,9,27.27272727272727,short,complex,short_complex,0.6650486089466059,158,769,
p02063,s849308462,346,856,clean_src/p02063/s849308462.c,obfuscated_bin/p02063/s849308462_fla_bcf_instsub.elf,input_output/p02063/input.txt,input_output/p02063/output.txt,llvm-clang-14,O0,True,OLLVM_Heroims_NewPass,"[""BCF"", ""FLA"", ""INSTSUB""]",SUCCESS,4,31,13,6,9,29.03225806451613,short,complex,short_complex,0.2660099015865497,355,859,
p02078,s497914799,374,1063,clean_src/p02078/s497914799.c,obfuscated_bin/p02078/s497914799_fla_bcf_instsub.elf,input_output/p02078/input.txt,input_output/p02078/output.txt,llvm-clang-14,O0,True,OLLVM_Heroims_NewPass,"[""BCF"", ""FLA"", ""INSTSUB""]",SUCCESS,2,43,16,9,14,32.55813953488372,short,complex,short_complex,0.7430673225104254,462,984,
p02099,s201560197,355,861,clean_src/p02099/s201560197.c,obfuscated_bin/p02099/s201560197_fla_bcf_instsub.elf,input_output/p02099/input.txt,input_output/p02099/output.txt,llvm-clang-14,O0,True,OLLVM_Heroims_NewPass,"[""BCF"", ""FLA"", ""INSTSUB""]",SUCCESS,3,29,14,8,11,37.93103448275862,short,complex,short_complex,0.7176513027223435,388,1119,
p02100,s624710482,260,527,clean_src/p02100/s624710482.c,obfuscated_bin/p02100/s624710482_fla_bcf_instsub.elf,input_output/p02100/input.txt,input_output/p02100/output.txt,llvm-clang-14,O0,True,OLLVM_Heroims_NewPass,"[""BCF"", ""FLA"", ""INSTSUB""]",SUCCESS,3,32,13,7,10,31.25,short,complex,short_complex,0.7156229272507516,22,945,
p02104,s060569854,317,799,clean_src/p02104/s060569854.c,obfuscated_bin/p02104/s060569854_fla_bcf_instsub.elf,input_output/p02104/input.txt,input_output/p02104/output.txt,llvm-clang-14,O0,True,OLLVM_Heroims_NewPass,"[""BCF"", ""FLA"", ""INSTSUB""]",SUCCESS,2,32,12,10,10,31.25,short,complex,short_complex,0.9773528798724732,256,948,
p02106,s032577361,1668,4083,clean_src/p02106/s032577361.c,obfuscated_bin/p02106/s032577361_fla_bcf_instsub.elf,input_output/p02106/input.txt,input_output/p02106/output.txt,llvm-clang-14,O0,True,OLLVM_Heroims_NewPass,"[""BCF"", ""FLA"", ""INSTSUB""]",SUCCESS,15,146,40,6,25,17.123287671232877,long,simple,long_simple,0.6631967478135489,2143,386,
p02112,s156640517,333,572,clean_src/p02112/s156640517.c,obfuscated_bin/p02112/s156640517_fla_bcf_instsub.elf,input_output/p02112/input.txt,input_output/p02112/output.txt,llvm-clang-14,O0,True,OLLVM_Heroims_NewPass,"[""BCF"", ""FLA"", ""INSTSUB""]",SUCCESS,4,18,11,6,7,38.88888888888889,short,complex,short_complex,0.596530915311428,320,1133,
p02113,s600514873,908,2387,clean_src/p02113/s600514873.c,obfuscated_bin/p02113/s600514873_fla_bcf_instsub.elf,input_output/p02113/input.txt,input_output/p02113/output.txt,llvm-clang-14,O0,True,OLLVM_Heroims_NewPass,"[""BCF"", ""FLA"", ""INSTSUB""]",SUCCESS,5,93,33,17,28,30.107526881720432,long,complex,long_complex,0.9644015246896906,1637,757,
p02114,s002090313,491,1094,clean_src/p02114/s002090313.c,obfuscated_bin/p02114/s002090313_fla_bcf_instsub.elf,input_output/p02114/input.txt,input_output/p02114/output.txt,llvm-clang-14,O0,True,OLLVM_Heroims_NewPass,"[""BCF"", ""FLA"", ""INSTSUB""]",SUCCESS,3,35,21,16,18,51.42857142857142,short,complex,short_complex,0.6373082503366427,801,1250,
p02115,s314083634,317,754,clean_src/p02115/s314083634.c,obfuscated_bin/p02115/s314083634_fla_bcf_instsub.elf,input_output/p02115/input.txt,input_output/p02115/output.txt,llvm-clang-14,O0,True,OLLVM_Heroims_NewPass,"[""BCF"", ""FLA"", ""INSTSUB""]",SUCCESS,2,53,13,11,11,20.754716981132077,short,simple,short_simple,0.12163266931999972,257,480,
p02119,s452966898,298,559,clean_src/p02119/s452966898.c,obfuscated_bin/p02119/s452966898_fla_bcf_instsub.elf,input_output/p02119/input.txt,input_output/p02119/output.txt,llvm-clang-14,O0,True,OLLVM_Heroims_NewPass,"[""BCF"", ""FLA"", ""INSTSUB""]",SUCCESS,2,39,8,6,6,15.384615384615385,short,simple,short_simple,0.7195759009069533,185,221,
p02122,s879749049,806,2548,clean_src/p02122/s879749049.c,obfuscated_bin/p02122/s879749049_fla_bcf_instsub.elf,input_output/p02122/input.txt,input_output/p02122/output.txt,llvm-clang-14,O0,True,OLLVM_Heroims_NewPass,"[""BCF"", ""FLA"", ""INSTSUB""]",SUCCESS,6,86,29,12,23,26.744186046511626,long,complex,long_complex,0.9236633343324012,1485,669,
p02126,s641597870,494,1257,clean_src/p02126/s641597870.c,obfuscated_bin/p02126/s641597870_fla_bcf_instsub.elf,input_output/p02126/input.txt,input_output/p02126/output.txt,llvm-clang-14,O0,True,OLLVM_Heroims_NewPass,"[""BCF"", ""FLA"", ""INSTSUB""]",SUCCESS,3,51,13,6,10,19.607843137254903,short,simple,short_simple,0.7085385248997338,810,420,
p02128,s387877056,758,1966,clean_src/p02128/s387877056.c,obfuscated_bin/p02128/s387877056_fla_bcf_instsub.elf,input_output/p02128/input.txt,input_output/p02128/output.txt,llvm-clang-14,O0,True,OLLVM_Heroims_NewPass,"[""BCF"", ""FLA"", ""INSTSUB""]",SUCCESS,6,70,24,11,18,25.71428571428571,long,simple,long_simple,0.3051107625339131,1406,641,
p02129,s898597792,262,429,clean_src/p02129/s898597792.c,obfuscated_bin/p02129/s898597792_fla_bcf_instsub.elf,input_output/p02129/input.txt,input_output/p02129/output.txt,llvm-clang-14,O0,True,OLLVM_Heroims_NewPass,"[""BCF"", ""FLA"", ""INSTSUB""]",SUCCESS,1,20,15,15,14,70.0,short,complex,short_complex,0.5573167324032572,28,1288,
p02130,s037135034,1451,3450,clean_src/p02130/s037135034.c,obfuscated_bin/p02130/s037135034_fla_bcf_instsub.elf,input_output/p02130/input.txt,input_output/p02130/output.txt,llvm-clang-14,O0,True,OLLVM_Heroims_NewPass,"[""BCF"", ""FLA"", ""INSTSUB""]",SUCCESS,8,145,45,11,37,25.517241379310345,long,simple,long_simple,0.8026336931464945,2052,637,
p02131,s225103955,774,1650,clean_src/p02131/s225103955.c,obfuscated_bin/p02131/s225103955_fla_bcf_instsub.elf,input_output/p02131/input.txt,input_output/p02131/output.txt,llvm-clang-14,O0,True,OLLVM_Heroims_NewPass,"[""BCF"", ""FLA"", ""INSTSUB""]",SUCCESS,2,64,21,12,19,29.6875,long,complex,long_complex,0.6742794447335688,1435,745,
p02133,s738439512,1936,4354,clean_src/p02133/s738439512.c,obfuscated_bin/p02133/s738439512_fla_bcf_instsub.elf,input_output/p02133/input.txt,input_output/p02133/output.txt,llvm-clang-14,O0,True,OLLVM_Heroims_NewPass,"[""BCF"", ""FLA"", ""INSTSUB""]",SUCCESS,11,151,52,20,41,27.1523178807947,long,complex,long_complex,0.5112427332845093,2227,680,
p02139,s754652923,1184,3769,clean_src/p02139/s754652923.c,obfuscated_bin/p02139/s754652923_fla_bcf_instsub.elf,input_output/p02139/input.txt,input_output/p02139/output.txt,llvm-clang-14,O0,True,OLLVM_Heroims_NewPass,"[""BCF"", ""FLA"", ""INSTSUB""]",SUCCESS,7,148,34,13,27,18.243243243243242,long,simple,long_simple,0.7092624201144083,1897,433,
p02140,s519920971,1288,3310,clean_src/p02140/s519920971.c,obfuscated_bin/p02140/s519920971_fla_bcf_instsub.elf,input_output/p02140/input.txt,input_output/p02140/output.txt,llvm-clang-14,O0,True,OLLVM_Heroims_NewPass,"[""BCF"", ""FLA"", ""INSTSUB""]",SUCCESS,10,128,29,8,19,14.84375,long,simple,long_simple,0.8770019382056627,1965,221,
p02142,s760708302,1093,3030,clean_src/p02142/s760708302.c,obfuscated_bin/p02142/s760708302_fla_bcf_instsub.elf,input_output/p02142/input.txt,input_output/p02142/output.txt,llvm-clang-14,O0,True,OLLVM_Heroims_NewPass,"[""BCF"", ""FLA"", ""INSTSUB""]",SUCCESS,11,110,28,6,17,15.454545454545453,long,simple,long_simple,0.6586221837904348,1820,255,
p02143,s586025826,518,1477,clean_src/p02143/s586025826.c,obfuscated_bin/p02143/s586025826_fla_bcf_instsub.elf,input_output/p02143/input.txt,input_output/p02143/output.txt,llvm-clang-14,O0,True,OLLVM_Heroims_NewPass,"[""BCF"", ""FLA"", ""INSTSUB""]",SUCCESS,4,53,18,8,14,26.41509433962264,short,complex,short_complex,0.4774131063758449,869,734,
p02145,s497452070,740,2067,clean_src/p02145/s497452070.c,obfuscated_bin/p02145/s497452070_fla_bcf_instsub.elf,input_output/p02145/input.txt,input_output/p02145/output.txt,llvm-clang-14,O0,True,OLLVM_Heroims_NewPass,"[""BCF"", ""FLA"", ""INSTSUB""]",SUCCESS,3,76,27,15,24,31.57894736842105,long,complex,long_complex,0.6486789118131314,1373,789,
p02153,s883668479,1031,2797,clean_src/p02153/s883668479.c,obfuscated_bin/p02153/s883668479_fla_bcf_instsub.elf,input_output/p02153/input.txt,input_output/p02153/output.txt,llvm-clang-14,O0,True,OLLVM_Heroims_NewPass,"[""BCF"", ""FLA"", ""INSTSUB""]",SUCCESS,7,97,38,15,31,31.958762886597935,long,complex,long_complex,0.07732739444698222,1771,797,
p02156,s475078742,1390,3262,clean_src/p02156/s475078742.c,obfuscated_bin/p02156/s475078742_fla_bcf_instsub.elf,input_output/p02156/input.txt,input_output/p02156/output.txt,llvm-clang-14,O0,True,OLLVM_Heroims_NewPass,"[""BCF"", ""FLA"", ""INSTSUB""]",SUCCESS,8,134,39,11,31,23.134328358208954,long,simple,long_simple,0.8814543451247431,2020,572,
p02157,s296354580,265,781,clean_src/p02157/s296354580.c,obfuscated_bin/p02157/s296354580_fla_bcf_instsub.elf,input_output/p02157/input.txt,input_output/p02157/output.txt,llvm-clang-14,O0,True,OLLVM_Heroims_NewPass,"[""BCF"", ""FLA"", ""INSTSUB""]",SUCCESS,2,26,11,9,9,34.61538461538461,short,complex,short_complex,0.9805330662731746,41,1050,
p02160,s661235379,370,758,clean_src/p02160/s661235379.c,obfuscated_bin/p02160/s661235379_fla_bcf_instsub.elf,input_output/p02160/input.txt,input_output/p02160/output.txt,llvm-clang-14,O0,True,OLLVM_Heroims_NewPass,"[""BCF"", ""FLA"", ""INSTSUB""]",SUCCESS,5,35,17,5,12,34.285714285714285,short,complex,short_complex,0.10672136135499466,439,1040,
p02169,s448278607,398,864,clean_src/p02169/s448278607.c,obfuscated_bin/p02169/s448278607_fla_bcf_instsub.elf,input_output/p02169/input.txt,input_output/p02169/output.txt,llvm-clang-14,O0,True,OLLVM_Heroims_NewPass,"[""BCF"", ""FLA"", ""INSTSUB""]",SUCCESS,4,30,10,4,6,20.0,short,simple,short_simple,0.16974168228774966,535,428,
p02170,s994369547,581,1673,clean_src/p02170/s994369547.c,obfuscated_bin/p02170/s994369547_fla_bcf_instsub.elf,input_output/p02170/input.txt,input_output/p02170/output.txt,llvm-clang-14,O0,True,OLLVM_Heroims_NewPass,"[""BCF"", ""FLA"", ""INSTSUB""]",SUCCESS,8,47,17,6,9,19.148936170212767,short,simple,short_simple,0.5529542576310063,1036,392,
p02175,s426613034,302,1002,clean_src/p02175/s426613034.c,obfuscated_bin/p02175/s426613034_fla_bcf_instsub.elf,input_output/p02175/input.txt,input_output/p02175/output.txt,llvm-clang-14,O0,True,OLLVM_Heroims_NewPass,"[""BCF"", ""FLA"", ""INSTSUB""]",SUCCESS,4,39,15,5,11,28.205128205128204,short,complex,short_complex,0.1913728886388979,201,815,
p02176,s867515952,358,952,clean_src/p02176/s867515952.c,obfuscated_bin/p02176/s867515952_fla_bcf_instsub.elf,input_output/p02176/input.txt,input_output/p02176/output.txt,llvm-clang-14,O0,True,OLLVM_Heroims_NewPass,"[""BCF"", ""FLA"", ""INSTSUB""]",SUCCESS,3,67,20,12,17,25.37313432835821,short,complex,short_complex,0.8659025353386294,402,682,
p02177,s846321363,329,848,clean_src/p02177/s846321363.c,obfuscated_bin/p02177/s846321363_fla_bcf_instsub.elf,input_output/p02177/input.txt,input_output/p02177/output.txt,llvm-clang-14,O0,True,OLLVM_Heroims_NewPass,"[""BCF"", ""FLA"", ""INSTSUB""]",SUCCESS,1,39,15,15,14,35.8974358974359,short,complex,short_complex,0.35722313018455565,308,1083,
p02178,s097850540,1117,2586,clean_src/p02178/s097850540.c,obfuscated_bin/p02178/s097850540_fla_bcf_instsub.elf,input_output/p02178/input.txt,input_output/p02178/output.txt,llvm-clang-14,O0,True,OLLVM_Heroims_NewPass,"[""BCF"", ""FLA"", ""INSTSUB""]",SUCCESS,9,115,30,5,21,18.26086956521739,long,simple,long_simple,0.3722365613798845,1839,434,
p02182,s885130669,274,950,clean_src/p02182/s885130669.c,obfuscated_bin/p02182/s885130669_fla_bcf_instsub.elf,input_output/p02182/input.txt,input_output/p02182/output.txt,llvm-clang-14,O0,True,OLLVM_Heroims_NewPass,"[""BCF"", ""FLA"", ""INSTSUB""]",SUCCESS,4,36,13,5,9,25.0,short,complex,short_complex,0.7024466961549719,79,654,
p02183,s666922486,407,735,clean_src/p02183/s666922486.c,obfuscated_bin/p02183/s666922486_fla_bcf_instsub.elf,input_output/p02183/input.txt,input_output/p02183/output.txt,llvm-clang-14,O0,True,OLLVM_Heroims_NewPass,"[""BCF"", ""FLA"", ""INSTSUB""]",SUCCESS,2,38,19,11,17,44.73684210526316,short,complex,short_complex,0.6423232978388049,575,1209,
p02184,s920082343,442,807,clean_src/p02184/s920082343.c,obfuscated_bin/p02184/s920082343_fla_bcf_instsub.elf,input_output/p02184/input.txt,input_output/p02184/output.txt,llvm-clang-14,O0,True,OLLVM_Heroims_NewPass,"[""BCF"", ""FLA"", ""INSTSUB""]",SUCCESS,2,38,17,10,15,39.473684210526315,short,complex,short_complex,0.8076188219763979,664,1144,
p02185,s146844850,426,1034,clean_src/p02185/s146844850.c,obfuscated_bin/p02185/s146844850_fla_bcf_instsub.elf,input_output/p02185/input.txt,input_output/p02185/output.txt,llvm-clang-14,O0,True,OLLVM_Heroims_NewPass,"[""BCF"", ""FLA"", ""INSTSUB""]",SUCCESS,1,29,4,4,3,10.344827586206897,short,simple,short_simple,0.42565810431344986,630,67,
p02186,s230233687,1137,3009,clean_src/p02186/s230233687.c,obfuscated_bin/p02186/s230233687_fla_bcf_instsub.elf,input_output/p02186/input.txt,input_output/p02186/output.txt,llvm-clang-14,O0,True,OLLVM_Heroims_NewPass,"[""BCF"", ""FLA"", ""INSTSUB""]",SUCCESS,10,99,23,6,13,13.131313131313133,long,simple,long_simple,0.6572104552120471,1866,160,
p02189,s186096896,2528,5392,clean_src/p02189/s186096896.c,obfuscated_bin/p02189/s186096896_fla_bcf_instsub.elf,input_output/p02189/input.txt,input_output/p02189/output.txt,llvm-clang-14,O0,True,OLLVM_Heroims_NewPass,"[""BCF"", ""FLA"", ""INSTSUB""]",SUCCESS,52,128,106,4,54,42.1875,long,complex,long_complex,0.7379831428752823,2396,999,
p02190,s537862315,297,720,clean_src/p02190/s537862315.c,obfuscated_bin/p02190/s537862315_fla_bcf_instsub.elf,input_output/p02190/input.txt,input_output/p02190/output.txt,llvm-clang-14,O0,True,OLLVM_Heroims_NewPass,"[""BCF"", ""FLA"", ""INSTSUB""]",SUCCESS,3,30,13,7,10,33.33333333333333,short,complex,short_complex,0.9011451968048997,183,999,
p02191,s954509182,352,938,clean_src/p02191/s954509182.c,obfuscated_bin/p02191/s954509182_fla_bcf_instsub.elf,input_output/p02191/input.txt,input_output/p02191/output.txt,llvm-clang-14,O0,True,OLLVM_Heroims_NewPass,"[""BCF"", ""FLA"", ""INSTSUB""]",SUCCESS,2,38,13,11,11,28.947368421052634,short,complex,short_complex,0.897232092078918,377,855,
p02192,s716096062,483,1286,clean_src/p02192/s716096062.c,obfuscated_bin/p02192/s716096062_fla_bcf_instsub.elf,input_output/p02192/input.txt,input_output/p02192/output.txt,llvm-clang-14,O0,True,OLLVM_Heroims_NewPass,"[""BCF"", ""FLA"", ""INSTSUB""]",SUCCESS,5,49,17,7,12,24.489795918367346,short,simple,short_simple,0.24235626685929834,778,640,
p02198,s764241998,2487,5306,clean_src/p02198/s764241998.c,obfuscated_bin/p02198/s764241998_fla_bcf_instsub.elf,input_output/p02198/input.txt,input_output/p02198/output.txt,llvm-clang-14,O0,True,OLLVM_Heroims_NewPass,"[""BCF"", ""FLA"", ""INSTSUB""]",SUCCESS,52,124,104,4,52,41.935483870967744,long,complex,long_complex,0.4291545308238174,2373,991,
p02199,s392032584,2497,5332,clean_src/p02199/s392032584.c,obfuscated_bin/p02199/s392032584_fla_bcf_instsub.elf,input_output/p02199/input.txt,input_output/p02199/output.txt,llvm-clang-14,O0,True,OLLVM_Heroims_NewPass,"[""BCF"", ""FLA"", ""INSTSUB""]",SUCCESS,52,125,104,4,52,41.6,long,complex,long_complex,0.3693461164637185,2382,980,
p02200,s261586021,2535,5414,clean_src/p02200/s261586021.c,obfuscated_bin/p02200/s261586021_fla_bcf_instsub.elf,input_output/p02200/input.txt,input_output/p02200/output.txt,llvm-clang-14,O0,True,OLLVM_Heroims_NewPass,"[""BCF"", ""FLA"", ""INSTSUB""]",SUCCESS,52,130,107,4,55,42.30769230769231,long,complex,long_complex,0.49769378107371376,2401,1001,
p02201,s193874523,2529,5429,clean_src/p02201/s193874523.c,obfuscated_bin/p02201/s193874523_fla_bcf_instsub.elf,input_output/p02201/input.txt,input_output/p02201/output.txt,llvm-clang-14,O0,True,OLLVM_Heroims_NewPass,"[""BCF"", ""FLA"", ""INSTSUB""]",SUCCESS,52,130,106,4,54,41.53846153846154,long,complex,long_complex,0.5354892542491785,2398,978,
p02202,s844389837,2521,5391,clean_src/p02202/s844389837.c,obfuscated_bin/p02202/s844389837_fla_bcf_instsub.elf,input_output/p02202/input.txt,input_output/p02202/output.txt,llvm-clang-14,O0,True,OLLVM_Heroims_NewPass,"[""BCF"", ""FLA"", ""INSTSUB""]",SUCCESS,52,125,105,4,53,42.4,long,complex,long_complex,0.2629576016214442,2392,1004,
p02203,s293307588,2541,5428,clean_src/p02203/s293307588.c,obfuscated_bin/p02203/s293307588_fla_bcf_instsub.elf,input_output/p02203/input.txt,input_output/p02203/output.txt,llvm-clang-14,O0,True,OLLVM_Heroims_NewPass,"[""BCF"", ""FLA"", ""INSTSUB""]",SUCCESS,52,131,107,4,55,41.98473282442748,long,complex,long_complex,0.5264675876818036,2408,995,
p02204,s730210185,2673,5729,clean_src/p02204/s730210185.c,obfuscated_bin/p02204/s730210185_fla_bcf_instsub.elf,input_output/p02204/input.txt,input_output/p02204/output.txt,llvm-clang-14,O0,True,OLLVM_Heroims_NewPass,"[""BCF"", ""FLA"", ""INSTSUB""]",SUCCESS,52,151,112,9,60,39.735099337748345,long,complex,long_complex,0.9114200106842779,2454,948,
p02205,s871628006,2532,5436,clean_src/p02205/s871628006.c,obfuscated_bin/p02205/s871628006_fla_bcf_instsub.elf,input_output/p02205/input.txt,input_output/p02205/output.txt,llvm-clang-14,O0,True,OLLVM_Heroims_NewPass,"[""BCF"", ""FLA"", ""INSTSUB""]",SUCCESS,52,129,106,4,54,41.86046511627907,long,complex,long_complex,0.538125449150997,2400,987,
p02206,s440590587,2603,5574,clean_src/p02206/s440590587.c,obfuscated_bin/p02206/s440590587_fla_bcf_instsub.elf,input_output/p02206/input.txt,input_output/p02206/output.txt,llvm-clang-14,O0,True,OLLVM_Heroims_NewPass,"[""BCF"", ""FLA"", ""INSTSUB""]",SUCCESS,53,140,109,4,56,40.0,long,complex,long_complex,0.5329595041608315,2432,950,
p02208,s970482150,3824,8597,clean_src/p02208/s970482150.c,obfuscated_bin/p02208/s970482150_fla_bcf_instsub.elf,input_output/p02208/input.txt,input_output/p02208/output.txt,llvm-clang-14,O0,True,OLLVM_Heroims_NewPass,"[""BCF"", ""FLA"", ""INSTSUB""]",SUCCESS,59,270,133,6,74,27.40740740740741,long,complex,long_complex,0.004329510455743479,2564,685,
p02209,s923236656,1769,8264,clean_src/p02209/s923236656.c,obfuscated_bin/p02209/s923236656_fla_bcf_instsub.elf,input_output/p02209/input.txt,input_output/p02209/output.txt,llvm-clang-14,O0,True,OLLVM_Heroims_NewPass,"[""BCF"", ""FLA"", ""INSTSUB""]",SUCCESS,4,285,7,2,3,1.0526315789473684,long,simple,long_simple,0.00027279688652182,2177,3,
p02210,s401215981,2789,5870,clean_src/p02210/s401215981.c,obfuscated_bin/p02210/s401215981_fla_bcf_instsub.elf,input_output/p02210/input.txt,input_output/p02210/output.txt,llvm-clang-14,O0,True,OLLVM_Heroims_NewPass,"[""BCF"", ""FLA"", ""INSTSUB""]",SUCCESS,53,156,114,8,61,39.1025641025641,long,complex,long_complex,0.7526766346184142,2476,938,
p02233,s145171950,456,1327,clean_src/p02233/s145171950.c,obfuscated_bin/p02233/s145171950_fla_bcf_instsub.elf,input_output/p02233/input.txt,input_output/p02233/output.txt,llvm-clang-14,O0,True,OLLVM_Heroims_NewPass,"[""BCF"", ""FLA"", ""INSTSUB""]",SUCCESS,9,93,20,5,11,11.827956989247312,short,simple,short_simple,0.731793954134679,709,109,
p02234,s690319677,507,2737,clean_src/p02234/s690319677.c,obfuscated_bin/p02234/s690319677_fla_bcf_instsub.elf,input_output/p02234/input.txt,input_output/p02234/output.txt,llvm-clang-14,O0,True,OLLVM_Heroims_NewPass,"[""BCF"", ""FLA"", ""INSTSUB""]",SUCCESS,3,87,17,8,14,16.091954022988507,short,simple,short_simple,0.913567324128033,847,261,
p02235,s776780716,473,1121,clean_src/p02235/s776780716.c,obfuscated_bin/p02235/s776780716_fla_bcf_instsub.elf,input_output/p02235/input.txt,input_output/p02235/output.txt,llvm-clang-14,O0,True,OLLVM_Heroims_NewPass,"[""BCF"", ""FLA"", ""INSTSUB""]",SUCCESS,2,56,21,19,19,33.92857142857143,short,complex,short_complex,0.8675918288516176,754,1026,
p02237,s526220445,496,1265,clean_src/p02237/s526220445.c,obfuscated_bin/p02237/s526220445_fla_bcf_instsub.elf,input_output/p02237/input.txt,input_output/p02237/output.txt,llvm-clang-14,O0,True,OLLVM_Heroims_NewPass,"[""BCF"", ""FLA"", ""INSTSUB""]",SUCCESS,4,61,14,5,10,16.39344262295082,short,simple,short_simple,0.9493825584687631,813,276,
p02238,s310856629,683,1590,clean_src/p02238/s310856629.c,obfuscated_bin/p02238/s310856629_fla_bcf_instsub.elf,input_output/p02238/input.txt,input_output/p02238/output.txt,llvm-clang-14,O0,True,OLLVM_Heroims_NewPass,"[""BCF"", ""FLA"", ""INSTSUB""]",SUCCESS,7,79,19,4,12,15.18987341772152,short,simple,short_simple,0.7775136883688915,1267,213,
p02239,s093739113,728,2488,clean_src/p02239/s093739113.c,obfuscated_bin/p02239/s093739113_fla_bcf_instsub.elf,input_output/p02239/input.txt,input_output/p02239/output.txt,llvm-clang-14,O0,True,OLLVM_Heroims_NewPass,"[""BCF"", ""FLA"", ""INSTSUB""]",SUCCESS,6,119,21,9,15,12.605042016806722,long,simple,long_simple,0.853138370583318,1348,142,
p02240,s269785698,694,2007,clean_src/p02240/s269785698.c,obfuscated_bin/p02240/s269785698_fla_bcf_instsub.elf,input_output/p02240/input.txt,input_output/p02240/output.txt,llvm-clang-14,O0,True,OLLVM_Heroims_NewPass,"[""BCF"", ""FLA"", ""INSTSUB""]",SUCCESS,7,80,20,8,13,16.25,short,simple,short_simple,0.9051241508508838,1291,270,
p02241,s846668376,1170,4620,clean_src/p02241/s846668376.c,obfuscated_bin/p02241/s846668376_fla_bcf_instsub.elf,input_output/p02241/input.txt,input_output/p02241/output.txt,llvm-clang-14,O0,True,OLLVM_Heroims_NewPass,"[""BCF"", ""FLA"", ""INSTSUB""]",SUCCESS,13,169,37,7,24,14.201183431952662,long,simple,long_simple,0.9651831066189506,1887,196,
p02242,s409864711,1055,3486,clean_src/p02242/s409864711.c,obfuscated_bin/p02242/s409864711_fla_bcf_instsub.elf,input_output/p02242/input.txt,input_output/p02242/output.txt,llvm-clang-14,O0,True,OLLVM_Heroims_NewPass,"[""BCF"", ""FLA"", ""INSTSUB""]",SUCCESS,7,113,27,6,20,17.699115044247787,long,simple,long_simple,0.7943998424579781,1784,413,
p02244,s940289345,1079,6561,clean_src/p02244/s940289345.c,obfuscated_bin/p02244/s940289345_fla_bcf_instsub.elf,input_output/p02244/input.txt,input_output/p02244/output.txt,llvm-clang-14,O0,True,OLLVM_Heroims_NewPass,"[""BCF"", ""FLA"", ""INSTSUB""]",SUCCESS,7,165,38,13,31,18.787878787878785,long,simple,long_simple,0.35075907870579814,1808,451,
p02245,s103035746,2095,10764,clean_src/p02245/s103035746.c,obfuscated_bin/p02245/s103035746_fla_bcf_instsub.elf,input_output/p02245/input.txt,input_output/p02245/output.txt,llvm-clang-14,O0,True,OLLVM_Heroims_NewPass,"[""BCF"", ""FLA"", ""INSTSUB""]",SUCCESS,26,275,78,15,52,18.90909090909091,long,simple,long_simple,0.5822334585372135,2269,457,
p02246,s956023506,1502,3662,clean_src/p02246/s956023506.c,obfuscated_bin/p02246/s956023506_fla_bcf_instsub.elf,input_output/p02246/input.txt,input_output/p02246/output.txt,llvm-clang-14,O0,True,OLLVM_Heroims_NewPass,"[""BCF"", ""FLA"", ""INSTSUB""]",SUCCESS,2,137,44,30,42,30.656934306569344,long,complex,long_complex,0.6945911277596667,2077,771,
p02247,s506542827,325,1597,clean_src/p02247/s506542827.c,obfuscated_bin/p02247/s506542827_fla_bcf_instsub.elf,input_output/p02247/input.txt,input_output/p02247/output.txt,llvm-clang-14,O0,True,OLLVM_Heroims_NewPass,"[""BCF"", ""FLA"", ""INSTSUB""]",SUCCESS,4,68,12,5,8,11.76470588235294,short,simple,short_simple,0.8937754735861725,291,107,
p02248,s905166057,833,2569,clean_src/p02248/s905166057.c,obfuscated_bin/p02248/s905166057_fla_bcf_instsub.elf,input_output/p02248/input.txt,input_output/p02248/output.txt,llvm-clang-14,O0,True,OLLVM_Heroims_NewPass,"[""BCF"", ""FLA"", ""INSTSUB""]",SUCCESS,6,98,39,14,33,33.6734693877551,long,complex,long_complex,0.9953200476441928,1527,839,
p02249,s255548244,691,1646,clean_src/p02249/s255548244.c,obfuscated_bin/p02249/s255548244_fla_bcf_instsub.elf,input_output/p02249/input.txt,input_output/p02249/output.txt,llvm-clang-14,O0,True,OLLVM_Heroims_NewPass,"[""BCF"", ""FLA"", ""INSTSUB""]",SUCCESS,3,63,23,13,20,31.746031746031743,short,complex,short_complex,0.9718122777588871,1287,961,
p02250,s830068678,595,1956,clean_src/p02250/s830068678.c,obfuscated_bin/p02250/s830068678_fla_bcf_instsub.elf,input_output/p02250/input.txt,input_output/p02250/output.txt,llvm-clang-14,O0,True,OLLVM_Heroims_NewPass,"[""BCF"", ""FLA"", ""INSTSUB""]",SUCCESS,6,72,20,7,14,19.444444444444446,short,simple,short_simple,0.6272218843990743,1060,408,
p02253,s362925519,356,937,clean_src/p02253/s362925519.c,obfuscated_bin/p02253/s362925519_fla_bcf_instsub.elf,input_output/p02253/input.txt,input_output/p02253/output.txt,llvm-clang-14,O0,True,OLLVM_Heroims_NewPass,"[""BCF"", ""FLA"", ""INSTSUB""]",SUCCESS,2,67,12,8,10,14.925373134328357,short,simple,short_simple,0.7980756832473266,396,202,
p02254,s234734892,576,1647,clean_src/p02254/s234734892.c,obfuscated_bin/p02254/s234734892_fla_bcf_instsub.elf,input_output/p02254/input.txt,input_output/p02254/output.txt,llvm-clang-14,O0,True,OLLVM_Heroims_NewPass,"[""BCF"", ""FLA"", ""INSTSUB""]",SUCCESS,5,60,18,7,13,21.666666666666668,short,simple,short_simple,0.6379046323495798,1023,519,
p02255,s947087935,372,1577,clean_src/p02255/s947087935.c,obfuscated_bin/p02255/s947087935_fla_bcf_instsub.elf,input_output/p02255/input.txt,input_output/p02255/output.txt,llvm-clang-14,O0,True,OLLVM_Heroims_NewPass,"[""BCF"", ""FLA"", ""INSTSUB""]",SUCCESS,4,69,13,4,9,13.043478260869565,short,simple,short_simple,0.8005774918699468,450,143,
p02256,s616566099,354,1081,clean_src/p02256/s616566099.c,obfuscated_bin/p02256/s616566099_fla_bcf_instsub.elf,input_output/p02256/input.txt,input_output/p02256/output.txt,llvm-clang-14,O0,True,OLLVM_Heroims_NewPass,"[""BCF"", ""FLA"", ""INSTSUB""]",SUCCESS,2,58,11,7,9,15.517241379310345,short,simple,short_simple,0.34238856480661517,382,234,
p02257,s637673717,446,1321,clean_src/p02257/s637673717.c,obfuscated_bin/p02257/s637673717_fla_bcf_instsub.elf,input_output/p02257/input.txt,input_output/p02257/output.txt,llvm-clang-14,O0,True,OLLVM_Heroims_NewPass,"[""BCF"", ""FLA"", ""INSTSUB""]",SUCCESS,5,56,19,9,14,25.0,short,complex,short_complex,0.8826317495642164,677,667,
p02258,s752138028,508,1440,clean_src/p02258/s752138028.c,obfuscated_bin/p02258/s752138028_fla_bcf_instsub.elf,input_output/p02258/input.txt,input_output/p02258/output.txt,llvm-clang-14,O0,True,OLLVM_Heroims_NewPass,"[""BCF"", ""FLA"", ""INSTSUB""]",SUCCESS,4,76,19,5,15,19.736842105263158,short,simple,short_simple,0.9735924659863525,848,426,
p02259,s082440772,497,2220,clean_src/p02259/s082440772.c,obfuscated_bin/p02259/s082440772_fla_bcf_instsub.elf,input_output/p02259/input.txt,input_output/p02259/output.txt,llvm-clang-14,O0,True,OLLVM_Heroims_NewPass,"[""BCF"", ""FLA"", ""INSTSUB""]",SUCCESS,7,88,18,4,11,12.5,short,simple,short_simple,0.9749405741116526,816,126,
p02260,s390308733,522,1686,clean_src/p02260/s390308733.c,obfuscated_bin/p02260/s390308733_fla_bcf_instsub.elf,input_output/p02260/input.txt,input_output/p02260/output.txt,llvm-clang-14,O0,True,OLLVM_Heroims_NewPass,"[""BCF"", ""FLA"", ""INSTSUB""]",SUCCESS,8,73,21,4,13,17.80821917808219,short,simple,short_simple,0.7622655962780575,877,338,
p02261,s233499480,998,1834,clean_src/p02261/s233499480.c,obfuscated_bin/p02261/s233499480_fla_bcf_instsub.elf,input_output/p02261/input.txt,input_output/p02261/output.txt,llvm-clang-14,O0,True,OLLVM_Heroims_NewPass,"[""BCF"", ""FLA"", ""INSTSUB""]",SUCCESS,2,72,27,16,25,34.72222222222222,long,complex,long_complex,0.8209056304581825,1737,860,
p02262,s848297146,759,2758,clean_src/p02262/s848297146.c,obfuscated_bin/p02262/s848297146_fla_bcf_instsub.elf,input_output/p02262/input.txt,input_output/p02262/output.txt,llvm-clang-14,O0,True,OLLVM_Heroims_NewPass,"[""BCF"", ""FLA"", ""INSTSUB""]",SUCCESS,7,114,23,5,16,14.035087719298245,long,simple,long_simple,0.6504884434015665,1409,183,
p02263,s272651774,903,3520,clean_src/p02263/s272651774.c,obfuscated_bin/p02263/s272651774_fla_bcf_instsub.elf,input_output/p02263/input.txt,input_output/p02263/output.txt,llvm-clang-14,O0,True,OLLVM_Heroims_NewPass,"[""BCF"", ""FLA"", ""INSTSUB""]",SUCCESS,16,146,39,12,23,15.753424657534246,long,simple,long_simple,0.8091314639972401,1630,279,
p02264,s389129093,753,3258,clean_src/p02264/s389129093.c,obfuscated_bin/p02264/s389129093_fla_bcf_instsub.elf,input_output/p02264/input.txt,input_output/p02264/output.txt,llvm-clang-14,O0,True,OLLVM_Heroims_NewPass,"[""BCF"", ""FLA"", ""INSTSUB""]",SUCCESS,10,156,32,9,22,14.102564102564102,long,simple,long_simple,0.9014405312132622,1398,187,
p02265,s000531860,1017,4149,clean_src/p02265/s000531860.c,obfuscated_bin/p02265/s000531860_fla_bcf_instsub.elf,input_output/p02265/input.txt,input_output/p02265/output.txt,llvm-clang-14,O0,True,OLLVM_Heroims_NewPass,"[""BCF"", ""FLA"", ""INSTSUB""]",SUCCESS,8,137,25,6,17,12.408759124087592,long,simple,long_simple,0.7862376973862426,1756,133,
p02266,s429465994,932,3460,clean_src/p02266/s429465994.c,obfuscated_bin/p02266/s429465994_fla_bcf_instsub.elf,input_output/p02266/input.txt,input_output/p02266/output.txt,llvm-clang-14,O0,True,OLLVM_Heroims_NewPass,"[""BCF"", ""FLA"", ""INSTSUB""]",SUCCESS,1,135,35,35,34,25.185185185185183,long,simple,long_simple,0.5596715441843616,1666,626,
p02267,s006162175,763,2210,clean_src/p02267/s006162175.c,obfuscated_bin/p02267/s006162175_fla_bcf_instsub.elf,input_output/p02267/input.txt,input_output/p02267/output.txt,llvm-clang-14,O0,True,OLLVM_Heroims_NewPass,"[""BCF"", ""FLA"", ""INSTSUB""]",SUCCESS,11,148,34,6,23,15.54054054054054,long,simple,long_simple,0.946207155501419,1415,259,
p02269,s245354638,1741,17803,clean_src/p02269/s245354638.c,obfuscated_bin/p02269/s245354638_fla_bcf_instsub.elf,input_output/p02269/input.txt,input_output/p02269/output.txt,llvm-clang-14,O0,True,OLLVM_Heroims_NewPass,"[""BCF"", ""FLA"", ""INSTSUB""]",SUCCESS,16,402,63,11,47,11.691542288557214,long,simple,long_simple,0.847508234309824,2170,114,
p02270,s777961255,582,1364,clean_src/p02270/s777961255.c,obfuscated_bin/p02270/s777961255_fla_bcf_instsub.elf,input_output/p02270/input.txt,input_output/p02270/output.txt,llvm-clang-14,O0,True,OLLVM_Heroims_NewPass,"[""BCF"", ""FLA"", ""INSTSUB""]",SUCCESS,4,84,19,8,15,17.857142857142858,short,simple,short_simple,0.9130931549732451,1037,342,
p02271,s452896304,557,3525,clean_src/p02271/s452896304.c,obfuscated_bin/p02271/s452896304_fla_bcf_instsub.elf,input_output/p02271/input.txt,input_output/p02271/output.txt,llvm-clang-14,O0,True,OLLVM_Heroims_NewPass,"[""BCF"", ""FLA"", ""INSTSUB""]",SUCCESS,6,82,22,6,16,19.51219512195122,short,simple,short_simple,0.9459553678273463,972,414,
p02272,s733373796,555,2342,clean_src/p02272/s733373796.c,obfuscated_bin/p02272/s733373796_fla_bcf_instsub.elf,input_output/p02272/input.txt,input_output/p02272/output.txt,llvm-clang-14,O0,True,OLLVM_Heroims_NewPass,"[""BCF"", ""FLA"", ""INSTSUB""]",SUCCESS,7,89,21,6,14,15.730337078651685,short,simple,short_simple,0.8792992860083808,965,243,
p02273,s284865995,879,2849,clean_src/p02273/s284865995.c,obfuscated_bin/p02273/s284865995_fla_bcf_instsub.elf,input_output/p02273/input.txt,input_output/p02273/output.txt,llvm-clang-14,O0,True,OLLVM_Heroims_NewPass,"[""BCF"", ""FLA"", ""INSTSUB""]",SUCCESS,3,104,21,13,18,17.307692307692307,long,simple,long_simple,0.7890539209898874,1593,395,
p02274,s050106681,477,1596,clean_src/p02274/s050106681.c,obfuscated_bin/p02274/s050106681_fla_bcf_instsub.elf,input_output/p02274/input.txt,input_output/p02274/output.txt,llvm-clang-14,O0,True,OLLVM_Heroims_NewPass,"[""BCF"", ""FLA"", ""INSTSUB""]",SUCCESS,4,69,12,5,8,11.594202898550725,short,simple,short_simple,0.9996521881071527,765,101,
p02275,s151934704,558,2263,clean_src/p02275/s151934704.c,obfuscated_bin/p02275/s151934704_fla_bcf_instsub.elf,input_output/p02275/input.txt,input_output/p02275/output.txt,llvm-clang-14,O0,True,OLLVM_Heroims_NewPass,"[""BCF"", ""FLA"", ""INSTSUB""]",SUCCESS,8,95,19,4,11,11.578947368421053,short,simple,short_simple,0.5298863495193107,976,100,
p02276,s530289996,398,1321,clean_src/p02276/s530289996.c,obfuscated_bin/p02276/s530289996_fla_bcf_instsub.elf,input_output/p02276/input.txt,input_output/p02276/output.txt,llvm-clang-14,O0,True,OLLVM_Heroims_NewPass,"[""BCF"", ""FLA"", ""INSTSUB""]",SUCCESS,4,48,16,5,12,25.0,short,complex,short_complex,0.4537857244252327,536,655,
p02277,s689304971,1056,3204,clean_src/p02277/s689304971.c,obfuscated_bin/p02277/s689304971_fla_bcf_instsub.elf,input_output/p02277/input.txt,input_output/p02277/output.txt,llvm-clang-14,O0,True,OLLVM_Heroims_NewPass,"[""BCF"", ""FLA"", ""INSTSUB""]",SUCCESS,6,119,21,5,15,12.605042016806722,long,simple,long_simple,0.9837171121320503,1786,141,
p02278,s114847581,1157,7408,clean_src/p02278/s114847581.c,obfuscated_bin/p02278/s114847581_fla_bcf_instsub.elf,input_output/p02278/input.txt,input_output/p02278/output.txt,llvm-clang-14,O0,True,OLLVM_Heroims_NewPass,"[""BCF"", ""FLA"", ""INSTSUB""]",SUCCESS,12,161,48,12,36,22.36024844720497,long,simple,long_simple,0.9980460937087227,1883,554,
p02279,s971978655,1113,5606,clean_src/p02279/s971978655.c,obfuscated_bin/p02279/s971978655_fla_bcf_instsub.elf,input_output/p02279/input.txt,input_output/p02279/output.txt,llvm-clang-14,O0,True,OLLVM_Heroims_NewPass,"[""BCF"", ""FLA"", ""INSTSUB""]",SUCCESS,12,179,37,7,25,13.966480446927374,long,simple,long_simple,0.8053575002906684,1836,179,
p02280,s102662880,1229,4982,clean_src/p02280/s102662880.c,obfuscated_bin/p02280/s102662880_fla_bcf_instsub.elf,input_output/p02280/input.txt,input_output/p02280/output.txt,llvm-clang-14,O0,True,OLLVM_Heroims_NewPass,"[""BCF"", ""FLA"", ""INSTSUB""]",SUCCESS,8,162,31,7,23,14.19753086419753,long,simple,long_simple,0.9868314173190464,1925,194,
p02281,s440093880,1454,4918,clean_src/p02281/s440093880.c,obfuscated_bin/p02281/s440093880_fla_bcf_instsub.elf,input_output/p02281/input.txt,input_output/p02281/output.txt,llvm-clang-14,O0,True,OLLVM_Heroims_NewPass,"[""BCF"", ""FLA"", ""INSTSUB""]",SUCCESS,15,212,45,5,30,14.150943396226415,long,simple,long_simple,0.9307135005811095,2054,190,
p02282,s955213797,2065,7206,clean_src/p02282/s955213797.c,obfuscated_bin/p02282/s955213797_fla_bcf_instsub.elf,input_output/p02282/input.txt,input_output/p02282/output.txt,llvm-clang-14,O0,True,OLLVM_Heroims_NewPass,"[""BCF"", ""FLA"", ""INSTSUB""]",SUCCESS,18,284,63,11,45,15.845070422535212,long,simple,long_simple,0.8786728608008768,2267,289,
p02283,s287817722,953,4652,clean_src/p02283/s287817722.c,obfuscated_bin/p02283/s287817722_fla_bcf_instsub.elf,input_output/p02283/input.txt,input_output/p02283/output.txt,llvm-clang-14,O0,True,OLLVM_Heroims_NewPass,"[""BCF"", ""FLA"", ""INSTSUB""]",SUCCESS,20,190,42,5,22,11.578947368421053,long,simple,long_simple,0.8237049249435983,1690,109,
p02284,s019185805,1052,4210,clean_src/p02284/s019185805.c,obfuscated_bin/p02284/s019185805_fla_bcf_instsub.elf,input_output/p02284/input.txt,input_output/p02284/output.txt,llvm-clang-14,O0,True,OLLVM_Heroims_NewPass,"[""BCF"", ""FLA"", ""INSTSUB""]",SUCCESS,6,201,45,23,39,19.402985074626866,long,simple,long_simple,0.8716975777249699,1780,474,
p02285,s703327854,1626,8011,clean_src/p02285/s703327854.c,obfuscated_bin/p02285/s703327854_fla_bcf_instsub.elf,input_output/p02285/input.txt,input_output/p02285/output.txt,llvm-clang-14,O0,True,OLLVM_Heroims_NewPass,"[""BCF"", ""FLA"", ""INSTSUB""]",SUCCESS,29,306,71,8,42,13.725490196078432,long,simple,long_simple,0.6678826525719218,2121,176,
p02286,s140532975,1445,4523,clean_src/p02286/s140532975.c,obfuscated_bin/p02286/s140532975_fla_bcf_instsub.elf,input_output/p02286/input.txt,input_output/p02286/output.txt,llvm-clang-14,O0,True,OLLVM_Heroims_NewPass,"[""BCF"", ""FLA"", ""INSTSUB""]",SUCCESS,8,182,50,21,42,23.076923076923077,long,simple,long_simple,0.8849578706213657,2050,571,
p02287,s517301105,478,1319,clean_src/p02287/s517301105.c,obfuscated_bin/p02287/s517301105_fla_bcf_instsub.elf,input_output/p02287/input.txt,input_output/p02287/output.txt,llvm-clang-14,O0,True,OLLVM_Heroims_NewPass,"[""BCF"", ""FLA"", ""INSTSUB""]",SUCCESS,1,66,10,10,9,13.636363636363635,short,simple,short_simple,0.9424234874250935,768,168,
p02288,s746003572,576,2287,clean_src/p02288/s746003572.c,obfuscated_bin/p02288/s746003572_fla_bcf_instsub.elf,input_output/p02288/input.txt,input_output/p02288/output.txt,llvm-clang-14,O0,True,OLLVM_Heroims_NewPass,"[""BCF"", ""FLA"", ""INSTSUB""]",SUCCESS,4,85,19,8,15,17.647058823529413,short,simple,short_simple,0.9292354947692083,1024,329,
p02289,s913513064,1103,12630,clean_src/p02289/s913513064.c,obfuscated_bin/p02289/s913513064_fla_bcf_instsub.elf,input_output/p02289/input.txt,input_output/p02289/output.txt,llvm-clang-14,O0,True,OLLVM_Heroims_NewPass,"[""BCF"", ""FLA"", ""INSTSUB""]",SUCCESS,8,263,37,8,29,11.02661596958175,long,simple,long_simple,0.9376129169524188,1828,98,
p02290,s934318609,564,1942,clean_src/p02290/s934318609.c,obfuscated_bin/p02290/s934318609_fla_bcf_instsub.elf,input_output/p02290/input.txt,input_output/p02290/output.txt,llvm-clang-14,O0,True,OLLVM_Heroims_NewPass,"[""BCF"", ""FLA"", ""INSTSUB""]",SUCCESS,10,76,11,2,1,1.3157894736842104,short,simple,short_simple,0.7287558789242321,991,4,
p02291,s976879908,580,1991,clean_src/p02291/s976879908.c,obfuscated_bin/p02291/s976879908_fla_bcf_instsub.elf,input_output/p02291/input.txt,input_output/p02291/output.txt,llvm-clang-14,O0,True,OLLVM_Heroims_NewPass,"[""BCF"", ""FLA"", ""INSTSUB""]",SUCCESS,10,77,11,2,1,1.2987012987012987,short,simple,short_simple,0.6869317422685557,1032,3,
p02292,s769747600,1070,4529,clean_src/p02292/s769747600.c,obfuscated_bin/p02292/s769747600_fla_bcf_instsub.elf,input_output/p02292/input.txt,input_output/p02292/output.txt,llvm-clang-14,O0,True,OLLVM_Heroims_NewPass,"[""BCF"", ""FLA"", ""INSTSUB""]",SUCCESS,19,132,32,9,13,9.848484848484848,long,simple,long_simple,0.5695311957073319,1797,76,
p02293,s520111861,763,1991,clean_src/p02293/s520111861.c,obfuscated_bin/p02293/s520111861_fla_bcf_instsub.elf,input_output/p02293/input.txt,input_output/p02293/output.txt,llvm-clang-14,O0,True,OLLVM_Heroims_NewPass,"[""BCF"", ""FLA"", ""INSTSUB""]",SUCCESS,14,54,22,4,8,14.814814814814813,long,simple,long_simple,0.9869087759356925,1416,219,
p02294,s191053438,964,3477,clean_src/p02294/s191053438.c,obfuscated_bin/p02294/s191053438_fla_bcf_instsub.elf,input_output/p02294/input.txt,input_output/p02294/output.txt,llvm-clang-14,O0,True,OLLVM_Heroims_NewPass,"[""BCF"", ""FLA"", ""INSTSUB""]",SUCCESS,15,127,24,5,9,7.086614173228346,long,simple,long_simple,0.9704052533599714,1699,39,
p02295,s388965888,1311,5402,clean_src/p02295/s388965888.c,obfuscated_bin/p02295/s388965888_fla_bcf_instsub.elf,input_output/p02295/input.txt,input_output/p02295/output.txt,llvm-clang-14,O0,True,OLLVM_Heroims_NewPass,"[""BCF"", ""FLA"", ""INSTSUB""]",SUCCESS,23,156,40,9,17,10.897435897435898,long,simple,long_simple,0.9499124690224707,1983,94,
p02296,s698044211,1399,5010,clean_src/p02296/s698044211.c,obfuscated_bin/p02296/s698044211_fla_bcf_instsub.elf,input_output/p02296/input.txt,input_output/p02296/output.txt,llvm-clang-14,O0,True,OLLVM_Heroims_NewPass,"[""BCF"", ""FLA"", ""INSTSUB""]",SUCCESS,20,175,33,5,13,7.428571428571429,long,simple,long_simple,0.7110550885138471,2028,48,
p02297,s529656208,677,1745,clean_src/p02297/s529656208.c,obfuscated_bin/p02297/s529656208_fla_bcf_instsub.elf,input_output/p02297/input.txt,input_output/p02297/output.txt,llvm-clang-14,O0,True,OLLVM_Heroims_NewPass,"[""BCF"", ""FLA"", ""INSTSUB""]",SUCCESS,15,48,23,4,8,16.666666666666664,short,simple,short_simple,0.4189610972141431,1250,280,
p02298,s125615129,1785,5621,clean_src/p02298/s125615129.c,obfuscated_bin/p02298/s125615129_fla_bcf_instsub.elf,input_output/p02298/input.txt,input_output/p02298/output.txt,llvm-clang-14,O0,True,OLLVM_Heroims_NewPass,"[""BCF"", ""FLA"", ""INSTSUB""]",SUCCESS,27,206,52,9,25,12.135922330097088,long,simple,long_simple,0.6818770981180845,2185,122,
p02299,s441666205,780,2091,clean_src/p02299/s441666205.c,obfuscated_bin/p02299/s441666205_fla_bcf_instsub.elf,input_output/p02299/input.txt,input_output/p02299/output.txt,llvm-clang-14,O0,True,OLLVM_Heroims_NewPass,"[""BCF"", ""FLA"", ""INSTSUB""]",SUCCESS,14,56,30,10,16,28.57142857142857,long,complex,long_complex,0.9889065323829919,1446,713,
p02300,s834530305,870,1993,clean_src/p02300/s834530305.c,obfuscated_bin/p02300/s834530305_fla_bcf_instsub.elf,input_output/p02300/input.txt,input_output/p02300/output.txt,llvm-clang-14,O0,True,OLLVM_Heroims_NewPass,"[""BCF"", ""FLA"", ""INSTSUB""]",SUCCESS,7,60,28,15,21,35.0,long,complex,long_complex,0.8656469041779317,1579,865,
p02303,s202952614,728,2105,clean_src/p02303/s202952614.c,obfuscated_bin/p02303/s202952614_fla_bcf_instsub.elf,input_output/p02303/input.txt,input_output/p02303/output.txt,llvm-clang-14,O0,True,OLLVM_Heroims_NewPass,"[""BCF"", ""FLA"", ""INSTSUB""]",SUCCESS,4,87,22,8,18,20.689655172413794,long,simple,long_simple,0.422807105548178,1349,514,
p02304,s131445835,1243,3427,clean_src/p02304/s131445835.c,obfuscated_bin/p02304/s131445835_fla_bcf_instsub.elf,input_output/p02304/input.txt,input_output/p02304/output.txt,llvm-clang-14,O0,True,OLLVM_Heroims_NewPass,"[""BCF"", ""FLA"", ""INSTSUB""]",SUCCESS,14,117,35,7,21,17.94871794871795,long,simple,long_simple,0.9720135108627413,1935,422,
p02305,s442679898,408,2212,clean_src/p02305/s442679898.c,obfuscated_bin/p02305/s442679898_fla_bcf_instsub.elf,input_output/p02305/input.txt,input_output/p02305/output.txt,llvm-clang-14,O0,True,OLLVM_Heroims_NewPass,"[""BCF"", ""FLA"", ""INSTSUB""]",SUCCESS,5,47,16,7,11,23.404255319148938,short,simple,short_simple,0.9721226711748648,578,593,
p02310,s452852073,726,1859,clean_src/p02310/s452852073.c,obfuscated_bin/p02310/s452852073_fla_bcf_instsub.elf,input_output/p02310/input.txt,input_output/p02310/output.txt,llvm-clang-14,O0,True,OLLVM_Heroims_NewPass,"[""BCF"", ""FLA"", ""INSTSUB""]",SUCCESS,12,55,19,4,7,12.727272727272727,long,simple,long_simple,0.48043285204857034,1344,145,
p02311,s256246831,752,2219,clean_src/p02311/s256246831.c,obfuscated_bin/p02311/s256246831_fla_bcf_instsub.elf,input_output/p02311/input.txt,input_output/p02311/output.txt,llvm-clang-14,O0,True,OLLVM_Heroims_NewPass,"[""BCF"", ""FLA"", ""INSTSUB""]",SUCCESS,2,37,16,8,14,37.83783783783784,long,complex,long_complex,0.8298112257631756,1393,920,
p02312,s090359562,1707,4709,clean_src/p02312/s090359562.c,obfuscated_bin/p02312/s090359562_fla_bcf_instsub.elf,input_output/p02312/input.txt,input_output/p02312/output.txt,llvm-clang-14,O0,True,OLLVM_Heroims_NewPass,"[""BCF"", ""FLA"", ""INSTSUB""]",SUCCESS,21,138,60,11,39,28.26086956521739,long,complex,long_complex,0.415055079820543,2160,707,
p02314,s437627592,399,1288,clean_src/p02314/s437627592.c,obfuscated_bin/p02314/s437627592_fla_bcf_instsub.elf,input_output/p02314/input.txt,input_output/p02314/output.txt,llvm-clang-14,O0,True,OLLVM_Heroims_NewPass,"[""BCF"", ""FLA"", ""INSTSUB""]",SUCCESS,3,55,11,5,8,14.545454545454545,short,simple,short_simple,0.7452526678022297,543,187,
p02317,s675270247,731,1924,clean_src/p02317/s675270247.c,obfuscated_bin/p02317/s675270247_fla_bcf_instsub.elf,input_output/p02317/input.txt,input_output/p02317/output.txt,llvm-clang-14,O0,True,OLLVM_Heroims_NewPass,"[""BCF"", ""FLA"", ""INSTSUB""]",SUCCESS,10,63,24,6,14,22.22222222222222,long,simple,long_simple,0.6534451728788487,1361,551,
p02318,s285967675,409,1133,clean_src/p02318/s285967675.c,obfuscated_bin/p02318/s285967675_fla_bcf_instsub.elf,input_output/p02318/input.txt,input_output/p02318/output.txt,llvm-clang-14,O0,True,OLLVM_Heroims_NewPass,"[""BCF"", ""FLA"", ""INSTSUB""]",SUCCESS,4,54,12,4,8,14.814814814814813,short,simple,short_simple,0.9587080123586034,581,193,
p02319,s380417562,484,1307,clean_src/p02319/s380417562.c,obfuscated_bin/p02319/s380417562_fla_bcf_instsub.elf,input_output/p02319/input.txt,input_output/p02319/output.txt,llvm-clang-14,O0,True,OLLVM_Heroims_NewPass,"[""BCF"", ""FLA"", ""INSTSUB""]",SUCCESS,2,49,12,7,10,20.408163265306122,short,simple,short_simple,0.9742448999227865,781,453,
p02320,s218894691,290,815,clean_src/p02320/s218894691.c,obfuscated_bin/p02320/s218894691_fla_bcf_instsub.elf,input_output/p02320/input.txt,input_output/p02320/output.txt,llvm-clang-14,O0,True,OLLVM_Heroims_NewPass,"[""BCF"", ""FLA"", ""INSTSUB""]",SUCCESS,2,41,9,8,7,17.073170731707318,short,simple,short_simple,0.835445479588129,150,303,
p02321,s589297520,684,1766,clean_src/p02321/s589297520.c,obfuscated_bin/p02321/s589297520_fla_bcf_instsub.elf,input_output/p02321/input.txt,input_output/p02321/output.txt,llvm-clang-14,O0,True,OLLVM_Heroims_NewPass,"[""BCF"", ""FLA"", ""INSTSUB""]",SUCCESS,5,79,24,8,19,24.050632911392405,short,simple,short_simple,0.8767195109984605,1269,625,
p02322,s010820423,545,966,clean_src/p02322/s010820423.c,obfuscated_bin/p02322/s010820423_fla_bcf_instsub.elf,input_output/p02322/input.txt,input_output/p02322/output.txt,llvm-clang-14,O0,True,OLLVM_Heroims_NewPass,"[""BCF"", ""FLA"", ""INSTSUB""]",SUCCESS,1,44,14,14,13,29.545454545454547,short,complex,short_complex,0.1630983299790606,938,883,
p02323,s623274880,617,2524,clean_src/p02323/s623274880.c,obfuscated_bin/p02323/s623274880_fla_bcf_instsub.elf,input_output/p02323/input.txt,input_output/p02323/output.txt,llvm-clang-14,O0,True,OLLVM_Heroims_NewPass,"[""BCF"", ""FLA"", ""INSTSUB""]",SUCCESS,5,75,26,15,21,28.000000000000004,short,complex,short_complex,0.5596623836169009,1115,808,
p02324,s460332579,596,1424,clean_src/p02324/s460332579.c,obfuscated_bin/p02324/s460332579_fla_bcf_instsub.elf,input_output/p02324/input.txt,input_output/p02324/output.txt,llvm-clang-14,O0,True,OLLVM_Heroims_NewPass,"[""BCF"", ""FLA"", ""INSTSUB""]",SUCCESS,3,57,20,15,17,29.82456140350877,short,complex,short_complex,0.7388271907803826,1063,894,
p02326,s287669488,414,1432,clean_src/p02326/s287669488.c,obfuscated_bin/p02326/s287669488_fla_bcf_instsub.elf,input_output/p02326/input.txt,input_output/p02326/output.txt,llvm-clang-14,O0,True,OLLVM_Heroims_NewPass,"[""BCF"", ""FLA"", ""INSTSUB""]",SUCCESS,3,45,15,12,12,26.666666666666668,short,complex,short_complex,0.7209811054494237,595,746,
p02327,s177173194,475,1238,clean_src/p02327/s177173194.c,obfuscated_bin/p02327/s177173194_fla_bcf_instsub.elf,input_output/p02327/input.txt,input_output/p02327/output.txt,llvm-clang-14,O0,True,OLLVM_Heroims_NewPass,"[""BCF"", ""FLA"", ""INSTSUB""]",SUCCESS,3,55,17,9,14,25.454545454545453,short,complex,short_complex,0.9037448252455489,757,686,
p02328,s891749144,315,1034,clean_src/p02328/s891749144.c,obfuscated_bin/p02328/s891749144_fla_bcf_instsub.elf,input_output/p02328/input.txt,input_output/p02328/output.txt,llvm-clang-14,O0,True,OLLVM_Heroims_NewPass,"[""BCF"", ""FLA"", ""INSTSUB""]",SUCCESS,2,40,11,8,9,22.5,short,simple,short_simple,0.8808213627545388,248,559,
p02329,s244892801,550,1509,clean_src/p02329/s244892801.c,obfuscated_bin/p02329/s244892801_fla_bcf_instsub.elf,input_output/p02329/input.txt,input_output/p02329/output.txt,llvm-clang-14,O0,True,OLLVM_Heroims_NewPass,"[""BCF"", ""FLA"", ""INSTSUB""]",SUCCESS,5,62,25,13,20,32.25806451612903,short,complex,short_complex,0.8050524278485187,954,973,
p02330,s264091987,988,2510,clean_src/p02330/s264091987.c,obfuscated_bin/p02330/s264091987_fla_bcf_instsub.elf,input_output/p02330/input.txt,input_output/p02330/output.txt,llvm-clang-14,O0,True,OLLVM_Heroims_NewPass,"[""BCF"", ""FLA"", ""INSTSUB""]",SUCCESS,7,109,42,24,35,32.11009174311927,long,complex,long_complex,0.6693447567135576,1726,802,
p02331,s291831297,1127,3784,clean_src/p02331/s291831297.c,obfuscated_bin/p02331/s291831297_fla_bcf_instsub.elf,input_output/p02331/input.txt,input_output/p02331/output.txt,llvm-clang-14,O0,True,OLLVM_Heroims_NewPass,"[""BCF"", ""FLA"", ""INSTSUB""]",SUCCESS,8,143,54,28,46,32.16783216783217,long,complex,long_complex,0.5279914599977051,1847,804,
p02332,s116748162,1127,3784,clean_src/p02332/s116748162.c,obfuscated_bin/p02332/s116748162_fla_bcf_instsub.elf,input_output/p02332/input.txt,input_output/p02332/output.txt,llvm-clang-14,O0,True,OLLVM_Heroims_NewPass,"[""BCF"", ""FLA"", ""INSTSUB""]",SUCCESS,8,143,54,28,46,32.16783216783217,long,complex,long_complex,0.3239172803842649,1848,805,
p02333,s128273603,1127,3645,clean_src/p02333/s128273603.c,obfuscated_bin/p02333/s128273603_fla_bcf_instsub.elf,input_output/p02333/input.txt,input_output/p02333/output.txt,llvm-clang-14,O0,True,OLLVM_Heroims_NewPass,"[""BCF"", ""FLA"", ""INSTSUB""]",SUCCESS,8,143,54,28,46,32.16783216783217,long,complex,long_complex,0.9397008780015211,1849,806,
p02334,s691000370,258,641,clean_src/p02334/s691000370.c,obfuscated_bin/p02334/s691000370_fla_bcf_instsub.elf,input_output/p02334/input.txt,input_output/p02334/output.txt,llvm-clang-14,O0,True,OLLVM_Heroims_NewPass,"[""BCF"", ""FLA"", ""INSTSUB""]",SUCCESS,4,17,10,4,6,35.294117647058826,short,complex,short_complex,0.986885231121288,12,1063,
p02335,s585633524,407,1590,clean_src/p02335/s585633524.c,obfuscated_bin/p02335/s585633524_fla_bcf_instsub.elf,input_output/p02335/input.txt,input_output/p02335/output.txt,llvm-clang-14,O0,True,OLLVM_Heroims_NewPass,"[""BCF"", ""FLA"", ""INSTSUB""]",SUCCESS,6,53,12,3,6,11.320754716981133,short,simple,short_simple,0.8257197465507813,576,91,
p02336,s817497753,411,1594,clean_src/p02336/s817497753.c,obfuscated_bin/p02336/s817497753_fla_bcf_instsub.elf,input_output/p02336/input.txt,input_output/p02336/output.txt,llvm-clang-14,O0,True,OLLVM_Heroims_NewPass,"[""BCF"", ""FLA"", ""INSTSUB""]",SUCCESS,6,53,12,3,6,11.320754716981133,short,simple,short_simple,0.7402308396658148,586,92,
p02337,s391241931,1127,3645,clean_src/p02337/s391241931.c,obfuscated_bin/p02337/s391241931_fla_bcf_instsub.elf,input_output/p02337/input.txt,input_output/p02337/output.txt,llvm-clang-14,O0,True,OLLVM_Heroims_NewPass,"[""BCF"", ""FLA"", ""INSTSUB""]",SUCCESS,8,143,54,28,46,32.16783216783217,long,complex,long_complex,0.8658828149590967,1850,807,
p02338,s712831111,1127,3645,clean_src/p02338/s712831111.c,obfuscated_bin/p02338/s712831111_fla_bcf_instsub.elf,input_output/p02338/input.txt,input_output/p02338/output.txt,llvm-clang-14,O0,True,OLLVM_Heroims_NewPass,"[""BCF"", ""FLA"", ""INSTSUB""]",SUCCESS,8,143,54,28,46,32.16783216783217,long,complex,long_complex,0.14271245014638512,1851,808,
p02339,s365135954,322,734,clean_src/p02339/s365135954.c,obfuscated_bin/p02339/s365135954_fla_bcf_instsub.elf,input_output/p02339/input.txt,input_output/p02339/output.txt,llvm-clang-14,O0,True,OLLVM_Heroims_NewPass,"[""BCF"", ""FLA"", ""INSTSUB""]",SUCCESS,4,20,11,4,7,35.0,short,complex,short_complex,0.7948800258688671,276,1059,
p02340,s390907246,1127,3646,clean_src/p02340/s390907246.c,obfuscated_bin/p02340/s390907246_fla_bcf_instsub.elf,input_output/p02340/input.txt,input_output/p02340/output.txt,llvm-clang-14,O0,True,OLLVM_Heroims_NewPass,"[""BCF"", ""FLA"", ""INSTSUB""]",SUCCESS,8,143,54,28,46,32.16783216783217,long,complex,long_complex,0.03353908638359093,1852,809,
p02341,s381888933,1127,3646,clean_src/p02341/s381888933.c,obfuscated_bin/p02341/s381888933_fla_bcf_instsub.elf,input_output/p02341/input.txt,input_output/p02341/output.txt,llvm-clang-14,O0,True,OLLVM_Heroims_NewPass,"[""BCF"", ""FLA"", ""INSTSUB""]",SUCCESS,8,143,54,28,46,32.16783216783217,long,complex,long_complex,0.74385688923064,1853,810,
p02342,s689270914,1127,3646,clean_src/p02342/s689270914.c,obfuscated_bin/p02342/s689270914_fla_bcf_instsub.elf,input_output/p02342/input.txt,input_output/p02342/output.txt,llvm-clang-14,O0,True,OLLVM_Heroims_NewPass,"[""BCF"", ""FLA"", ""INSTSUB""]",SUCCESS,8,143,54,28,46,32.16783216783217,long,complex,long_complex,0.9217979250790109,1854,811,
p02343,s533757553,515,1938,clean_src/p02343/s533757553.c,obfuscated_bin/p02343/s533757553_fla_bcf_instsub.elf,input_output/p02343/input.txt,input_output/p02343/output.txt,llvm-clang-14,O0,True,OLLVM_Heroims_NewPass,"[""BCF"", ""FLA"", ""INSTSUB""]",SUCCESS,8,80,15,4,7,8.75,short,simple,short_simple,0.9868789821517475,862,39,
p02344,s017807265,553,1140,clean_src/p02344/s017807265.c,obfuscated_bin/p02344/s017807265_fla_bcf_instsub.elf,input_output/p02344/input.txt,input_output/p02344/output.txt,llvm-clang-14,O0,True,OLLVM_Heroims_NewPass,"[""BCF"", ""FLA"", ""INSTSUB""]",SUCCESS,1,46,20,20,19,41.30434782608695,short,complex,short_complex,0.9663613185639417,960,1167,
p02345,s416175756,767,3198,clean_src/p02345/s416175756.c,obfuscated_bin/p02345/s416175756_fla_bcf_instsub.elf,input_output/p02345/input.txt,input_output/p02345/output.txt,llvm-clang-14,O0,True,OLLVM_Heroims_NewPass,"[""BCF"", ""FLA"", ""INSTSUB""]",SUCCESS,9,93,21,5,12,12.903225806451612,long,simple,long_simple,0.9265482180378655,1427,150,
p02346,s554781719,543,2459,clean_src/p02346/s554781719.c,obfuscated_bin/p02346/s554781719_fla_bcf_instsub.elf,input_output/p02346/input.txt,input_output/p02346/output.txt,llvm-clang-14,O0,True,OLLVM_Heroims_NewPass,"[""BCF"", ""FLA"", ""INSTSUB""]",SUCCESS,7,82,18,6,11,13.414634146341465,short,simple,short_simple,0.8158343575618037,934,153,
p02347,s552690471,1141,2685,clean_src/p02347/s552690471.c,obfuscated_bin/p02347/s552690471_fla_bcf_instsub.elf,input_output/p02347/input.txt,input_output/p02347/output.txt,llvm-clang-14,O0,True,OLLVM_Heroims_NewPass,"[""BCF"", ""FLA"", ""INSTSUB""]",SUCCESS,7,91,41,15,34,37.362637362637365,long,complex,long_complex,0.7389181585889991,1869,912,
p02348,s784558804,659,2878,clean_src/p02348/s784558804.c,obfuscated_bin/p02348/s784558804_fla_bcf_instsub.elf,input_output/p02348/input.txt,input_output/p02348/output.txt,llvm-clang-14,O0,True,OLLVM_Heroims_NewPass,"[""BCF"", ""FLA"", ""INSTSUB""]",SUCCESS,8,100,21,7,13,13.0,short,simple,short_simple,0.8164770181188543,1211,140,
p02349,s362552297,575,2427,clean_src/p02349/s362552297.c,obfuscated_bin/p02349/s362552297_fla_bcf_instsub.elf,input_output/p02349/input.txt,input_output/p02349/output.txt,llvm-clang-14,O0,True,OLLVM_Heroims_NewPass,"[""BCF"", ""FLA"", ""INSTSUB""]",SUCCESS,7,84,19,6,12,14.285714285714285,short,simple,short_simple,0.9812003069758728,1021,182,
p02350,s416086554,1075,2873,clean_src/p02350/s416086554.c,obfuscated_bin/p02350/s416086554_fla_bcf_instsub.elf,input_output/p02350/input.txt,input_output/p02350/output.txt,llvm-clang-14,O0,True,OLLVM_Heroims_NewPass,"[""BCF"", ""FLA"", ""INSTSUB""]",SUCCESS,11,93,25,6,14,15.053763440860216,long,simple,long_simple,0.9687160280125857,1802,238,
p02351,s426742502,767,2208,clean_src/p02351/s426742502.c,obfuscated_bin/p02351/s426742502_fla_bcf_instsub.elf,input_output/p02351/input.txt,input_output/p02351/output.txt,llvm-clang-14,O0,True,OLLVM_Heroims_NewPass,"[""BCF"", ""FLA"", ""INSTSUB""]",SUCCESS,10,88,20,3,10,11.363636363636363,long,simple,long_simple,0.8766550276556605,1428,103,
p02352,s408626942,730,2030,clean_src/p02352/s408626942.c,obfuscated_bin/p02352/s408626942_fla_bcf_instsub.elf,input_output/p02352/input.txt,input_output/p02352/output.txt,llvm-clang-14,O0,True,OLLVM_Heroims_NewPass,"[""BCF"", ""FLA"", ""INSTSUB""]",SUCCESS,9,83,21,4,12,14.457831325301203,long,simple,long_simple,0.7277268537338932,1358,207,
p02353,s047730541,828,3201,clean_src/p02353/s047730541.c,obfuscated_bin/p02353/s047730541_fla_bcf_instsub.elf,input_output/p02353/input.txt,input_output/p02353/output.txt,llvm-clang-14,O0,True,OLLVM_Heroims_NewPass,"[""BCF"", ""FLA"", ""INSTSUB""]",SUCCESS,9,108,23,7,14,12.962962962962962,long,simple,long_simple,0.6352455387915741,1517,153,
p02355,s270553353,286,738,clean_src/p02355/s270553353.c,obfuscated_bin/p02355/s270553353_fla_bcf_instsub.elf,input_output/p02355/input.txt,input_output/p02355/output.txt,llvm-clang-14,O0,True,OLLVM_Heroims_NewPass,"[""BCF"", ""FLA"", ""INSTSUB""]",SUCCESS,3,41,14,9,11,26.82926829268293,short,complex,short_complex,0.7561998892074089,136,752,
p02356,s870658932,298,888,clean_src/p02356/s870658932.c,obfuscated_bin/p02356/s870658932_fla_bcf_instsub.elf,input_output/p02356/input.txt,input_output/p02356/output.txt,llvm-clang-14,O0,True,OLLVM_Heroims_NewPass,"[""BCF"", ""FLA"", ""INSTSUB""]",SUCCESS,3,36,13,9,10,27.77777777777778,short,complex,short_complex,0.7485846027605563,186,798,
p02357,s367184861,622,1479,clean_src/p02357/s367184861.c,obfuscated_bin/p02357/s367184861_fla_bcf_instsub.elf,input_output/p02357/input.txt,input_output/p02357/output.txt,llvm-clang-14,O0,True,OLLVM_Heroims_NewPass,"[""BCF"", ""FLA"", ""INSTSUB""]",SUCCESS,3,54,24,10,21,38.88888888888889,short,complex,short_complex,0.7439767904211761,1127,1135,
p02358,s968704659,856,1743,clean_src/p02358/s968704659.c,obfuscated_bin/p02358/s968704659_fla_bcf_instsub.elf,input_output/p02358/input.txt,input_output/p02358/output.txt,llvm-clang-14,O0,True,OLLVM_Heroims_NewPass,"[""BCF"", ""FLA"", ""INSTSUB""]",SUCCESS,5,76,20,10,15,19.736842105263158,long,simple,long_simple,0.5999538451496047,1561,481,
p02359,s321568287,294,1165,clean_src/p02359/s321568287.c,obfuscated_bin/p02359/s321568287_fla_bcf_instsub.elf,input_output/p02359/input.txt,input_output/p02359/output.txt,llvm-clang-14,O0,True,OLLVM_Heroims_NewPass,"[""BCF"", ""FLA"", ""INSTSUB""]",SUCCESS,2,36,9,7,7,19.444444444444446,short,simple,short_simple,0.7497408257446609,168,407,
p02360,s042149977,277,663,clean_src/p02360/s042149977.c,obfuscated_bin/p02360/s042149977_fla_bcf_instsub.elf,input_output/p02360/input.txt,input_output/p02360/output.txt,llvm-clang-14,O0,True,OLLVM_Heroims_NewPass,"[""BCF"", ""FLA"", ""INSTSUB""]",SUCCESS,1,19,8,8,7,36.84210526315789,short,complex,short_complex,0.7897267406099192,96,1101,
p02361,s670288034,5420,17609,clean_src/p02361/s670288034.c,obfuscated_bin/p02361/s670288034_fla_bcf_instsub.elf,input_output/p02361/input.txt,input_output/p02361/output.txt,llvm-clang-14,O0,True,OLLVM_Heroims_NewPass,"[""BCF"", ""FLA"", ""INSTSUB""]",SUCCESS,78,311,213,24,135,43.40836012861736,long,complex,long_complex,0.8481401079178955,2590,1029,
p02362,s326269514,715,2398,clean_src/p02362/s326269514.c,obfuscated_bin/p02362/s326269514_fla_bcf_instsub.elf,input_output/p02362/input.txt,input_output/p02362/output.txt,llvm-clang-14,O0,True,OLLVM_Heroims_NewPass,"[""BCF"", ""FLA"", ""INSTSUB""]",SUCCESS,7,98,20,7,13,13.26530612244898,long,simple,long_simple,0.9976019027458263,1334,165,
p02363,s585982868,468,1822,clean_src/p02363/s585982868.c,obfuscated_bin/p02363/s585982868_fla_bcf_instsub.elf,input_output/p02363/input.txt,input_output/p02363/output.txt,llvm-clang-14,O0,True,OLLVM_Heroims_NewPass,"[""BCF"", ""FLA"", ""INSTSUB""]",SUCCESS,3,60,21,15,18,30.0,short,complex,short_complex,0.9403133295485536,741,905,
p02364,s477987079,657,1817,clean_src/p02364/s477987079.c,obfuscated_bin/p02364/s477987079_fla_bcf_instsub.elf,input_output/p02364/input.txt,input_output/p02364/output.txt,llvm-clang-14,O0,True,OLLVM_Heroims_NewPass,"[""BCF"", ""FLA"", ""INSTSUB""]",SUCCESS,5,64,15,5,10,15.625,short,simple,short_simple,0.8100550303375739,1208,236,
p02365,s638241879,1152,2004,clean_src/p02365/s638241879.c,obfuscated_bin/p02365/s638241879_fla_bcf_instsub.elf,input_output/p02365/input.txt,input_output/p02365/output.txt,llvm-clang-14,O0,True,OLLVM_Heroims_NewPass,"[""BCF"", ""FLA"", ""INSTSUB""]",SUCCESS,4,80,40,22,36,45.0,long,complex,long_complex,0.642129898402173,1876,1059,
p02366,s035375228,1338,3634,clean_src/p02366/s035375228.c,obfuscated_bin/p02366/s035375228_fla_bcf_instsub.elf,input_output/p02366/input.txt,input_output/p02366/output.txt,llvm-clang-14,O0,True,OLLVM_Heroims_NewPass,"[""BCF"", ""FLA"", ""INSTSUB""]",SUCCESS,5,120,33,11,28,23.333333333333332,long,simple,long_simple,0.9303445378068269,1996,579,
p02367,s745554670,702,2088,clean_src/p02367/s745554670.c,obfuscated_bin/p02367/s745554670_fla_bcf_instsub.elf,input_output/p02367/input.txt,input_output/p02367/output.txt,llvm-clang-14,O0,True,OLLVM_Heroims_NewPass,"[""BCF"", ""FLA"", ""INSTSUB""]",SUCCESS,6,78,25,8,19,24.358974358974358,long,simple,long_simple,0.9378465973653803,1309,603,
p02368,s954023003,2396,7618,clean_src/p02368/s954023003.c,obfuscated_bin/p02368/s954023003_fla_bcf_instsub.elf,input_output/p02368/input.txt,input_output/p02368/output.txt,llvm-clang-14,O0,True,OLLVM_Heroims_NewPass,"[""BCF"", ""FLA"", ""INSTSUB""]",SUCCESS,8,262,38,11,30,11.450381679389313,long,simple,long_simple,0.6553667334472825,2352,104,
p02369,s841511131,463,977,clean_src/p02369/s841511131.c,obfuscated_bin/p02369/s841511131_fla_bcf_instsub.elf,input_output/p02369/input.txt,input_output/p02369/output.txt,llvm-clang-14,O0,True,OLLVM_Heroims_NewPass,"[""BCF"", ""FLA"", ""INSTSUB""]",SUCCESS,2,37,6,3,4,10.81081081081081,short,simple,short_simple,0.6939130742189434,729,79,
p02370,s290058231,846,2431,clean_src/p02370/s290058231.c,obfuscated_bin/p02370/s290058231_fla_bcf_instsub.elf,input_output/p02370/input.txt,input_output/p02370/output.txt,llvm-clang-14,O0,True,OLLVM_Heroims_NewPass,"[""BCF"", ""FLA"", ""INSTSUB""]",SUCCESS,6,84,21,8,15,17.857142857142858,long,simple,long_simple,0.9173856152045402,1544,419,
p02371,s594854244,704,1685,clean_src/p02371/s594854244.c,obfuscated_bin/p02371/s594854244_fla_bcf_instsub.elf,input_output/p02371/input.txt,input_output/p02371/output.txt,llvm-clang-14,O0,True,OLLVM_Heroims_NewPass,"[""BCF"", ""FLA"", ""INSTSUB""]",SUCCESS,3,65,14,6,11,16.923076923076923,long,simple,long_simple,0.672453345126768,1313,366,
p02372,s748270144,687,1730,clean_src/p02372/s748270144.c,obfuscated_bin/p02372/s748270144_fla_bcf_instsub.elf,input_output/p02372/input.txt,input_output/p02372/output.txt,llvm-clang-14,O0,True,OLLVM_Heroims_NewPass,"[""BCF"", ""FLA"", ""INSTSUB""]",SUCCESS,4,71,17,6,13,18.30985915492958,short,simple,short_simple,0.5410476512999424,1279,362,
p02373,s618958265,770,1733,clean_src/p02373/s618958265.c,obfuscated_bin/p02373/s618958265_fla_bcf_instsub.elf,input_output/p02373/input.txt,input_output/p02373/output.txt,llvm-clang-14,O0,True,OLLVM_Heroims_NewPass,"[""BCF"", ""FLA"", ""INSTSUB""]",SUCCESS,7,88,22,6,15,17.045454545454543,long,simple,long_simple,0.9639941102786436,1432,380,
p02374,s392787454,1468,3817,clean_src/p02374/s392787454.c,obfuscated_bin/p02374/s392787454_fla_bcf_instsub.elf,input_output/p02374/input.txt,input_output/p02374/output.txt,llvm-clang-14,O0,True,OLLVM_Heroims_NewPass,"[""BCF"", ""FLA"", ""INSTSUB""]",SUCCESS,13,146,30,6,17,11.643835616438356,long,simple,long_simple,0.7486792903282076,2059,111,
p02375,s055462899,1154,2900,clean_src/p02375/s055462899.c,obfuscated_bin/p02375/s055462899_fla_bcf_instsub.elf,input_output/p02375/input.txt,input_output/p02375/output.txt,llvm-clang-14,O0,True,OLLVM_Heroims_NewPass,"[""BCF"", ""FLA"", ""INSTSUB""]",SUCCESS,11,140,21,5,10,7.142857142857142,long,simple,long_simple,0.889582049823757,1879,40,
p02376,s778884884,1024,2691,clean_src/p02376/s778884884.c,obfuscated_bin/p02376/s778884884_fla_bcf_instsub.elf,input_output/p02376/input.txt,input_output/p02376/output.txt,llvm-clang-14,O0,True,OLLVM_Heroims_NewPass,"[""BCF"", ""FLA"", ""INSTSUB""]",SUCCESS,7,106,29,7,22,20.754716981132077,long,simple,long_simple,0.9019879599895686,1765,517,
p02377,s023787131,592,1694,clean_src/p02377/s023787131.c,obfuscated_bin/p02377/s023787131_fla_bcf_instsub.elf,input_output/p02377/input.txt,input_output/p02377/output.txt,llvm-clang-14,O0,True,OLLVM_Heroims_NewPass,"[""BCF"", ""FLA"", ""INSTSUB""]",SUCCESS,3,69,19,10,16,23.18840579710145,short,simple,short_simple,0.7999338750638546,1050,587,
p02378,s811881214,778,2139,clean_src/p02378/s811881214.c,obfuscated_bin/p02378/s811881214_fla_bcf_instsub.elf,input_output/p02378/input.txt,input_output/p02378/output.txt,llvm-clang-14,O0,True,OLLVM_Heroims_NewPass,"[""BCF"", ""FLA"", ""INSTSUB""]",SUCCESS,3,93,15,8,12,12.903225806451612,long,simple,long_simple,0.7370733939320654,1438,152,
p02379,s576371930,1694,4463,clean_src/p02379/s576371930.c,obfuscated_bin/p02379/s576371930_fla_bcf_instsub.elf,input_output/p02379/input.txt,input_output/p02379/output.txt,llvm-clang-14,O0,True,OLLVM_Heroims_NewPass,"[""BCF"", ""FLA"", ""INSTSUB""]",SUCCESS,39,56,81,6,42,75.0,long,complex,long_complex,0.12586057405528717,2157,1251,
p02380,s367042541,1802,5098,clean_src/p02380/s367042541.c,obfuscated_bin/p02380/s367042541_fla_bcf_instsub.elf,input_output/p02380/input.txt,input_output/p02380/output.txt,llvm-clang-14,O0,True,OLLVM_Heroims_NewPass,"[""BCF"", ""FLA"", ""INSTSUB""]",SUCCESS,43,65,85,6,42,64.61538461538461,long,complex,long_complex,0.95698382432041,2190,1213,
p02381,s928299211,1788,4885,clean_src/p02381/s928299211.c,obfuscated_bin/p02381/s928299211_fla_bcf_instsub.elf,input_output/p02381/input.txt,input_output/p02381/output.txt,llvm-clang-14,O0,True,OLLVM_Heroims_NewPass,"[""BCF"", ""FLA"", ""INSTSUB""]",SUCCESS,41,67,85,6,44,65.67164179104478,long,complex,long_complex,0.7837171574650829,2186,1217,
p02382,s687205375,643,1615,clean_src/p02382/s687205375.c,obfuscated_bin/p02382/s687205375_fla_bcf_instsub.elf,input_output/p02382/input.txt,input_output/p02382/output.txt,llvm-clang-14,O0,True,OLLVM_Heroims_NewPass,"[""BCF"", ""FLA"", ""INSTSUB""]",SUCCESS,5,75,13,4,8,10.666666666666668,short,simple,short_simple,0.9958155944779944,1175,76,
p02383,s213684750,1078,4742,clean_src/p02383/s213684750.c,obfuscated_bin/p02383/s213684750_fla_bcf_instsub.elf,input_output/p02383/input.txt,input_output/p02383/output.txt,llvm-clang-14,O0,True,OLLVM_Heroims_NewPass,"[""BCF"", ""FLA"", ""INSTSUB""]",SUCCESS,6,166,24,9,18,10.843373493975903,long,simple,long_simple,0.47884686214872274,1806,91,
p02384,s049448173,1007,2690,clean_src/p02384/s049448173.c,obfuscated_bin/p02384/s049448173_fla_bcf_instsub.elf,input_output/p02384/input.txt,input_output/p02384/output.txt,llvm-clang-14,O0,True,OLLVM_Heroims_NewPass,"[""BCF"", ""FLA"", ""INSTSUB""]",SUCCESS,10,107,43,25,33,30.8411214953271,long,complex,long_complex,0.6630967306443812,1746,773,
p02385,s197471377,1902,3139,clean_src/p02385/s197471377.c,obfuscated_bin/p02385/s197471377_fla_bcf_instsub.elf,input_output/p02385/input.txt,input_output/p02385/output.txt,llvm-clang-14,O0,True,OLLVM_Heroims_NewPass,"[""BCF"", ""FLA"", ""INSTSUB""]",SUCCESS,1,92,159,159,158,171.73913043478262,long,complex,long_complex,0.9423123656862328,2215,1300,
p02386,s009771415,1814,5005,clean_src/p02386/s009771415.c,obfuscated_bin/p02386/s009771415_fla_bcf_instsub.elf,input_output/p02386/input.txt,input_output/p02386/output.txt,llvm-clang-14,O0,True,OLLVM_Heroims_NewPass,"[""BCF"", ""FLA"", ""INSTSUB""]",SUCCESS,5,178,51,20,46,25.842696629213485,long,simple,long_simple,0.7868726846978562,2194,644,
p02388,s734038631,1497,6749,clean_src/p02388/s734038631.c,obfuscated_bin/p02388/s734038631_fla_bcf_instsub.elf,input_output/p02388/input.txt,input_output/p02388/output.txt,llvm-clang-14,O0,True,OLLVM_Heroims_NewPass,"[""BCF"", ""FLA"", ""INSTSUB""]",SUCCESS,24,208,58,10,34,16.346153846153847,long,simple,long_simple,0.6955171631898963,2072,331,
p02389,s242666844,293,1070,clean_src/p02389/s242666844.c,obfuscated_bin/p02389/s242666844_fla_bcf_instsub.elf,input_output/p02389/input.txt,input_output/p02389/output.txt,llvm-clang-14,O0,True,OLLVM_Heroims_NewPass,"[""BCF"", ""FLA"", ""INSTSUB""]",SUCCESS,6,47,11,5,5,10.638297872340425,short,simple,short_simple,0.837137984827074,166,74,
p02390,s916498176,1675,4301,clean_src/p02390/s916498176.c,obfuscated_bin/p02390/s916498176_fla_bcf_instsub.elf,input_output/p02390/input.txt,input_output/p02390/output.txt,llvm-clang-14,O0,True,OLLVM_Heroims_NewPass,"[""BCF"", ""FLA"", ""INSTSUB""]",SUCCESS,39,56,81,6,42,75.0,long,complex,long_complex,0.2657213267010631,2145,1252,
p02392,s546553667,1665,4301,clean_src/p02392/s546553667.c,obfuscated_bin/p02392/s546553667_fla_bcf_instsub.elf,input_output/p02392/input.txt,input_output/p02392/output.txt,llvm-clang-14,O0,True,OLLVM_Heroims_NewPass,"[""BCF"", ""FLA"", ""INSTSUB""]",SUCCESS,39,57,83,6,44,77.19298245614034,long,complex,long_complex,0.8656156926152717,2141,1260,
p02393,s450282867,476,1127,clean_src/p02393/s450282867.c,obfuscated_bin/p02393/s450282867_fla_bcf_instsub.elf,input_output/p02393/input.txt,input_output/p02393/output.txt,llvm-clang-14,O0,True,OLLVM_Heroims_NewPass,"[""BCF"", ""FLA"", ""INSTSUB""]",SUCCESS,1,63,37,37,36,57.14285714285714,short,complex,short_complex,0.9616812148434711,762,1267,
p02394,s242573462,298,1286,clean_src/p02394/s242573462.c,obfuscated_bin/p02394/s242573462_fla_bcf_instsub.elf,input_output/p02394/input.txt,input_output/p02394/output.txt,llvm-clang-14,O0,True,OLLVM_Heroims_NewPass,"[""BCF"", ""FLA"", ""INSTSUB""]",SUCCESS,3,59,14,6,11,18.64406779661017,short,simple,short_simple,0.7444344092543892,187,373,
p02396,s928270045,303,971,clean_src/p02396/s928270045.c,obfuscated_bin/p02396/s928270045_fla_bcf_instsub.elf,input_output/p02396/input.txt,input_output/p02396/output.txt,llvm-clang-14,O0,True,OLLVM_Heroims_NewPass,"[""BCF"", ""FLA"", ""INSTSUB""]",SUCCESS,4,58,14,5,10,17.24137931034483,short,simple,short_simple,0.785652759381216,207,314,
p02397,s327551337,338,874,clean_src/p02397/s327551337.c,obfuscated_bin/p02397/s327551337_fla_bcf_instsub.elf,input_output/p02397/input.txt,input_output/p02397/output.txt,llvm-clang-14,O0,True,OLLVM_Heroims_NewPass,"[""BCF"", ""FLA"", ""INSTSUB""]",SUCCESS,4,51,14,5,10,19.607843137254903,short,simple,short_simple,0.525505380241686,332,419,
p02398,s688031365,290,981,clean_src/p02398/s688031365.c,obfuscated_bin/p02398/s688031365_fla_bcf_instsub.elf,input_output/p02398/input.txt,input_output/p02398/output.txt,llvm-clang-14,O0,True,OLLVM_Heroims_NewPass,"[""BCF"", ""FLA"", ""INSTSUB""]",SUCCESS,4,57,13,5,9,15.789473684210526,short,simple,short_simple,0.8648911322464164,151,245,
p02400,s753905628,290,1041,clean_src/p02400/s753905628.c,obfuscated_bin/p02400/s753905628_fla_bcf_instsub.elf,input_output/p02400/input.txt,input_output/p02400/output.txt,llvm-clang-14,O0,True,OLLVM_Heroims_NewPass,"[""BCF"", ""FLA"", ""INSTSUB""]",SUCCESS,2,37,5,4,3,8.108108108108109,short,simple,short_simple,0.7656683866215791,152,30,
p02401,s757038369,405,1303,clean_src/p02401/s757038369.c,obfuscated_bin/p02401/s757038369_fla_bcf_instsub.elf,input_output/p02401/input.txt,input_output/p02401/output.txt,llvm-clang-14,O0,True,OLLVM_Heroims_NewPass,"[""BCF"", ""FLA"", ""INSTSUB""]",SUCCESS,4,75,18,8,14,18.666666666666668,short,simple,short_simple,0.8372157477946474,568,374,
p02402,s315755748,320,1121,clean_src/p02402/s315755748.c,obfuscated_bin/p02402/s315755748_fla_bcf_instsub.elf,input_output/p02402/input.txt,input_output/p02402/output.txt,llvm-clang-14,O0,True,OLLVM_Heroims_NewPass,"[""BCF"", ""FLA"", ""INSTSUB""]",SUCCESS,4,63,14,5,10,15.873015873015872,short,simple,short_simple,0.5167989690685678,267,252,
p02403,s450575870,1686,4442,clean_src/p02403/s450575870.c,obfuscated_bin/p02403/s450575870_fla_bcf_instsub.elf,input_output/p02403/input.txt,input_output/p02403/output.txt,llvm-clang-14,O0,True,OLLVM_Heroims_NewPass,"[""BCF"", ""FLA"", ""INSTSUB""]",SUCCESS,39,62,84,6,45,72.58064516129032,long,complex,long_complex,0.8952222586897041,2150,1240,
p02404,s984515711,336,1546,clean_src/p02404/s984515711.c,obfuscated_bin/p02404/s984515711_fla_bcf_instsub.elf,input_output/p02404/input.txt,input_output/p02404/output.txt,llvm-clang-14,O0,True,OLLVM_Heroims_NewPass,"[""BCF"", ""FLA"", ""INSTSUB""]",SUCCESS,3,55,17,8,14,25.454545454545453,short,complex,short_complex,0.9826450754054038,327,685,
p02405,s211616025,516,1206,clean_src/p02405/s211616025.c,obfuscated_bin/p02405/s211616025_fla_bcf_instsub.elf,input_output/p02405/input.txt,input_output/p02405/output.txt,llvm-clang-14,O0,True,OLLVM_Heroims_NewPass,"[""BCF"", ""FLA"", ""INSTSUB""]",SUCCESS,1,65,26,26,25,38.46153846153847,short,complex,short_complex,0.6823089573237203,864,1129,
p02406,s478873931,290,1170,clean_src/p02406/s478873931.c,obfuscated_bin/p02406/s478873931_fla_bcf_instsub.elf,input_output/p02406/input.txt,input_output/p02406/output.txt,llvm-clang-14,O0,True,OLLVM_Heroims_NewPass,"[""BCF"", ""FLA"", ""INSTSUB""]",SUCCESS,1,54,18,18,17,31.48148148148148,short,complex,short_complex,0.9722766738401168,153,953,
p02407,s739367804,288,780,clean_src/p02407/s739367804.c,obfuscated_bin/p02407/s739367804_fla_bcf_instsub.elf,input_output/p02407/input.txt,input_output/p02407/output.txt,llvm-clang-14,O0,True,OLLVM_Heroims_NewPass,"[""BCF"", ""FLA"", ""INSTSUB""]",SUCCESS,5,47,13,5,8,17.02127659574468,short,simple,short_simple,0.7571883316057859,143,301,
p02408,s208157272,603,1435,clean_src/p02408/s208157272.c,obfuscated_bin/p02408/s208157272_fla_bcf_instsub.elf,input_output/p02408/input.txt,input_output/p02408/output.txt,llvm-clang-14,O0,True,OLLVM_Heroims_NewPass,"[""BCF"", ""FLA"", ""INSTSUB""]",SUCCESS,1,84,8,8,7,8.333333333333332,short,simple,short_simple,0.8832463294343387,1077,35,
p02409,s848808401,1775,4540,clean_src/p02409/s848808401.c,obfuscated_bin/p02409/s848808401_fla_bcf_instsub.elf,input_output/p02409/input.txt,input_output/p02409/output.txt,llvm-clang-14,O0,True,OLLVM_Heroims_NewPass,"[""BCF"", ""FLA"", ""INSTSUB""]",SUCCESS,39,71,82,6,43,60.56338028169014,long,complex,long_complex,0.8090100217231968,2180,1199,
p02410,s863774117,350,828,clean_src/p02410/s863774117.c,obfuscated_bin/p02410/s863774117_fla_bcf_instsub.elf,input_output/p02410/input.txt,input_output/p02410/output.txt,llvm-clang-14,O0,True,OLLVM_Heroims_NewPass,"[""BCF"", ""FLA"", ""INSTSUB""]",SUCCESS,3,39,9,3,6,15.384615384615385,short,simple,short_simple,0.9656389630538962,370,218,
p02411,s034760843,460,972,clean_src/p02411/s034760843.c,obfuscated_bin/p02411/s034760843_fla_bcf_instsub.elf,input_output/p02411/input.txt,input_output/p02411/output.txt,llvm-clang-14,O0,True,OLLVM_Heroims_NewPass,"[""BCF"", ""FLA"", ""INSTSUB""]",SUCCESS,3,43,23,10,20,46.51162790697674,short,complex,short_complex,0.6851068738800479,722,1223,
p02412,s917863238,386,1212,clean_src/p02412/s917863238.c,obfuscated_bin/p02412/s917863238_fla_bcf_instsub.elf,input_output/p02412/input.txt,input_output/p02412/output.txt,llvm-clang-14,O0,True,OLLVM_Heroims_NewPass,"[""BCF"", ""FLA"", ""INSTSUB""]",SUCCESS,1,62,21,21,20,32.25806451612903,short,complex,short_complex,0.9531698666495729,500,974,
p02413,s673520651,487,1249,clean_src/p02413/s673520651.c,obfuscated_bin/p02413/s673520651_fla_bcf_instsub.elf,input_output/p02413/input.txt,input_output/p02413/output.txt,llvm-clang-14,O0,True,OLLVM_Heroims_NewPass,"[""BCF"", ""FLA"", ""INSTSUB""]",SUCCESS,5,56,16,4,11,19.642857142857142,short,simple,short_simple,0.7627360639888766,791,423,
p02414,s367554296,842,3076,clean_src/p02414/s367554296.c,obfuscated_bin/p02414/s367554296_fla_bcf_instsub.elf,input_output/p02414/input.txt,input_output/p02414/output.txt,llvm-clang-14,O0,True,OLLVM_Heroims_NewPass,"[""BCF"", ""FLA"", ""INSTSUB""]",SUCCESS,6,106,21,7,15,14.150943396226415,long,simple,long_simple,0.9617851229883004,1539,191,
p02415,s878790625,1089,1991,clean_src/p02415/s878790625.c,obfuscated_bin/p02415/s878790625_fla_bcf_instsub.elf,input_output/p02415/input.txt,input_output/p02415/output.txt,llvm-clang-14,O0,True,OLLVM_Heroims_NewPass,"[""BCF"", ""FLA"", ""INSTSUB""]",SUCCESS,1,36,54,54,53,147.22222222222223,long,complex,long_complex,0.9221837741702048,1817,1299,
p02416,s247365700,635,1729,clean_src/p02416/s247365700.c,obfuscated_bin/p02416/s247365700_fla_bcf_instsub.elf,input_output/p02416/input.txt,input_output/p02416/output.txt,llvm-clang-14,O0,True,OLLVM_Heroims_NewPass,"[""BCF"", ""FLA"", ""INSTSUB""]",SUCCESS,10,94,31,5,21,22.340425531914892,short,simple,short_simple,0.989069209890929,1157,548,
p02417,s124003791,919,2281,clean_src/p02417/s124003791.c,obfuscated_bin/p02417/s124003791_fla_bcf_instsub.elf,input_output/p02417/input.txt,input_output/p02417/output.txt,llvm-clang-14,O0,True,OLLVM_Heroims_NewPass,"[""BCF"", ""FLA"", ""INSTSUB""]",SUCCESS,1,118,55,55,54,45.76271186440678,long,complex,long_complex,0.8597089765145055,1651,1075,
p02418,s958426650,432,5233,clean_src/p02418/s958426650.c,obfuscated_bin/p02418/s958426650_fla_bcf_instsub.elf,input_output/p02418/input.txt,input_output/p02418/output.txt,llvm-clang-14,O0,True,OLLVM_Heroims_NewPass,"[""BCF"", ""FLA"", ""INSTSUB""]",SUCCESS,3,64,15,8,12,18.75,short,simple,short_simple,0.8372432790168169,642,378,
p02419,s700093099,1842,4759,clean_src/p02419/s700093099.c,obfuscated_bin/p02419/s700093099_fla_bcf_instsub.elf,input_output/p02419/input.txt,input_output/p02419/output.txt,llvm-clang-14,O0,True,OLLVM_Heroims_NewPass,"[""BCF"", ""FLA"", ""INSTSUB""]",SUCCESS,39,67,98,18,59,88.05970149253731,long,complex,long_complex,0.9680955500892533,2199,1282,
p02420,s043145209,616,3245,clean_src/p02420/s043145209.c,obfuscated_bin/p02420/s043145209_fla_bcf_instsub.elf,input_output/p02420/input.txt,input_output/p02420/output.txt,llvm-clang-14,O0,True,OLLVM_Heroims_NewPass,"[""BCF"", ""FLA"", ""INSTSUB""]",SUCCESS,6,91,20,5,14,15.384615384615385,short,simple,short_simple,0.892487206579451,1111,220,
p02421,s314496722,571,5630,clean_src/p02421/s314496722.c,obfuscated_bin/p02421/s314496722_fla_bcf_instsub.elf,input_output/p02421/input.txt,input_output/p02421/output.txt,llvm-clang-14,O0,True,OLLVM_Heroims_NewPass,"[""BCF"", ""FLA"", ""INSTSUB""]",SUCCESS,4,93,20,11,16,17.20430107526882,short,simple,short_simple,0.6787085526491925,1007,312,
p02422,s429759762,965,3544,clean_src/p02422/s429759762.c,obfuscated_bin/p02422/s429759762_fla_bcf_instsub.elf,input_output/p02422/input.txt,input_output/p02422/output.txt,llvm-clang-14,O0,True,OLLVM_Heroims_NewPass,"[""BCF"", ""FLA"", ""INSTSUB""]",SUCCESS,6,139,33,10,27,19.424460431654676,long,simple,long_simple,0.9119929218812908,1701,475,
p02423,s448922013,303,699,clean_src/p02423/s448922013.c,obfuscated_bin/p02423/s448922013_fla_bcf_instsub.elf,input_output/p02423/input.txt,input_output/p02423/output.txt,llvm-clang-14,O0,True,OLLVM_Heroims_NewPass,"[""BCF"", ""FLA"", ""INSTSUB""]",SUCCESS,2,35,9,7,7,20.0,short,simple,short_simple,0.8223114783054122,208,438,
p02424,s593669854,286,656,clean_src/p02424/s593669854.c,obfuscated_bin/p02424/s593669854_fla_bcf_instsub.elf,input_output/p02424/input.txt,input_output/p02424/output.txt,llvm-clang-14,O0,True,OLLVM_Heroims_NewPass,"[""BCF"", ""FLA"", ""INSTSUB""]",SUCCESS,2,26,9,7,7,26.923076923076923,short,complex,short_complex,0.7450121492155617,137,762,
p02425,s344007631,518,2718,clean_src/p02425/s344007631.c,obfuscated_bin/p02425/s344007631_fla_bcf_instsub.elf,input_output/p02425/input.txt,input_output/p02425/output.txt,llvm-clang-14,O0,True,OLLVM_Heroims_NewPass,"[""BCF"", ""FLA"", ""INSTSUB""]",SUCCESS,5,98,25,14,20,20.408163265306122,short,simple,short_simple,0.7753025824930263,870,457,
p02426,s571783263,1306,3044,clean_src/p02426/s571783263.c,obfuscated_bin/p02426/s571783263_fla_bcf_instsub.elf,input_output/p02426/input.txt,input_output/p02426/output.txt,llvm-clang-14,O0,True,OLLVM_Heroims_NewPass,"[""BCF"", ""FLA"", ""INSTSUB""]",SUCCESS,1,114,50,50,49,42.98245614035088,long,complex,long_complex,0.9877918062886688,1979,1018,
p02428,s695897494,305,833,clean_src/p02428/s695897494.c,obfuscated_bin/p02428/s695897494_fla_bcf_instsub.elf,input_output/p02428/input.txt,input_output/p02428/output.txt,llvm-clang-14,O0,True,OLLVM_Heroims_NewPass,"[""BCF"", ""FLA"", ""INSTSUB""]",SUCCESS,1,51,15,15,14,27.450980392156865,short,complex,short_complex,0.5920067395654984,214,784,
p02429,s894872595,285,906,clean_src/p02429/s894872595.c,obfuscated_bin/p02429/s894872595_fla_bcf_instsub.elf,input_output/p02429/input.txt,input_output/p02429/output.txt,llvm-clang-14,O0,True,OLLVM_Heroims_NewPass,"[""BCF"", ""FLA"", ""INSTSUB""]",SUCCESS,4,39,15,7,11,28.205128205128204,short,complex,short_complex,0.9990646584178362,132,817,
p02430,s354868714,330,977,clean_src/p02430/s354868714.c,obfuscated_bin/p02430/s354868714_fla_bcf_instsub.elf,input_output/p02430/input.txt,input_output/p02430/output.txt,llvm-clang-14,O0,True,OLLVM_Heroims_NewPass,"[""BCF"", ""FLA"", ""INSTSUB""]",SUCCESS,6,49,15,4,9,18.367346938775512,short,simple,short_simple,0.36328416143249365,311,365,
p02431,s291807425,422,2027,clean_src/p02431/s291807425.c,obfuscated_bin/p02431/s291807425_fla_bcf_instsub.elf,input_output/p02431/input.txt,input_output/p02431/output.txt,llvm-clang-14,O0,True,OLLVM_Heroims_NewPass,"[""BCF"", ""FLA"", ""INSTSUB""]",SUCCESS,8,74,20,6,12,16.216216216216218,short,simple,short_simple,0.9283597793009515,620,267,
p02432,s036047457,365,1592,clean_src/p02432/s036047457.c,obfuscated_bin/p02432/s036047457_fla_bcf_instsub.elf,input_output/p02432/input.txt,input_output/p02432/output.txt,llvm-clang-14,O0,True,OLLVM_Heroims_NewPass,"[""BCF"", ""FLA"", ""INSTSUB""]",SUCCESS,4,64,11,4,7,10.9375,short,simple,short_simple,0.981503439392139,419,83,
p02433,s084866618,580,1725,clean_src/p02433/s084866618.c,obfuscated_bin/p02433/s084866618_fla_bcf_instsub.elf,input_output/p02433/input.txt,input_output/p02433/output.txt,llvm-clang-14,O0,True,OLLVM_Heroims_NewPass,"[""BCF"", ""FLA"", ""INSTSUB""]",SUCCESS,3,62,21,12,18,29.03225806451613,short,complex,short_complex,0.648843131498427,1033,862,
p02434,s389302464,450,1277,clean_src/p02434/s389302464.c,obfuscated_bin/p02434/s389302464_fla_bcf_instsub.elf,input_output/p02434/input.txt,input_output/p02434/output.txt,llvm-clang-14,O0,True,OLLVM_Heroims_NewPass,"[""BCF"", ""FLA"", ""INSTSUB""]",SUCCESS,5,58,20,11,15,25.862068965517242,short,complex,short_complex,0.9683226157437316,689,716,
p02435,s453159807,569,1987,clean_src/p02435/s453159807.c,obfuscated_bin/p02435/s453159807_fla_bcf_instsub.elf,input_output/p02435/input.txt,input_output/p02435/output.txt,llvm-clang-14,O0,True,OLLVM_Heroims_NewPass,"[""BCF"", ""FLA"", ""INSTSUB""]",SUCCESS,9,92,18,6,9,9.782608695652174,short,simple,short_simple,0.8033107679200896,998,58,
p02436,s736079711,530,2169,clean_src/p02436/s736079711.c,obfuscated_bin/p02436/s736079711_fla_bcf_instsub.elf,input_output/p02436/input.txt,input_output/p02436/output.txt,llvm-clang-14,O0,True,OLLVM_Heroims_NewPass,"[""BCF"", ""FLA"", ""INSTSUB""]",SUCCESS,7,89,15,6,8,8.98876404494382,short,simple,short_simple,0.8706932920135074,903,43,
p02437,s250780122,1319,3634,clean_src/p02437/s250780122.c,obfuscated_bin/p02437/s250780122_fla_bcf_instsub.elf,input_output/p02437/input.txt,input_output/p02437/output.txt,llvm-clang-14,O0,True,OLLVM_Heroims_NewPass,"[""BCF"", ""FLA"", ""INSTSUB""]",SUCCESS,25,86,56,7,31,36.04651162790697,long,complex,long_complex,0.7886579281958722,1987,890,
p02438,s125464265,555,2876,clean_src/p02438/s125464265.c,obfuscated_bin/p02438/s125464265_fla_bcf_instsub.elf,input_output/p02438/input.txt,input_output/p02438/output.txt,llvm-clang-14,O0,True,OLLVM_Heroims_NewPass,"[""BCF"", ""FLA"", ""INSTSUB""]",SUCCESS,6,92,15,4,9,9.782608695652174,short,simple,short_simple,0.9167270075934064,966,57,
p02439,s133980316,400,2634,clean_src/p02439/s133980316.c,obfuscated_bin/p02439/s133980316_fla_bcf_instsub.elf,input_output/p02439/input.txt,input_output/p02439/output.txt,llvm-clang-14,O0,True,OLLVM_Heroims_NewPass,"[""BCF"", ""FLA"", ""INSTSUB""]",SUCCESS,5,71,16,7,11,15.492957746478872,short,simple,short_simple,0.840465192333954,549,227,
p02440,s071177639,504,1641,clean_src/p02440/s071177639.c,obfuscated_bin/p02440/s071177639_fla_bcf_instsub.elf,input_output/p02440/input.txt,input_output/p02440/output.txt,llvm-clang-14,O0,True,OLLVM_Heroims_NewPass,"[""BCF"", ""FLA"", ""INSTSUB""]",SUCCESS,6,46,20,9,14,30.434782608695656,short,complex,short_complex,0.5383695394014693,839,916,
p02441,s608869938,286,946,clean_src/p02441/s608869938.c,obfuscated_bin/p02441/s608869938_fla_bcf_instsub.elf,input_output/p02441/input.txt,input_output/p02441/output.txt,llvm-clang-14,O0,True,OLLVM_Heroims_NewPass,"[""BCF"", ""FLA"", ""INSTSUB""]",SUCCESS,2,38,10,8,8,21.052631578947366,short,simple,short_simple,0.510730285231174,138,494,
p02442,s304774033,664,3224,clean_src/p02442/s304774033.c,obfuscated_bin/p02442/s304774033_fla_bcf_instsub.elf,input_output/p02442/input.txt,input_output/p02442/output.txt,llvm-clang-14,O0,True,OLLVM_Heroims_NewPass,"[""BCF"", ""FLA"", ""INSTSUB""]",SUCCESS,9,110,26,5,17,15.454545454545453,short,simple,short_simple,0.8783527666273436,1227,225,
p02443,s316268741,259,878,clean_src/p02443/s316268741.c,obfuscated_bin/p02443/s316268741_fla_bcf_instsub.elf,input_output/p02443/input.txt,input_output/p02443/output.txt,llvm-clang-14,O0,True,OLLVM_Heroims_NewPass,"[""BCF"", ""FLA"", ""INSTSUB""]",SUCCESS,3,42,8,3,5,11.904761904761903,short,simple,short_simple,0.856449890537484,18,111,
p02444,s683819120,328,954,clean_src/p02444/s683819120.c,obfuscated_bin/p02444/s683819120_fla_bcf_instsub.elf,input_output/p02444/input.txt,input_output/p02444/output.txt,llvm-clang-14,O0,True,OLLVM_Heroims_NewPass,"[""BCF"", ""FLA"", ""INSTSUB""]",SUCCESS,3,36,8,4,5,13.88888888888889,short,simple,short_simple,0.7228919139529816,303,174,
p02445,s854602161,273,1458,clean_src/p02445/s854602161.c,obfuscated_bin/p02445/s854602161_fla_bcf_instsub.elf,input_output/p02445/input.txt,input_output/p02445/output.txt,llvm-clang-14,O0,True,OLLVM_Heroims_NewPass,"[""BCF"", ""FLA"", ""INSTSUB""]",SUCCESS,3,54,8,5,5,9.25925925925926,short,simple,short_simple,0.2345191733858476,74,46,
p02447,s664057106,480,1047,clean_src/p02447/s664057106.c,obfuscated_bin/p02447/s664057106_fla_bcf_instsub.elf,input_output/p02447/input.txt,input_output/p02447/output.txt,llvm-clang-14,O0,True,OLLVM_Heroims_NewPass,"[""BCF"", ""FLA"", ""INSTSUB""]",SUCCESS,2,49,12,9,10,20.408163265306122,short,simple,short_simple,0.8908828006805282,773,454,
p02448,s097529916,363,1142,clean_src/p02448/s097529916.c,obfuscated_bin/p02448/s097529916_fla_bcf_instsub.elf,input_output/p02448/input.txt,input_output/p02448/output.txt,llvm-clang-14,O0,True,OLLVM_Heroims_NewPass,"[""BCF"", ""FLA"", ""INSTSUB""]",SUCCESS,2,44,14,11,12,27.27272727272727,short,complex,short_complex,0.7736506360079671,412,774,
p02449,s607914149,404,700,clean_src/p02449/s607914149.c,obfuscated_bin/p02449/s607914149_fla_bcf_instsub.elf,input_output/p02449/input.txt,input_output/p02449/output.txt,llvm-clang-14,O0,True,OLLVM_Heroims_NewPass,"[""BCF"", ""FLA"", ""INSTSUB""]",SUCCESS,2,30,20,14,18,60.0,short,complex,short_complex,0.8417701759368885,562,1273,
p02450,s155036315,326,979,clean_src/p02450/s155036315.c,obfuscated_bin/p02450/s155036315_fla_bcf_instsub.elf,input_output/p02450/input.txt,input_output/p02450/output.txt,llvm-clang-14,O0,True,OLLVM_Heroims_NewPass,"[""BCF"", ""FLA"", ""INSTSUB""]",SUCCESS,3,48,13,8,10,20.833333333333336,short,simple,short_simple,0.5283266049667709,296,483,
p02451,s870562294,562,2696,clean_src/p02451/s870562294.c,obfuscated_bin/p02451/s870562294_fla_bcf_instsub.elf,input_output/p02451/input.txt,input_output/p02451/output.txt,llvm-clang-14,O0,True,OLLVM_Heroims_NewPass,"[""BCF"", ""FLA"", ""INSTSUB""]",SUCCESS,6,101,21,6,15,14.85148514851485,short,simple,short_simple,0.022950814920277618,987,196,
p02452,s154615360,280,777,clean_src/p02452/s154615360.c,obfuscated_bin/p02452/s154615360_fla_bcf_instsub.elf,input_output/p02452/input.txt,input_output/p02452/output.txt,llvm-clang-14,O0,True,OLLVM_Heroims_NewPass,"[""BCF"", ""FLA"", ""INSTSUB""]",SUCCESS,2,35,12,7,10,28.57142857142857,short,complex,short_complex,0.48185058249680657,109,833,
p02453,s610894701,783,3326,clean_src/p02453/s610894701.c,obfuscated_bin/p02453/s610894701_fla_bcf_instsub.elf,input_output/p02453/input.txt,input_output/p02453/output.txt,llvm-clang-14,O0,True,OLLVM_Heroims_NewPass,"[""BCF"", ""FLA"", ""INSTSUB""]",SUCCESS,7,143,34,14,27,18.88111888111888,long,simple,long_simple,0.9575342274937985,1452,454,
p02454,s507990368,652,1945,clean_src/p02454/s507990368.c,obfuscated_bin/p02454/s507990368_fla_bcf_instsub.elf,input_output/p02454/input.txt,input_output/p02454/output.txt,llvm-clang-14,O0,True,OLLVM_Heroims_NewPass,"[""BCF"", ""FLA"", ""INSTSUB""]",SUCCESS,1,103,22,22,21,20.388349514563107,short,simple,short_simple,0.8709879270433353,1197,451,
p02455,s618190774,968,2252,clean_src/p02455/s618190774.c,obfuscated_bin/p02455/s618190774_fla_bcf_instsub.elf,input_output/p02455/input.txt,input_output/p02455/output.txt,llvm-clang-14,O0,True,OLLVM_Heroims_NewPass,"[""BCF"", ""FLA"", ""INSTSUB""]",SUCCESS,6,84,33,9,27,32.142857142857146,long,complex,long_complex,0.8874731603592549,1704,803,
p02456,s576910688,821,2169,clean_src/p02456/s576910688.c,obfuscated_bin/p02456/s576910688_fla_bcf_instsub.elf,input_output/p02456/input.txt,input_output/p02456/output.txt,llvm-clang-14,O0,True,OLLVM_Heroims_NewPass,"[""BCF"", ""FLA"", ""INSTSUB""]",SUCCESS,8,110,30,7,22,20.0,long,simple,long_simple,0.5873322027011275,1510,490,
p02457,s375234683,782,3557,clean_src/p02457/s375234683.c,obfuscated_bin/p02457/s375234683_fla_bcf_instsub.elf,input_output/p02457/input.txt,input_output/p02457/output.txt,llvm-clang-14,O0,True,OLLVM_Heroims_NewPass,"[""BCF"", ""FLA"", ""INSTSUB""]",SUCCESS,7,137,33,9,26,18.97810218978102,long,simple,long_simple,0.8825231112412039,1450,459,
p02458,s571014680,857,2296,clean_src/p02458/s571014680.c,obfuscated_bin/p02458/s571014680_fla_bcf_instsub.elf,input_output/p02458/input.txt,input_output/p02458/output.txt,llvm-clang-14,O0,True,OLLVM_Heroims_NewPass,"[""BCF"", ""FLA"", ""INSTSUB""]",SUCCESS,11,107,25,5,14,13.084112149532709,long,simple,long_simple,0.9126539974202386,1563,157,
p02459,s520398257,665,1784,clean_src/p02459/s520398257.c,obfuscated_bin/p02459/s520398257_fla_bcf_instsub.elf,input_output/p02459/input.txt,input_output/p02459/output.txt,llvm-clang-14,O0,True,OLLVM_Heroims_NewPass,"[""BCF"", ""FLA"", ""INSTSUB""]",SUCCESS,7,92,22,6,15,16.304347826086957,short,simple,short_simple,0.7552163760629386,1228,273,
p02460,s371247227,605,1308,clean_src/p02460/s371247227.c,obfuscated_bin/p02460/s371247227_fla_bcf_instsub.elf,input_output/p02460/input.txt,input_output/p02460/output.txt,llvm-clang-14,O0,True,OLLVM_Heroims_NewPass,"[""BCF"", ""FLA"", ""INSTSUB""]",SUCCESS,5,73,19,6,14,19.17808219178082,short,simple,short_simple,0.9796564198341827,1082,394,
p02461,s576000347,4173,17085,clean_src/p02461/s576000347.c,obfuscated_bin/p02461/s576000347_fla_bcf_instsub.elf,input_output/p02461/input.txt,input_output/p02461/output.txt,llvm-clang-14,O0,True,OLLVM_Heroims_NewPass,"[""BCF"", ""FLA"", ""INSTSUB""]",SUCCESS,24,501,108,9,84,16.766467065868262,long,simple,long_simple,0.8312113004222785,2572,356,
p02462,s923629863,1094,5013,clean_src/p02462/s923629863.c,obfuscated_bin/p02462/s923629863_fla_bcf_instsub.elf,input_output/p02462/input.txt,input_output/p02462/output.txt,llvm-clang-14,O0,True,OLLVM_Heroims_NewPass,"[""BCF"", ""FLA"", ""INSTSUB""]",SUCCESS,7,165,40,10,33,20.0,long,simple,long_simple,0.7999350203593208,1823,493,
p02463,s031086329,818,2184,clean_src/p02463/s031086329.c,obfuscated_bin/p02463/s031086329_fla_bcf_instsub.elf,input_output/p02463/input.txt,input_output/p02463/output.txt,llvm-clang-14,O0,True,OLLVM_Heroims_NewPass,"[""BCF"", ""FLA"", ""INSTSUB""]",SUCCESS,1,111,29,29,28,25.225225225225223,long,simple,long_simple,0.33948645017475054,1505,628,
p02464,s120781814,295,990,clean_src/p02464/s120781814.c,obfuscated_bin/p02464/s120781814_fla_bcf_instsub.elf,input_output/p02464/input.txt,input_output/p02464/output.txt,llvm-clang-14,O0,True,OLLVM_Heroims_NewPass,"[""BCF"", ""FLA"", ""INSTSUB""]",SUCCESS,3,39,14,8,11,28.205128205128204,short,complex,short_complex,0.8663786137470557,170,819,
p02465,s114230986,614,1498,clean_src/p02465/s114230986.c,obfuscated_bin/p02465/s114230986_fla_bcf_instsub.elf,input_output/p02465/input.txt,input_output/p02465/output.txt,llvm-clang-14,O0,True,OLLVM_Heroims_NewPass,"[""BCF"", ""FLA"", ""INSTSUB""]",SUCCESS,1,77,20,20,19,24.675324675324674,short,complex,short_complex,0.9224489958276223,1104,651,
p02466,s124904330,888,2130,clean_src/p02466/s124904330.c,obfuscated_bin/p02466/s124904330_fla_bcf_instsub.elf,input_output/p02466/input.txt,input_output/p02466/output.txt,llvm-clang-14,O0,True,OLLVM_Heroims_NewPass,"[""BCF"", ""FLA"", ""INSTSUB""]",SUCCESS,1,104,31,31,30,28.846153846153843,long,complex,long_complex,0.5857239094697706,1616,721,
p02467,s481936993,640,1872,clean_src/p02467/s481936993.c,obfuscated_bin/p02467/s481936993_fla_bcf_instsub.elf,input_output/p02467/input.txt,input_output/p02467/output.txt,llvm-clang-14,O0,True,OLLVM_Heroims_NewPass,"[""BCF"", ""FLA"", ""INSTSUB""]",SUCCESS,2,63,15,13,13,20.634920634920633,short,simple,short_simple,0.6215389234943415,1164,474,
p02468,s520624289,1008,2684,clean_src/p02468/s520624289.c,obfuscated_bin/p02468/s520624289_fla_bcf_instsub.elf,input_output/p02468/input.txt,input_output/p02468/output.txt,llvm-clang-14,O0,True,OLLVM_Heroims_NewPass,"[""BCF"", ""FLA"", ""INSTSUB""]",SUCCESS,26,59,46,4,20,33.89830508474576,long,complex,long_complex,0.6880829537410741,1748,841,
p02469,s510811794,266,758,clean_src/p02469/s510811794.c,obfuscated_bin/p02469/s510811794_fla_bcf_instsub.elf,input_output/p02469/input.txt,input_output/p02469/output.txt,llvm-clang-14,O0,True,OLLVM_Heroims_NewPass,"[""BCF"", ""FLA"", ""INSTSUB""]",SUCCESS,2,32,12,8,10,31.25,short,complex,short_complex,0.5876915417973434,43,946,
p02470,s942356403,503,2058,clean_src/p02470/s942356403.c,obfuscated_bin/p02470/s942356403_fla_bcf_instsub.elf,input_output/p02470/input.txt,input_output/p02470/output.txt,llvm-clang-14,O0,True,OLLVM_Heroims_NewPass,"[""BCF"", ""FLA"", ""INSTSUB""]",SUCCESS,4,80,16,6,12,15.0,short,simple,short_simple,0.6826895063454839,833,206,
p02471,s493566342,261,672,clean_src/p02471/s493566342.c,obfuscated_bin/p02471/s493566342_fla_bcf_instsub.elf,input_output/p02471/input.txt,input_output/p02471/output.txt,llvm-clang-14,O0,True,OLLVM_Heroims_NewPass,"[""BCF"", ""FLA"", ""INSTSUB""]",SUCCESS,3,29,6,3,3,10.344827586206897,short,simple,short_simple,0.68502106393577,25,66,
p02472,s951030410,945,2569,clean_src/p02472/s951030410.c,obfuscated_bin/p02472/s951030410_fla_bcf_instsub.elf,input_output/p02472/input.txt,input_output/p02472/output.txt,llvm-clang-14,O0,True,OLLVM_Heroims_NewPass,"[""BCF"", ""FLA"", ""INSTSUB""]",SUCCESS,7,127,44,8,37,29.133858267716533,long,complex,long_complex,0.7589115099525778,1682,731,
p02473,s649189202,941,2542,clean_src/p02473/s649189202.c,obfuscated_bin/p02473/s649189202_fla_bcf_instsub.elf,input_output/p02473/input.txt,input_output/p02473/output.txt,llvm-clang-14,O0,True,OLLVM_Heroims_NewPass,"[""BCF"", ""FLA"", ""INSTSUB""]",SUCCESS,7,118,44,8,37,31.35593220338983,long,complex,long_complex,0.45246467873560114,1678,785,
p02474,s383039486,319,636,clean_src/p02474/s383039486.c,obfuscated_bin/p02474/s383039486_fla_bcf_instsub.elf,input_output/p02474/input.txt,input_output/p02474/output.txt,llvm-clang-14,O0,True,OLLVM_Heroims_NewPass,"[""BCF"", ""FLA"", ""INSTSUB""]",SUCCESS,1,25,12,12,11,44.0,short,complex,short_complex,0.5289739904352856,264,1205,
p02475,s468558459,2553,6138,clean_src/p02475/s468558459.c,obfuscated_bin/p02475/s468558459_fla_bcf_instsub.elf,input_output/p02475/input.txt,input_output/p02475/output.txt,llvm-clang-14,O0,True,OLLVM_Heroims_NewPass,"[""BCF"", ""FLA"", ""INSTSUB""]",SUCCESS,9,269,96,44,87,32.342007434944236,long,complex,long_complex,0.868305781504362,2412,816,
p02476,s832818236,268,591,clean_src/p02476/s832818236.c,obfuscated_bin/p02476/s832818236_fla_bcf_instsub.elf,input_output/p02476/input.txt,input_output/p02476/output.txt,llvm-clang-14,O0,True,OLLVM_Heroims_NewPass,"[""BCF"", ""FLA"", ""INSTSUB""]",SUCCESS,2,32,11,7,9,28.125,short,complex,short_complex,0.3853616531784386,51,814,
p02477,s228971816,2580,6218,clean_src/p02477/s228971816.c,obfuscated_bin/p02477/s228971816_fla_bcf_instsub.elf,input_output/p02477/input.txt,input_output/p02477/output.txt,llvm-clang-14,O0,True,OLLVM_Heroims_NewPass,"[""BCF"", ""FLA"", ""INSTSUB""]",SUCCESS,9,273,97,45,88,32.234432234432234,long,complex,long_complex,0.7763387027427474,2425,813,
p02534,s760341430,3172,13041,clean_src/p02534/s760341430.c,obfuscated_bin/p02534/s760341430_fla_bcf_instsub.elf,input_output/p02534/input.txt,input_output/p02534/output.txt,llvm-clang-14,O0,True,OLLVM_Heroims_NewPass,"[""BCF"", ""FLA"", ""INSTSUB""]",SUCCESS,39,421,105,10,66,15.676959619952493,long,simple,long_simple,0.987378034548332,2531,271,
p02536,s020773921,1725,4663,clean_src/p02536/s020773921.c,obfuscated_bin/p02536/s020773921_fla_bcf_instsub.elf,input_output/p02536/input.txt,input_output/p02536/output.txt,llvm-clang-14,O0,True,OLLVM_Heroims_NewPass,"[""BCF"", ""FLA"", ""INSTSUB""]",SUCCESS,15,95,59,8,44,46.31578947368421,long,complex,long_complex,0.9715660377082447,2166,1090,
p02537,s978776236,3037,8190,clean_src/p02537/s978776236.c,obfuscated_bin/p02537/s978776236_fla_bcf_instsub.elf,input_output/p02537/input.txt,input_output/p02537/output.txt,llvm-clang-14,O0,True,OLLVM_Heroims_NewPass,"[""BCF"", ""FLA"", ""INSTSUB""]",SUCCESS,25,195,90,8,65,33.33333333333333,long,complex,long_complex,0.6527631122376307,2522,828,
p02538,s315622440,882,2349,clean_src/p02538/s315622440.c,obfuscated_bin/p02538/s315622440_fla_bcf_instsub.elf,input_output/p02538/input.txt,input_output/p02538/output.txt,llvm-clang-14,O0,True,OLLVM_Heroims_NewPass,"[""BCF"", ""FLA"", ""INSTSUB""]",SUCCESS,5,82,18,5,13,15.853658536585366,long,simple,long_simple,0.6584399096431798,1602,291,
p02539,s660346562,1258,2862,clean_src/p02539/s660346562.c,obfuscated_bin/p02539/s660346562_fla_bcf_instsub.elf,input_output/p02539/input.txt,input_output/p02539/output.txt,llvm-clang-14,O0,True,OLLVM_Heroims_NewPass,"[""BCF"", ""FLA"", ""INSTSUB""]",SUCCESS,4,106,26,16,22,20.754716981132077,long,simple,long_simple,0.6697377356345546,1944,519,
p02540,s021546713,1705,5899,clean_src/p02540/s021546713.c,obfuscated_bin/p02540/s021546713_fla_bcf_instsub.elf,input_output/p02540/input.txt,input_output/p02540/output.txt,llvm-clang-14,O0,True,OLLVM_Heroims_NewPass,"[""BCF"", ""FLA"", ""INSTSUB""]",SUCCESS,7,172,59,43,52,30.23255813953488,long,complex,long_complex,0.9756149133669334,2158,763,
p02541,s669264651,488,1189,clean_src/p02541/s669264651.c,obfuscated_bin/p02541/s669264651_fla_bcf_instsub.elf,input_output/p02541/input.txt,input_output/p02541/output.txt,llvm-clang-14,O0,True,OLLVM_Heroims_NewPass,"[""BCF"", ""FLA"", ""INSTSUB""]",SUCCESS,3,53,18,11,15,28.30188679245283,short,complex,short_complex,0.6466105384489874,793,829,
p02542,s062589947,2852,6114,clean_src/p02542/s062589947.c,obfuscated_bin/p02542/s062589947_fla_bcf_instsub.elf,input_output/p02542/input.txt,input_output/p02542/output.txt,llvm-clang-14,O0,True,OLLVM_Heroims_NewPass,"[""BCF"", ""FLA"", ""INSTSUB""]",SUCCESS,4,247,56,33,52,21.052631578947366,long,simple,long_simple,0.5769736524575959,2496,529,
p02546,s663967946,738,2202,clean_src/p02546/s663967946.c,obfuscated_bin/p02546/s663967946_fla_bcf_instsub.elf,input_output/p02546/input.txt,input_output/p02546/output.txt,llvm-clang-14,O0,True,OLLVM_Heroims_NewPass,"[""BCF"", ""FLA"", ""INSTSUB""]",SUCCESS,9,88,23,10,14,15.909090909090908,long,simple,long_simple,0.7801825866814205,1369,294,
p02547,s722782226,783,2274,clean_src/p02547/s722782226.c,obfuscated_bin/p02547/s722782226_fla_bcf_instsub.elf,input_output/p02547/input.txt,input_output/p02547/output.txt,llvm-clang-14,O0,True,OLLVM_Heroims_NewPass,"[""BCF"", ""FLA"", ""INSTSUB""]",SUCCESS,9,93,25,10,16,17.20430107526882,long,simple,long_simple,0.6245936488484161,1453,388,
p02548,s036120028,5202,17622,clean_src/p02548/s036120028.c,obfuscated_bin/p02548/s036120028_fla_bcf_instsub.elf,input_output/p02548/input.txt,input_output/p02548/output.txt,llvm-clang-14,O0,True,OLLVM_Heroims_NewPass,"[""BCF"", ""FLA"", ""INSTSUB""]",SUCCESS,81,325,230,24,149,45.84615384615385,long,complex,long_complex,0.9587698005347854,2588,1080,
p02549,s126918859,6072,20451,clean_src/p02549/s126918859.c,obfuscated_bin/p02549/s126918859_fla_bcf_instsub.elf,input_output/p02549/input.txt,input_output/p02549/output.txt,llvm-clang-14,O0,True,OLLVM_Heroims_NewPass,"[""BCF"", ""FLA"", ""INSTSUB""]",SUCCESS,94,411,253,24,159,38.68613138686132,long,complex,long_complex,0.9015600717458914,2595,933,
p02550,s765275987,3376,13984,clean_src/p02550/s765275987.c,obfuscated_bin/p02550/s765275987_fla_bcf_instsub.elf,input_output/p02550/input.txt,input_output/p02550/output.txt,llvm-clang-14,O0,True,OLLVM_Heroims_NewPass,"[""BCF"", ""FLA"", ""INSTSUB""]",SUCCESS,39,444,108,10,69,15.54054054054054,long,simple,long_simple,0.9941541892275265,2556,260,
p02551,s680698523,295,668,clean_src/p02551/s680698523.c,obfuscated_bin/p02551/s680698523_fla_bcf_instsub.elf,input_output/p02551/input.txt,input_output/p02551/output.txt,llvm-clang-14,O0,True,OLLVM_Heroims_NewPass,"[""BCF"", ""FLA"", ""INSTSUB""]",SUCCESS,1,31,8,8,7,22.58064516129032,short,simple,short_simple,0.7683698202869864,171,563,
p02552,s870791351,624,2239,clean_src/p02552/s870791351.c,obfuscated_bin/p02552/s870791351_fla_bcf_instsub.elf,input_output/p02552/input.txt,input_output/p02552/output.txt,llvm-clang-14,O0,True,OLLVM_Heroims_NewPass,"[""BCF"", ""FLA"", ""INSTSUB""]",SUCCESS,15,33,32,5,17,51.515151515151516,short,complex,short_complex,0.9078026519721415,1130,1251,
p02553,s686043349,916,6464,clean_src/p02553/s686043349.c,obfuscated_bin/p02553/s686043349_fla_bcf_instsub.elf,input_output/p02553/input.txt,input_output/p02553/output.txt,llvm-clang-14,O0,True,OLLVM_Heroims_NewPass,"[""BCF"", ""FLA"", ""INSTSUB""]",SUCCESS,17,113,28,4,11,9.734513274336283,long,simple,long_simple,0.9592411194617517,1647,70,
p02554,s170843222,3197,13126,clean_src/p02554/s170843222.c,obfuscated_bin/p02554/s170843222_fla_bcf_instsub.elf,input_output/p02554/input.txt,input_output/p02554/output.txt,llvm-clang-14,O0,True,OLLVM_Heroims_NewPass,"[""BCF"", ""FLA"", ""INSTSUB""]",SUCCESS,39,420,104,10,65,15.476190476190476,long,simple,long_simple,0.8294380365276733,2534,256,
p02555,s000121472,4037,19634,clean_src/p02555/s000121472.c,obfuscated_bin/p02555/s000121472_fla_bcf_instsub.elf,input_output/p02555/input.txt,input_output/p02555/output.txt,llvm-clang-14,O0,True,OLLVM_Heroims_NewPass,"[""BCF"", ""FLA"", ""INSTSUB""]",SUCCESS,1,6,1,1,0,0.0,long,simple,long_simple,0.6663392293337843,2569,1,
p02556,s009989504,787,2536,clean_src/p02556/s009989504.c,obfuscated_bin/p02556/s009989504_fla_bcf_instsub.elf,input_output/p02556/input.txt,input_output/p02556/output.txt,llvm-clang-14,O0,True,OLLVM_Heroims_NewPass,"[""BCF"", ""FLA"", ""INSTSUB""]",SUCCESS,15,43,31,5,16,37.2093023255814,long,complex,long_complex,0.9890231855385762,1460,906,
p02557,s289547958,415,988,clean_src/p02557/s289547958.c,obfuscated_bin/p02557/s289547958_fla_bcf_instsub.elf,input_output/p02557/input.txt,input_output/p02557/output.txt,llvm-clang-14,O0,True,OLLVM_Heroims_NewPass,"[""BCF"", ""FLA"", ""INSTSUB""]",SUCCESS,4,35,19,12,15,42.857142857142854,short,complex,short_complex,0.8798072717921995,597,1189,
p02558,s257391173,309,851,clean_src/p02558/s257391173.c,obfuscated_bin/p02558/s257391173_fla_bcf_instsub.elf,input_output/p02558/input.txt,input_output/p02558/output.txt,llvm-clang-14,O0,True,OLLVM_Heroims_NewPass,"[""BCF"", ""FLA"", ""INSTSUB""]",SUCCESS,5,46,14,6,9,19.565217391304348,short,simple,short_simple,0.863871069721261,227,417,
p02559,s581044737,505,1469,clean_src/p02559/s581044737.c,obfuscated_bin/p02559/s581044737_fla_bcf_instsub.elf,input_output/p02559/input.txt,input_output/p02559/output.txt,llvm-clang-14,O0,True,OLLVM_Heroims_NewPass,"[""BCF"", ""FLA"", ""INSTSUB""]",SUCCESS,7,53,16,6,9,16.9811320754717,short,simple,short_simple,0.9518992652261483,843,298,
p02562,s854703932,2781,5966,clean_src/p02562/s854703932.c,obfuscated_bin/p02562/s854703932_fla_bcf_instsub.elf,input_output/p02562/input.txt,input_output/p02562/output.txt,llvm-clang-14,O0,True,OLLVM_Heroims_NewPass,"[""BCF"", ""FLA"", ""INSTSUB""]",SUCCESS,4,251,59,33,55,21.91235059760956,long,simple,long_simple,0.9270893382859235,2474,542,
p02563,s932141568,1251,3072,clean_src/p02563/s932141568.c,obfuscated_bin/p02563/s932141568_fla_bcf_instsub.elf,input_output/p02563/input.txt,input_output/p02563/output.txt,llvm-clang-14,O0,True,OLLVM_Heroims_NewPass,"[""BCF"", ""FLA"", ""INSTSUB""]",SUCCESS,6,127,36,9,30,23.62204724409449,long,simple,long_simple,0.7273672076867966,1941,584,
p02566,s396315834,779,1857,clean_src/p02566/s396315834.c,obfuscated_bin/p02566/s396315834_fla_bcf_instsub.elf,input_output/p02566/input.txt,input_output/p02566/output.txt,llvm-clang-14,O0,True,OLLVM_Heroims_NewPass,"[""BCF"", ""FLA"", ""INSTSUB""]",SUCCESS,3,53,19,12,16,30.18867924528302,long,complex,long_complex,0.9937090111543786,1442,760,
p02567,s908113472,816,1895,clean_src/p02567/s908113472.c,obfuscated_bin/p02567/s908113472_fla_bcf_instsub.elf,input_output/p02567/input.txt,input_output/p02567/output.txt,llvm-clang-14,O0,True,OLLVM_Heroims_NewPass,"[""BCF"", ""FLA"", ""INSTSUB""]",SUCCESS,6,75,28,6,22,29.333333333333332,long,complex,long_complex,0.3524003232971433,1502,736,
p02568,s660086982,873,2822,clean_src/p02568/s660086982.c,obfuscated_bin/p02568/s660086982_fla_bcf_instsub.elf,input_output/p02568/input.txt,input_output/p02568/output.txt,llvm-clang-14,O0,True,OLLVM_Heroims_NewPass,"[""BCF"", ""FLA"", ""INSTSUB""]",SUCCESS,8,75,30,11,22,29.333333333333332,long,complex,long_complex,0.764734988724973,1585,737,
p02569,s082001414,1093,2886,clean_src/p02569/s082001414.c,obfuscated_bin/p02569/s082001414_fla_bcf_instsub.elf,input_output/p02569/input.txt,input_output/p02569/output.txt,llvm-clang-14,O0,True,OLLVM_Heroims_NewPass,"[""BCF"", ""FLA"", ""INSTSUB""]",SUCCESS,10,100,26,6,16,16.0,long,simple,long_simple,0.6983173234039807,1821,301,
p02570,s104071297,658,3450,clean_src/p02570/s104071297.c,obfuscated_bin/p02570/s104071297_fla_bcf_instsub.elf,input_output/p02570/input.txt,input_output/p02570/output.txt,llvm-clang-14,O0,True,OLLVM_Heroims_NewPass,"[""BCF"", ""FLA"", ""INSTSUB""]",SUCCESS,11,113,24,5,13,11.504424778761061,short,simple,short_simple,0.994374427936259,1210,99,
p02571,s300909808,3261,13422,clean_src/p02571/s300909808.c,obfuscated_bin/p02571/s300909808_fla_bcf_instsub.elf,input_output/p02571/input.txt,input_output/p02571/output.txt,llvm-clang-14,O0,True,OLLVM_Heroims_NewPass,"[""BCF"", ""FLA"", ""INSTSUB""]",SUCCESS,39,431,107,10,68,15.777262180974477,long,simple,long_simple,0.9408260444155253,2541,282,
p02572,s627831067,807,2244,clean_src/p02572/s627831067.c,obfuscated_bin/p02572/s627831067_fla_bcf_instsub.elf,input_output/p02572/input.txt,input_output/p02572/output.txt,llvm-clang-14,O0,True,OLLVM_Heroims_NewPass,"[""BCF"", ""FLA"", ""INSTSUB""]",SUCCESS,6,46,36,8,30,65.21739130434783,long,complex,long_complex,0.857444330369699,1486,1216,
p02573,s968621496,3330,13546,clean_src/p02573/s968621496.c,obfuscated_bin/p02573/s968621496_fla_bcf_instsub.elf,input_output/p02573/input.txt,input_output/p02573/output.txt,llvm-clang-14,O0,True,OLLVM_Heroims_NewPass,"[""BCF"", ""FLA"", ""INSTSUB""]",SUCCESS,39,438,108,10,69,15.753424657534246,long,simple,long_simple,0.6430273618316371,2550,278,
p02574,s998046943,798,2364,clean_src/p02574/s998046943.c,obfuscated_bin/p02574/s998046943_fla_bcf_instsub.elf,input_output/p02574/input.txt,input_output/p02574/output.txt,llvm-clang-14,O0,True,OLLVM_Heroims_NewPass,"[""BCF"", ""FLA"", ""INSTSUB""]",SUCCESS,15,51,34,5,19,37.254901960784316,long,complex,long_complex,0.89312273274018,1474,909,
p02575,s108122483,922,2137,clean_src/p02575/s108122483.c,obfuscated_bin/p02575/s108122483_fla_bcf_instsub.elf,input_output/p02575/input.txt,input_output/p02575/output.txt,llvm-clang-14,O0,True,OLLVM_Heroims_NewPass,"[""BCF"", ""FLA"", ""INSTSUB""]",SUCCESS,5,111,28,16,23,20.72072072072072,long,simple,long_simple,0.790982146115229,1654,516,
p02576,s242614215,884,5128,clean_src/p02576/s242614215.c,obfuscated_bin/p02576/s242614215_fla_bcf_instsub.elf,input_output/p02576/input.txt,input_output/p02576/output.txt,llvm-clang-14,O0,True,OLLVM_Heroims_NewPass,"[""BCF"", ""FLA"", ""INSTSUB""]",SUCCESS,17,110,29,4,12,10.909090909090908,long,simple,long_simple,0.920367603085294,1606,96,
p02577,s480289423,4561,14702,clean_src/p02577/s480289423.c,obfuscated_bin/p02577/s480289423_fla_bcf_instsub.elf,input_output/p02577/input.txt,input_output/p02577/output.txt,llvm-clang-14,O0,True,OLLVM_Heroims_NewPass,"[""BCF"", ""FLA"", ""INSTSUB""]",SUCCESS,73,249,194,24,121,48.59437751004016,long,complex,long_complex,0.8522553990628343,2575,1144,
p02578,s032832954,4603,14722,clean_src/p02578/s032832954.c,obfuscated_bin/p02578/s032832954_fla_bcf_instsub.elf,input_output/p02578/input.txt,input_output/p02578/output.txt,llvm-clang-14,O0,True,OLLVM_Heroims_NewPass,"[""BCF"", ""FLA"", ""INSTSUB""]",SUCCESS,73,253,194,24,121,47.82608695652174,long,complex,long_complex,0.8003633838430355,2576,1116,
p02579,s302887022,1299,2935,clean_src/p02579/s302887022.c,obfuscated_bin/p02579/s302887022_fla_bcf_instsub.elf,input_output/p02579/input.txt,input_output/p02579/output.txt,llvm-clang-14,O0,True,OLLVM_Heroims_NewPass,"[""BCF"", ""FLA"", ""INSTSUB""]",SUCCESS,5,77,67,40,62,80.51948051948052,long,complex,long_complex,0.4927406995193365,1970,1273,
p02580,s209381237,1111,2713,clean_src/p02580/s209381237.c,obfuscated_bin/p02580/s209381237_fla_bcf_instsub.elf,input_output/p02580/input.txt,input_output/p02580/output.txt,llvm-clang-14,O0,True,OLLVM_Heroims_NewPass,"[""BCF"", ""FLA"", ""INSTSUB""]",SUCCESS,7,77,43,11,36,46.75324675324675,long,complex,long_complex,0.8587429757891565,1835,1096,
p02581,s457222186,1031,3827,clean_src/p02581/s457222186.c,obfuscated_bin/p02581/s457222186_fla_bcf_instsub.elf,input_output/p02581/input.txt,input_output/p02581/output.txt,llvm-clang-14,O0,True,OLLVM_Heroims_NewPass,"[""BCF"", ""FLA"", ""INSTSUB""]",SUCCESS,7,118,28,18,21,17.796610169491526,long,simple,long_simple,0.9319905884644715,1772,418,
p02582,s797798229,931,5242,clean_src/p02582/s797798229.c,obfuscated_bin/p02582/s797798229_fla_bcf_instsub.elf,input_output/p02582/input.txt,input_output/p02582/output.txt,llvm-clang-14,O0,True,OLLVM_Heroims_NewPass,"[""BCF"", ""FLA"", ""INSTSUB""]",SUCCESS,17,118,32,5,15,12.711864406779661,long,simple,long_simple,0.9553972393280508,1663,144,
p02583,s501641387,2625,5560,clean_src/p02583/s501641387.c,obfuscated_bin/p02583/s501641387_fla_bcf_instsub.elf,input_output/p02583/input.txt,input_output/p02583/output.txt,llvm-clang-14,O0,True,OLLVM_Heroims_NewPass,"[""BCF"", ""FLA"", ""INSTSUB""]",SUCCESS,52,135,111,8,59,43.7037037037037,long,complex,long_complex,0.5808502780672813,2440,1033,
p02584,s905475233,2537,5434,clean_src/p02584/s905475233.c,obfuscated_bin/p02584/s905475233_fla_bcf_instsub.elf,input_output/p02584/input.txt,input_output/p02584/output.txt,llvm-clang-14,O0,True,OLLVM_Heroims_NewPass,"[""BCF"", ""FLA"", ""INSTSUB""]",SUCCESS,52,134,106,4,54,40.298507462686565,long,complex,long_complex,0.8468162764435945,2405,958,
p02585,s646901663,4804,16215,clean_src/p02585/s646901663.c,obfuscated_bin/p02585/s646901663_fla_bcf_instsub.elf,input_output/p02585/input.txt,input_output/p02585/output.txt,llvm-clang-14,O0,True,OLLVM_Heroims_NewPass,"[""BCF"", ""FLA"", ""INSTSUB""]",SUCCESS,72,282,197,24,125,44.32624113475177,long,complex,long_complex,0.8307580752070146,2581,1048,
p02586,s429209938,4817,16165,clean_src/p02586/s429209938.c,obfuscated_bin/p02586/s429209938_fla_bcf_instsub.elf,input_output/p02586/input.txt,input_output/p02586/output.txt,llvm-clang-14,O0,True,OLLVM_Heroims_NewPass,"[""BCF"", ""FLA"", ""INSTSUB""]",SUCCESS,72,265,191,24,119,44.905660377358494,long,complex,long_complex,0.7978694984335808,2582,1057,
p02588,s752912706,1096,5487,clean_src/p02588/s752912706.c,obfuscated_bin/p02588/s752912706_fla_bcf_instsub.elf,input_output/p02588/input.txt,input_output/p02588/output.txt,llvm-clang-14,O0,True,OLLVM_Heroims_NewPass,"[""BCF"", ""FLA"", ""INSTSUB""]",SUCCESS,7,205,42,19,35,17.073170731707318,long,simple,long_simple,0.3269713137139786,1825,383,
p02589,s707504250,1212,3633,clean_src/p02589/s707504250.c,obfuscated_bin/p02589/s707504250_fla_bcf_instsub.elf,input_output/p02589/input.txt,input_output/p02589/output.txt,llvm-clang-14,O0,True,OLLVM_Heroims_NewPass,"[""BCF"", ""FLA"", ""INSTSUB""]",SUCCESS,15,104,34,6,19,18.269230769230766,long,simple,long_simple,0.9656415152899344,1913,436,
p02594,s420422451,793,3744,clean_src/p02594/s420422451.c,obfuscated_bin/p02594/s420422451_fla_bcf_instsub.elf,input_output/p02594/input.txt,input_output/p02594/output.txt,llvm-clang-14,O0,True,OLLVM_Heroims_NewPass,"[""BCF"", ""FLA"", ""INSTSUB""]",SUCCESS,13,122,25,5,12,9.836065573770492,long,simple,long_simple,0.950047806240866,1466,74,
p02595,s787787154,2843,6920,clean_src/p02595/s787787154.c,obfuscated_bin/p02595/s787787154_fla_bcf_instsub.elf,input_output/p02595/input.txt,input_output/p02595/output.txt,llvm-clang-14,O0,True,OLLVM_Heroims_NewPass,"[""BCF"", ""FLA"", ""INSTSUB""]",SUCCESS,54,82,126,8,72,87.8048780487805,long,complex,long_complex,0.7756715441803237,2492,1281,
p02596,s085974426,3209,13178,clean_src/p02596/s085974426.c,obfuscated_bin/p02596/s085974426_fla_bcf_instsub.elf,input_output/p02596/input.txt,input_output/p02596/output.txt,llvm-clang-14,O0,True,OLLVM_Heroims_NewPass,"[""BCF"", ""FLA"", ""INSTSUB""]",SUCCESS,39,427,106,10,67,15.690866510538642,long,simple,long_simple,0.9753191096598242,2535,274,
p02597,s250905070,3264,13445,clean_src/p02597/s250905070.c,obfuscated_bin/p02597/s250905070_fla_bcf_instsub.elf,input_output/p02597/input.txt,input_output/p02597/output.txt,llvm-clang-14,O0,True,OLLVM_Heroims_NewPass,"[""BCF"", ""FLA"", ""INSTSUB""]",SUCCESS,39,439,109,10,70,15.945330296127564,long,simple,long_simple,0.8223398791844834,2543,297,
p02598,s141086712,2602,5534,clean_src/p02598/s141086712.c,obfuscated_bin/p02598/s141086712_fla_bcf_instsub.elf,input_output/p02598/input.txt,input_output/p02598/output.txt,llvm-clang-14,O0,True,OLLVM_Heroims_NewPass,"[""BCF"", ""FLA"", ""INSTSUB""]",SUCCESS,52,135,108,5,56,41.48148148148148,long,complex,long_complex,0.9158470107552117,2431,976,
p02599,s011093568,746,2057,clean_src/p02599/s011093568.c,obfuscated_bin/p02599/s011093568_fla_bcf_instsub.elf,input_output/p02599/input.txt,input_output/p02599/output.txt,llvm-clang-14,O0,True,OLLVM_Heroims_NewPass,"[""BCF"", ""FLA"", ""INSTSUB""]",SUCCESS,8,68,19,6,11,16.176470588235293,long,simple,long_simple,0.909270634707597,1386,320,
p02600,s329901845,2795,6843,clean_src/p02600/s329901845.c,obfuscated_bin/p02600/s329901845_fla_bcf_instsub.elf,input_output/p02600/input.txt,input_output/p02600/output.txt,llvm-clang-14,O0,True,OLLVM_Heroims_NewPass,"[""BCF"", ""FLA"", ""INSTSUB""]",SUCCESS,54,75,125,8,71,94.66666666666667,long,complex,long_complex,0.9666373051835306,2478,1288,
p02601,s709549191,2861,7022,clean_src/p02601/s709549191.c,obfuscated_bin/p02601/s709549191_fla_bcf_instsub.elf,input_output/p02601/input.txt,input_output/p02601/output.txt,llvm-clang-14,O0,True,OLLVM_Heroims_NewPass,"[""BCF"", ""FLA"", ""INSTSUB""]",SUCCESS,54,86,129,8,75,87.20930232558139,long,complex,long_complex,0.9730933185360288,2501,1280,
p02602,s778585124,2846,6948,clean_src/p02602/s778585124.c,obfuscated_bin/p02602/s778585124_fla_bcf_instsub.elf,input_output/p02602/input.txt,input_output/p02602/output.txt,llvm-clang-14,O0,True,OLLVM_Heroims_NewPass,"[""BCF"", ""FLA"", ""INSTSUB""]",SUCCESS,54,83,126,8,72,86.74698795180723,long,complex,long_complex,0.8067388308275649,2494,1279,
p02603,s335459391,2900,7098,clean_src/p02603/s335459391.c,obfuscated_bin/p02603/s335459391_fla_bcf_instsub.elf,input_output/p02603/input.txt,input_output/p02603/output.txt,llvm-clang-14,O0,True,OLLVM_Heroims_NewPass,"[""BCF"", ""FLA"", ""INSTSUB""]",SUCCESS,54,91,127,8,73,80.21978021978022,long,complex,long_complex,0.9655365816068209,2503,1271,
p02604,s957913511,971,1969,clean_src/p02604/s957913511.c,obfuscated_bin/p02604/s957913511_fla_bcf_instsub.elf,input_output/p02604/input.txt,input_output/p02604/output.txt,llvm-clang-14,O0,True,OLLVM_Heroims_NewPass,"[""BCF"", ""FLA"", ""INSTSUB""]",SUCCESS,1,54,33,33,32,59.25925925925925,long,complex,long_complex,0.8844213606981134,1710,1194,
p02605,s193347342,1562,3564,clean_src/p02605/s193347342.c,obfuscated_bin/p02605/s193347342_fla_bcf_instsub.elf,input_output/p02605/input.txt,input_output/p02605/output.txt,llvm-clang-14,O0,True,OLLVM_Heroims_NewPass,"[""BCF"", ""FLA"", ""INSTSUB""]",SUCCESS,9,107,58,34,49,45.794392523364486,long,complex,long_complex,0.8761875376514371,2098,1076,
p02606,s840635731,809,3684,clean_src/p02606/s840635731.c,obfuscated_bin/p02606/s840635731_fla_bcf_instsub.elf,input_output/p02606/input.txt,input_output/p02606/output.txt,llvm-clang-14,O0,True,OLLVM_Heroims_NewPass,"[""BCF"", ""FLA"", ""INSTSUB""]",SUCCESS,13,121,24,5,11,9.090909090909092,long,simple,long_simple,0.7891355183982025,1489,64,
p02607,s980798420,2825,6861,clean_src/p02607/s980798420.c,obfuscated_bin/p02607/s980798420_fla_bcf_instsub.elf,input_output/p02607/input.txt,input_output/p02607/output.txt,llvm-clang-14,O0,True,OLLVM_Heroims_NewPass,"[""BCF"", ""FLA"", ""INSTSUB""]",SUCCESS,54,78,127,8,73,93.58974358974359,long,complex,long_complex,0.7217124029699662,2489,1286,
p02608,s575397593,909,3979,clean_src/p02608/s575397593.c,obfuscated_bin/p02608/s575397593_fla_bcf_instsub.elf,input_output/p02608/input.txt,input_output/p02608/output.txt,llvm-clang-14,O0,True,OLLVM_Heroims_NewPass,"[""BCF"", ""FLA"", ""INSTSUB""]",SUCCESS,16,117,31,6,15,12.82051282051282,long,simple,long_simple,0.6057071890160988,1640,147,
p02609,s894934172,569,1430,clean_src/p02609/s894934172.c,obfuscated_bin/p02609/s894934172_fla_bcf_instsub.elf,input_output/p02609/input.txt,input_output/p02609/output.txt,llvm-clang-14,O0,True,OLLVM_Heroims_NewPass,"[""BCF"", ""FLA"", ""INSTSUB""]",SUCCESS,7,46,22,8,15,32.608695652173914,short,complex,short_complex,0.574076080407474,999,986,
p02610,s487455940,1069,2418,clean_src/p02610/s487455940.c,obfuscated_bin/p02610/s487455940_fla_bcf_instsub.elf,input_output/p02610/input.txt,input_output/p02610/output.txt,llvm-clang-14,O0,True,OLLVM_Heroims_NewPass,"[""BCF"", ""FLA"", ""INSTSUB""]",SUCCESS,5,152,40,14,35,23.026315789473685,long,simple,long_simple,0.6794135830617297,1796,567,
p02611,s046195498,1016,2106,clean_src/p02611/s046195498.c,obfuscated_bin/p02611/s046195498_fla_bcf_instsub.elf,input_output/p02611/input.txt,input_output/p02611/output.txt,llvm-clang-14,O0,True,OLLVM_Heroims_NewPass,"[""BCF"", ""FLA"", ""INSTSUB""]",SUCCESS,3,74,29,15,26,35.13513513513514,long,complex,long_complex,0.949038504394126,1753,870,
p02612,s246655550,801,3689,clean_src/p02612/s246655550.c,obfuscated_bin/p02612/s246655550_fla_bcf_instsub.elf,input_output/p02612/input.txt,input_output/p02612/output.txt,llvm-clang-14,O0,True,OLLVM_Heroims_NewPass,"[""BCF"", ""FLA"", ""INSTSUB""]",SUCCESS,13,122,25,5,12,9.836065573770492,long,simple,long_simple,0.9849605544942039,1481,75,
p02613,s734900019,759,2982,clean_src/p02613/s734900019.c,obfuscated_bin/p02613/s734900019_fla_bcf_instsub.elf,input_output/p02613/input.txt,input_output/p02613/output.txt,llvm-clang-14,O0,True,OLLVM_Heroims_NewPass,"[""BCF"", ""FLA"", ""INSTSUB""]",SUCCESS,13,96,24,6,11,11.458333333333332,long,simple,long_simple,0.963170541322232,1410,105,
p02614,s137416609,1068,2617,clean_src/p02614/s137416609.c,obfuscated_bin/p02614/s137416609_fla_bcf_instsub.elf,input_output/p02614/input.txt,input_output/p02614/output.txt,llvm-clang-14,O0,True,OLLVM_Heroims_NewPass,"[""BCF"", ""FLA"", ""INSTSUB""]",SUCCESS,1,141,45,45,44,31.20567375886525,long,complex,long_complex,0.9107169603678938,1795,780,
p02615,s770628400,3269,13381,clean_src/p02615/s770628400.c,obfuscated_bin/p02615/s770628400_fla_bcf_instsub.elf,input_output/p02615/input.txt,input_output/p02615/output.txt,llvm-clang-14,O0,True,OLLVM_Heroims_NewPass,"[""BCF"", ""FLA"", ""INSTSUB""]",SUCCESS,39,434,107,10,68,15.668202764976957,long,simple,long_simple,0.6697539308176084,2544,269,
p02616,s385599262,702,2286,clean_src/p02616/s385599262.c,obfuscated_bin/p02616/s385599262_fla_bcf_instsub.elf,input_output/p02616/input.txt,input_output/p02616/output.txt,llvm-clang-14,O0,True,OLLVM_Heroims_NewPass,"[""BCF"", ""FLA"", ""INSTSUB""]",SUCCESS,3,117,21,15,18,15.384615384615385,long,simple,long_simple,0.5676730885630725,1310,252,
p02617,s837559716,411,1299,clean_src/p02617/s837559716.c,obfuscated_bin/p02617/s837559716_fla_bcf_instsub.elf,input_output/p02617/input.txt,input_output/p02617/output.txt,llvm-clang-14,O0,True,OLLVM_Heroims_NewPass,"[""BCF"", ""FLA"", ""INSTSUB""]",SUCCESS,4,28,24,8,20,71.42857142857143,short,complex,short_complex,0.7747460967492427,587,1289,
p02619,s794131053,3392,13626,clean_src/p02619/s794131053.c,obfuscated_bin/p02619/s794131053_fla_bcf_instsub.elf,input_output/p02619/input.txt,input_output/p02619/output.txt,llvm-clang-14,O0,True,OLLVM_Heroims_NewPass,"[""BCF"", ""FLA"", ""INSTSUB""]",SUCCESS,39,439,109,10,70,15.945330296127564,long,simple,long_simple,0.9085126459040762,2557,298,
p02620,s211808661,557,1093,clean_src/p02620/s211808661.c,obfuscated_bin/p02620/s211808661_fla_bcf_instsub.elf,input_output/p02620/input.txt,input_output/p02620/output.txt,llvm-clang-14,O0,True,OLLVM_Heroims_NewPass,"[""BCF"", ""FLA"", ""INSTSUB""]",SUCCESS,1,63,12,12,11,17.46031746031746,short,simple,short_simple,0.8791951818812299,973,323,
p02621,s956224700,2676,6683,clean_src/p02621/s956224700.c,obfuscated_bin/p02621/s956224700_fla_bcf_instsub.elf,input_output/p02621/input.txt,input_output/p02621/output.txt,llvm-clang-14,O0,True,OLLVM_Heroims_NewPass,"[""BCF"", ""FLA"", ""INSTSUB""]",SUCCESS,51,68,116,8,65,95.58823529411765,long,complex,long_complex,0.6515017897655909,2456,1289,
p02622,s201386178,1120,2481,clean_src/p02622/s201386178.c,obfuscated_bin/p02622/s201386178_fla_bcf_instsub.elf,input_output/p02622/input.txt,input_output/p02622/output.txt,llvm-clang-14,O0,True,OLLVM_Heroims_NewPass,"[""BCF"", ""FLA"", ""INSTSUB""]",SUCCESS,5,37,40,17,35,94.5945945945946,long,complex,long_complex,0.9934399502436465,1842,1287,
p02623,s921175685,980,4156,clean_src/p02623/s921175685.c,obfuscated_bin/p02623/s921175685_fla_bcf_instsub.elf,input_output/p02623/input.txt,input_output/p02623/output.txt,llvm-clang-14,O0,True,OLLVM_Heroims_NewPass,"[""BCF"", ""FLA"", ""INSTSUB""]",SUCCESS,13,140,30,7,17,12.142857142857142,long,simple,long_simple,0.8046731811379025,1722,123,
p02624,s105190428,2728,7460,clean_src/p02624/s105190428.c,obfuscated_bin/p02624/s105190428_fla_bcf_instsub.elf,input_output/p02624/input.txt,input_output/p02624/output.txt,llvm-clang-14,O0,True,OLLVM_Heroims_NewPass,"[""BCF"", ""FLA"", ""INSTSUB""]",SUCCESS,51,78,116,8,65,83.33333333333334,long,complex,long_complex,0.9985652545312018,2463,1276,
p02625,s790953547,365,910,clean_src/p02625/s790953547.c,obfuscated_bin/p02625/s790953547_fla_bcf_instsub.elf,input_output/p02625/input.txt,input_output/p02625/output.txt,llvm-clang-14,O0,True,OLLVM_Heroims_NewPass,"[""BCF"", ""FLA"", ""INSTSUB""]",SUCCESS,4,35,12,4,8,22.857142857142858,short,simple,short_simple,0.9716090924472718,420,572,
p02626,s284371245,1692,3674,clean_src/p02626/s284371245.c,obfuscated_bin/p02626/s284371245_fla_bcf_instsub.elf,input_output/p02626/input.txt,input_output/p02626/output.txt,llvm-clang-14,O0,True,OLLVM_Heroims_NewPass,"[""BCF"", ""FLA"", ""INSTSUB""]",SUCCESS,6,100,63,20,57,56.99999999999999,long,complex,long_complex,0.7811563035800609,2155,1186,
p02627,s593571336,2496,6374,clean_src/p02627/s593571336.c,obfuscated_bin/p02627/s593571336_fla_bcf_instsub.elf,input_output/p02627/input.txt,input_output/p02627/output.txt,llvm-clang-14,O0,True,OLLVM_Heroims_NewPass,"[""BCF"", ""FLA"", ""INSTSUB""]",SUCCESS,45,65,110,8,65,100.0,long,complex,long_complex,0.28614115540241414,2381,1294,
p02628,s576498306,2530,6386,clean_src/p02628/s576498306.c,obfuscated_bin/p02628/s576498306_fla_bcf_instsub.elf,input_output/p02628/input.txt,input_output/p02628/output.txt,llvm-clang-14,O0,True,OLLVM_Heroims_NewPass,"[""BCF"", ""FLA"", ""INSTSUB""]",SUCCESS,45,71,108,8,63,88.73239436619718,long,complex,long_complex,0.8318541322240909,2399,1283,
p02629,s675469986,2588,5523,clean_src/p02629/s675469986.c,obfuscated_bin/p02629/s675469986_fla_bcf_instsub.elf,input_output/p02629/input.txt,input_output/p02629/output.txt,llvm-clang-14,O0,True,OLLVM_Heroims_NewPass,"[""BCF"", ""FLA"", ""INSTSUB""]",SUCCESS,52,139,107,4,55,39.568345323741006,long,complex,long_complex,0.8851476025801898,2426,945,
p02630,s944111136,968,3959,clean_src/p02630/s944111136.c,obfuscated_bin/p02630/s944111136_fla_bcf_instsub.elf,input_output/p02630/input.txt,input_output/p02630/output.txt,llvm-clang-14,O0,True,OLLVM_Heroims_NewPass,"[""BCF"", ""FLA"", ""INSTSUB""]",SUCCESS,13,142,24,5,11,7.746478873239436,long,simple,long_simple,0.9340649559310363,1705,51,
p02631,s131408214,668,2134,clean_src/p02631/s131408214.c,obfuscated_bin/p02631/s131408214_fla_bcf_instsub.elf,input_output/p02631/input.txt,input_output/p02631/output.txt,llvm-clang-14,O0,True,OLLVM_Heroims_NewPass,"[""BCF"", ""FLA"", ""INSTSUB""]",SUCCESS,13,99,31,5,18,18.181818181818183,short,simple,short_simple,0.29198855299229065,1232,353,
p02632,s506684257,2845,6211,clean_src/p02632/s506684257.c,obfuscated_bin/p02632/s506684257_fla_bcf_instsub.elf,input_output/p02632/input.txt,input_output/p02632/output.txt,llvm-clang-14,O0,True,OLLVM_Heroims_NewPass,"[""BCF"", ""FLA"", ""INSTSUB""]",SUCCESS,56,168,115,4,59,35.11904761904761,long,complex,long_complex,0.7481005349791994,2493,869,
p02633,s706180112,2489,5311,clean_src/p02633/s706180112.c,obfuscated_bin/p02633/s706180112_fla_bcf_instsub.elf,input_output/p02633/input.txt,input_output/p02633/output.txt,llvm-clang-14,O0,True,OLLVM_Heroims_NewPass,"[""BCF"", ""FLA"", ""INSTSUB""]",SUCCESS,52,124,104,4,52,41.935483870967744,long,complex,long_complex,0.8214554186323286,2375,992,
p02634,s210639171,6102,6456,clean_src/p02634/s210639171.c,obfuscated_bin/p02634/s210639171_fla_bcf_instsub.elf,input_output/p02634/input.txt,input_output/p02634/output.txt,llvm-clang-14,O0,True,OLLVM_Heroims_NewPass,"[""BCF"", ""FLA"", ""INSTSUB""]",SUCCESS,1,14,5,5,4,28.57142857142857,long,complex,long_complex,0.8141420920890119,2596,711,
p02635,s459720673,2855,6041,clean_src/p02635/s459720673.c,obfuscated_bin/p02635/s459720673_fla_bcf_instsub.elf,input_output/p02635/input.txt,input_output/p02635/output.txt,llvm-clang-14,O0,True,OLLVM_Heroims_NewPass,"[""BCF"", ""FLA"", ""INSTSUB""]",SUCCESS,52,154,116,13,64,41.55844155844156,long,complex,long_complex,0.49891926330815317,2498,979,
p02639,s271996254,3187,13117,clean_src/p02639/s271996254.c,obfuscated_bin/p02639/s271996254_fla_bcf_instsub.elf,input_output/p02639/input.txt,input_output/p02639/output.txt,llvm-clang-14,O0,True,OLLVM_Heroims_NewPass,"[""BCF"", ""FLA"", ""INSTSUB""]",SUCCESS,39,424,106,10,67,15.80188679245283,long,simple,long_simple,0.8056530434102214,2532,285,
p02640,s810484076,787,3491,clean_src/p02640/s810484076.c,obfuscated_bin/p02640/s810484076_fla_bcf_instsub.elf,input_output/p02640/input.txt,input_output/p02640/output.txt,llvm-clang-14,O0,True,OLLVM_Heroims_NewPass,"[""BCF"", ""FLA"", ""INSTSUB""]",SUCCESS,12,122,25,5,13,10.655737704918032,long,simple,long_simple,0.7981418731406419,1461,87,
p02641,s076065159,3355,13898,clean_src/p02641/s076065159.c,obfuscated_bin/p02641/s076065159_fla_bcf_instsub.elf,input_output/p02641/input.txt,input_output/p02641/output.txt,llvm-clang-14,O0,True,OLLVM_Heroims_NewPass,"[""BCF"", ""FLA"", ""INSTSUB""]",SUCCESS,39,453,113,10,74,16.335540838852097,long,simple,long_simple,0.9633309535335252,2553,329,
p02642,s101104221,866,3687,clean_src/p02642/s101104221.c,obfuscated_bin/p02642/s101104221_fla_bcf_instsub.elf,input_output/p02642/input.txt,input_output/p02642/output.txt,llvm-clang-14,O0,True,OLLVM_Heroims_NewPass,"[""BCF"", ""FLA"", ""INSTSUB""]",SUCCESS,12,131,26,5,14,10.687022900763358,long,simple,long_simple,0.9609245495956245,1573,89,
p02644,s166674484,1007,2289,clean_src/p02644/s166674484.c,obfuscated_bin/p02644/s166674484_fla_bcf_instsub.elf,input_output/p02644/input.txt,input_output/p02644/output.txt,llvm-clang-14,O0,True,OLLVM_Heroims_NewPass,"[""BCF"", ""FLA"", ""INSTSUB""]",SUCCESS,4,58,49,28,45,77.58620689655173,long,complex,long_complex,0.669676777401531,1747,1263,
p02645,s121030776,313,1106,clean_src/p02645/s121030776.c,obfuscated_bin/p02645/s121030776_fla_bcf_instsub.elf,input_output/p02645/input.txt,input_output/p02645/output.txt,llvm-clang-14,O0,True,OLLVM_Heroims_NewPass,"[""BCF"", ""FLA"", ""INSTSUB""]",SUCCESS,4,20,22,8,18,90.0,short,complex,short_complex,0.9430511266458406,243,1294,
p02646,s711630232,3213,13146,clean_src/p02646/s711630232.c,obfuscated_bin/p02646/s711630232_fla_bcf_instsub.elf,input_output/p02646/input.txt,input_output/p02646/output.txt,llvm-clang-14,O0,True,OLLVM_Heroims_NewPass,"[""BCF"", ""FLA"", ""INSTSUB""]",SUCCESS,39,425,106,10,67,15.764705882352942,long,simple,long_simple,0.9702000629881697,2536,281,
p02647,s454850633,1365,3725,clean_src/p02647/s454850633.c,obfuscated_bin/p02647/s454850633_fla_bcf_instsub.elf,input_output/p02647/input.txt,input_output/p02647/output.txt,llvm-clang-14,O0,True,OLLVM_Heroims_NewPass,"[""BCF"", ""FLA"", ""INSTSUB""]",SUCCESS,9,124,44,12,35,28.225806451612907,long,complex,long_complex,0.9946248825357668,2005,706,
p02648,s032142840,859,2627,clean_src/p02648/s032142840.c,obfuscated_bin/p02648/s032142840_fla_bcf_instsub.elf,input_output/p02648/input.txt,input_output/p02648/output.txt,llvm-clang-14,O0,True,OLLVM_Heroims_NewPass,"[""BCF"", ""FLA"", ""INSTSUB""]",SUCCESS,5,104,21,7,16,15.384615384615385,long,simple,long_simple,0.9212716264997576,1568,249,
p02649,s653383049,542,1172,clean_src/p02649/s653383049.c,obfuscated_bin/p02649/s653383049_fla_bcf_instsub.elf,input_output/p02649/input.txt,input_output/p02649/output.txt,llvm-clang-14,O0,True,OLLVM_Heroims_NewPass,"[""BCF"", ""FLA"", ""INSTSUB""]",SUCCESS,1,46,20,20,19,41.30434782608695,short,complex,short_complex,0.8614462996380355,933,1168,
p02650,s396437856,1374,2829,clean_src/p02650/s396437856.c,obfuscated_bin/p02650/s396437856_fla_bcf_instsub.elf,input_output/p02650/input.txt,input_output/p02650/output.txt,llvm-clang-14,O0,True,OLLVM_Heroims_NewPass,"[""BCF"", ""FLA"", ""INSTSUB""]",SUCCESS,3,108,45,41,42,38.88888888888889,long,complex,long_complex,0.6488254669061474,2010,936,
p02651,s210414462,316,684,clean_src/p02651/s210414462.c,obfuscated_bin/p02651/s210414462_fla_bcf_instsub.elf,input_output/p02651/input.txt,input_output/p02651/output.txt,llvm-clang-14,O0,True,OLLVM_Heroims_NewPass,"[""BCF"", ""FLA"", ""INSTSUB""]",SUCCESS,1,27,12,12,11,40.74074074074074,short,complex,short_complex,0.8300379175147512,250,1155,
p02653,s034010017,2421,5342,clean_src/p02653/s034010017.c,obfuscated_bin/p02653/s034010017_fla_bcf_instsub.elf,input_output/p02653/input.txt,input_output/p02653/output.txt,llvm-clang-14,O0,True,OLLVM_Heroims_NewPass,"[""BCF"", ""FLA"", ""INSTSUB""]",SUCCESS,48,117,102,15,54,46.15384615384615,long,complex,long_complex,0.35085611022198215,2357,1086,
p02657,s941235471,1597,4138,clean_src/p02657/s941235471.c,obfuscated_bin/p02657/s941235471_fla_bcf_instsub.elf,input_output/p02657/input.txt,input_output/p02657/output.txt,llvm-clang-14,O0,True,OLLVM_Heroims_NewPass,"[""BCF"", ""FLA"", ""INSTSUB""]",SUCCESS,37,53,78,6,41,77.35849056603774,long,complex,long_complex,0.8894142118115635,2107,1262,
p02658,s312689286,2578,5530,clean_src/p02658/s312689286.c,obfuscated_bin/p02658/s312689286_fla_bcf_instsub.elf,input_output/p02658/input.txt,input_output/p02658/output.txt,llvm-clang-14,O0,True,OLLVM_Heroims_NewPass,"[""BCF"", ""FLA"", ""INSTSUB""]",SUCCESS,52,133,109,6,57,42.857142857142854,long,complex,long_complex,0.8727989010817724,2423,1014,
p02659,s791247929,620,2633,clean_src/p02659/s791247929.c,obfuscated_bin/p02659/s791247929_fla_bcf_instsub.elf,input_output/p02659/input.txt,input_output/p02659/output.txt,llvm-clang-14,O0,True,OLLVM_Heroims_NewPass,"[""BCF"", ""FLA"", ""INSTSUB""]",SUCCESS,10,90,16,2,6,6.666666666666667,short,simple,short_simple,0.507995171366579,1124,15,
p02660,s871348245,3359,13956,clean_src/p02660/s871348245.c,obfuscated_bin/p02660/s871348245_fla_bcf_instsub.elf,input_output/p02660/input.txt,input_output/p02660/output.txt,llvm-clang-14,O0,True,OLLVM_Heroims_NewPass,"[""BCF"", ""FLA"", ""INSTSUB""]",SUCCESS,39,457,113,10,74,16.192560175054705,long,simple,long_simple,0.9635338809554642,2554,323,
p02661,s523943700,3314,13425,clean_src/p02661/s523943700.c,obfuscated_bin/p02661/s523943700_fla_bcf_instsub.elf,input_output/p02661/input.txt,input_output/p02661/output.txt,llvm-clang-14,O0,True,OLLVM_Heroims_NewPass,"[""BCF"", ""FLA"", ""INSTSUB""]",SUCCESS,39,432,106,10,67,15.50925925925926,long,simple,long_simple,0.7467031764838723,2549,257,
p02662,s141786228,2713,5820,clean_src/p02662/s141786228.c,obfuscated_bin/p02662/s141786228_fla_bcf_instsub.elf,input_output/p02662/input.txt,input_output/p02662/output.txt,llvm-clang-14,O0,True,OLLVM_Heroims_NewPass,"[""BCF"", ""FLA"", ""INSTSUB""]",SUCCESS,54,149,112,5,58,38.92617449664429,long,complex,long_complex,0.9770905141787571,2461,937,
p02663,s341080381,2494,5325,clean_src/p02663/s341080381.c,obfuscated_bin/p02663/s341080381_fla_bcf_instsub.elf,input_output/p02663/input.txt,input_output/p02663/output.txt,llvm-clang-14,O0,True,OLLVM_Heroims_NewPass,"[""BCF"", ""FLA"", ""INSTSUB""]",SUCCESS,52,126,104,4,52,41.269841269841265,long,complex,long_complex,0.9015969657912083,2378,973,
p02665,s713360884,3584,14966,clean_src/p02665/s713360884.c,obfuscated_bin/p02665/s713360884_fla_bcf_instsub.elf,input_output/p02665/input.txt,input_output/p02665/output.txt,llvm-clang-14,O0,True,OLLVM_Heroims_NewPass,"[""BCF"", ""FLA"", ""INSTSUB""]",SUCCESS,39,478,117,14,78,16.317991631799163,long,simple,long_simple,0.7733162632343492,2562,328,
p02666,s997760184,824,1803,clean_src/p02666/s997760184.c,obfuscated_bin/p02666/s997760184_fla_bcf_instsub.elf,input_output/p02666/input.txt,input_output/p02666/output.txt,llvm-clang-14,O0,True,OLLVM_Heroims_NewPass,"[""BCF"", ""FLA"", ""INSTSUB""]",SUCCESS,1,69,17,17,16,23.18840579710145,long,simple,long_simple,0.8089457548632556,1514,576,
p02667,s964903151,417,1180,clean_src/p02667/s964903151.c,obfuscated_bin/p02667/s964903151_fla_bcf_instsub.elf,input_output/p02667/input.txt,input_output/p02667/output.txt,llvm-clang-14,O0,True,OLLVM_Heroims_NewPass,"[""BCF"", ""FLA"", ""INSTSUB""]",SUCCESS,6,36,20,9,14,38.88888888888889,short,complex,short_complex,0.6622608985622287,601,1134,
p02669,s029240693,578,1297,clean_src/p02669/s029240693.c,obfuscated_bin/p02669/s029240693_fla_bcf_instsub.elf,input_output/p02669/input.txt,input_output/p02669/output.txt,llvm-clang-14,O0,True,OLLVM_Heroims_NewPass,"[""BCF"", ""FLA"", ""INSTSUB""]",SUCCESS,6,65,20,6,14,21.53846153846154,short,simple,short_simple,0.5427430001302826,1029,512,
p02670,s955086267,532,1277,clean_src/p02670/s955086267.c,obfuscated_bin/p02670/s955086267_fla_bcf_instsub.elf,input_output/p02670/input.txt,input_output/p02670/output.txt,llvm-clang-14,O0,True,OLLVM_Heroims_NewPass,"[""BCF"", ""FLA"", ""INSTSUB""]",SUCCESS,3,56,13,7,10,17.857142857142858,short,simple,short_simple,0.9323776660220725,906,341,
p02675,s985525149,1247,4590,clean_src/p02675/s985525149.c,obfuscated_bin/p02675/s985525149_fla_bcf_instsub.elf,input_output/p02675/input.txt,input_output/p02675/output.txt,llvm-clang-14,O0,True,OLLVM_Heroims_NewPass,"[""BCF"", ""FLA"", ""INSTSUB""]",SUCCESS,27,174,44,6,17,9.770114942528735,long,simple,long_simple,0.7044176974291095,1938,71,
p02676,s205567923,2538,5412,clean_src/p02676/s205567923.c,obfuscated_bin/p02676/s205567923_fla_bcf_instsub.elf,input_output/p02676/input.txt,input_output/p02676/output.txt,llvm-clang-14,O0,True,OLLVM_Heroims_NewPass,"[""BCF"", ""FLA"", ""INSTSUB""]",SUCCESS,52,128,106,4,54,42.1875,long,complex,long_complex,0.9506266536353866,2406,1000,
p02678,s381475012,7482,26647,clean_src/p02678/s381475012.c,obfuscated_bin/p02678/s381475012_fla_bcf_instsub.elf,input_output/p02678/input.txt,input_output/p02678/output.txt,llvm-clang-14,O0,True,OLLVM_Heroims_NewPass,"[""BCF"", ""FLA"", ""INSTSUB""]",SUCCESS,107,553,275,24,168,30.37974683544304,long,complex,long_complex,0.87359053027065,2601,766,
p02679,s085643448,1021,3205,clean_src/p02679/s085643448.c,obfuscated_bin/p02679/s085643448_fla_bcf_instsub.elf,input_output/p02679/input.txt,input_output/p02679/output.txt,llvm-clang-14,O0,True,OLLVM_Heroims_NewPass,"[""BCF"", ""FLA"", ""INSTSUB""]",SUCCESS,7,88,40,20,33,37.5,long,complex,long_complex,0.7184765089809915,1762,916,
p02680,s614956205,1589,3819,clean_src/p02680/s614956205.c,obfuscated_bin/p02680/s614956205_fla_bcf_instsub.elf,input_output/p02680/input.txt,input_output/p02680/output.txt,llvm-clang-14,O0,True,OLLVM_Heroims_NewPass,"[""BCF"", ""FLA"", ""INSTSUB""]",SUCCESS,7,156,54,34,47,30.128205128205128,long,complex,long_complex,0.8886927800891922,2106,759,
p02681,s396600080,1274,4675,clean_src/p02681/s396600080.c,obfuscated_bin/p02681/s396600080_fla_bcf_instsub.elf,input_output/p02681/input.txt,input_output/p02681/output.txt,llvm-clang-14,O0,True,OLLVM_Heroims_NewPass,"[""BCF"", ""FLA"", ""INSTSUB""]",SUCCESS,27,180,42,4,15,8.333333333333332,long,simple,long_simple,0.857884861424111,1957,56,
p02682,s513356454,2535,5372,clean_src/p02682/s513356454.c,obfuscated_bin/p02682/s513356454_fla_bcf_instsub.elf,input_output/p02682/input.txt,input_output/p02682/output.txt,llvm-clang-14,O0,True,OLLVM_Heroims_NewPass,"[""BCF"", ""FLA"", ""INSTSUB""]",SUCCESS,52,127,104,4,52,40.94488188976378,long,complex,long_complex,0.4924381885597475,2402,969,
p02683,s051478135,1967,5105,clean_src/p02683/s051478135.c,obfuscated_bin/p02683/s051478135_fla_bcf_instsub.elf,input_output/p02683/input.txt,input_output/p02683/output.txt,llvm-clang-14,O0,True,OLLVM_Heroims_NewPass,"[""BCF"", ""FLA"", ""INSTSUB""]",SUCCESS,42,86,90,6,48,55.81395348837209,long,complex,long_complex,0.8248191488341797,2234,1179,
p02684,s341631183,661,2121,clean_src/p02684/s341631183.c,obfuscated_bin/p02684/s341631183_fla_bcf_instsub.elf,input_output/p02684/input.txt,input_output/p02684/output.txt,llvm-clang-14,O0,True,OLLVM_Heroims_NewPass,"[""BCF"", ""FLA"", ""INSTSUB""]",SUCCESS,10,63,24,5,14,22.22222222222222,short,simple,short_simple,0.8695825526903346,1219,542,
p02685,s880065221,2853,6240,clean_src/p02685/s880065221.c,obfuscated_bin/p02685/s880065221_fla_bcf_instsub.elf,input_output/p02685/input.txt,input_output/p02685/output.txt,llvm-clang-14,O0,True,OLLVM_Heroims_NewPass,"[""BCF"", ""FLA"", ""INSTSUB""]",SUCCESS,57,169,116,4,59,34.9112426035503,long,complex,long_complex,0.7603680811552691,2497,862,
p02686,s723811752,556,1146,clean_src/p02686/s723811752.c,obfuscated_bin/p02686/s723811752_fla_bcf_instsub.elf,input_output/p02686/input.txt,input_output/p02686/output.txt,llvm-clang-14,O0,True,OLLVM_Heroims_NewPass,"[""BCF"", ""FLA"", ""INSTSUB""]",SUCCESS,4,64,23,14,19,29.6875,short,complex,short_complex,0.9288509377798186,968,888,
p02687,s926611711,886,2649,clean_src/p02687/s926611711.c,obfuscated_bin/p02687/s926611711_fla_bcf_instsub.elf,input_output/p02687/input.txt,input_output/p02687/output.txt,llvm-clang-14,O0,True,OLLVM_Heroims_NewPass,"[""BCF"", ""FLA"", ""INSTSUB""]",SUCCESS,26,44,44,4,18,40.909090909090914,long,complex,long_complex,0.6153568980350597,1612,967,
p02688,s837589104,1286,4646,clean_src/p02688/s837589104.c,obfuscated_bin/p02688/s837589104_fla_bcf_instsub.elf,input_output/p02688/input.txt,input_output/p02688/output.txt,llvm-clang-14,O0,True,OLLVM_Heroims_NewPass,"[""BCF"", ""FLA"", ""INSTSUB""]",SUCCESS,27,179,40,4,13,7.262569832402235,long,simple,long_simple,0.575936499869837,1964,41,
p02689,s205279999,2615,5518,clean_src/p02689/s205279999.c,obfuscated_bin/p02689/s205279999_fla_bcf_instsub.elf,input_output/p02689/input.txt,input_output/p02689/output.txt,llvm-clang-14,O0,True,OLLVM_Heroims_NewPass,"[""BCF"", ""FLA"", ""INSTSUB""]",SUCCESS,52,134,108,5,56,41.7910447761194,long,complex,long_complex,0.9968537642841192,2436,985,
p02690,s144340154,687,1588,clean_src/p02690/s144340154.c,obfuscated_bin/p02690/s144340154_fla_bcf_instsub.elf,input_output/p02690/input.txt,input_output/p02690/output.txt,llvm-clang-14,O0,True,OLLVM_Heroims_NewPass,"[""BCF"", ""FLA"", ""INSTSUB""]",SUCCESS,2,61,22,17,20,32.78688524590164,short,complex,short_complex,0.33044013339441325,1280,989,
p02691,s291723134,1550,4061,clean_src/p02691/s291723134.c,obfuscated_bin/p02691/s291723134_fla_bcf_instsub.elf,input_output/p02691/input.txt,input_output/p02691/output.txt,llvm-clang-14,O0,True,OLLVM_Heroims_NewPass,"[""BCF"", ""FLA"", ""INSTSUB""]",SUCCESS,33,63,75,6,42,66.66666666666666,long,complex,long_complex,0.8888130598460613,2093,1222,
p02692,s024890319,1008,3284,clean_src/p02692/s024890319.c,obfuscated_bin/p02692/s024890319_fla_bcf_instsub.elf,input_output/p02692/input.txt,input_output/p02692/output.txt,llvm-clang-14,O0,True,OLLVM_Heroims_NewPass,"[""BCF"", ""FLA"", ""INSTSUB""]",SUCCESS,10,131,38,21,28,21.374045801526716,long,simple,long_simple,0.8187394025019352,1749,536,
p02693,s557592901,2516,5364,clean_src/p02693/s557592901.c,obfuscated_bin/p02693/s557592901_fla_bcf_instsub.elf,input_output/p02693/input.txt,input_output/p02693/output.txt,llvm-clang-14,O0,True,OLLVM_Heroims_NewPass,"[""BCF"", ""FLA"", ""INSTSUB""]",SUCCESS,52,127,106,4,54,42.51968503937008,long,complex,long_complex,0.7220465562117974,2389,1006,
p02694,s943886394,7580,43132,clean_src/p02694/s943886394.c,obfuscated_bin/p02694/s943886394_fla_bcf_instsub.elf,input_output/p02694/input.txt,input_output/p02694/output.txt,llvm-clang-14,O0,True,OLLVM_Heroims_NewPass,"[""BCF"", ""FLA"", ""INSTSUB""]",SUCCESS,1,12,2,2,1,8.333333333333332,long,simple,long_simple,0.8811977136981051,2602,55,
p02695,s076438968,4613,14603,clean_src/p02695/s076438968.c,obfuscated_bin/p02695/s076438968_fla_bcf_instsub.elf,input_output/p02695/input.txt,input_output/p02695/output.txt,llvm-clang-14,O0,True,OLLVM_Heroims_NewPass,"[""BCF"", ""FLA"", ""INSTSUB""]",SUCCESS,72,260,193,24,121,46.53846153846154,long,complex,long_complex,0.9679995416996403,2577,1092,
p02696,s836915399,2495,5330,clean_src/p02696/s836915399.c,obfuscated_bin/p02696/s836915399_fla_bcf_instsub.elf,input_output/p02696/input.txt,input_output/p02696/output.txt,llvm-clang-14,O0,True,OLLVM_Heroims_NewPass,"[""BCF"", ""FLA"", ""INSTSUB""]",SUCCESS,52,125,104,4,52,41.6,long,complex,long_complex,0.5789931920693756,2380,981,
p02697,s163741115,669,1991,clean_src/p02697/s163741115.c,obfuscated_bin/p02697/s163741115_fla_bcf_instsub.elf,input_output/p02697/input.txt,input_output/p02697/output.txt,llvm-clang-14,O0,True,OLLVM_Heroims_NewPass,"[""BCF"", ""FLA"", ""INSTSUB""]",SUCCESS,11,52,23,5,12,23.076923076923077,short,simple,short_simple,0.8887230990140298,1233,580,
p02698,s974383541,699,1922,clean_src/p02698/s974383541.c,obfuscated_bin/p02698/s974383541_fla_bcf_instsub.elf,input_output/p02698/input.txt,input_output/p02698/output.txt,llvm-clang-14,O0,True,OLLVM_Heroims_NewPass,"[""BCF"", ""FLA"", ""INSTSUB""]",SUCCESS,7,75,28,8,21,28.000000000000004,short,complex,short_complex,0.5493320798667763,1299,807,
p02699,s308741383,796,2189,clean_src/p02699/s308741383.c,obfuscated_bin/p02699/s308741383_fla_bcf_instsub.elf,input_output/p02699/input.txt,input_output/p02699/output.txt,llvm-clang-14,O0,True,OLLVM_Heroims_NewPass,"[""BCF"", ""FLA"", ""INSTSUB""]",SUCCESS,23,41,41,4,18,43.90243902439025,long,complex,long_complex,0.7666463530874076,1469,1043,
p02700,s950165933,2419,10859,clean_src/p02700/s950165933.c,obfuscated_bin/p02700/s950165933_fla_bcf_instsub.elf,input_output/p02700/input.txt,input_output/p02700/output.txt,llvm-clang-14,O0,True,OLLVM_Heroims_NewPass,"[""BCF"", ""FLA"", ""INSTSUB""]",SUCCESS,35,313,89,8,54,17.252396166134183,long,simple,long_simple,0.6805085352540297,2356,392,
p02701,s911870629,3333,13666,clean_src/p02701/s911870629.c,obfuscated_bin/p02701/s911870629_fla_bcf_instsub.elf,input_output/p02701/input.txt,input_output/p02701/output.txt,llvm-clang-14,O0,True,OLLVM_Heroims_NewPass,"[""BCF"", ""FLA"", ""INSTSUB""]",SUCCESS,39,442,109,10,70,15.837104072398189,long,simple,long_simple,0.952909870274985,2552,288,
p02702,s432369527,2372,5058,clean_src/p02702/s432369527.c,obfuscated_bin/p02702/s432369527_fla_bcf_instsub.elf,input_output/p02702/input.txt,input_output/p02702/output.txt,llvm-clang-14,O0,True,OLLVM_Heroims_NewPass,"[""BCF"", ""FLA"", ""INSTSUB""]",SUCCESS,50,115,99,4,49,42.608695652173914,long,complex,long_complex,0.883721450093465,2344,1009,
p02703,s108554573,1419,7718,clean_src/p02703/s108554573.c,obfuscated_bin/p02703/s108554573_fla_bcf_instsub.elf,input_output/p02703/input.txt,input_output/p02703/output.txt,llvm-clang-14,O0,True,OLLVM_Heroims_NewPass,"[""BCF"", ""FLA"", ""INSTSUB""]",SUCCESS,11,279,47,7,36,12.903225806451612,long,simple,long_simple,0.7041622632522667,2045,151,
p02704,s595661187,3279,7398,clean_src/p02704/s595661187.c,obfuscated_bin/p02704/s595661187_fla_bcf_instsub.elf,input_output/p02704/input.txt,input_output/p02704/output.txt,llvm-clang-14,O0,True,OLLVM_Heroims_NewPass,"[""BCF"", ""FLA"", ""INSTSUB""]",SUCCESS,47,194,155,69,108,55.670103092783506,long,complex,long_complex,0.8135127592012258,2546,1178,
p02706,s002661266,2662,11552,clean_src/p02706/s002661266.c,obfuscated_bin/p02706/s002661266_fla_bcf_instsub.elf,input_output/p02706/input.txt,input_output/p02706/output.txt,llvm-clang-14,O0,True,OLLVM_Heroims_NewPass,"[""BCF"", ""FLA"", ""INSTSUB""]",SUCCESS,38,366,97,10,59,16.120218579234972,long,simple,long_simple,0.8860699434131191,2452,315,
p02707,s390818508,1258,4569,clean_src/p02707/s390818508.c,obfuscated_bin/p02707/s390818508_fla_bcf_instsub.elf,input_output/p02707/input.txt,input_output/p02707/output.txt,llvm-clang-14,O0,True,OLLVM_Heroims_NewPass,"[""BCF"", ""FLA"", ""INSTSUB""]",SUCCESS,27,176,40,4,13,7.386363636363637,long,simple,long_simple,0.6581064268946547,1945,45,
p02708,s509344949,718,2173,clean_src/p02708/s509344949.c,obfuscated_bin/p02708/s509344949_fla_bcf_instsub.elf,input_output/p02708/input.txt,input_output/p02708/output.txt,llvm-clang-14,O0,True,OLLVM_Heroims_NewPass,"[""BCF"", ""FLA"", ""INSTSUB""]",SUCCESS,14,72,25,3,11,15.277777777777779,long,simple,long_simple,0.7478899556067022,1338,242,
p02709,s368137633,716,3601,clean_src/p02709/s368137633.c,obfuscated_bin/p02709/s368137633_fla_bcf_instsub.elf,input_output/p02709/input.txt,input_output/p02709/output.txt,llvm-clang-14,O0,True,OLLVM_Heroims_NewPass,"[""BCF"", ""FLA"", ""INSTSUB""]",SUCCESS,6,135,23,7,17,12.592592592592592,long,simple,long_simple,0.9566869209964535,1335,140,
p02710,s607911150,526,1122,clean_src/p02710/s607911150.c,obfuscated_bin/p02710/s607911150_fla_bcf_instsub.elf,input_output/p02710/input.txt,input_output/p02710/output.txt,llvm-clang-14,O0,True,OLLVM_Heroims_NewPass,"[""BCF"", ""FLA"", ""INSTSUB""]",SUCCESS,2,52,9,5,7,13.461538461538462,short,simple,short_simple,0.2254766375685502,887,157,
p02711,s028033959,2625,11456,clean_src/p02711/s028033959.c,obfuscated_bin/p02711/s028033959_fla_bcf_instsub.elf,input_output/p02711/input.txt,input_output/p02711/output.txt,llvm-clang-14,O0,True,OLLVM_Heroims_NewPass,"[""BCF"", ""FLA"", ""INSTSUB""]",SUCCESS,38,362,97,10,59,16.298342541436465,long,simple,long_simple,0.9281786105694132,2441,327,
p02712,s813544048,1018,2796,clean_src/p02712/s813544048.c,obfuscated_bin/p02712/s813544048_fla_bcf_instsub.elf,input_output/p02712/input.txt,input_output/p02712/output.txt,llvm-clang-14,O0,True,OLLVM_Heroims_NewPass,"[""BCF"", ""FLA"", ""INSTSUB""]",SUCCESS,17,32,60,8,43,134.375,long,complex,long_complex,0.7691091193387395,1758,1298,
p02713,s566739509,2665,11567,clean_src/p02713/s566739509.c,obfuscated_bin/p02713/s566739509_fla_bcf_instsub.elf,input_output/p02713/input.txt,input_output/p02713/output.txt,llvm-clang-14,O0,True,OLLVM_Heroims_NewPass,"[""BCF"", ""FLA"", ""INSTSUB""]",SUCCESS,38,363,98,10,60,16.528925619834713,long,simple,long_simple,0.7462553223928221,2453,342,
p02714,s946126086,3068,13083,clean_src/p02714/s946126086.c,obfuscated_bin/p02714/s946126086_fla_bcf_instsub.elf,input_output/p02714/input.txt,input_output/p02714/output.txt,llvm-clang-14,O0,True,OLLVM_Heroims_NewPass,"[""BCF"", ""FLA"", ""INSTSUB""]",SUCCESS,39,414,115,18,76,18.357487922705314,long,simple,long_simple,0.9394645165258199,2525,440,
p02715,s099086290,2644,5648,clean_src/p02715/s099086290.c,obfuscated_bin/p02715/s099086290_fla_bcf_instsub.elf,input_output/p02715/input.txt,input_output/p02715/output.txt,llvm-clang-14,O0,True,OLLVM_Heroims_NewPass,"[""BCF"", ""FLA"", ""INSTSUB""]",SUCCESS,53,144,109,4,56,38.88888888888889,long,complex,long_complex,0.7473041193806547,2447,935,
p02716,s293754775,2946,7938,clean_src/p02716/s293754775.c,obfuscated_bin/p02716/s293754775_fla_bcf_instsub.elf,input_output/p02716/input.txt,input_output/p02716/output.txt,llvm-clang-14,O0,True,OLLVM_Heroims_NewPass,"[""BCF"", ""FLA"", ""INSTSUB""]",SUCCESS,51,86,119,8,68,79.06976744186046,long,complex,long_complex,0.20225166433844133,2509,1265,
p02717,s099886516,2620,11395,clean_src/p02717/s099886516.c,obfuscated_bin/p02717/s099886516_fla_bcf_instsub.elf,input_output/p02717/input.txt,input_output/p02717/output.txt,llvm-clang-14,O0,True,OLLVM_Heroims_NewPass,"[""BCF"", ""FLA"", ""INSTSUB""]",SUCCESS,38,355,95,10,57,16.056338028169016,long,simple,long_simple,0.9294646685920785,2439,308,
p02718,s386614203,1299,4659,clean_src/p02718/s386614203.c,obfuscated_bin/p02718/s386614203_fla_bcf_instsub.elf,input_output/p02718/input.txt,input_output/p02718/output.txt,llvm-clang-14,O0,True,OLLVM_Heroims_NewPass,"[""BCF"", ""FLA"", ""INSTSUB""]",SUCCESS,27,178,42,4,15,8.426966292134832,long,simple,long_simple,0.8958072262100268,1971,58,
p02719,s684434789,1265,4658,clean_src/p02719/s684434789.c,obfuscated_bin/p02719/s684434789_fla_bcf_instsub.elf,input_output/p02719/input.txt,input_output/p02719/output.txt,llvm-clang-14,O0,True,OLLVM_Heroims_NewPass,"[""BCF"", ""FLA"", ""INSTSUB""]",SUCCESS,27,182,42,4,15,8.241758241758241,long,simple,long_simple,0.9787999571240449,1951,54,
p02720,s026633268,854,2629,clean_src/p02720/s026633268.c,obfuscated_bin/p02720/s026633268_fla_bcf_instsub.elf,input_output/p02720/input.txt,input_output/p02720/output.txt,llvm-clang-14,O0,True,OLLVM_Heroims_NewPass,"[""BCF"", ""FLA"", ""INSTSUB""]",SUCCESS,21,63,42,6,21,33.33333333333333,long,complex,long_complex,0.8883808436004563,1555,826,
p02721,s422908504,1024,3163,clean_src/p02721/s422908504.c,obfuscated_bin/p02721/s422908504_fla_bcf_instsub.elf,input_output/p02721/input.txt,input_output/p02721/output.txt,llvm-clang-14,O0,True,OLLVM_Heroims_NewPass,"[""BCF"", ""FLA"", ""INSTSUB""]",SUCCESS,6,87,39,21,33,37.93103448275862,long,complex,long_complex,0.8567482144900871,1766,921,
p02722,s849449257,2616,5692,clean_src/p02722/s849449257.c,obfuscated_bin/p02722/s849449257_fla_bcf_instsub.elf,input_output/p02722/input.txt,input_output/p02722/output.txt,llvm-clang-14,O0,True,OLLVM_Heroims_NewPass,"[""BCF"", ""FLA"", ""INSTSUB""]",SUCCESS,53,136,112,6,59,43.38235294117647,long,complex,long_complex,0.6472245001955006,2437,1027,
p02723,s923294927,995,3088,clean_src/p02723/s923294927.c,obfuscated_bin/p02723/s923294927_fla_bcf_instsub.elf,input_output/p02723/input.txt,input_output/p02723/output.txt,llvm-clang-14,O0,True,OLLVM_Heroims_NewPass,"[""BCF"", ""FLA"", ""INSTSUB""]",SUCCESS,21,73,40,4,19,26.027397260273972,long,simple,long_simple,0.9658275668559311,1733,649,
p02724,s421255770,998,3144,clean_src/p02724/s421255770.c,obfuscated_bin/p02724/s421255770_fla_bcf_instsub.elf,input_output/p02724/input.txt,input_output/p02724/output.txt,llvm-clang-14,O0,True,OLLVM_Heroims_NewPass,"[""BCF"", ""FLA"", ""INSTSUB""]",SUCCESS,21,77,38,4,17,22.07792207792208,long,simple,long_simple,0.8974534781041589,1738,547,
p02725,s236963836,2561,5413,clean_src/p02725/s236963836.c,obfuscated_bin/p02725/s236963836_fla_bcf_instsub.elf,input_output/p02725/input.txt,input_output/p02725/output.txt,llvm-clang-14,O0,True,OLLVM_Heroims_NewPass,"[""BCF"", ""FLA"", ""INSTSUB""]",SUCCESS,52,129,106,4,54,41.86046511627907,long,complex,long_complex,0.9173261921677263,2417,988,
p02726,s545233089,2827,5988,clean_src/p02726/s545233089.c,obfuscated_bin/p02726/s545233089_fla_bcf_instsub.elf,input_output/p02726/input.txt,input_output/p02726/output.txt,llvm-clang-14,O0,True,OLLVM_Heroims_NewPass,"[""BCF"", ""FLA"", ""INSTSUB""]",SUCCESS,54,159,119,14,65,40.88050314465409,long,complex,long_complex,0.8843880745828128,2490,966,
p02727,s502673080,1659,3784,clean_src/p02727/s502673080.c,obfuscated_bin/p02727/s502673080_fla_bcf_instsub.elf,input_output/p02727/input.txt,input_output/p02727/output.txt,llvm-clang-14,O0,True,OLLVM_Heroims_NewPass,"[""BCF"", ""FLA"", ""INSTSUB""]",SUCCESS,14,75,67,15,53,70.66666666666667,long,complex,long_complex,0.8965583888181926,2138,1233,
p02728,s158444377,1191,4480,clean_src/p02728/s158444377.c,obfuscated_bin/p02728/s158444377_fla_bcf_instsub.elf,input_output/p02728/input.txt,input_output/p02728/output.txt,llvm-clang-14,O0,True,OLLVM_Heroims_NewPass,"[""BCF"", ""FLA"", ""INSTSUB""]",SUCCESS,12,144,31,5,19,13.194444444444445,long,simple,long_simple,0.8541931275565086,1899,161,
p02729,s964015826,1241,4536,clean_src/p02729/s964015826.c,obfuscated_bin/p02729/s964015826_fla_bcf_instsub.elf,input_output/p02729/input.txt,input_output/p02729/output.txt,llvm-clang-14,O0,True,OLLVM_Heroims_NewPass,"[""BCF"", ""FLA"", ""INSTSUB""]",SUCCESS,27,172,41,4,14,8.13953488372093,long,simple,long_simple,0.8592980383639136,1933,52,
p02730,s233342912,2635,5598,clean_src/p02730/s233342912.c,obfuscated_bin/p02730/s233342912_fla_bcf_instsub.elf,input_output/p02730/input.txt,input_output/p02730/output.txt,llvm-clang-14,O0,True,OLLVM_Heroims_NewPass,"[""BCF"", ""FLA"", ""INSTSUB""]",SUCCESS,53,136,110,4,57,41.911764705882355,long,complex,long_complex,0.8582652029762924,2444,990,
p02731,s956288605,855,2725,clean_src/p02731/s956288605.c,obfuscated_bin/p02731/s956288605_fla_bcf_instsub.elf,input_output/p02731/input.txt,input_output/p02731/output.txt,llvm-clang-14,O0,True,OLLVM_Heroims_NewPass,"[""BCF"", ""FLA"", ""INSTSUB""]",SUCCESS,19,80,35,4,16,20.0,long,simple,long_simple,0.766855183275957,1558,489,
p02732,s795968729,2798,11951,clean_src/p02732/s795968729.c,obfuscated_bin/p02732/s795968729_fla_bcf_instsub.elf,input_output/p02732/input.txt,input_output/p02732/output.txt,llvm-clang-14,O0,True,OLLVM_Heroims_NewPass,"[""BCF"", ""FLA"", ""INSTSUB""]",SUCCESS,38,379,102,10,64,16.886543535620053,long,simple,long_simple,0.7657902965952745,2481,364,
p02733,s196099815,5051,16044,clean_src/p02733/s196099815.c,obfuscated_bin/p02733/s196099815_fla_bcf_instsub.elf,input_output/p02733/input.txt,input_output/p02733/output.txt,llvm-clang-14,O0,True,OLLVM_Heroims_NewPass,"[""BCF"", ""FLA"", ""INSTSUB""]",SUCCESS,75,288,204,24,129,44.79166666666667,long,complex,long_complex,0.8948219471549925,2587,1056,
p02734,s418763905,433,1098,clean_src/p02734/s418763905.c,obfuscated_bin/p02734/s418763905_fla_bcf_instsub.elf,input_output/p02734/input.txt,input_output/p02734/output.txt,llvm-clang-14,O0,True,OLLVM_Heroims_NewPass,"[""BCF"", ""FLA"", ""INSTSUB""]",SUCCESS,7,40,20,8,13,32.5,short,complex,short_complex,0.6664532241734046,645,982,
p02735,s595394036,1063,2281,clean_src/p02735/s595394036.c,obfuscated_bin/p02735/s595394036_fla_bcf_instsub.elf,input_output/p02735/input.txt,input_output/p02735/output.txt,llvm-clang-14,O0,True,OLLVM_Heroims_NewPass,"[""BCF"", ""FLA"", ""INSTSUB""]",SUCCESS,18,39,38,4,20,51.28205128205128,long,complex,long_complex,0.8387169593889583,1790,1167,
p02736,s212901408,336,811,clean_src/p02736/s212901408.c,obfuscated_bin/p02736/s212901408_fla_bcf_instsub.elf,input_output/p02736/input.txt,input_output/p02736/output.txt,llvm-clang-14,O0,True,OLLVM_Heroims_NewPass,"[""BCF"", ""FLA"", ""INSTSUB""]",SUCCESS,3,59,17,13,14,23.728813559322035,short,simple,short_simple,0.6324656195066546,328,613,
p02741,s379296990,2676,11478,clean_src/p02741/s379296990.c,obfuscated_bin/p02741/s379296990_fla_bcf_instsub.elf,input_output/p02741/input.txt,input_output/p02741/output.txt,llvm-clang-14,O0,True,OLLVM_Heroims_NewPass,"[""BCF"", ""FLA"", ""INSTSUB""]",SUCCESS,38,356,95,10,57,16.01123595505618,long,simple,long_simple,0.9670205037383188,2457,302,
p02742,s515625804,908,2077,clean_src/p02742/s515625804.c,obfuscated_bin/p02742/s515625804_fla_bcf_instsub.elf,input_output/p02742/input.txt,input_output/p02742/output.txt,llvm-clang-14,O0,True,OLLVM_Heroims_NewPass,"[""BCF"", ""FLA"", ""INSTSUB""]",SUCCESS,19,31,39,4,20,64.51612903225806,long,complex,long_complex,0.6403054020158843,1638,1212,
p02743,s670675891,1709,4434,clean_src/p02743/s670675891.c,obfuscated_bin/p02743/s670675891_fla_bcf_instsub.elf,input_output/p02743/input.txt,input_output/p02743/output.txt,llvm-clang-14,O0,True,OLLVM_Heroims_NewPass,"[""BCF"", ""FLA"", ""INSTSUB""]",SUCCESS,40,55,84,6,44,80.0,long,complex,long_complex,0.5181479162968862,2162,1269,
p02744,s992264674,2577,5506,clean_src/p02744/s992264674.c,obfuscated_bin/p02744/s992264674_fla_bcf_instsub.elf,input_output/p02744/input.txt,input_output/p02744/output.txt,llvm-clang-14,O0,True,OLLVM_Heroims_NewPass,"[""BCF"", ""FLA"", ""INSTSUB""]",SUCCESS,53,137,108,4,55,40.14598540145985,long,complex,long_complex,0.6263898728743101,2422,954,
p02746,s356431931,417,918,clean_src/p02746/s356431931.c,obfuscated_bin/p02746/s356431931_fla_bcf_instsub.elf,input_output/p02746/input.txt,input_output/p02746/output.txt,llvm-clang-14,O0,True,OLLVM_Heroims_NewPass,"[""BCF"", ""FLA"", ""INSTSUB""]",SUCCESS,2,33,12,9,10,30.303030303030305,short,complex,short_complex,0.557032167044918,602,912,
p02747,s638012544,2693,11804,clean_src/p02747/s638012544.c,obfuscated_bin/p02747/s638012544_fla_bcf_instsub.elf,input_output/p02747/input.txt,input_output/p02747/output.txt,llvm-clang-14,O0,True,OLLVM_Heroims_NewPass,"[""BCF"", ""FLA"", ""INSTSUB""]",SUCCESS,38,376,100,10,62,16.48936170212766,long,simple,long_simple,0.8470832792137359,2459,339,
p02748,s849385666,2639,5552,clean_src/p02748/s849385666.c,obfuscated_bin/p02748/s849385666_fla_bcf_instsub.elf,input_output/p02748/input.txt,input_output/p02748/output.txt,llvm-clang-14,O0,True,OLLVM_Heroims_NewPass,"[""BCF"", ""FLA"", ""INSTSUB""]",SUCCESS,52,134,107,4,55,41.04477611940299,long,complex,long_complex,0.3770936950796747,2445,970,
p02749,s856556698,1748,3607,clean_src/p02749/s856556698.c,obfuscated_bin/p02749/s856556698_fla_bcf_instsub.elf,input_output/p02749/input.txt,input_output/p02749/output.txt,llvm-clang-14,O0,True,OLLVM_Heroims_NewPass,"[""BCF"", ""FLA"", ""INSTSUB""]",SUCCESS,22,84,62,18,40,47.61904761904761,long,complex,long_complex,0.422660135700863,2173,1113,
p02753,s155836025,899,2197,clean_src/p02753/s155836025.c,obfuscated_bin/p02753/s155836025_fla_bcf_instsub.elf,input_output/p02753/input.txt,input_output/p02753/output.txt,llvm-clang-14,O0,True,OLLVM_Heroims_NewPass,"[""BCF"", ""FLA"", ""INSTSUB""]",SUCCESS,19,36,39,4,20,55.55555555555556,long,complex,long_complex,0.7473646355531557,1627,1177,
p02754,s104512615,2648,11457,clean_src/p02754/s104512615.c,obfuscated_bin/p02754/s104512615_fla_bcf_instsub.elf,input_output/p02754/input.txt,input_output/p02754/output.txt,llvm-clang-14,O0,True,OLLVM_Heroims_NewPass,"[""BCF"", ""FLA"", ""INSTSUB""]",SUCCESS,38,358,95,10,57,15.921787709497206,long,simple,long_simple,0.8883855313248787,2450,295,
p02755,s789490311,1153,11453,clean_src/p02755/s789490311.c,obfuscated_bin/p02755/s789490311_fla_bcf_instsub.elf,input_output/p02755/input.txt,input_output/p02755/output.txt,llvm-clang-14,O0,True,OLLVM_Heroims_NewPass,"[""BCF"", ""FLA"", ""INSTSUB""]",SUCCESS,18,176,33,5,15,8.522727272727272,long,simple,long_simple,0.9289524754516154,1878,60,
p02756,s387732086,783,4302,clean_src/p02756/s387732086.c,obfuscated_bin/p02756/s387732086_fla_bcf_instsub.elf,input_output/p02756/input.txt,input_output/p02756/output.txt,llvm-clang-14,O0,True,OLLVM_Heroims_NewPass,"[""BCF"", ""FLA"", ""INSTSUB""]",SUCCESS,7,172,30,10,23,13.372093023255813,long,simple,long_simple,0.9827880636146565,1454,170,
p02757,s300103595,646,2201,clean_src/p02757/s300103595.c,obfuscated_bin/p02757/s300103595_fla_bcf_instsub.elf,input_output/p02757/input.txt,input_output/p02757/output.txt,llvm-clang-14,O0,True,OLLVM_Heroims_NewPass,"[""BCF"", ""FLA"", ""INSTSUB""]",SUCCESS,5,125,21,8,16,12.8,short,simple,short_simple,0.667999599646549,1185,134,
p02759,s054147066,2604,11343,clean_src/p02759/s054147066.c,obfuscated_bin/p02759/s054147066_fla_bcf_instsub.elf,input_output/p02759/input.txt,input_output/p02759/output.txt,llvm-clang-14,O0,True,OLLVM_Heroims_NewPass,"[""BCF"", ""FLA"", ""INSTSUB""]",SUCCESS,38,355,95,10,57,16.056338028169016,long,simple,long_simple,0.7979498319034102,2433,309,
p02760,s111140286,1611,5557,clean_src/p02760/s111140286.c,obfuscated_bin/p02760/s111140286_fla_bcf_instsub.elf,input_output/p02760/input.txt,input_output/p02760/output.txt,llvm-clang-14,O0,True,OLLVM_Heroims_NewPass,"[""BCF"", ""FLA"", ""INSTSUB""]",SUCCESS,27,216,61,23,34,15.74074074074074,long,simple,long_simple,0.8460679207606204,2114,277,
p02761,s122461498,2708,5755,clean_src/p02761/s122461498.c,obfuscated_bin/p02761/s122461498_fla_bcf_instsub.elf,input_output/p02761/input.txt,input_output/p02761/output.txt,llvm-clang-14,O0,True,OLLVM_Heroims_NewPass,"[""BCF"", ""FLA"", ""INSTSUB""]",SUCCESS,52,146,115,12,63,43.15068493150685,long,complex,long_complex,0.6648331493339505,2460,1021,
p02762,s960385206,1277,2713,clean_src/p02762/s960385206.c,obfuscated_bin/p02762/s960385206_fla_bcf_instsub.elf,input_output/p02762/input.txt,input_output/p02762/output.txt,llvm-clang-14,O0,True,OLLVM_Heroims_NewPass,"[""BCF"", ""FLA"", ""INSTSUB""]",SUCCESS,24,52,47,4,23,44.230769230769226,long,complex,long_complex,0.931962699005906,1958,1046,
p02763,s476712085,1200,2653,clean_src/p02763/s476712085.c,obfuscated_bin/p02763/s476712085_fla_bcf_instsub.elf,input_output/p02763/input.txt,input_output/p02763/output.txt,llvm-clang-14,O0,True,OLLVM_Heroims_NewPass,"[""BCF"", ""FLA"", ""INSTSUB""]",SUCCESS,20,60,44,5,24,40.0,long,complex,long_complex,0.6920186170614068,1904,952,
p02765,s253463415,2498,5341,clean_src/p02765/s253463415.c,obfuscated_bin/p02765/s253463415_fla_bcf_instsub.elf,input_output/p02765/input.txt,input_output/p02765/output.txt,llvm-clang-14,O0,True,OLLVM_Heroims_NewPass,"[""BCF"", ""FLA"", ""INSTSUB""]",SUCCESS,52,124,104,4,52,41.935483870967744,long,complex,long_complex,0.9396034409661469,2383,993,
p02766,s314747809,904,2081,clean_src/p02766/s314747809.c,obfuscated_bin/p02766/s314747809_fla_bcf_instsub.elf,input_output/p02766/input.txt,input_output/p02766/output.txt,llvm-clang-14,O0,True,OLLVM_Heroims_NewPass,"[""BCF"", ""FLA"", ""INSTSUB""]",SUCCESS,19,34,38,4,19,55.88235294117647,long,complex,long_complex,0.9712093789640487,1632,1180,
p02767,s357700199,2578,5480,clean_src/p02767/s357700199.c,obfuscated_bin/p02767/s357700199_fla_bcf_instsub.elf,input_output/p02767/input.txt,input_output/p02767/output.txt,llvm-clang-14,O0,True,OLLVM_Heroims_NewPass,"[""BCF"", ""FLA"", ""INSTSUB""]",SUCCESS,52,133,107,4,55,41.35338345864661,long,complex,long_complex,0.9016290065451616,2424,974,
p02768,s131683675,1110,2856,clean_src/p02768/s131683675.c,obfuscated_bin/p02768/s131683675_fla_bcf_instsub.elf,input_output/p02768/input.txt,input_output/p02768/output.txt,llvm-clang-14,O0,True,OLLVM_Heroims_NewPass,"[""BCF"", ""FLA"", ""INSTSUB""]",SUCCESS,26,69,46,4,20,28.985507246376812,long,complex,long_complex,0.9324031856814333,1834,724,
p02769,s324918208,812,4322,clean_src/p02769/s324918208.c,obfuscated_bin/p02769/s324918208_fla_bcf_instsub.elf,input_output/p02769/input.txt,input_output/p02769/output.txt,llvm-clang-14,O0,True,OLLVM_Heroims_NewPass,"[""BCF"", ""FLA"", ""INSTSUB""]",SUCCESS,10,185,30,7,20,10.81081081081081,long,simple,long_simple,0.8979545192170484,1495,90,
p02770,s291555030,460,915,clean_src/p02770/s291555030.c,obfuscated_bin/p02770/s291555030_fla_bcf_instsub.elf,input_output/p02770/input.txt,input_output/p02770/output.txt,llvm-clang-14,O0,True,OLLVM_Heroims_NewPass,"[""BCF"", ""FLA"", ""INSTSUB""]",SUCCESS,1,65,19,19,18,27.692307692307693,short,complex,short_complex,0.726659562939395,723,795,
p02771,s392526925,594,3494,clean_src/p02771/s392526925.c,obfuscated_bin/p02771/s392526925_fla_bcf_instsub.elf,input_output/p02771/input.txt,input_output/p02771/output.txt,llvm-clang-14,O0,True,OLLVM_Heroims_NewPass,"[""BCF"", ""FLA"", ""INSTSUB""]",SUCCESS,11,95,35,7,24,25.263157894736842,short,complex,short_complex,0.7400700956393215,1056,675,
p02772,s397408415,1247,4630,clean_src/p02772/s397408415.c,obfuscated_bin/p02772/s397408415_fla_bcf_instsub.elf,input_output/p02772/input.txt,input_output/p02772/output.txt,llvm-clang-14,O0,True,OLLVM_Heroims_NewPass,"[""BCF"", ""FLA"", ""INSTSUB""]",SUCCESS,27,177,42,4,15,8.47457627118644,long,simple,long_simple,0.9656169715063843,1939,59,
p02773,s108623802,1494,8012,clean_src/p02773/s108623802.c,obfuscated_bin/p02773/s108623802_fla_bcf_instsub.elf,input_output/p02773/input.txt,input_output/p02773/output.txt,llvm-clang-14,O0,True,OLLVM_Heroims_NewPass,"[""BCF"", ""FLA"", ""INSTSUB""]",SUCCESS,24,176,50,6,26,14.772727272727273,long,simple,long_simple,0.7092983488330611,2070,216,
p02774,s367451097,729,1472,clean_src/p02774/s367451097.c,obfuscated_bin/p02774/s367451097_fla_bcf_instsub.elf,input_output/p02774/input.txt,input_output/p02774/output.txt,llvm-clang-14,O0,True,OLLVM_Heroims_NewPass,"[""BCF"", ""FLA"", ""INSTSUB""]",SUCCESS,2,64,30,23,28,43.75,long,complex,long_complex,0.6714546997901895,1355,1036,
p02775,s235049800,367,1118,clean_src/p02775/s235049800.c,obfuscated_bin/p02775/s235049800_fla_bcf_instsub.elf,input_output/p02775/input.txt,input_output/p02775/output.txt,llvm-clang-14,O0,True,OLLVM_Heroims_NewPass,"[""BCF"", ""FLA"", ""INSTSUB""]",SUCCESS,2,34,14,9,12,35.294117647058826,short,complex,short_complex,0.0330659828686819,426,1064,
p02776,s603532809,950,4620,clean_src/p02776/s603532809.c,obfuscated_bin/p02776/s603532809_fla_bcf_instsub.elf,input_output/p02776/input.txt,input_output/p02776/output.txt,llvm-clang-14,O0,True,OLLVM_Heroims_NewPass,"[""BCF"", ""FLA"", ""INSTSUB""]",SUCCESS,7,131,31,12,24,18.3206106870229,long,simple,long_simple,0.2929203432660413,1687,438,
p02777,s010653811,1265,4596,clean_src/p02777/s010653811.c,obfuscated_bin/p02777/s010653811_fla_bcf_instsub.elf,input_output/p02777/input.txt,input_output/p02777/output.txt,llvm-clang-14,O0,True,OLLVM_Heroims_NewPass,"[""BCF"", ""FLA"", ""INSTSUB""]",SUCCESS,27,175,40,4,13,7.428571428571429,long,simple,long_simple,0.8828239827203693,1952,46,
p02778,s431767621,2511,5370,clean_src/p02778/s431767621.c,obfuscated_bin/p02778/s431767621_fla_bcf_instsub.elf,input_output/p02778/input.txt,input_output/p02778/output.txt,llvm-clang-14,O0,True,OLLVM_Heroims_NewPass,"[""BCF"", ""FLA"", ""INSTSUB""]",SUCCESS,52,127,105,4,53,41.732283464566926,long,complex,long_complex,0.9786715829565651,2388,984,
p02779,s288012682,2687,11629,clean_src/p02779/s288012682.c,obfuscated_bin/p02779/s288012682_fla_bcf_instsub.elf,input_output/p02779/input.txt,input_output/p02779/output.txt,llvm-clang-14,O0,True,OLLVM_Heroims_NewPass,"[""BCF"", ""FLA"", ""INSTSUB""]",SUCCESS,38,366,98,10,60,16.39344262295082,long,simple,long_simple,0.7439598289130424,2458,334,
p02780,s797041927,2590,5516,clean_src/p02780/s797041927.c,obfuscated_bin/p02780/s797041927_fla_bcf_instsub.elf,input_output/p02780/input.txt,input_output/p02780/output.txt,llvm-clang-14,O0,True,OLLVM_Heroims_NewPass,"[""BCF"", ""FLA"", ""INSTSUB""]",SUCCESS,52,134,106,4,54,40.298507462686565,long,complex,long_complex,0.3707073937049249,2428,959,
p02781,s965840028,2822,6017,clean_src/p02781/s965840028.c,obfuscated_bin/p02781/s965840028_fla_bcf_instsub.elf,input_output/p02781/input.txt,input_output/p02781/output.txt,llvm-clang-14,O0,True,OLLVM_Heroims_NewPass,"[""BCF"", ""FLA"", ""INSTSUB""]",SUCCESS,52,151,118,15,66,43.70860927152318,long,complex,long_complex,0.9467497352303408,2488,1034,
p02782,s838508544,548,1854,clean_src/p02782/s838508544.c,obfuscated_bin/p02782/s838508544_fla_bcf_instsub.elf,input_output/p02782/input.txt,input_output/p02782/output.txt,llvm-clang-14,O0,True,OLLVM_Heroims_NewPass,"[""BCF"", ""FLA"", ""INSTSUB""]",SUCCESS,7,59,17,7,10,16.94915254237288,short,simple,short_simple,0.9677481428868653,950,296,
p02783,s122355352,571,1418,clean_src/p02783/s122355352.c,obfuscated_bin/p02783/s122355352_fla_bcf_instsub.elf,input_output/p02783/input.txt,input_output/p02783/output.txt,llvm-clang-14,O0,True,OLLVM_Heroims_NewPass,"[""BCF"", ""FLA"", ""INSTSUB""]",SUCCESS,13,23,24,3,11,47.82608695652174,short,complex,short_complex,0.7647952363510916,1008,1231,
p02784,s825106500,1235,4541,clean_src/p02784/s825106500.c,obfuscated_bin/p02784/s825106500_fla_bcf_instsub.elf,input_output/p02784/input.txt,input_output/p02784/output.txt,llvm-clang-14,O0,True,OLLVM_Heroims_NewPass,"[""BCF"", ""FLA"", ""INSTSUB""]",SUCCESS,27,173,40,4,13,7.514450867052023,long,simple,long_simple,0.8475246232353028,1929,50,
p02785,s214404617,592,1502,clean_src/p02785/s214404617.c,obfuscated_bin/p02785/s214404617_fla_bcf_instsub.elf,input_output/p02785/input.txt,input_output/p02785/output.txt,llvm-clang-14,O0,True,OLLVM_Heroims_NewPass,"[""BCF"", ""FLA"", ""INSTSUB""]",SUCCESS,16,34,30,3,14,41.17647058823529,short,complex,short_complex,0.7910705738429021,1051,1162,
p02786,s905362792,1229,4542,clean_src/p02786/s905362792.c,obfuscated_bin/p02786/s905362792_fla_bcf_instsub.elf,input_output/p02786/input.txt,input_output/p02786/output.txt,llvm-clang-14,O0,True,OLLVM_Heroims_NewPass,"[""BCF"", ""FLA"", ""INSTSUB""]",SUCCESS,27,174,40,4,13,7.471264367816093,long,simple,long_simple,0.9818510566432743,1926,49,
p02787,s094317746,799,2083,clean_src/p02787/s094317746.c,obfuscated_bin/p02787/s094317746_fla_bcf_instsub.elf,input_output/p02787/input.txt,input_output/p02787/output.txt,llvm-clang-14,O0,True,OLLVM_Heroims_NewPass,"[""BCF"", ""FLA"", ""INSTSUB""]",SUCCESS,21,46,35,4,14,30.434782608695656,long,complex,long_complex,0.7617507274872787,1477,768,
p02788,s653265412,964,2495,clean_src/p02788/s653265412.c,obfuscated_bin/p02788/s653265412_fla_bcf_instsub.elf,input_output/p02788/input.txt,input_output/p02788/output.txt,llvm-clang-14,O0,True,OLLVM_Heroims_NewPass,"[""BCF"", ""FLA"", ""INSTSUB""]",SUCCESS,8,96,32,7,24,25.0,long,simple,long_simple,0.8078106673337804,1700,617,
p02789,s686988370,2608,11359,clean_src/p02789/s686988370.c,obfuscated_bin/p02789/s686988370_fla_bcf_instsub.elf,input_output/p02789/input.txt,input_output/p02789/output.txt,llvm-clang-14,O0,True,OLLVM_Heroims_NewPass,"[""BCF"", ""FLA"", ""INSTSUB""]",SUCCESS,38,355,96,10,58,16.338028169014084,long,simple,long_simple,0.9127700920181737,2434,330,
p02790,s840633993,2643,11470,clean_src/p02790/s840633993.c,obfuscated_bin/p02790/s840633993_fla_bcf_instsub.elf,input_output/p02790/input.txt,input_output/p02790/output.txt,llvm-clang-14,O0,True,OLLVM_Heroims_NewPass,"[""BCF"", ""FLA"", ""INSTSUB""]",SUCCESS,38,359,96,10,58,16.15598885793872,long,simple,long_simple,0.8235798798641756,2446,316,
p02791,s592633420,1239,4576,clean_src/p02791/s592633420.c,obfuscated_bin/p02791/s592633420_fla_bcf_instsub.elf,input_output/p02791/input.txt,input_output/p02791/output.txt,llvm-clang-14,O0,True,OLLVM_Heroims_NewPass,"[""BCF"", ""FLA"", ""INSTSUB""]",SUCCESS,27,175,40,4,13,7.428571428571429,long,simple,long_simple,0.9786652471503666,1930,47,
p02792,s882439766,2797,12405,clean_src/p02792/s882439766.c,obfuscated_bin/p02792/s882439766_fla_bcf_instsub.elf,input_output/p02792/input.txt,input_output/p02792/output.txt,llvm-clang-14,O0,True,OLLVM_Heroims_NewPass,"[""BCF"", ""FLA"", ""INSTSUB""]",SUCCESS,40,388,104,10,64,16.49484536082474,long,simple,long_simple,0.8419225047544604,2479,340,
p02793,s294940226,1402,2784,clean_src/p02793/s294940226.c,obfuscated_bin/p02793/s294940226_fla_bcf_instsub.elf,input_output/p02793/input.txt,input_output/p02793/output.txt,llvm-clang-14,O0,True,OLLVM_Heroims_NewPass,"[""BCF"", ""FLA"", ""INSTSUB""]",SUCCESS,21,60,55,12,34,56.666666666666664,long,complex,long_complex,0.6336249394674474,2030,1182,
p02794,s549374569,597,1282,clean_src/p02794/s549374569.c,obfuscated_bin/p02794/s549374569_fla_bcf_instsub.elf,input_output/p02794/input.txt,input_output/p02794/output.txt,llvm-clang-14,O0,True,OLLVM_Heroims_NewPass,"[""BCF"", ""FLA"", ""INSTSUB""]",SUCCESS,1,49,19,19,18,36.734693877551024,short,complex,short_complex,0.9568024690844911,1066,1100,
p02795,s608048378,576,1377,clean_src/p02795/s608048378.c,obfuscated_bin/p02795/s608048378_fla_bcf_instsub.elf,input_output/p02795/input.txt,input_output/p02795/output.txt,llvm-clang-14,O0,True,OLLVM_Heroims_NewPass,"[""BCF"", ""FLA"", ""INSTSUB""]",SUCCESS,13,23,24,3,11,47.82608695652174,short,complex,short_complex,0.8012510685772802,1025,1232,
p02796,s542567206,798,2166,clean_src/p02796/s542567206.c,obfuscated_bin/p02796/s542567206_fla_bcf_instsub.elf,input_output/p02796/input.txt,input_output/p02796/output.txt,llvm-clang-14,O0,True,OLLVM_Heroims_NewPass,"[""BCF"", ""FLA"", ""INSTSUB""]",SUCCESS,15,45,33,5,18,40.0,long,complex,long_complex,0.9284704770285073,1475,951,
p02798,s678389605,558,1656,clean_src/p02798/s678389605.c,obfuscated_bin/p02798/s678389605_fla_bcf_instsub.elf,input_output/p02798/input.txt,input_output/p02798/output.txt,llvm-clang-14,O0,True,OLLVM_Heroims_NewPass,"[""BCF"", ""FLA"", ""INSTSUB""]",SUCCESS,6,49,21,10,15,30.612244897959183,short,complex,short_complex,0.8194492405069652,977,924,
p02801,s313672309,614,3256,clean_src/p02801/s313672309.c,obfuscated_bin/p02801/s313672309_fla_bcf_instsub.elf,input_output/p02801/input.txt,input_output/p02801/output.txt,llvm-clang-14,O0,True,OLLVM_Heroims_NewPass,"[""BCF"", ""FLA"", ""INSTSUB""]",SUCCESS,10,85,20,5,10,11.76470588235294,short,simple,short_simple,0.8755420211546968,1105,108,
p02802,s919712340,660,3700,clean_src/p02802/s919712340.c,obfuscated_bin/p02802/s919712340_fla_bcf_instsub.elf,input_output/p02802/input.txt,input_output/p02802/output.txt,llvm-clang-14,O0,True,OLLVM_Heroims_NewPass,"[""BCF"", ""FLA"", ""INSTSUB""]",SUCCESS,11,100,33,7,22,22.0,short,simple,short_simple,0.6878393270031335,1214,533,
p02803,s463071955,3235,13586,clean_src/p02803/s463071955.c,obfuscated_bin/p02803/s463071955_fla_bcf_instsub.elf,input_output/p02803/input.txt,input_output/p02803/output.txt,llvm-clang-14,O0,True,OLLVM_Heroims_NewPass,"[""BCF"", ""FLA"", ""INSTSUB""]",SUCCESS,41,428,124,18,83,19.39252336448598,long,simple,long_simple,0.9343106542040022,2539,473,
p02804,s925995711,1124,2395,clean_src/p02804/s925995711.c,obfuscated_bin/p02804/s925995711_fla_bcf_instsub.elf,input_output/p02804/input.txt,input_output/p02804/output.txt,llvm-clang-14,O0,True,OLLVM_Heroims_NewPass,"[""BCF"", ""FLA"", ""INSTSUB""]",SUCCESS,7,74,34,13,27,36.486486486486484,long,complex,long_complex,0.6457648453613262,1844,898,
p02806,s921342588,534,1341,clean_src/p02806/s921342588.c,obfuscated_bin/p02806/s921342588_fla_bcf_instsub.elf,input_output/p02806/input.txt,input_output/p02806/output.txt,llvm-clang-14,O0,True,OLLVM_Heroims_NewPass,"[""BCF"", ""FLA"", ""INSTSUB""]",SUCCESS,11,29,22,3,11,37.93103448275862,short,complex,short_complex,0.985791099420988,910,1118,
p02807,s400332837,2729,11789,clean_src/p02807/s400332837.c,obfuscated_bin/p02807/s400332837_fla_bcf_instsub.elf,input_output/p02807/input.txt,input_output/p02807/output.txt,llvm-clang-14,O0,True,OLLVM_Heroims_NewPass,"[""BCF"", ""FLA"", ""INSTSUB""]",SUCCESS,37,366,97,10,60,16.39344262295082,long,simple,long_simple,0.892577890468704,2464,335,
p02808,s285294719,554,1392,clean_src/p02808/s285294719.c,obfuscated_bin/p02808/s285294719_fla_bcf_instsub.elf,input_output/p02808/input.txt,input_output/p02808/output.txt,llvm-clang-14,O0,True,OLLVM_Heroims_NewPass,"[""BCF"", ""FLA"", ""INSTSUB""]",SUCCESS,8,32,18,4,10,31.25,short,complex,short_complex,0.346845186945682,962,943,
p02811,s292261883,2505,5368,clean_src/p02811/s292261883.c,obfuscated_bin/p02811/s292261883_fla_bcf_instsub.elf,input_output/p02811/input.txt,input_output/p02811/output.txt,llvm-clang-14,O0,True,OLLVM_Heroims_NewPass,"[""BCF"", ""FLA"", ""INSTSUB""]",SUCCESS,52,126,105,4,53,42.06349206349206,long,complex,long_complex,0.8285252438732782,2385,998,
p02812,s060300237,588,3438,clean_src/p02812/s060300237.c,obfuscated_bin/p02812/s060300237_fla_bcf_instsub.elf,input_output/p02812/input.txt,input_output/p02812/output.txt,llvm-clang-14,O0,True,OLLVM_Heroims_NewPass,"[""BCF"", ""FLA"", ""INSTSUB""]",SUCCESS,11,88,32,7,21,23.863636363636363,short,simple,short_simple,0.8034252408512201,1044,619,
p02813,s276947592,2897,12276,clean_src/p02813/s276947592.c,obfuscated_bin/p02813/s276947592_fla_bcf_instsub.elf,input_output/p02813/input.txt,input_output/p02813/output.txt,llvm-clang-14,O0,True,OLLVM_Heroims_NewPass,"[""BCF"", ""FLA"", ""INSTSUB""]",SUCCESS,38,393,105,11,67,17.048346055979643,long,simple,long_simple,0.8987633211392094,2502,381,
p02814,s915631953,660,3506,clean_src/p02814/s915631953.c,obfuscated_bin/p02814/s915631953_fla_bcf_instsub.elf,input_output/p02814/input.txt,input_output/p02814/output.txt,llvm-clang-14,O0,True,OLLVM_Heroims_NewPass,"[""BCF"", ""FLA"", ""INSTSUB""]",SUCCESS,7,148,27,7,20,13.513513513513514,short,simple,short_simple,0.9983074634280358,1215,162,
p02815,s004056979,365,1202,clean_src/p02815/s004056979.c,obfuscated_bin/p02815/s004056979_fla_bcf_instsub.elf,input_output/p02815/input.txt,input_output/p02815/output.txt,llvm-clang-14,O0,True,OLLVM_Heroims_NewPass,"[""BCF"", ""FLA"", ""INSTSUB""]",SUCCESS,5,41,11,3,6,14.634146341463413,short,simple,short_simple,0.9986646100690577,421,189,
p02816,s817508789,396,881,clean_src/p02816/s817508789.c,obfuscated_bin/p02816/s817508789_fla_bcf_instsub.elf,input_output/p02816/input.txt,input_output/p02816/output.txt,llvm-clang-14,O0,True,OLLVM_Heroims_NewPass,"[""BCF"", ""FLA"", ""INSTSUB""]",SUCCESS,1,34,13,13,12,35.294117647058826,short,complex,short_complex,0.9546620316576913,529,1069,
p02817,s547346285,2569,11182,clean_src/p02817/s547346285.c,obfuscated_bin/p02817/s547346285_fla_bcf_instsub.elf,input_output/p02817/input.txt,input_output/p02817/output.txt,llvm-clang-14,O0,True,OLLVM_Heroims_NewPass,"[""BCF"", ""FLA"", ""INSTSUB""]",SUCCESS,37,348,93,10,56,16.091954022988507,long,simple,long_simple,0.8187190987723033,2420,312,
p02818,s923615449,569,1762,clean_src/p02818/s923615449.c,obfuscated_bin/p02818/s923615449_fla_bcf_instsub.elf,input_output/p02818/input.txt,input_output/p02818/output.txt,llvm-clang-14,O0,True,OLLVM_Heroims_NewPass,"[""BCF"", ""FLA"", ""INSTSUB""]",SUCCESS,11,40,23,5,12,30.0,short,complex,short_complex,0.9162972498815337,1000,896,
p02819,s783658598,2655,11628,clean_src/p02819/s783658598.c,obfuscated_bin/p02819/s783658598_fla_bcf_instsub.elf,input_output/p02819/input.txt,input_output/p02819/output.txt,llvm-clang-14,O0,True,OLLVM_Heroims_NewPass,"[""BCF"", ""FLA"", ""INSTSUB""]",SUCCESS,37,365,98,10,61,16.71232876712329,long,simple,long_simple,0.9884961421101205,2451,353,
p02820,s834202084,763,1768,clean_src/p02820/s834202084.c,obfuscated_bin/p02820/s834202084_fla_bcf_instsub.elf,input_output/p02820/input.txt,input_output/p02820/output.txt,llvm-clang-14,O0,True,OLLVM_Heroims_NewPass,"[""BCF"", ""FLA"", ""INSTSUB""]",SUCCESS,14,37,31,7,17,45.94594594594595,long,complex,long_complex,0.9972293036991999,1417,1083,
p02821,s535826296,880,3402,clean_src/p02821/s535826296.c,obfuscated_bin/p02821/s535826296_fla_bcf_instsub.elf,input_output/p02821/input.txt,input_output/p02821/output.txt,llvm-clang-14,O0,True,OLLVM_Heroims_NewPass,"[""BCF"", ""FLA"", ""INSTSUB""]",SUCCESS,4,117,33,12,29,24.786324786324787,long,simple,long_simple,0.9088533734174935,1595,611,
p02822,s668472508,1085,4602,clean_src/p02822/s668472508.c,obfuscated_bin/p02822/s668472508_fla_bcf_instsub.elf,input_output/p02822/input.txt,input_output/p02822/output.txt,llvm-clang-14,O0,True,OLLVM_Heroims_NewPass,"[""BCF"", ""FLA"", ""INSTSUB""]",SUCCESS,10,145,29,14,19,13.10344827586207,long,simple,long_simple,0.5153750053904169,1813,158,
p02823,s203760923,671,2457,clean_src/p02823/s203760923.c,obfuscated_bin/p02823/s203760923_fla_bcf_instsub.elf,input_output/p02823/input.txt,input_output/p02823/output.txt,llvm-clang-14,O0,True,OLLVM_Heroims_NewPass,"[""BCF"", ""FLA"", ""INSTSUB""]",SUCCESS,11,126,24,6,13,10.317460317460316,short,simple,short_simple,0.8183106871813124,1236,65,
p02824,s143969830,789,1841,clean_src/p02824/s143969830.c,obfuscated_bin/p02824/s143969830_fla_bcf_instsub.elf,input_output/p02824/input.txt,input_output/p02824/output.txt,llvm-clang-14,O0,True,OLLVM_Heroims_NewPass,"[""BCF"", ""FLA"", ""INSTSUB""]",SUCCESS,14,40,28,4,14,35.0,long,complex,long_complex,0.8942507662985031,1462,864,
p02829,s336784107,625,1517,clean_src/p02829/s336784107.c,obfuscated_bin/p02829/s336784107_fla_bcf_instsub.elf,input_output/p02829/input.txt,input_output/p02829/output.txt,llvm-clang-14,O0,True,OLLVM_Heroims_NewPass,"[""BCF"", ""FLA"", ""INSTSUB""]",SUCCESS,14,25,25,4,11,44.0,short,complex,short_complex,0.8569350380448263,1135,1203,
p02830,s893548027,714,2643,clean_src/p02830/s893548027.c,obfuscated_bin/p02830/s893548027_fla_bcf_instsub.elf,input_output/p02830/input.txt,input_output/p02830/output.txt,llvm-clang-14,O0,True,OLLVM_Heroims_NewPass,"[""BCF"", ""FLA"", ""INSTSUB""]",SUCCESS,19,124,23,3,4,3.225806451612903,long,simple,long_simple,0.9366674616129134,1330,5,
p02831,s717762039,680,2561,clean_src/p02831/s717762039.c,obfuscated_bin/p02831/s717762039_fla_bcf_instsub.elf,input_output/p02831/input.txt,input_output/p02831/output.txt,llvm-clang-14,O0,True,OLLVM_Heroims_NewPass,"[""BCF"", ""FLA"", ""INSTSUB""]",SUCCESS,19,118,23,3,4,3.389830508474576,short,simple,short_simple,0.9594834655693348,1257,6,
p02832,s966839439,2552,5446,clean_src/p02832/s966839439.c,obfuscated_bin/p02832/s966839439_fla_bcf_instsub.elf,input_output/p02832/input.txt,input_output/p02832/output.txt,llvm-clang-14,O0,True,OLLVM_Heroims_NewPass,"[""BCF"", ""FLA"", ""INSTSUB""]",SUCCESS,52,130,107,4,55,42.30769230769231,long,complex,long_complex,0.8913494339406881,2411,1002,
p02833,s315882547,642,1626,clean_src/p02833/s315882547.c,obfuscated_bin/p02833/s315882547_fla_bcf_instsub.elf,input_output/p02833/input.txt,input_output/p02833/output.txt,llvm-clang-14,O0,True,OLLVM_Heroims_NewPass,"[""BCF"", ""FLA"", ""INSTSUB""]",SUCCESS,14,29,27,4,13,44.827586206896555,short,complex,short_complex,0.9345468137969877,1171,1210,
p02834,s179594880,2508,6719,clean_src/p02834/s179594880.c,obfuscated_bin/p02834/s179594880_fla_bcf_instsub.elf,input_output/p02834/input.txt,input_output/p02834/output.txt,llvm-clang-14,O0,True,OLLVM_Heroims_NewPass,"[""BCF"", ""FLA"", ""INSTSUB""]",SUCCESS,43,101,107,7,64,63.366336633663366,long,complex,long_complex,0.47793651506741686,2387,1209,
p02835,s559772190,486,1745,clean_src/p02835/s559772190.c,obfuscated_bin/p02835/s559772190_fla_bcf_instsub.elf,input_output/p02835/input.txt,input_output/p02835/output.txt,llvm-clang-14,O0,True,OLLVM_Heroims_NewPass,"[""BCF"", ""FLA"", ""INSTSUB""]",SUCCESS,10,91,18,3,8,8.791208791208792,short,simple,short_simple,0.6999538177937933,786,40,
p02836,s265553269,642,1482,clean_src/p02836/s265553269.c,obfuscated_bin/p02836/s265553269_fla_bcf_instsub.elf,input_output/p02836/input.txt,input_output/p02836/output.txt,llvm-clang-14,O0,True,OLLVM_Heroims_NewPass,"[""BCF"", ""FLA"", ""INSTSUB""]",SUCCESS,1,99,19,19,18,18.181818181818183,short,simple,short_simple,0.5504009930869032,1172,360,
p02837,s928025482,2859,7138,clean_src/p02837/s928025482.c,obfuscated_bin/p02837/s928025482_fla_bcf_instsub.elf,input_output/p02837/input.txt,input_output/p02837/output.txt,llvm-clang-14,O0,True,OLLVM_Heroims_NewPass,"[""BCF"", ""FLA"", ""INSTSUB""]",SUCCESS,51,92,119,8,68,73.91304347826086,long,complex,long_complex,0.9358929348143805,2499,1246,
p02838,s069043612,600,3128,clean_src/p02838/s069043612.c,obfuscated_bin/p02838/s069043612_fla_bcf_instsub.elf,input_output/p02838/input.txt,input_output/p02838/output.txt,llvm-clang-14,O0,True,OLLVM_Heroims_NewPass,"[""BCF"", ""FLA"", ""INSTSUB""]",SUCCESS,5,122,22,7,17,13.934426229508196,short,simple,short_simple,0.8247041573497559,1070,175,
p02839,s360376276,906,2163,clean_src/p02839/s360376276.c,obfuscated_bin/p02839/s360376276_fla_bcf_instsub.elf,input_output/p02839/input.txt,input_output/p02839/output.txt,llvm-clang-14,O0,True,OLLVM_Heroims_NewPass,"[""BCF"", ""FLA"", ""INSTSUB""]",SUCCESS,3,103,31,24,28,27.184466019417474,long,complex,long_complex,0.9589583621263975,1635,682,
p02840,s240749233,604,1437,clean_src/p02840/s240749233.c,obfuscated_bin/p02840/s240749233_fla_bcf_instsub.elf,input_output/p02840/input.txt,input_output/p02840/output.txt,llvm-clang-14,O0,True,OLLVM_Heroims_NewPass,"[""BCF"", ""FLA"", ""INSTSUB""]",SUCCESS,2,68,20,17,18,26.47058823529412,short,complex,short_complex,0.9072903288977358,1080,739,
p02841,s438596257,501,1597,clean_src/p02841/s438596257.c,obfuscated_bin/p02841/s438596257_fla_bcf_instsub.elf,input_output/p02841/input.txt,input_output/p02841/output.txt,llvm-clang-14,O0,True,OLLVM_Heroims_NewPass,"[""BCF"", ""FLA"", ""INSTSUB""]",SUCCESS,13,28,27,3,14,50.0,short,complex,short_complex,0.9658839167350382,827,1240,
p02842,s499802267,2520,5383,clean_src/p02842/s499802267.c,obfuscated_bin/p02842/s499802267_fla_bcf_instsub.elf,input_output/p02842/input.txt,input_output/p02842/output.txt,llvm-clang-14,O0,True,OLLVM_Heroims_NewPass,"[""BCF"", ""FLA"", ""INSTSUB""]",SUCCESS,52,129,106,4,54,41.86046511627907,long,complex,long_complex,0.7431000468561794,2391,989,
p02843,s455479266,1004,4448,clean_src/p02843/s455479266.c,obfuscated_bin/p02843/s455479266_fla_bcf_instsub.elf,input_output/p02843/input.txt,input_output/p02843/output.txt,llvm-clang-14,O0,True,OLLVM_Heroims_NewPass,"[""BCF"", ""FLA"", ""INSTSUB""]",SUCCESS,19,184,42,20,23,12.5,long,simple,long_simple,0.48348509156416575,1744,138,
p02844,s777521214,2859,7366,clean_src/p02844/s777521214.c,obfuscated_bin/p02844/s777521214_fla_bcf_instsub.elf,input_output/p02844/input.txt,input_output/p02844/output.txt,llvm-clang-14,O0,True,OLLVM_Heroims_NewPass,"[""BCF"", ""FLA"", ""INSTSUB""]",SUCCESS,51,90,118,8,67,74.44444444444444,long,complex,long_complex,0.8981434404828852,2500,1247,
p02845,s803633919,2591,5554,clean_src/p02845/s803633919.c,obfuscated_bin/p02845/s803633919_fla_bcf_instsub.elf,input_output/p02845/input.txt,input_output/p02845/output.txt,llvm-clang-14,O0,True,OLLVM_Heroims_NewPass,"[""BCF"", ""FLA"", ""INSTSUB""]",SUCCESS,52,135,107,4,55,40.74074074074074,long,complex,long_complex,0.9771736310083247,2429,963,
p02846,s372836738,798,1788,clean_src/p02846/s372836738.c,obfuscated_bin/p02846/s372836738_fla_bcf_instsub.elf,input_output/p02846/input.txt,input_output/p02846/output.txt,llvm-clang-14,O0,True,OLLVM_Heroims_NewPass,"[""BCF"", ""FLA"", ""INSTSUB""]",SUCCESS,14,38,29,5,15,39.473684210526315,long,complex,long_complex,0.9859155466459985,1476,942,
p02847,s182901705,808,1803,clean_src/p02847/s182901705.c,obfuscated_bin/p02847/s182901705_fla_bcf_instsub.elf,input_output/p02847/input.txt,input_output/p02847/output.txt,llvm-clang-14,O0,True,OLLVM_Heroims_NewPass,"[""BCF"", ""FLA"", ""INSTSUB""]",SUCCESS,14,33,46,22,32,96.96969696969697,long,complex,long_complex,0.8487064190976039,1487,1291,
p02848,s682223350,757,3052,clean_src/p02848/s682223350.c,obfuscated_bin/p02848/s682223350_fla_bcf_instsub.elf,input_output/p02848/input.txt,input_output/p02848/output.txt,llvm-clang-14,O0,True,OLLVM_Heroims_NewPass,"[""BCF"", ""FLA"", ""INSTSUB""]",SUCCESS,3,186,57,28,54,29.03225806451613,long,complex,long_complex,0.881613915514121,1403,726,
p02850,s104028872,3143,13651,clean_src/p02850/s104028872.c,obfuscated_bin/p02850/s104028872_fla_bcf_instsub.elf,input_output/p02850/input.txt,input_output/p02850/output.txt,llvm-clang-14,O0,True,OLLVM_Heroims_NewPass,"[""BCF"", ""FLA"", ""INSTSUB""]",SUCCESS,39,408,103,10,64,15.686274509803921,long,simple,long_simple,0.954049207731015,2528,272,
p02851,s829717718,1653,10871,clean_src/p02851/s829717718.c,obfuscated_bin/p02851/s829717718_fla_bcf_instsub.elf,input_output/p02851/input.txt,input_output/p02851/output.txt,llvm-clang-14,O0,True,OLLVM_Heroims_NewPass,"[""BCF"", ""FLA"", ""INSTSUB""]",SUCCESS,15,335,57,8,42,12.53731343283582,long,simple,long_simple,0.7376901669251364,2133,139,
p02852,s246974117,3194,7118,clean_src/p02852/s246974117.c,obfuscated_bin/p02852/s246974117_fla_bcf_instsub.elf,input_output/p02852/input.txt,input_output/p02852/output.txt,llvm-clang-14,O0,True,OLLVM_Heroims_NewPass,"[""BCF"", ""FLA"", ""INSTSUB""]",SUCCESS,56,195,126,8,70,35.8974358974359,long,complex,long_complex,0.8306309432878926,2533,888,
p02853,s439677599,2563,11114,clean_src/p02853/s439677599.c,obfuscated_bin/p02853/s439677599_fla_bcf_instsub.elf,input_output/p02853/input.txt,input_output/p02853/output.txt,llvm-clang-14,O0,True,OLLVM_Heroims_NewPass,"[""BCF"", ""FLA"", ""INSTSUB""]",SUCCESS,36,347,94,10,58,16.714697406340058,long,simple,long_simple,0.9427404809387505,2418,354,
p02854,s749019481,588,1876,clean_src/p02854/s749019481.c,obfuscated_bin/p02854/s749019481_fla_bcf_instsub.elf,input_output/p02854/input.txt,input_output/p02854/output.txt,llvm-clang-14,O0,True,OLLVM_Heroims_NewPass,"[""BCF"", ""FLA"", ""INSTSUB""]",SUCCESS,13,39,30,5,17,43.58974358974359,short,complex,short_complex,0.9111905713823031,1045,1199,
p02856,s713997101,2536,5409,clean_src/p02856/s713997101.c,obfuscated_bin/p02856/s713997101_fla_bcf_instsub.elf,input_output/p02856/input.txt,input_output/p02856/output.txt,llvm-clang-14,O0,True,OLLVM_Heroims_NewPass,"[""BCF"", ""FLA"", ""INSTSUB""]",SUCCESS,52,130,105,4,53,40.76923076923077,long,complex,long_complex,0.3529933159484111,2404,964,
p02858,s935944286,281,1197,clean_src/p02858/s935944286.c,obfuscated_bin/p02858/s935944286_fla_bcf_instsub.elf,input_output/p02858/input.txt,input_output/p02858/output.txt,llvm-clang-14,O0,True,OLLVM_Heroims_NewPass,"[""BCF"", ""FLA"", ""INSTSUB""]",SUCCESS,4,34,8,3,4,11.76470588235294,short,simple,short_simple,0.7496722478872904,112,105,
p02859,s379127391,597,1466,clean_src/p02859/s379127391.c,obfuscated_bin/p02859/s379127391_fla_bcf_instsub.elf,input_output/p02859/input.txt,input_output/p02859/output.txt,llvm-clang-14,O0,True,OLLVM_Heroims_NewPass,"[""BCF"", ""FLA"", ""INSTSUB""]",SUCCESS,13,24,23,4,10,41.66666666666667,short,complex,short_complex,0.5549036455392813,1067,1172,
p02860,s339964780,660,1604,clean_src/p02860/s339964780.c,obfuscated_bin/p02860/s339964780_fla_bcf_instsub.elf,input_output/p02860/input.txt,input_output/p02860/output.txt,llvm-clang-14,O0,True,OLLVM_Heroims_NewPass,"[""BCF"", ""FLA"", ""INSTSUB""]",SUCCESS,13,29,26,4,13,44.827586206896555,short,complex,short_complex,0.7644386899587033,1216,1211,
p02861,s711696245,2820,12125,clean_src/p02861/s711696245.c,obfuscated_bin/p02861/s711696245_fla_bcf_instsub.elf,input_output/p02861/input.txt,input_output/p02861/output.txt,llvm-clang-14,O0,True,OLLVM_Heroims_NewPass,"[""BCF"", ""FLA"", ""INSTSUB""]",SUCCESS,38,371,98,10,60,16.172506738544474,long,simple,long_simple,0.2651092544662764,2487,319,
p02862,s232779363,2782,6107,clean_src/p02862/s232779363.c,obfuscated_bin/p02862/s232779363_fla_bcf_instsub.elf,input_output/p02862/input.txt,input_output/p02862/output.txt,llvm-clang-14,O0,True,OLLVM_Heroims_NewPass,"[""BCF"", ""FLA"", ""INSTSUB""]",SUCCESS,56,163,115,4,59,36.19631901840491,long,complex,long_complex,0.8645483462983263,2475,895,
p02863,s270723035,2803,5910,clean_src/p02863/s270723035.c,obfuscated_bin/p02863/s270723035_fla_bcf_instsub.elf,input_output/p02863/input.txt,input_output/p02863/output.txt,llvm-clang-14,O0,True,OLLVM_Heroims_NewPass,"[""BCF"", ""FLA"", ""INSTSUB""]",SUCCESS,52,147,113,8,61,41.49659863945578,long,complex,long_complex,0.998836081608194,2482,977,
p02864,s404792679,352,791,clean_src/p02864/s404792679.c,obfuscated_bin/p02864/s404792679_fla_bcf_instsub.elf,input_output/p02864/input.txt,input_output/p02864/output.txt,llvm-clang-14,O0,True,OLLVM_Heroims_NewPass,"[""BCF"", ""FLA"", ""INSTSUB""]",SUCCESS,3,26,12,8,9,34.61538461538461,short,complex,short_complex,0.8797646539542733,378,1049,
p02865,s713558560,426,1939,clean_src/p02865/s713558560.c,obfuscated_bin/p02865/s713558560_fla_bcf_instsub.elf,input_output/p02865/input.txt,input_output/p02865/output.txt,llvm-clang-14,O0,True,OLLVM_Heroims_NewPass,"[""BCF"", ""FLA"", ""INSTSUB""]",SUCCESS,11,85,19,3,8,9.411764705882353,short,simple,short_simple,0.9828126500179982,631,52,
p02866,s090283339,751,1766,clean_src/p02866/s090283339.c,obfuscated_bin/p02866/s090283339_fla_bcf_instsub.elf,input_output/p02866/input.txt,input_output/p02866/output.txt,llvm-clang-14,O0,True,OLLVM_Heroims_NewPass,"[""BCF"", ""FLA"", ""INSTSUB""]",SUCCESS,13,45,27,5,14,31.11111111111111,long,complex,long_complex,0.8538455881083369,1392,776,
p02867,s491649257,692,2185,clean_src/p02867/s491649257.c,obfuscated_bin/p02867/s491649257_fla_bcf_instsub.elf,input_output/p02867/input.txt,input_output/p02867/output.txt,llvm-clang-14,O0,True,OLLVM_Heroims_NewPass,"[""BCF"", ""FLA"", ""INSTSUB""]",SUCCESS,8,91,23,13,15,16.483516483516482,short,simple,short_simple,0.9371290716409735,1288,278,
p02868,s318398944,1194,2394,clean_src/p02868/s318398944.c,obfuscated_bin/p02868/s318398944_fla_bcf_instsub.elf,input_output/p02868/input.txt,input_output/p02868/output.txt,llvm-clang-14,O0,True,OLLVM_Heroims_NewPass,"[""BCF"", ""FLA"", ""INSTSUB""]",SUCCESS,17,33,38,6,21,63.63636363636363,long,complex,long_complex,0.9175844973074578,1901,1211,
p02869,s972057975,395,1096,clean_src/p02869/s972057975.c,obfuscated_bin/p02869/s972057975_fla_bcf_instsub.elf,input_output/p02869/input.txt,input_output/p02869/output.txt,llvm-clang-14,O0,True,OLLVM_Heroims_NewPass,"[""BCF"", ""FLA"", ""INSTSUB""]",SUCCESS,6,28,14,3,8,28.57142857142857,short,complex,short_complex,0.2813811114679048,526,831,
p02873,s859837472,1985,4924,clean_src/p02873/s859837472.c,obfuscated_bin/p02873/s859837472_fla_bcf_instsub.elf,input_output/p02873/input.txt,input_output/p02873/output.txt,llvm-clang-14,O0,True,OLLVM_Heroims_NewPass,"[""BCF"", ""FLA"", ""INSTSUB""]",SUCCESS,40,85,94,13,54,63.52941176470588,long,complex,long_complex,0.7949043021648328,2242,1210,
p02874,s277280721,452,986,clean_src/p02874/s277280721.c,obfuscated_bin/p02874/s277280721_fla_bcf_instsub.elf,input_output/p02874/input.txt,input_output/p02874/output.txt,llvm-clang-14,O0,True,OLLVM_Heroims_NewPass,"[""BCF"", ""FLA"", ""INSTSUB""]",SUCCESS,2,36,14,12,12,33.33333333333333,short,complex,short_complex,0.7435997329910665,694,1012,
p02875,s271177018,2810,6121,clean_src/p02875/s271177018.c,obfuscated_bin/p02875/s271177018_fla_bcf_instsub.elf,input_output/p02875/input.txt,input_output/p02875/output.txt,llvm-clang-14,O0,True,OLLVM_Heroims_NewPass,"[""BCF"", ""FLA"", ""INSTSUB""]",SUCCESS,56,165,113,4,57,34.54545454545455,long,complex,long_complex,0.6171707120630134,2486,855,
p02879,s838976446,529,3245,clean_src/p02879/s838976446.c,obfuscated_bin/p02879/s838976446_fla_bcf_instsub.elf,input_output/p02879/input.txt,input_output/p02879/output.txt,llvm-clang-14,O0,True,OLLVM_Heroims_NewPass,"[""BCF"", ""FLA"", ""INSTSUB""]",SUCCESS,11,79,31,7,20,25.31645569620253,short,complex,short_complex,0.5537989609134807,897,678,
p02880,s128853983,2535,11011,clean_src/p02880/s128853983.c,obfuscated_bin/p02880/s128853983_fla_bcf_instsub.elf,input_output/p02880/input.txt,input_output/p02880/output.txt,llvm-clang-14,O0,True,OLLVM_Heroims_NewPass,"[""BCF"", ""FLA"", ""INSTSUB""]",SUCCESS,36,342,93,10,57,16.666666666666664,long,simple,long_simple,0.9631337122732626,2403,352,
p02881,s765708834,811,5937,clean_src/p02881/s765708834.c,obfuscated_bin/p02881/s765708834_fla_bcf_instsub.elf,input_output/p02881/input.txt,input_output/p02881/output.txt,llvm-clang-14,O0,True,OLLVM_Heroims_NewPass,"[""BCF"", ""FLA"", ""INSTSUB""]",SUCCESS,13,119,30,5,17,14.285714285714285,long,simple,long_simple,0.5283915638864656,1493,198,
p02882,s045152810,2611,11230,clean_src/p02882/s045152810.c,obfuscated_bin/p02882/s045152810_fla_bcf_instsub.elf,input_output/p02882/input.txt,input_output/p02882/output.txt,llvm-clang-14,O0,True,OLLVM_Heroims_NewPass,"[""BCF"", ""FLA"", ""INSTSUB""]",SUCCESS,36,343,91,10,55,16.034985422740526,long,simple,long_simple,0.11115140047487593,2435,304,
p02883,s104225976,1854,5107,clean_src/p02883/s104225976.c,obfuscated_bin/p02883/s104225976_fla_bcf_instsub.elf,input_output/p02883/input.txt,input_output/p02883/output.txt,llvm-clang-14,O0,True,OLLVM_Heroims_NewPass,"[""BCF"", ""FLA"", ""INSTSUB""]",SUCCESS,40,81,87,6,47,58.0246913580247,long,complex,long_complex,0.9782976151744949,2203,1188,
p02885,s602988019,2518,10921,clean_src/p02885/s602988019.c,obfuscated_bin/p02885/s602988019_fla_bcf_instsub.elf,input_output/p02885/input.txt,input_output/p02885/output.txt,llvm-clang-14,O0,True,OLLVM_Heroims_NewPass,"[""BCF"", ""FLA"", ""INSTSUB""]",SUCCESS,36,336,91,10,55,16.36904761904762,long,simple,long_simple,0.7546302071396337,2390,332,
p02886,s612146168,575,1747,clean_src/p02886/s612146168.c,obfuscated_bin/p02886/s612146168_fla_bcf_instsub.elf,input_output/p02886/input.txt,input_output/p02886/output.txt,llvm-clang-14,O0,True,OLLVM_Heroims_NewPass,"[""BCF"", ""FLA"", ""INSTSUB""]",SUCCESS,11,46,21,5,10,21.73913043478261,short,simple,short_simple,0.8468562124034557,1022,523,
p02887,s814763811,1630,3644,clean_src/p02887/s814763811.c,obfuscated_bin/p02887/s814763811_fla_bcf_instsub.elf,input_output/p02887/input.txt,input_output/p02887/output.txt,llvm-clang-14,O0,True,OLLVM_Heroims_NewPass,"[""BCF"", ""FLA"", ""INSTSUB""]",SUCCESS,1,25,27,27,26,104.0,long,complex,long_complex,0.8337507236802907,2124,1296,
p02888,s786495040,709,2772,clean_src/p02888/s786495040.c,obfuscated_bin/p02888/s786495040_fla_bcf_instsub.elf,input_output/p02888/input.txt,input_output/p02888/output.txt,llvm-clang-14,O0,True,OLLVM_Heroims_NewPass,"[""BCF"", ""FLA"", ""INSTSUB""]",SUCCESS,12,89,27,8,15,16.853932584269664,long,simple,long_simple,0.9685875195070434,1319,363,
p02889,s511800875,5891,18887,clean_src/p02889/s511800875.c,obfuscated_bin/p02889/s511800875_fla_bcf_instsub.elf,input_output/p02889/input.txt,input_output/p02889/output.txt,llvm-clang-14,O0,True,OLLVM_Heroims_NewPass,"[""BCF"", ""FLA"", ""INSTSUB""]",SUCCESS,81,361,223,24,142,39.335180055401665,long,complex,long_complex,0.9071098866881953,2593,939,
p02890,s593993539,431,906,clean_src/p02890/s593993539.c,obfuscated_bin/p02890/s593993539_fla_bcf_instsub.elf,input_output/p02890/input.txt,input_output/p02890/output.txt,llvm-clang-14,O0,True,OLLVM_Heroims_NewPass,"[""BCF"", ""FLA"", ""INSTSUB""]",SUCCESS,2,39,13,7,11,28.205128205128204,short,complex,short_complex,0.8201675799007919,640,818,
p02891,s965252651,781,1810,clean_src/p02891/s965252651.c,obfuscated_bin/p02891/s965252651_fla_bcf_instsub.elf,input_output/p02891/input.txt,input_output/p02891/output.txt,llvm-clang-14,O0,True,OLLVM_Heroims_NewPass,"[""BCF"", ""FLA"", ""INSTSUB""]",SUCCESS,13,47,30,10,17,36.17021276595745,long,complex,long_complex,0.9615016144968299,1447,894,
p02892,s946488558,2807,6096,clean_src/p02892/s946488558.c,obfuscated_bin/p02892/s946488558_fla_bcf_instsub.elf,input_output/p02892/input.txt,input_output/p02892/output.txt,llvm-clang-14,O0,True,OLLVM_Heroims_NewPass,"[""BCF"", ""FLA"", ""INSTSUB""]",SUCCESS,54,166,116,11,62,37.34939759036144,long,complex,long_complex,0.9201704896242892,2485,911,
p02893,s595100547,714,3106,clean_src/p02893/s595100547.c,obfuscated_bin/p02893/s595100547_fla_bcf_instsub.elf,input_output/p02893/input.txt,input_output/p02893/output.txt,llvm-clang-14,O0,True,OLLVM_Heroims_NewPass,"[""BCF"", ""FLA"", ""INSTSUB""]",SUCCESS,4,124,26,16,22,17.741935483870968,long,simple,long_simple,0.9007645160414858,1331,417,
p02897,s860534153,439,1713,clean_src/p02897/s860534153.c,obfuscated_bin/p02897/s860534153_fla_bcf_instsub.elf,input_output/p02897/input.txt,input_output/p02897/output.txt,llvm-clang-14,O0,True,OLLVM_Heroims_NewPass,"[""BCF"", ""FLA"", ""INSTSUB""]",SUCCESS,4,67,17,8,13,19.402985074626866,short,simple,short_simple,0.09146805636791933,658,402,
p02898,s370204603,455,1903,clean_src/p02898/s370204603.c,obfuscated_bin/p02898/s370204603_fla_bcf_instsub.elf,input_output/p02898/input.txt,input_output/p02898/output.txt,llvm-clang-14,O0,True,OLLVM_Heroims_NewPass,"[""BCF"", ""FLA"", ""INSTSUB""]",SUCCESS,4,76,16,8,12,15.789473684210526,short,simple,short_simple,0.9091341629911855,706,249,
p02899,s312507695,779,2080,clean_src/p02899/s312507695.c,obfuscated_bin/p02899/s312507695_fla_bcf_instsub.elf,input_output/p02899/input.txt,input_output/p02899/output.txt,llvm-clang-14,O0,True,OLLVM_Heroims_NewPass,"[""BCF"", ""FLA"", ""INSTSUB""]",SUCCESS,3,88,20,8,17,19.318181818181817,long,simple,long_simple,0.9537575620292451,1443,471,
p02900,s396651540,2528,6399,clean_src/p02900/s396651540.c,obfuscated_bin/p02900/s396651540_fla_bcf_instsub.elf,input_output/p02900/input.txt,input_output/p02900/output.txt,llvm-clang-14,O0,True,OLLVM_Heroims_NewPass,"[""BCF"", ""FLA"", ""INSTSUB""]",SUCCESS,45,68,110,8,65,95.58823529411765,long,complex,long_complex,0.8697918873382438,2397,1290,
p02901,s392201050,2732,11258,clean_src/p02901/s392201050.c,obfuscated_bin/p02901/s392201050_fla_bcf_instsub.elf,input_output/p02901/input.txt,input_output/p02901/output.txt,llvm-clang-14,O0,True,OLLVM_Heroims_NewPass,"[""BCF"", ""FLA"", ""INSTSUB""]",SUCCESS,33,345,93,12,60,17.391304347826086,long,simple,long_simple,0.7572656246983327,2466,400,
p02902,s935508550,3550,7587,clean_src/p02902/s935508550.c,obfuscated_bin/p02902/s935508550_fla_bcf_instsub.elf,input_output/p02902/input.txt,input_output/p02902/output.txt,llvm-clang-14,O0,True,OLLVM_Heroims_NewPass,"[""BCF"", ""FLA"", ""INSTSUB""]",SUCCESS,55,221,132,18,77,34.841628959276015,long,complex,long_complex,0.05997084132127661,2560,861,
p02904,s045003686,2494,10806,clean_src/p02904/s045003686.c,obfuscated_bin/p02904/s045003686_fla_bcf_instsub.elf,input_output/p02904/input.txt,input_output/p02904/output.txt,llvm-clang-14,O0,True,OLLVM_Heroims_NewPass,"[""BCF"", ""FLA"", ""INSTSUB""]",SUCCESS,31,323,88,13,57,17.647058823529413,long,simple,long_simple,0.4992274118897474,2379,411,
p02905,s138749601,754,1680,clean_src/p02905/s138749601.c,obfuscated_bin/p02905/s138749601_fla_bcf_instsub.elf,input_output/p02905/input.txt,input_output/p02905/output.txt,llvm-clang-14,O0,True,OLLVM_Heroims_NewPass,"[""BCF"", ""FLA"", ""INSTSUB""]",SUCCESS,3,63,25,18,22,34.92063492063492,long,complex,long_complex,0.9596810904964743,1400,863,
p02906,s588629806,419,988,clean_src/p02906/s588629806.c,obfuscated_bin/p02906/s588629806_fla_bcf_instsub.elf,input_output/p02906/input.txt,input_output/p02906/output.txt,llvm-clang-14,O0,True,OLLVM_Heroims_NewPass,"[""BCF"", ""FLA"", ""INSTSUB""]",SUCCESS,5,81,17,10,12,14.814814814814813,short,simple,short_simple,0.0065877520952085655,605,195,
p02909,s842085317,1531,6885,clean_src/p02909/s842085317.c,obfuscated_bin/p02909/s842085317_fla_bcf_instsub.elf,input_output/p02909/input.txt,input_output/p02909/output.txt,llvm-clang-14,O0,True,OLLVM_Heroims_NewPass,"[""BCF"", ""FLA"", ""INSTSUB""]",SUCCESS,24,216,60,10,36,16.666666666666664,long,simple,long_simple,0.9633364597212932,2086,350,
p02910,s405287810,1567,7071,clean_src/p02910/s405287810.c,obfuscated_bin/p02910/s405287810_fla_bcf_instsub.elf,input_output/p02910/input.txt,input_output/p02910/output.txt,llvm-clang-14,O0,True,OLLVM_Heroims_NewPass,"[""BCF"", ""FLA"", ""INSTSUB""]",SUCCESS,24,223,62,10,38,17.040358744394617,long,simple,long_simple,0.9688145625603544,2103,378,
p02911,s961684961,1608,7140,clean_src/p02911/s961684961.c,obfuscated_bin/p02911/s961684961_fla_bcf_instsub.elf,input_output/p02911/input.txt,input_output/p02911/output.txt,llvm-clang-14,O0,True,OLLVM_Heroims_NewPass,"[""BCF"", ""FLA"", ""INSTSUB""]",SUCCESS,24,225,62,10,38,16.88888888888889,long,simple,long_simple,0.6681423598147922,2109,365,
p02912,s426374713,1562,6978,clean_src/p02912/s426374713.c,obfuscated_bin/p02912/s426374713_fla_bcf_instsub.elf,input_output/p02912/input.txt,input_output/p02912/output.txt,llvm-clang-14,O0,True,OLLVM_Heroims_NewPass,"[""BCF"", ""FLA"", ""INSTSUB""]",SUCCESS,24,216,60,10,36,16.666666666666664,long,simple,long_simple,0.7627432471587654,2099,351,
p02913,s406995422,647,1658,clean_src/p02913/s406995422.c,obfuscated_bin/p02913/s406995422_fla_bcf_instsub.elf,input_output/p02913/input.txt,input_output/p02913/output.txt,llvm-clang-14,O0,True,OLLVM_Heroims_NewPass,"[""BCF"", ""FLA"", ""INSTSUB""]",SUCCESS,8,52,24,5,16,30.76923076923077,short,complex,short_complex,0.5912247686572826,1187,928,
p02914,s457105888,559,1642,clean_src/p02914/s457105888.c,obfuscated_bin/p02914/s457105888_fla_bcf_instsub.elf,input_output/p02914/input.txt,input_output/p02914/output.txt,llvm-clang-14,O0,True,OLLVM_Heroims_NewPass,"[""BCF"", ""FLA"", ""INSTSUB""]",SUCCESS,6,48,23,12,17,35.41666666666667,short,complex,short_complex,0.9978083716262801,982,1071,
p02916,s649256442,4080,26073,clean_src/p02916/s649256442.c,obfuscated_bin/p02916/s649256442_fla_bcf_instsub.elf,input_output/p02916/input.txt,input_output/p02916/output.txt,llvm-clang-14,O0,True,OLLVM_Heroims_NewPass,"[""BCF"", ""FLA"", ""INSTSUB""]",SUCCESS,50,584,83,7,33,5.650684931506849,long,simple,long_simple,0.7675494421777513,2571,13,
p02917,s257753916,653,4349,clean_src/p02917/s257753916.c,obfuscated_bin/p02917/s257753916_fla_bcf_instsub.elf,input_output/p02917/input.txt,input_output/p02917/output.txt,llvm-clang-14,O0,True,OLLVM_Heroims_NewPass,"[""BCF"", ""FLA"", ""INSTSUB""]",SUCCESS,12,91,22,4,10,10.989010989010989,short,simple,short_simple,0.9738435287710209,1199,84,
p02918,s756899163,1723,7692,clean_src/p02918/s756899163.c,obfuscated_bin/p02918/s756899163_fla_bcf_instsub.elf,input_output/p02918/input.txt,input_output/p02918/output.txt,llvm-clang-14,O0,True,OLLVM_Heroims_NewPass,"[""BCF"", ""FLA"", ""INSTSUB""]",SUCCESS,24,250,67,10,43,17.2,long,simple,long_simple,0.946657146467232,2165,387,
p02919,s540432572,937,2668,clean_src/p02919/s540432572.c,obfuscated_bin/p02919/s540432572_fla_bcf_instsub.elf,input_output/p02919/input.txt,input_output/p02919/output.txt,llvm-clang-14,O0,True,OLLVM_Heroims_NewPass,"[""BCF"", ""FLA"", ""INSTSUB""]",SUCCESS,13,84,34,8,21,25.0,long,simple,long_simple,0.86173072804957,1673,618,
p02920,s295267439,2722,5958,clean_src/p02920/s295267439.c,obfuscated_bin/p02920/s295267439_fla_bcf_instsub.elf,input_output/p02920/input.txt,input_output/p02920/output.txt,llvm-clang-14,O0,True,OLLVM_Heroims_NewPass,"[""BCF"", ""FLA"", ""INSTSUB""]",SUCCESS,52,154,111,8,59,38.311688311688314,long,complex,long_complex,0.7975263934409249,2462,928,
p02921,s224685587,2524,5359,clean_src/p02921/s224685587.c,obfuscated_bin/p02921/s224685587_fla_bcf_instsub.elf,input_output/p02921/input.txt,input_output/p02921/output.txt,llvm-clang-14,O0,True,OLLVM_Heroims_NewPass,"[""BCF"", ""FLA"", ""INSTSUB""]",SUCCESS,52,125,106,4,54,43.2,long,complex,long_complex,0.4961926098431525,2395,1023,
p02922,s248526484,452,2235,clean_src/p02922/s248526484.c,obfuscated_bin/p02922/s248526484_fla_bcf_instsub.elf,input_output/p02922/input.txt,input_output/p02922/output.txt,llvm-clang-14,O0,True,OLLVM_Heroims_NewPass,"[""BCF"", ""FLA"", ""INSTSUB""]",SUCCESS,9,61,16,4,7,11.475409836065573,short,simple,short_simple,0.7722868097720222,695,97,
p02923,s118365615,2557,5430,clean_src/p02923/s118365615.c,obfuscated_bin/p02923/s118365615_fla_bcf_instsub.elf,input_output/p02923/input.txt,input_output/p02923/output.txt,llvm-clang-14,O0,True,OLLVM_Heroims_NewPass,"[""BCF"", ""FLA"", ""INSTSUB""]",SUCCESS,52,131,107,4,55,41.98473282442748,long,complex,long_complex,0.9857424726605217,2413,996,
p02924,s623421793,378,1117,clean_src/p02924/s623421793.c,obfuscated_bin/p02924/s623421793_fla_bcf_instsub.elf,input_output/p02924/input.txt,input_output/p02924/output.txt,llvm-clang-14,O0,True,OLLVM_Heroims_NewPass,"[""BCF"", ""FLA"", ""INSTSUB""]",SUCCESS,3,51,16,7,13,25.49019607843137,short,complex,short_complex,0.9424186631260876,472,691,
p02925,s211039674,2777,5969,clean_src/p02925/s211039674.c,obfuscated_bin/p02925/s211039674_fla_bcf_instsub.elf,input_output/p02925/input.txt,input_output/p02925/output.txt,llvm-clang-14,O0,True,OLLVM_Heroims_NewPass,"[""BCF"", ""FLA"", ""INSTSUB""]",SUCCESS,54,154,113,8,59,38.311688311688314,long,complex,long_complex,0.6766364173311963,2471,929,
p02927,s727908551,556,3308,clean_src/p02927/s727908551.c,obfuscated_bin/p02927/s727908551_fla_bcf_instsub.elf,input_output/p02927/input.txt,input_output/p02927/output.txt,llvm-clang-14,O0,True,OLLVM_Heroims_NewPass,"[""BCF"", ""FLA"", ""INSTSUB""]",SUCCESS,11,83,32,7,21,25.301204819277107,short,complex,short_complex,0.9865229254752076,969,677,
p02928,s993756808,674,3767,clean_src/p02928/s993756808.c,obfuscated_bin/p02928/s993756808_fla_bcf_instsub.elf,input_output/p02928/input.txt,input_output/p02928/output.txt,llvm-clang-14,O0,True,OLLVM_Heroims_NewPass,"[""BCF"", ""FLA"", ""INSTSUB""]",SUCCESS,11,103,31,7,20,19.41747572815534,short,simple,short_simple,0.9912273611844953,1246,405,
p02929,s144130504,292,1218,clean_src/p02929/s144130504.c,obfuscated_bin/p02929/s144130504_fla_bcf_instsub.elf,input_output/p02929/input.txt,input_output/p02929/output.txt,llvm-clang-14,O0,True,OLLVM_Heroims_NewPass,"[""BCF"", ""FLA"", ""INSTSUB""]",SUCCESS,3,63,10,8,7,11.11111111111111,short,simple,short_simple,0.9928574857151347,162,88,
p02931,s934673963,1102,2510,clean_src/p02931/s934673963.c,obfuscated_bin/p02931/s934673963_fla_bcf_instsub.elf,input_output/p02931/input.txt,input_output/p02931/output.txt,llvm-clang-14,O0,True,OLLVM_Heroims_NewPass,"[""BCF"", ""FLA"", ""INSTSUB""]",SUCCESS,6,115,27,7,21,18.26086956521739,long,simple,long_simple,0.8835677330577634,1827,435,
p02932,s407459224,693,2056,clean_src/p02932/s407459224.c,obfuscated_bin/p02932/s407459224_fla_bcf_instsub.elf,input_output/p02932/input.txt,input_output/p02932/output.txt,llvm-clang-14,O0,True,OLLVM_Heroims_NewPass,"[""BCF"", ""FLA"", ""INSTSUB""]",SUCCESS,9,75,21,6,12,16.0,short,simple,short_simple,0.8455130083983208,1289,256,
p02933,s324893518,310,1742,clean_src/p02933/s324893518.c,obfuscated_bin/p02933/s324893518_fla_bcf_instsub.elf,input_output/p02933/input.txt,input_output/p02933/output.txt,llvm-clang-14,O0,True,OLLVM_Heroims_NewPass,"[""BCF"", ""FLA"", ""INSTSUB""]",SUCCESS,5,54,8,2,3,5.555555555555555,short,simple,short_simple,0.7538789533361033,232,12,
p02935,s407045474,552,1687,clean_src/p02935/s407045474.c,obfuscated_bin/p02935/s407045474_fla_bcf_instsub.elf,input_output/p02935/input.txt,input_output/p02935/output.txt,llvm-clang-14,O0,True,OLLVM_Heroims_NewPass,"[""BCF"", ""FLA"", ""INSTSUB""]",SUCCESS,10,42,18,3,8,19.047619047619047,short,simple,short_simple,0.19434116880227104,959,385,
p02936,s632354477,3052,8512,clean_src/p02936/s632354477.c,obfuscated_bin/p02936/s632354477_fla_bcf_instsub.elf,input_output/p02936/input.txt,input_output/p02936/output.txt,llvm-clang-14,O0,True,OLLVM_Heroims_NewPass,"[""BCF"", ""FLA"", ""INSTSUB""]",SUCCESS,53,108,120,8,67,62.03703703703704,long,complex,long_complex,0.7389997579541143,2524,1205,
p02937,s933462026,655,3581,clean_src/p02937/s933462026.c,obfuscated_bin/p02937/s933462026_fla_bcf_instsub.elf,input_output/p02937/input.txt,input_output/p02937/output.txt,llvm-clang-14,O0,True,OLLVM_Heroims_NewPass,"[""BCF"", ""FLA"", ""INSTSUB""]",SUCCESS,5,141,28,9,23,16.312056737588655,short,simple,short_simple,0.8460988585052359,1202,274,
p02938,s717827677,454,1369,clean_src/p02938/s717827677.c,obfuscated_bin/p02938/s717827677_fla_bcf_instsub.elf,input_output/p02938/input.txt,input_output/p02938/output.txt,llvm-clang-14,O0,True,OLLVM_Heroims_NewPass,"[""BCF"", ""FLA"", ""INSTSUB""]",SUCCESS,3,42,31,29,28,66.66666666666666,short,complex,short_complex,0.8309847024128612,701,1286,
p02939,s426528423,819,5347,clean_src/p02939/s426528423.c,obfuscated_bin/p02939/s426528423_fla_bcf_instsub.elf,input_output/p02939/input.txt,input_output/p02939/output.txt,llvm-clang-14,O0,True,OLLVM_Heroims_NewPass,"[""BCF"", ""FLA"", ""INSTSUB""]",SUCCESS,15,106,28,5,13,12.264150943396226,long,simple,long_simple,0.5628644950283527,1507,127,
p02940,s693601880,644,1594,clean_src/p02940/s693601880.c,obfuscated_bin/p02940/s693601880_fla_bcf_instsub.elf,input_output/p02940/input.txt,input_output/p02940/output.txt,llvm-clang-14,O0,True,OLLVM_Heroims_NewPass,"[""BCF"", ""FLA"", ""INSTSUB""]",SUCCESS,1,38,25,25,24,63.1578947368421,short,complex,short_complex,0.5039752665708686,1178,1279,
p02941,s235876412,855,2559,clean_src/p02941/s235876412.c,obfuscated_bin/p02941/s235876412_fla_bcf_instsub.elf,input_output/p02941/input.txt,input_output/p02941/output.txt,llvm-clang-14,O0,True,OLLVM_Heroims_NewPass,"[""BCF"", ""FLA"", ""INSTSUB""]",SUCCESS,7,104,28,10,21,20.192307692307693,long,simple,long_simple,0.7857172496557837,1559,498,
p02943,s826553393,2797,5984,clean_src/p02943/s826553393.c,obfuscated_bin/p02943/s826553393_fla_bcf_instsub.elf,input_output/p02943/input.txt,input_output/p02943/output.txt,llvm-clang-14,O0,True,OLLVM_Heroims_NewPass,"[""BCF"", ""FLA"", ""INSTSUB""]",SUCCESS,55,168,115,6,60,35.714285714285715,long,complex,long_complex,0.5572939200018096,2480,882,
p02945,s859076959,609,1541,clean_src/p02945/s859076959.c,obfuscated_bin/p02945/s859076959_fla_bcf_instsub.elf,input_output/p02945/input.txt,input_output/p02945/output.txt,llvm-clang-14,O0,True,OLLVM_Heroims_NewPass,"[""BCF"", ""FLA"", ""INSTSUB""]",SUCCESS,16,41,27,4,11,26.82926829268293,short,complex,short_complex,0.8719672084488729,1087,749,
p02946,s163753674,569,2351,clean_src/p02946/s163753674.c,obfuscated_bin/p02946/s163753674_fla_bcf_instsub.elf,input_output/p02946/input.txt,input_output/p02946/output.txt,llvm-clang-14,O0,True,OLLVM_Heroims_NewPass,"[""BCF"", ""FLA"", ""INSTSUB""]",SUCCESS,12,87,27,4,15,17.24137931034483,short,simple,short_simple,0.7576494011548075,1001,313,
p02947,s075204522,2244,4955,clean_src/p02947/s075204522.c,obfuscated_bin/p02947/s075204522_fla_bcf_instsub.elf,input_output/p02947/input.txt,input_output/p02947/output.txt,llvm-clang-14,O0,True,OLLVM_Heroims_NewPass,"[""BCF"", ""FLA"", ""INSTSUB""]",SUCCESS,46,111,97,5,51,45.94594594594595,long,complex,long_complex,0.7810450721742436,2315,1082,
p02948,s176297210,1633,11065,clean_src/p02948/s176297210.c,obfuscated_bin/p02948/s176297210_fla_bcf_instsub.elf,input_output/p02948/input.txt,input_output/p02948/output.txt,llvm-clang-14,O0,True,OLLVM_Heroims_NewPass,"[""BCF"", ""FLA"", ""INSTSUB""]",SUCCESS,16,340,58,7,42,12.352941176470589,long,simple,long_simple,0.8202748231381187,2126,130,
p02949,s938107287,4767,16939,clean_src/p02949/s938107287.c,obfuscated_bin/p02949/s938107287_fla_bcf_instsub.elf,input_output/p02949/input.txt,input_output/p02949/output.txt,llvm-clang-14,O0,True,OLLVM_Heroims_NewPass,"[""BCF"", ""FLA"", ""INSTSUB""]",SUCCESS,72,270,195,24,123,45.55555555555556,long,complex,long_complex,0.48153155078780785,2580,1068,
p02950,s864110221,462,1103,clean_src/p02950/s864110221.c,obfuscated_bin/p02950/s864110221_fla_bcf_instsub.elf,input_output/p02950/input.txt,input_output/p02950/output.txt,llvm-clang-14,O0,True,OLLVM_Heroims_NewPass,"[""BCF"", ""FLA"", ""INSTSUB""]",SUCCESS,2,63,17,14,15,23.809523809523807,short,simple,short_simple,0.9799359872302782,726,618,
p02951,s690363825,567,2356,clean_src/p02951/s690363825.c,obfuscated_bin/p02951/s690363825_fla_bcf_instsub.elf,input_output/p02951/input.txt,input_output/p02951/output.txt,llvm-clang-14,O0,True,OLLVM_Heroims_NewPass,"[""BCF"", ""FLA"", ""INSTSUB""]",SUCCESS,12,89,26,4,14,15.730337078651685,short,simple,short_simple,0.5418399826747982,994,241,
p02952,s619842794,350,1091,clean_src/p02952/s619842794.c,obfuscated_bin/p02952/s619842794_fla_bcf_instsub.elf,input_output/p02952/input.txt,input_output/p02952/output.txt,llvm-clang-14,O0,True,OLLVM_Heroims_NewPass,"[""BCF"", ""FLA"", ""INSTSUB""]",SUCCESS,1,43,24,24,23,53.48837209302325,short,complex,short_complex,0.7445801758031747,371,1262,
p02953,s164984728,592,2529,clean_src/p02953/s164984728.c,obfuscated_bin/p02953/s164984728_fla_bcf_instsub.elf,input_output/p02953/input.txt,input_output/p02953/output.txt,llvm-clang-14,O0,True,OLLVM_Heroims_NewPass,"[""BCF"", ""FLA"", ""INSTSUB""]",SUCCESS,12,95,30,6,18,18.947368421052634,short,simple,short_simple,0.8014169796744223,1052,383,
p02954,s208708129,732,2095,clean_src/p02954/s208708129.c,obfuscated_bin/p02954/s208708129_fla_bcf_instsub.elf,input_output/p02954/input.txt,input_output/p02954/output.txt,llvm-clang-14,O0,True,OLLVM_Heroims_NewPass,"[""BCF"", ""FLA"", ""INSTSUB""]",SUCCESS,1,105,23,23,22,20.952380952380953,long,simple,long_simple,0.6320127286104784,1365,525,
p02955,s521258559,624,1623,clean_src/p02955/s521258559.c,obfuscated_bin/p02955/s521258559_fla_bcf_instsub.elf,input_output/p02955/input.txt,input_output/p02955/output.txt,llvm-clang-14,O0,True,OLLVM_Heroims_NewPass,"[""BCF"", ""FLA"", ""INSTSUB""]",SUCCESS,4,104,22,8,18,17.307692307692307,short,simple,short_simple,0.9476685234321689,1131,316,
p02956,s945159074,871,2679,clean_src/p02956/s945159074.c,obfuscated_bin/p02956/s945159074_fla_bcf_instsub.elf,input_output/p02956/input.txt,input_output/p02956/output.txt,llvm-clang-14,O0,True,OLLVM_Heroims_NewPass,"[""BCF"", ""FLA"", ""INSTSUB""]",SUCCESS,10,104,19,6,9,8.653846153846153,long,simple,long_simple,0.524661646878122,1580,61,
p02957,s159540530,2408,5178,clean_src/p02957/s159540530.c,obfuscated_bin/p02957/s159540530_fla_bcf_instsub.elf,input_output/p02957/input.txt,input_output/p02957/output.txt,llvm-clang-14,O0,True,OLLVM_Heroims_NewPass,"[""BCF"", ""FLA"", ""INSTSUB""]",SUCCESS,51,115,102,4,51,44.34782608695652,long,complex,long_complex,0.9189077176325049,2354,1049,
p02958,s332159434,714,2887,clean_src/p02958/s332159434.c,obfuscated_bin/p02958/s332159434_fla_bcf_instsub.elf,input_output/p02958/input.txt,input_output/p02958/output.txt,llvm-clang-14,O0,True,OLLVM_Heroims_NewPass,"[""BCF"", ""FLA"", ""INSTSUB""]",SUCCESS,13,106,35,8,22,20.754716981132077,long,simple,long_simple,0.607408873353436,1332,518,
p02959,s933738796,838,2781,clean_src/p02959/s933738796.c,obfuscated_bin/p02959/s933738796_fla_bcf_instsub.elf,input_output/p02959/input.txt,input_output/p02959/output.txt,llvm-clang-14,O0,True,OLLVM_Heroims_NewPass,"[""BCF"", ""FLA"", ""INSTSUB""]",SUCCESS,11,110,27,6,16,14.545454545454545,long,simple,long_simple,0.7892446944741381,1533,210,
p02960,s019741408,1014,2743,clean_src/p02960/s019741408.c,obfuscated_bin/p02960/s019741408_fla_bcf_instsub.elf,input_output/p02960/input.txt,input_output/p02960/output.txt,llvm-clang-14,O0,True,OLLVM_Heroims_NewPass,"[""BCF"", ""FLA"", ""INSTSUB""]",SUCCESS,15,43,57,8,42,97.67441860465115,long,complex,long_complex,0.5955796231625269,1752,1292,
p02962,s563064589,871,2688,clean_src/p02962/s563064589.c,obfuscated_bin/p02962/s563064589_fla_bcf_instsub.elf,input_output/p02962/input.txt,input_output/p02962/output.txt,llvm-clang-14,O0,True,OLLVM_Heroims_NewPass,"[""BCF"", ""FLA"", ""INSTSUB""]",SUCCESS,5,109,26,17,21,19.26605504587156,long,simple,long_simple,0.8214931531858349,1581,469,
p02964,s131265573,796,2141,clean_src/p02964/s131265573.c,obfuscated_bin/p02964/s131265573_fla_bcf_instsub.elf,input_output/p02964/input.txt,input_output/p02964/output.txt,llvm-clang-14,O0,True,OLLVM_Heroims_NewPass,"[""BCF"", ""FLA"", ""INSTSUB""]",SUCCESS,8,68,26,10,18,26.47058823529412,long,complex,long_complex,0.7647020659241336,1470,665,
p02965,s206977120,2848,6265,clean_src/p02965/s206977120.c,obfuscated_bin/p02965/s206977120_fla_bcf_instsub.elf,input_output/p02965/input.txt,input_output/p02965/output.txt,llvm-clang-14,O0,True,OLLVM_Heroims_NewPass,"[""BCF"", ""FLA"", ""INSTSUB""]",SUCCESS,56,162,112,4,56,34.5679012345679,long,complex,long_complex,0.6781856634472718,2495,856,
p02970,s237834827,546,2293,clean_src/p02970/s237834827.c,obfuscated_bin/p02970/s237834827_fla_bcf_instsub.elf,input_output/p02970/input.txt,input_output/p02970/output.txt,llvm-clang-14,O0,True,OLLVM_Heroims_NewPass,"[""BCF"", ""FLA"", ""INSTSUB""]",SUCCESS,12,83,25,4,13,15.66265060240964,short,simple,short_simple,0.9778502549635187,942,238,
p02971,s973298356,821,3142,clean_src/p02971/s973298356.c,obfuscated_bin/p02971/s973298356_fla_bcf_instsub.elf,input_output/p02971/input.txt,input_output/p02971/output.txt,llvm-clang-14,O0,True,OLLVM_Heroims_NewPass,"[""BCF"", ""FLA"", ""INSTSUB""]",SUCCESS,14,112,33,5,19,16.964285714285715,long,simple,long_simple,0.8817766704850911,1511,371,
p02972,s061727386,2805,6942,clean_src/p02972/s061727386.c,obfuscated_bin/p02972/s061727386_fla_bcf_instsub.elf,input_output/p02972/input.txt,input_output/p02972/output.txt,llvm-clang-14,O0,True,OLLVM_Heroims_NewPass,"[""BCF"", ""FLA"", ""INSTSUB""]",SUCCESS,51,90,118,8,67,74.44444444444444,long,complex,long_complex,0.9506191011264695,2483,1248,
p02973,s921648382,1055,3371,clean_src/p02973/s921648382.c,obfuscated_bin/p02973/s921648382_fla_bcf_instsub.elf,input_output/p02973/input.txt,input_output/p02973/output.txt,llvm-clang-14,O0,True,OLLVM_Heroims_NewPass,"[""BCF"", ""FLA"", ""INSTSUB""]",SUCCESS,9,122,28,6,19,15.573770491803279,long,simple,long_simple,0.8166457017581763,1785,261,
p02974,s825382790,395,870,clean_src/p02974/s825382790.c,obfuscated_bin/p02974/s825382790_fla_bcf_instsub.elf,input_output/p02974/input.txt,input_output/p02974/output.txt,llvm-clang-14,O0,True,OLLVM_Heroims_NewPass,"[""BCF"", ""FLA"", ""INSTSUB""]",SUCCESS,2,30,6,5,4,13.333333333333334,short,simple,short_simple,0.5721756109537528,527,150,
p02975,s152835119,2600,5600,clean_src/p02975/s152835119.c,obfuscated_bin/p02975/s152835119_fla_bcf_instsub.elf,input_output/p02975/input.txt,input_output/p02975/output.txt,llvm-clang-14,O0,True,OLLVM_Heroims_NewPass,"[""BCF"", ""FLA"", ""INSTSUB""]",SUCCESS,51,128,108,8,57,44.53125,long,complex,long_complex,0.7576184411121368,2430,1051,
p02977,s691397405,292,834,clean_src/p02977/s691397405.c,obfuscated_bin/p02977/s691397405_fla_bcf_instsub.elf,input_output/p02977/input.txt,input_output/p02977/output.txt,llvm-clang-14,O0,True,OLLVM_Heroims_NewPass,"[""BCF"", ""FLA"", ""INSTSUB""]",SUCCESS,3,43,7,5,4,9.30232558139535,short,simple,short_simple,0.9921207890797287,163,48,
p02978,s767612729,2775,5913,clean_src/p02978/s767612729.c,obfuscated_bin/p02978/s767612729_fla_bcf_instsub.elf,input_output/p02978/input.txt,input_output/p02978/output.txt,llvm-clang-14,O0,True,OLLVM_Heroims_NewPass,"[""BCF"", ""FLA"", ""INSTSUB""]",SUCCESS,54,147,112,4,58,39.455782312925166,long,complex,long_complex,0.2744490320190003,2470,941,
p02981,s531549003,2394,5139,clean_src/p02981/s531549003.c,obfuscated_bin/p02981/s531549003_fla_bcf_instsub.elf,input_output/p02981/input.txt,input_output/p02981/output.txt,llvm-clang-14,O0,True,OLLVM_Heroims_NewPass,"[""BCF"", ""FLA"", ""INSTSUB""]",SUCCESS,51,114,101,4,50,43.859649122807014,long,complex,long_complex,0.9739868942841786,2350,1039,
p02982,s356994072,1017,2978,clean_src/p02982/s356994072.c,obfuscated_bin/p02982/s356994072_fla_bcf_instsub.elf,input_output/p02982/input.txt,input_output/p02982/output.txt,llvm-clang-14,O0,True,OLLVM_Heroims_NewPass,"[""BCF"", ""FLA"", ""INSTSUB""]",SUCCESS,12,123,45,8,33,26.82926829268293,long,complex,long_complex,0.42245835120584896,1757,671,
p02983,s281128260,609,2285,clean_src/p02983/s281128260.c,obfuscated_bin/p02983/s281128260_fla_bcf_instsub.elf,input_output/p02983/input.txt,input_output/p02983/output.txt,llvm-clang-14,O0,True,OLLVM_Heroims_NewPass,"[""BCF"", ""FLA"", ""INSTSUB""]",SUCCESS,12,96,29,5,17,17.708333333333336,short,simple,short_simple,0.6890172918303021,1088,332,
p02984,s123818040,645,3112,clean_src/p02984/s123818040.c,obfuscated_bin/p02984/s123818040_fla_bcf_instsub.elf,input_output/p02984/input.txt,input_output/p02984/output.txt,llvm-clang-14,O0,True,OLLVM_Heroims_NewPass,"[""BCF"", ""FLA"", ""INSTSUB""]",SUCCESS,5,134,24,7,19,14.17910447761194,short,simple,short_simple,0.8708156055227846,1182,179,
p02986,s379178741,1686,5350,clean_src/p02986/s379178741.c,obfuscated_bin/p02986/s379178741_fla_bcf_instsub.elf,input_output/p02986/input.txt,input_output/p02986/output.txt,llvm-clang-14,O0,True,OLLVM_Heroims_NewPass,"[""BCF"", ""FLA"", ""INSTSUB""]",SUCCESS,13,181,36,5,23,12.70718232044199,long,simple,long_simple,0.933552410303406,2151,143,
p02987,s940628152,728,2348,clean_src/p02987/s940628152.c,obfuscated_bin/p02987/s940628152_fla_bcf_instsub.elf,input_output/p02987/input.txt,input_output/p02987/output.txt,llvm-clang-14,O0,True,OLLVM_Heroims_NewPass,"[""BCF"", ""FLA"", ""INSTSUB""]",SUCCESS,10,91,29,10,19,20.87912087912088,long,simple,long_simple,0.9615096779382319,1350,522,
p02988,s842960997,2437,10878,clean_src/p02988/s842960997.c,obfuscated_bin/p02988/s842960997_fla_bcf_instsub.elf,input_output/p02988/input.txt,input_output/p02988/output.txt,llvm-clang-14,O0,True,OLLVM_Heroims_NewPass,"[""BCF"", ""FLA"", ""INSTSUB""]",SUCCESS,35,307,90,8,55,17.91530944625407,long,simple,long_simple,0.9552337665802674,2359,421,
p02989,s437869606,2139,4677,clean_src/p02989/s437869606.c,obfuscated_bin/p02989/s437869606_fla_bcf_instsub.elf,input_output/p02989/input.txt,input_output/p02989/output.txt,llvm-clang-14,O0,True,OLLVM_Heroims_NewPass,"[""BCF"", ""FLA"", ""INSTSUB""]",SUCCESS,46,98,93,4,47,47.95918367346938,long,complex,long_complex,0.5370657279138037,2283,1121,
p02990,s455354766,2459,5637,clean_src/p02990/s455354766.c,obfuscated_bin/p02990/s455354766_fla_bcf_instsub.elf,input_output/p02990/input.txt,input_output/p02990/output.txt,llvm-clang-14,O0,True,OLLVM_Heroims_NewPass,"[""BCF"", ""FLA"", ""INSTSUB""]",SUCCESS,51,144,105,5,54,37.5,long,complex,long_complex,0.8470545054699409,2366,915,
p02991,s321669937,2254,6515,clean_src/p02991/s321669937.c,obfuscated_bin/p02991/s321669937_fla_bcf_instsub.elf,input_output/p02991/input.txt,input_output/p02991/output.txt,llvm-clang-14,O0,True,OLLVM_Heroims_NewPass,"[""BCF"", ""FLA"", ""INSTSUB""]",SUCCESS,41,100,91,8,50,50.0,long,complex,long_complex,0.8963895135323331,2316,1160,
p02992,s099981373,545,1032,clean_src/p02992/s099981373.c,obfuscated_bin/p02992/s099981373_fla_bcf_instsub.elf,input_output/p02992/input.txt,input_output/p02992/output.txt,llvm-clang-14,O0,True,OLLVM_Heroims_NewPass,"[""BCF"", ""FLA"", ""INSTSUB""]",SUCCESS,1,38,14,14,13,34.21052631578947,short,complex,short_complex,0.9301974996433169,939,1039,
p02993,s810129055,650,2272,clean_src/p02993/s810129055.c,obfuscated_bin/p02993/s810129055_fla_bcf_instsub.elf,input_output/p02993/input.txt,input_output/p02993/output.txt,llvm-clang-14,O0,True,OLLVM_Heroims_NewPass,"[""BCF"", ""FLA"", ""INSTSUB""]",SUCCESS,10,87,23,5,13,14.942528735632186,short,simple,short_simple,0.6850137045431132,1194,203,
p02994,s769172290,5386,16182,clean_src/p02994/s769172290.c,obfuscated_bin/p02994/s769172290_fla_bcf_instsub.elf,input_output/p02994/input.txt,input_output/p02994/output.txt,llvm-clang-14,O0,True,OLLVM_Heroims_NewPass,"[""BCF"", ""FLA"", ""INSTSUB""]",SUCCESS,68,945,153,8,85,8.994708994708994,long,simple,long_simple,0.8682480661065094,2589,63,
p02995,s820494719,897,3194,clean_src/p02995/s820494719.c,obfuscated_bin/p02995/s820494719_fla_bcf_instsub.elf,input_output/p02995/input.txt,input_output/p02995/output.txt,llvm-clang-14,O0,True,OLLVM_Heroims_NewPass,"[""BCF"", ""FLA"", ""INSTSUB""]",SUCCESS,12,117,26,5,14,11.965811965811966,long,simple,long_simple,0.8416179640770166,1624,120,
p02996,s348915322,544,1900,clean_src/p02996/s348915322.c,obfuscated_bin/p02996/s348915322_fla_bcf_instsub.elf,input_output/p02996/input.txt,input_output/p02996/output.txt,llvm-clang-14,O0,True,OLLVM_Heroims_NewPass,"[""BCF"", ""FLA"", ""INSTSUB""]",SUCCESS,4,73,17,9,13,17.80821917808219,short,simple,short_simple,0.9667859025023711,935,340,
p02998,s484460018,871,2687,clean_src/p02998/s484460018.c,obfuscated_bin/p02998/s484460018_fla_bcf_instsub.elf,input_output/p02998/input.txt,input_output/p02998/output.txt,llvm-clang-14,O0,True,OLLVM_Heroims_NewPass,"[""BCF"", ""FLA"", ""INSTSUB""]",SUCCESS,11,106,29,10,18,16.9811320754717,long,simple,long_simple,0.5705601488113395,1582,374,
p02999,s151197497,340,1614,clean_src/p02999/s151197497.c,obfuscated_bin/p02999/s151197497_fla_bcf_instsub.elf,input_output/p02999/input.txt,input_output/p02999/output.txt,llvm-clang-14,O0,True,OLLVM_Heroims_NewPass,"[""BCF"", ""FLA"", ""INSTSUB""]",SUCCESS,8,59,16,2,8,13.559322033898304,short,simple,short_simple,0.9388078582019217,341,164,
p03000,s788368867,318,1173,clean_src/p03000/s788368867.c,obfuscated_bin/p03000/s788368867_fla_bcf_instsub.elf,input_output/p03000/input.txt,input_output/p03000/output.txt,llvm-clang-14,O0,True,OLLVM_Heroims_NewPass,"[""BCF"", ""FLA"", ""INSTSUB""]",SUCCESS,1,50,12,12,11,22.0,short,simple,short_simple,0.5210786378431396,259,536,
p03001,s907313477,372,1686,clean_src/p03001/s907313477.c,obfuscated_bin/p03001/s907313477_fla_bcf_instsub.elf,input_output/p03001/input.txt,input_output/p03001/output.txt,llvm-clang-14,O0,True,OLLVM_Heroims_NewPass,"[""BCF"", ""FLA"", ""INSTSUB""]",SUCCESS,8,59,17,3,9,15.254237288135593,short,simple,short_simple,0.7745693618338004,451,216,
p03003,s630097903,414,1346,clean_src/p03003/s630097903.c,obfuscated_bin/p03003/s630097903_fla_bcf_instsub.elf,input_output/p03003/input.txt,input_output/p03003/output.txt,llvm-clang-14,O0,True,OLLVM_Heroims_NewPass,"[""BCF"", ""FLA"", ""INSTSUB""]",SUCCESS,6,25,12,3,6,24.0,short,simple,short_simple,0.7760882227742977,596,621,
p03005,s738397673,457,1578,clean_src/p03005/s738397673.c,obfuscated_bin/p03005/s738397673_fla_bcf_instsub.elf,input_output/p03005/input.txt,input_output/p03005/output.txt,llvm-clang-14,O0,True,OLLVM_Heroims_NewPass,"[""BCF"", ""FLA"", ""INSTSUB""]",SUCCESS,12,104,19,3,7,6.730769230769231,short,simple,short_simple,0.9145066885027444,711,16,
p03006,s125302006,2646,5893,clean_src/p03006/s125302006.c,obfuscated_bin/p03006/s125302006_fla_bcf_instsub.elf,input_output/p03006/input.txt,input_output/p03006/output.txt,llvm-clang-14,O0,True,OLLVM_Heroims_NewPass,"[""BCF"", ""FLA"", ""INSTSUB""]",SUCCESS,50,157,112,11,62,39.490445859872615,long,complex,long_complex,0.9215930429769227,2448,943,
p03007,s976607711,996,2909,clean_src/p03007/s976607711.c,obfuscated_bin/p03007/s976607711_fla_bcf_instsub.elf,input_output/p03007/input.txt,input_output/p03007/output.txt,llvm-clang-14,O0,True,OLLVM_Heroims_NewPass,"[""BCF"", ""FLA"", ""INSTSUB""]",SUCCESS,13,172,34,14,21,12.209302325581394,long,simple,long_simple,0.4580041618025733,1734,126,
p03008,s019119918,453,1135,clean_src/p03008/s019119918.c,obfuscated_bin/p03008/s019119918_fla_bcf_instsub.elf,input_output/p03008/input.txt,input_output/p03008/output.txt,llvm-clang-14,O0,True,OLLVM_Heroims_NewPass,"[""BCF"", ""FLA"", ""INSTSUB""]",SUCCESS,7,26,15,3,8,30.76923076923077,short,complex,short_complex,0.8387387971278508,699,927,
p03009,s530069808,425,1265,clean_src/p03009/s530069808.c,obfuscated_bin/p03009/s530069808_fla_bcf_instsub.elf,input_output/p03009/input.txt,input_output/p03009/output.txt,llvm-clang-14,O0,True,OLLVM_Heroims_NewPass,"[""BCF"", ""FLA"", ""INSTSUB""]",SUCCESS,5,56,11,3,6,10.714285714285714,short,simple,short_simple,0.5950273131121996,628,77,
p03011,s210346355,450,1533,clean_src/p03011/s210346355.c,obfuscated_bin/p03011/s210346355_fla_bcf_instsub.elf,input_output/p03011/input.txt,input_output/p03011/output.txt,llvm-clang-14,O0,True,OLLVM_Heroims_NewPass,"[""BCF"", ""FLA"", ""INSTSUB""]",SUCCESS,11,95,16,3,5,5.263157894736842,short,simple,short_simple,0.7305229013151462,690,11,
p03012,s677897208,505,1747,clean_src/p03012/s677897208.c,obfuscated_bin/p03012/s677897208_fla_bcf_instsub.elf,input_output/p03012/input.txt,input_output/p03012/output.txt,llvm-clang-14,O0,True,OLLVM_Heroims_NewPass,"[""BCF"", ""FLA"", ""INSTSUB""]",SUCCESS,13,101,21,6,8,7.920792079207921,short,simple,short_simple,0.9758640495716552,844,27,
p03013,s122860876,565,1778,clean_src/p03013/s122860876.c,obfuscated_bin/p03013/s122860876_fla_bcf_instsub.elf,input_output/p03013/input.txt,input_output/p03013/output.txt,llvm-clang-14,O0,True,OLLVM_Heroims_NewPass,"[""BCF"", ""FLA"", ""INSTSUB""]",SUCCESS,12,115,23,6,11,9.565217391304348,short,simple,short_simple,0.7808691132448011,992,56,
p03014,s996972045,922,3402,clean_src/p03014/s996972045.c,obfuscated_bin/p03014/s996972045_fla_bcf_instsub.elf,input_output/p03014/input.txt,input_output/p03014/output.txt,llvm-clang-14,O0,True,OLLVM_Heroims_NewPass,"[""BCF"", ""FLA"", ""INSTSUB""]",SUCCESS,8,113,35,21,27,23.893805309734514,long,simple,long_simple,0.7318640368311948,1655,593,
p03016,s015880569,1933,4125,clean_src/p03016/s015880569.c,obfuscated_bin/p03016/s015880569_fla_bcf_instsub.elf,input_output/p03016/input.txt,input_output/p03016/output.txt,llvm-clang-14,O0,True,OLLVM_Heroims_NewPass,"[""BCF"", ""FLA"", ""INSTSUB""]",SUCCESS,8,144,30,11,22,15.277777777777779,long,simple,long_simple,0.7070818669761895,2226,243,
p03017,s385689388,2289,4985,clean_src/p03017/s385689388.c,obfuscated_bin/p03017/s385689388_fla_bcf_instsub.elf,input_output/p03017/input.txt,input_output/p03017/output.txt,llvm-clang-14,O0,True,OLLVM_Heroims_NewPass,"[""BCF"", ""FLA"", ""INSTSUB""]",SUCCESS,46,114,102,10,56,49.122807017543856,long,complex,long_complex,0.8811191523251083,2322,1149,
p03018,s290331721,857,1708,clean_src/p03018/s290331721.c,obfuscated_bin/p03018/s290331721_fla_bcf_instsub.elf,input_output/p03018/input.txt,input_output/p03018/output.txt,llvm-clang-14,O0,True,OLLVM_Heroims_NewPass,"[""BCF"", ""FLA"", ""INSTSUB""]",SUCCESS,9,39,48,7,39,100.0,long,complex,long_complex,0.7594326437275718,1564,1293,
p03019,s922266062,721,2035,clean_src/p03019/s922266062.c,obfuscated_bin/p03019/s922266062_fla_bcf_instsub.elf,input_output/p03019/input.txt,input_output/p03019/output.txt,llvm-clang-14,O0,True,OLLVM_Heroims_NewPass,"[""BCF"", ""FLA"", ""INSTSUB""]",SUCCESS,5,85,18,8,13,15.294117647058824,long,simple,long_simple,0.716530817245514,1339,245,
p03023,s551022662,752,2523,clean_src/p03023/s551022662.c,obfuscated_bin/p03023/s551022662_fla_bcf_instsub.elf,input_output/p03023/input.txt,input_output/p03023/output.txt,llvm-clang-14,O0,True,OLLVM_Heroims_NewPass,"[""BCF"", ""FLA"", ""INSTSUB""]",SUCCESS,18,132,26,5,8,6.0606060606060606,long,simple,long_simple,0.7580806236107699,1394,16,
p03024,s010112752,2162,4719,clean_src/p03024/s010112752.c,obfuscated_bin/p03024/s010112752_fla_bcf_instsub.elf,input_output/p03024/input.txt,input_output/p03024/output.txt,llvm-clang-14,O0,True,OLLVM_Heroims_NewPass,"[""BCF"", ""FLA"", ""INSTSUB""]",SUCCESS,46,103,96,4,50,48.54368932038835,long,complex,long_complex,0.5759154817699504,2291,1142,
p03025,s117283954,2482,5636,clean_src/p03025/s117283954.c,obfuscated_bin/p03025/s117283954_fla_bcf_instsub.elf,input_output/p03025/input.txt,input_output/p03025/output.txt,llvm-clang-14,O0,True,OLLVM_Heroims_NewPass,"[""BCF"", ""FLA"", ""INSTSUB""]",SUCCESS,50,143,101,4,51,35.66433566433567,long,complex,long_complex,0.6760199620351347,2371,880,
p03027,s792894064,570,1768,clean_src/p03027/s792894064.c,obfuscated_bin/p03027/s792894064_fla_bcf_instsub.elf,input_output/p03027/input.txt,input_output/p03027/output.txt,llvm-clang-14,O0,True,OLLVM_Heroims_NewPass,"[""BCF"", ""FLA"", ""INSTSUB""]",SUCCESS,8,70,21,4,13,18.571428571428573,short,simple,short_simple,0.9479931381114169,1004,371,
p03028,s577484164,802,2081,clean_src/p03028/s577484164.c,obfuscated_bin/p03028/s577484164_fla_bcf_instsub.elf,input_output/p03028/input.txt,input_output/p03028/output.txt,llvm-clang-14,O0,True,OLLVM_Heroims_NewPass,"[""BCF"", ""FLA"", ""INSTSUB""]",SUCCESS,5,83,20,11,15,18.072289156626507,long,simple,long_simple,0.9137613657193562,1483,428,
p03029,s899770831,760,2536,clean_src/p03029/s899770831.c,obfuscated_bin/p03029/s899770831_fla_bcf_instsub.elf,input_output/p03029/input.txt,input_output/p03029/output.txt,llvm-clang-14,O0,True,OLLVM_Heroims_NewPass,"[""BCF"", ""FLA"", ""INSTSUB""]",SUCCESS,18,132,26,5,8,6.0606060606060606,long,simple,long_simple,0.8716755658314156,1411,17,
p03030,s734154298,1201,4628,clean_src/p03030/s734154298.c,obfuscated_bin/p03030/s734154298_fla_bcf_instsub.elf,input_output/p03030/input.txt,input_output/p03030/output.txt,llvm-clang-14,O0,True,OLLVM_Heroims_NewPass,"[""BCF"", ""FLA"", ""INSTSUB""]",SUCCESS,25,176,37,5,12,6.8181818181818175,long,simple,long_simple,0.6495367445441189,1905,36,
p03031,s073612666,829,2426,clean_src/p03031/s073612666.c,obfuscated_bin/p03031/s073612666_fla_bcf_instsub.elf,input_output/p03031/input.txt,input_output/p03031/output.txt,llvm-clang-14,O0,True,OLLVM_Heroims_NewPass,"[""BCF"", ""FLA"", ""INSTSUB""]",SUCCESS,8,147,31,10,23,15.646258503401361,long,simple,long_simple,0.772213664663497,1519,268,
p03032,s648717281,2324,5097,clean_src/p03032/s648717281.c,obfuscated_bin/p03032/s648717281_fla_bcf_instsub.elf,input_output/p03032/input.txt,input_output/p03032/output.txt,llvm-clang-14,O0,True,OLLVM_Heroims_NewPass,"[""BCF"", ""FLA"", ""INSTSUB""]",SUCCESS,46,122,101,9,55,45.08196721311475,long,complex,long_complex,0.949976555561809,2332,1060,
p03033,s056277610,1511,3871,clean_src/p03033/s056277610.c,obfuscated_bin/p03033/s056277610_fla_bcf_instsub.elf,input_output/p03033/input.txt,input_output/p03033/output.txt,llvm-clang-14,O0,True,OLLVM_Heroims_NewPass,"[""BCF"", ""FLA"", ""INSTSUB""]",SUCCESS,17,125,38,6,21,16.8,long,simple,long_simple,0.9716224101743884,2080,360,
p03034,s643127168,403,1309,clean_src/p03034/s643127168.c,obfuscated_bin/p03034/s643127168_fla_bcf_instsub.elf,input_output/p03034/input.txt,input_output/p03034/output.txt,llvm-clang-14,O0,True,OLLVM_Heroims_NewPass,"[""BCF"", ""FLA"", ""INSTSUB""]",SUCCESS,2,50,12,11,10,20.0,short,simple,short_simple,0.766662068930232,553,448,
p03035,s636499857,2130,4651,clean_src/p03035/s636499857.c,obfuscated_bin/p03035/s636499857_fla_bcf_instsub.elf,input_output/p03035/input.txt,input_output/p03035/output.txt,llvm-clang-14,O0,True,OLLVM_Heroims_NewPass,"[""BCF"", ""FLA"", ""INSTSUB""]",SUCCESS,46,98,95,4,49,50.0,long,complex,long_complex,0.9415972910744891,2281,1158,
p03036,s812134188,647,2561,clean_src/p03036/s812134188.c,obfuscated_bin/p03036/s812134188_fla_bcf_instsub.elf,input_output/p03036/input.txt,input_output/p03036/output.txt,llvm-clang-14,O0,True,OLLVM_Heroims_NewPass,"[""BCF"", ""FLA"", ""INSTSUB""]",SUCCESS,10,88,21,5,11,12.5,short,simple,short_simple,0.9152741275695789,1188,127,
p03037,s157784604,2162,4708,clean_src/p03037/s157784604.c,obfuscated_bin/p03037/s157784604_fla_bcf_instsub.elf,input_output/p03037/input.txt,input_output/p03037/output.txt,llvm-clang-14,O0,True,OLLVM_Heroims_NewPass,"[""BCF"", ""FLA"", ""INSTSUB""]",SUCCESS,46,102,94,4,48,47.05882352941176,long,complex,long_complex,0.9582397326697463,2292,1100,
p03038,s664035168,1033,3092,clean_src/p03038/s664035168.c,obfuscated_bin/p03038/s664035168_fla_bcf_instsub.elf,input_output/p03038/input.txt,input_output/p03038/output.txt,llvm-clang-14,O0,True,OLLVM_Heroims_NewPass,"[""BCF"", ""FLA"", ""INSTSUB""]",SUCCESS,20,78,43,6,23,29.48717948717949,long,complex,long_complex,0.9485224095212996,1775,740,
p03039,s354602344,764,2468,clean_src/p03039/s354602344.c,obfuscated_bin/p03039/s354602344_fla_bcf_instsub.elf,input_output/p03039/input.txt,input_output/p03039/output.txt,llvm-clang-14,O0,True,OLLVM_Heroims_NewPass,"[""BCF"", ""FLA"", ""INSTSUB""]",SUCCESS,11,93,25,3,14,15.053763440860216,long,simple,long_simple,0.9924213165465623,1418,237,
p03040,s267193548,1458,4617,clean_src/p03040/s267193548.c,obfuscated_bin/p03040/s267193548_fla_bcf_instsub.elf,input_output/p03040/input.txt,input_output/p03040/output.txt,llvm-clang-14,O0,True,OLLVM_Heroims_NewPass,"[""BCF"", ""FLA"", ""INSTSUB""]",SUCCESS,25,110,57,8,32,29.09090909090909,long,complex,long_complex,0.4655219376631734,2055,729,
p03041,s263477806,2384,10669,clean_src/p03041/s263477806.c,obfuscated_bin/p03041/s263477806_fla_bcf_instsub.elf,input_output/p03041/input.txt,input_output/p03041/output.txt,llvm-clang-14,O0,True,OLLVM_Heroims_NewPass,"[""BCF"", ""FLA"", ""INSTSUB""]",SUCCESS,35,305,85,8,50,16.39344262295082,long,simple,long_simple,0.9431023193015003,2347,333,
p03042,s642296411,2450,10939,clean_src/p03042/s642296411.c,obfuscated_bin/p03042/s642296411_fla_bcf_instsub.elf,input_output/p03042/input.txt,input_output/p03042/output.txt,llvm-clang-14,O0,True,OLLVM_Heroims_NewPass,"[""BCF"", ""FLA"", ""INSTSUB""]",SUCCESS,35,311,93,9,58,18.64951768488746,long,simple,long_simple,0.653901401129044,2364,448,
p03043,s179094894,544,1739,clean_src/p03043/s179094894.c,obfuscated_bin/p03043/s179094894_fla_bcf_instsub.elf,input_output/p03043/input.txt,input_output/p03043/output.txt,llvm-clang-14,O0,True,OLLVM_Heroims_NewPass,"[""BCF"", ""FLA"", ""INSTSUB""]",SUCCESS,10,47,18,3,8,17.02127659574468,short,simple,short_simple,0.7585054917992639,936,300,
p03044,s486162088,913,2126,clean_src/p03044/s486162088.c,obfuscated_bin/p03044/s486162088_fla_bcf_instsub.elf,input_output/p03044/input.txt,input_output/p03044/output.txt,llvm-clang-14,O0,True,OLLVM_Heroims_NewPass,"[""BCF"", ""FLA"", ""INSTSUB""]",SUCCESS,3,132,32,26,29,21.96969696969697,long,simple,long_simple,0.9837489213502716,1644,546,
p03045,s725427270,1054,2652,clean_src/p03045/s725427270.c,obfuscated_bin/p03045/s725427270_fla_bcf_instsub.elf,input_output/p03045/input.txt,input_output/p03045/output.txt,llvm-clang-14,O0,True,OLLVM_Heroims_NewPass,"[""BCF"", ""FLA"", ""INSTSUB""]",SUCCESS,22,68,41,4,19,27.941176470588236,long,complex,long_complex,0.5724127657674705,1782,701,
p03047,s383524965,2109,4614,clean_src/p03047/s383524965.c,obfuscated_bin/p03047/s383524965_fla_bcf_instsub.elf,input_output/p03047/input.txt,input_output/p03047/output.txt,llvm-clang-14,O0,True,OLLVM_Heroims_NewPass,"[""BCF"", ""FLA"", ""INSTSUB""]",SUCCESS,46,96,93,4,47,48.95833333333333,long,complex,long_complex,0.7666525412213406,2271,1145,
p03048,s383513799,764,2009,clean_src/p03048/s383513799.c,obfuscated_bin/p03048/s383513799_fla_bcf_instsub.elf,input_output/p03048/input.txt,input_output/p03048/output.txt,llvm-clang-14,O0,True,OLLVM_Heroims_NewPass,"[""BCF"", ""FLA"", ""INSTSUB""]",SUCCESS,21,42,39,4,18,42.857142857142854,long,complex,long_complex,0.8075143232419524,1419,1013,
p03049,s351758762,649,2252,clean_src/p03049/s351758762.c,obfuscated_bin/p03049/s351758762_fla_bcf_instsub.elf,input_output/p03049/input.txt,input_output/p03049/output.txt,llvm-clang-14,O0,True,OLLVM_Heroims_NewPass,"[""BCF"", ""FLA"", ""INSTSUB""]",SUCCESS,8,117,32,14,24,20.51282051282051,short,simple,short_simple,0.8237982923239254,1190,464,
p03050,s503898538,495,1689,clean_src/p03050/s503898538.c,obfuscated_bin/p03050/s503898538_fla_bcf_instsub.elf,input_output/p03050/input.txt,input_output/p03050/output.txt,llvm-clang-14,O0,True,OLLVM_Heroims_NewPass,"[""BCF"", ""FLA"", ""INSTSUB""]",SUCCESS,8,93,24,6,16,17.20430107526882,short,simple,short_simple,0.9571004229606619,811,311,
p03051,s990453324,1469,4270,clean_src/p03051/s990453324.c,obfuscated_bin/p03051/s990453324_fla_bcf_instsub.elf,input_output/p03051/input.txt,input_output/p03051/output.txt,llvm-clang-14,O0,True,OLLVM_Heroims_NewPass,"[""BCF"", ""FLA"", ""INSTSUB""]",SUCCESS,16,115,35,5,19,16.52173913043478,long,simple,long_simple,0.7487386676408571,2060,341,
p03053,s041026938,2129,9376,clean_src/p03053/s041026938.c,obfuscated_bin/p03053/s041026938_fla_bcf_instsub.elf,input_output/p03053/input.txt,input_output/p03053/output.txt,llvm-clang-14,O0,True,OLLVM_Heroims_NewPass,"[""BCF"", ""FLA"", ""INSTSUB""]",SUCCESS,37,231,70,11,33,14.285714285714285,long,simple,long_simple,0.9805286119469996,2279,203,
p03054,s092022791,2425,5388,clean_src/p03054/s092022791.c,obfuscated_bin/p03054/s092022791_fla_bcf_instsub.elf,input_output/p03054/input.txt,input_output/p03054/output.txt,llvm-clang-14,O0,True,OLLVM_Heroims_NewPass,"[""BCF"", ""FLA"", ""INSTSUB""]",SUCCESS,46,152,109,17,63,41.44736842105263,long,complex,long_complex,0.9401633415168356,2358,975,
p03055,s741178992,1500,4991,clean_src/p03055/s741178992.c,obfuscated_bin/p03055/s741178992_fla_bcf_instsub.elf,input_output/p03055/input.txt,input_output/p03055/output.txt,llvm-clang-14,O0,True,OLLVM_Heroims_NewPass,"[""BCF"", ""FLA"", ""INSTSUB""]",SUCCESS,14,283,43,11,29,10.247349823321555,long,simple,long_simple,0.4065669065521875,2076,81,
p03056,s660826150,1562,3993,clean_src/p03056/s660826150.c,obfuscated_bin/p03056/s660826150_fla_bcf_instsub.elf,input_output/p03056/input.txt,input_output/p03056/output.txt,llvm-clang-14,O0,True,OLLVM_Heroims_NewPass,"[""BCF"", ""FLA"", ""INSTSUB""]",SUCCESS,6,150,51,41,45,30.0,long,complex,long_complex,0.01690348486776827,2100,755,
p03057,s430328425,887,2268,clean_src/p03057/s430328425.c,obfuscated_bin/p03057/s430328425_fla_bcf_instsub.elf,input_output/p03057/input.txt,input_output/p03057/output.txt,llvm-clang-14,O0,True,OLLVM_Heroims_NewPass,"[""BCF"", ""FLA"", ""INSTSUB""]",SUCCESS,5,99,25,15,20,20.2020202020202,long,simple,long_simple,0.6234260023215397,1615,499,
p03059,s336326451,2111,4613,clean_src/p03059/s336326451.c,obfuscated_bin/p03059/s336326451_fla_bcf_instsub.elf,input_output/p03059/input.txt,input_output/p03059/output.txt,llvm-clang-14,O0,True,OLLVM_Heroims_NewPass,"[""BCF"", ""FLA"", ""INSTSUB""]",SUCCESS,46,96,93,4,47,48.95833333333333,long,complex,long_complex,0.8641942026581899,2273,1146,
p03060,s039879407,2174,4724,clean_src/p03060/s039879407.c,obfuscated_bin/p03060/s039879407_fla_bcf_instsub.elf,input_output/p03060/input.txt,input_output/p03060/output.txt,llvm-clang-14,O0,True,OLLVM_Heroims_NewPass,"[""BCF"", ""FLA"", ""INSTSUB""]",SUCCESS,46,101,95,4,49,48.51485148514851,long,complex,long_complex,0.7723327365627336,2298,1140,
p03061,s701465688,5899,19094,clean_src/p03061/s701465688.c,obfuscated_bin/p03061/s701465688_fla_bcf_instsub.elf,input_output/p03061/input.txt,input_output/p03061/output.txt,llvm-clang-14,O0,True,OLLVM_Heroims_NewPass,"[""BCF"", ""FLA"", ""INSTSUB""]",SUCCESS,92,385,249,24,157,40.77922077922078,long,complex,long_complex,0.8743632293170549,2594,965,
p03062,s235870454,2204,4837,clean_src/p03062/s235870454.c,obfuscated_bin/p03062/s235870454_fla_bcf_instsub.elf,input_output/p03062/input.txt,input_output/p03062/output.txt,llvm-clang-14,O0,True,OLLVM_Heroims_NewPass,"[""BCF"", ""FLA"", ""INSTSUB""]",SUCCESS,46,110,96,4,50,45.45454545454545,long,complex,long_complex,0.5856221973184246,2307,1066,
p03063,s958968626,2229,4825,clean_src/p03063/s958968626.c,obfuscated_bin/p03063/s958968626_fla_bcf_instsub.elf,input_output/p03063/input.txt,input_output/p03063/output.txt,llvm-clang-14,O0,True,OLLVM_Heroims_NewPass,"[""BCF"", ""FLA"", ""INSTSUB""]",SUCCESS,46,111,98,6,52,46.846846846846844,long,complex,long_complex,0.9559953850562459,2312,1099,
p03064,s350054905,524,1428,clean_src/p03064/s350054905.c,obfuscated_bin/p03064/s350054905_fla_bcf_instsub.elf,input_output/p03064/input.txt,input_output/p03064/output.txt,llvm-clang-14,O0,True,OLLVM_Heroims_NewPass,"[""BCF"", ""FLA"", ""INSTSUB""]",SUCCESS,4,65,15,9,11,16.923076923076923,short,simple,short_simple,0.959120197636148,884,295,
p03065,s422236673,726,1783,clean_src/p03065/s422236673.c,obfuscated_bin/p03065/s422236673_fla_bcf_instsub.elf,input_output/p03065/input.txt,input_output/p03065/output.txt,llvm-clang-14,O0,True,OLLVM_Heroims_NewPass,"[""BCF"", ""FLA"", ""INSTSUB""]",SUCCESS,9,46,36,17,27,58.69565217391305,long,complex,long_complex,0.7391791487764189,1345,1192,
p03066,s117189806,657,1598,clean_src/p03066/s117189806.c,obfuscated_bin/p03066/s117189806_fla_bcf_instsub.elf,input_output/p03066/input.txt,input_output/p03066/output.txt,llvm-clang-14,O0,True,OLLVM_Heroims_NewPass,"[""BCF"", ""FLA"", ""INSTSUB""]",SUCCESS,6,36,25,14,19,52.77777777777778,short,complex,short_complex,0.9002121648107133,1209,1258,
p03067,s085613810,273,1000,clean_src/p03067/s085613810.c,obfuscated_bin/p03067/s085613810_fla_bcf_instsub.elf,input_output/p03067/input.txt,input_output/p03067/output.txt,llvm-clang-14,O0,True,OLLVM_Heroims_NewPass,"[""BCF"", ""FLA"", ""INSTSUB""]",SUCCESS,5,61,15,7,10,16.39344262295082,short,simple,short_simple,0.8862187243211198,75,277,
p03068,s612354671,389,1289,clean_src/p03068/s612354671.c,obfuscated_bin/p03068/s612354671_fla_bcf_instsub.elf,input_output/p03068/input.txt,input_output/p03068/output.txt,llvm-clang-14,O0,True,OLLVM_Heroims_NewPass,"[""BCF"", ""FLA"", ""INSTSUB""]",SUCCESS,8,79,14,3,6,7.59493670886076,short,simple,short_simple,0.2739174540883489,508,25,
p03071,s968287446,2122,4626,clean_src/p03071/s968287446.c,obfuscated_bin/p03071/s968287446_fla_bcf_instsub.elf,input_output/p03071/input.txt,input_output/p03071/output.txt,llvm-clang-14,O0,True,OLLVM_Heroims_NewPass,"[""BCF"", ""FLA"", ""INSTSUB""]",SUCCESS,46,96,93,4,47,48.95833333333333,long,complex,long_complex,0.6200391489984657,2275,1147,
p03072,s838354793,2166,4720,clean_src/p03072/s838354793.c,obfuscated_bin/p03072/s838354793_fla_bcf_instsub.elf,input_output/p03072/input.txt,input_output/p03072/output.txt,llvm-clang-14,O0,True,OLLVM_Heroims_NewPass,"[""BCF"", ""FLA"", ""INSTSUB""]",SUCCESS,46,105,95,4,49,46.666666666666664,long,complex,long_complex,0.6128193402556924,2295,1094,
p03073,s949562174,2177,4726,clean_src/p03073/s949562174.c,obfuscated_bin/p03073/s949562174_fla_bcf_instsub.elf,input_output/p03073/input.txt,input_output/p03073/output.txt,llvm-clang-14,O0,True,OLLVM_Heroims_NewPass,"[""BCF"", ""FLA"", ""INSTSUB""]",SUCCESS,46,102,96,4,50,49.01960784313725,long,complex,long_complex,0.8701683943899647,2299,1148,
p03074,s757509519,2299,5003,clean_src/p03074/s757509519.c,obfuscated_bin/p03074/s757509519_fla_bcf_instsub.elf,input_output/p03074/input.txt,input_output/p03074/output.txt,llvm-clang-14,O0,True,OLLVM_Heroims_NewPass,"[""BCF"", ""FLA"", ""INSTSUB""]",SUCCESS,46,125,99,7,53,42.4,long,complex,long_complex,0.6730639024156267,2326,1005,
p03075,s925807065,423,1395,clean_src/p03075/s925807065.c,obfuscated_bin/p03075/s925807065_fla_bcf_instsub.elf,input_output/p03075/input.txt,input_output/p03075/output.txt,llvm-clang-14,O0,True,OLLVM_Heroims_NewPass,"[""BCF"", ""FLA"", ""INSTSUB""]",SUCCESS,9,60,18,5,9,15.0,short,simple,short_simple,0.7454722829389622,621,205,
p03076,s179149863,918,2689,clean_src/p03076/s179149863.c,obfuscated_bin/p03076/s179149863_fla_bcf_instsub.elf,input_output/p03076/input.txt,input_output/p03076/output.txt,llvm-clang-14,O0,True,OLLVM_Heroims_NewPass,"[""BCF"", ""FLA"", ""INSTSUB""]",SUCCESS,11,112,40,7,29,25.892857142857146,long,simple,long_simple,0.9669290374725549,1649,645,
p03077,s666951973,2148,4721,clean_src/p03077/s666951973.c,obfuscated_bin/p03077/s666951973_fla_bcf_instsub.elf,input_output/p03077/input.txt,input_output/p03077/output.txt,llvm-clang-14,O0,True,OLLVM_Heroims_NewPass,"[""BCF"", ""FLA"", ""INSTSUB""]",SUCCESS,46,100,94,4,48,48.0,long,complex,long_complex,0.4962712001518861,2286,1123,
p03078,s826111354,3816,9597,clean_src/p03078/s826111354.c,obfuscated_bin/p03078/s826111354_fla_bcf_instsub.elf,input_output/p03078/input.txt,input_output/p03078/output.txt,llvm-clang-14,O0,True,OLLVM_Heroims_NewPass,"[""BCF"", ""FLA"", ""INSTSUB""]",SUCCESS,59,160,150,10,91,56.875,long,complex,long_complex,0.9629064034863778,2563,1185,
p03079,s658007839,682,2334,clean_src/p03079/s658007839.c,obfuscated_bin/p03079/s658007839_fla_bcf_instsub.elf,input_output/p03079/input.txt,input_output/p03079/output.txt,llvm-clang-14,O0,True,OLLVM_Heroims_NewPass,"[""BCF"", ""FLA"", ""INSTSUB""]",SUCCESS,16,124,26,5,10,8.064516129032258,short,simple,short_simple,0.5637788831156936,1264,28,
p03080,s448535034,2158,4709,clean_src/p03080/s448535034.c,obfuscated_bin/p03080/s448535034_fla_bcf_instsub.elf,input_output/p03080/input.txt,input_output/p03080/output.txt,llvm-clang-14,O0,True,OLLVM_Heroims_NewPass,"[""BCF"", ""FLA"", ""INSTSUB""]",SUCCESS,46,101,95,4,49,48.51485148514851,long,complex,long_complex,0.8821002609447798,2289,1141,
p03081,s345226742,2502,5407,clean_src/p03081/s345226742.c,obfuscated_bin/p03081/s345226742_fla_bcf_instsub.elf,input_output/p03081/input.txt,input_output/p03081/output.txt,llvm-clang-14,O0,True,OLLVM_Heroims_NewPass,"[""BCF"", ""FLA"", ""INSTSUB""]",SUCCESS,46,129,112,20,66,51.162790697674424,long,complex,long_complex,0.9791153759171091,2384,1166,
p03082,s945558261,698,1515,clean_src/p03082/s945558261.c,obfuscated_bin/p03082/s945558261_fla_bcf_instsub.elf,input_output/p03082/input.txt,input_output/p03082/output.txt,llvm-clang-14,O0,True,OLLVM_Heroims_NewPass,"[""BCF"", ""FLA"", ""INSTSUB""]",SUCCESS,4,55,21,7,17,30.909090909090907,short,complex,short_complex,0.4623730222589597,1297,935,
p03083,s692329325,643,1745,clean_src/p03083/s692329325.c,obfuscated_bin/p03083/s692329325_fla_bcf_instsub.elf,input_output/p03083/input.txt,input_output/p03083/output.txt,llvm-clang-14,O0,True,OLLVM_Heroims_NewPass,"[""BCF"", ""FLA"", ""INSTSUB""]",SUCCESS,5,67,19,9,14,20.8955223880597,short,simple,short_simple,0.9641787816260006,1176,484,
p03085,s045337051,372,1271,clean_src/p03085/s045337051.c,obfuscated_bin/p03085/s045337051_fla_bcf_instsub.elf,input_output/p03085/input.txt,input_output/p03085/output.txt,llvm-clang-14,O0,True,OLLVM_Heroims_NewPass,"[""BCF"", ""FLA"", ""INSTSUB""]",SUCCESS,9,48,17,4,8,16.666666666666664,short,simple,short_simple,0.7108675917031627,452,281,
p03086,s856767095,517,1717,clean_src/p03086/s856767095.c,obfuscated_bin/p03086/s856767095_fla_bcf_instsub.elf,input_output/p03086/input.txt,input_output/p03086/output.txt,llvm-clang-14,O0,True,OLLVM_Heroims_NewPass,"[""BCF"", ""FLA"", ""INSTSUB""]",SUCCESS,8,91,24,6,16,17.582417582417584,short,simple,short_simple,0.8533251464596504,867,327,
p03087,s831680786,2215,4829,clean_src/p03087/s831680786.c,obfuscated_bin/p03087/s831680786_fla_bcf_instsub.elf,input_output/p03087/input.txt,input_output/p03087/output.txt,llvm-clang-14,O0,True,OLLVM_Heroims_NewPass,"[""BCF"", ""FLA"", ""INSTSUB""]",SUCCESS,46,106,97,5,51,48.113207547169814,long,complex,long_complex,0.6620455168600541,2310,1129,
p03088,s859937496,907,2132,clean_src/p03088/s859937496.c,obfuscated_bin/p03088/s859937496_fla_bcf_instsub.elf,input_output/p03088/input.txt,input_output/p03088/output.txt,llvm-clang-14,O0,True,OLLVM_Heroims_NewPass,"[""BCF"", ""FLA"", ""INSTSUB""]",SUCCESS,1,70,22,22,21,30.0,long,complex,long_complex,0.8409441160760766,1636,752,
p03089,s703027138,446,1646,clean_src/p03089/s703027138.c,obfuscated_bin/p03089/s703027138_fla_bcf_instsub.elf,input_output/p03089/input.txt,input_output/p03089/output.txt,llvm-clang-14,O0,True,OLLVM_Heroims_NewPass,"[""BCF"", ""FLA"", ""INSTSUB""]",SUCCESS,7,57,19,9,12,21.052631578947366,short,simple,short_simple,0.7331846243975163,678,497,
p03090,s416281124,2274,4980,clean_src/p03090/s416281124.c,obfuscated_bin/p03090/s416281124_fla_bcf_instsub.elf,input_output/p03090/input.txt,input_output/p03090/output.txt,llvm-clang-14,O0,True,OLLVM_Heroims_NewPass,"[""BCF"", ""FLA"", ""INSTSUB""]",SUCCESS,46,119,101,9,55,46.21848739495798,long,complex,long_complex,0.4252196351747751,2320,1089,
p03091,s089167723,873,2207,clean_src/p03091/s089167723.c,obfuscated_bin/p03091/s089167723_fla_bcf_instsub.elf,input_output/p03091/input.txt,input_output/p03091/output.txt,llvm-clang-14,O0,True,OLLVM_Heroims_NewPass,"[""BCF"", ""FLA"", ""INSTSUB""]",SUCCESS,9,92,32,9,23,25.0,long,simple,long_simple,0.8432094808545575,1586,620,
p03092,s787064777,1919,6069,clean_src/p03092/s787064777.c,obfuscated_bin/p03092/s787064777_fla_bcf_instsub.elf,input_output/p03092/input.txt,input_output/p03092/output.txt,llvm-clang-14,O0,True,OLLVM_Heroims_NewPass,"[""BCF"", ""FLA"", ""INSTSUB""]",SUCCESS,11,205,48,17,37,18.048780487804876,long,simple,long_simple,0.45496982007739495,2222,426,
p03093,s257703222,711,1859,clean_src/p03093/s257703222.c,obfuscated_bin/p03093/s257703222_fla_bcf_instsub.elf,input_output/p03093/input.txt,input_output/p03093/output.txt,llvm-clang-14,O0,True,OLLVM_Heroims_NewPass,"[""BCF"", ""FLA"", ""INSTSUB""]",SUCCESS,8,108,26,9,18,16.666666666666664,long,simple,long_simple,0.34566898809187396,1326,348,
p03094,s311309401,2955,6725,clean_src/p03094/s311309401.c,obfuscated_bin/p03094/s311309401_fla_bcf_instsub.elf,input_output/p03094/input.txt,input_output/p03094/output.txt,llvm-clang-14,O0,True,OLLVM_Heroims_NewPass,"[""BCF"", ""FLA"", ""INSTSUB""]",SUCCESS,56,176,115,4,59,33.52272727272727,long,complex,long_complex,0.36336223901568976,2511,836,
p03095,s464376043,665,2334,clean_src/p03095/s464376043.c,obfuscated_bin/p03095/s464376043_fla_bcf_instsub.elf,input_output/p03095/input.txt,input_output/p03095/output.txt,llvm-clang-14,O0,True,OLLVM_Heroims_NewPass,"[""BCF"", ""FLA"", ""INSTSUB""]",SUCCESS,9,99,26,11,17,17.17171717171717,short,simple,short_simple,0.90506484565479,1229,308,
p03096,s035638798,1654,6561,clean_src/p03096/s035638798.c,obfuscated_bin/p03096/s035638798_fla_bcf_instsub.elf,input_output/p03096/input.txt,input_output/p03096/output.txt,llvm-clang-14,O0,True,OLLVM_Heroims_NewPass,"[""BCF"", ""FLA"", ""INSTSUB""]",SUCCESS,16,183,45,9,29,15.846994535519126,long,simple,long_simple,0.5749232406665745,2134,290,
p03097,s557903818,846,2023,clean_src/p03097/s557903818.c,obfuscated_bin/p03097/s557903818_fla_bcf_instsub.elf,input_output/p03097/input.txt,input_output/p03097/output.txt,llvm-clang-14,O0,True,OLLVM_Heroims_NewPass,"[""BCF"", ""FLA"", ""INSTSUB""]",SUCCESS,9,66,20,4,11,16.666666666666664,long,simple,long_simple,0.9287072747748168,1545,345,
p03098,s384377379,539,1416,clean_src/p03098/s384377379.c,obfuscated_bin/p03098/s384377379_fla_bcf_instsub.elf,input_output/p03098/input.txt,input_output/p03098/output.txt,llvm-clang-14,O0,True,OLLVM_Heroims_NewPass,"[""BCF"", ""FLA"", ""INSTSUB""]",SUCCESS,4,63,13,5,9,14.285714285714285,short,simple,short_simple,0.8911683141787062,923,180,
p03101,s723536432,660,1354,clean_src/p03101/s723536432.c,obfuscated_bin/p03101/s723536432_fla_bcf_instsub.elf,input_output/p03101/input.txt,input_output/p03101/output.txt,llvm-clang-14,O0,True,OLLVM_Heroims_NewPass,"[""BCF"", ""FLA"", ""INSTSUB""]",SUCCESS,8,20,35,7,27,135.0,short,complex,short_complex,0.9229619589210875,1217,1295,
p03102,s177738095,2211,4836,clean_src/p03102/s177738095.c,obfuscated_bin/p03102/s177738095_fla_bcf_instsub.elf,input_output/p03102/input.txt,input_output/p03102/output.txt,llvm-clang-14,O0,True,OLLVM_Heroims_NewPass,"[""BCF"", ""FLA"", ""INSTSUB""]",SUCCESS,46,106,97,5,51,48.113207547169814,long,complex,long_complex,0.9055450317484519,2309,1130,
p03103,s329799206,1413,4227,clean_src/p03103/s329799206.c,obfuscated_bin/p03103/s329799206_fla_bcf_instsub.elf,input_output/p03103/input.txt,input_output/p03103/output.txt,llvm-clang-14,O0,True,OLLVM_Heroims_NewPass,"[""BCF"", ""FLA"", ""INSTSUB""]",SUCCESS,2,125,32,28,30,24.0,long,simple,long_simple,0.5722316724287687,2043,597,
p03105,s305482388,2394,5139,clean_src/p03105/s305482388.c,obfuscated_bin/p03105/s305482388_fla_bcf_instsub.elf,input_output/p03105/input.txt,input_output/p03105/output.txt,llvm-clang-14,O0,True,OLLVM_Heroims_NewPass,"[""BCF"", ""FLA"", ""INSTSUB""]",SUCCESS,51,114,101,4,50,43.859649122807014,long,complex,long_complex,0.9419581181179685,2351,1040,
p03106,s205483085,864,1861,clean_src/p03106/s205483085.c,obfuscated_bin/p03106/s205483085_fla_bcf_instsub.elf,input_output/p03106/input.txt,input_output/p03106/output.txt,llvm-clang-14,O0,True,OLLVM_Heroims_NewPass,"[""BCF"", ""FLA"", ""INSTSUB""]",SUCCESS,17,38,30,4,13,34.21052631578947,long,complex,long_complex,0.9905534364227696,1571,845,
p03107,s768766932,678,2380,clean_src/p03107/s768766932.c,obfuscated_bin/p03107/s768766932_fla_bcf_instsub.elf,input_output/p03107/input.txt,input_output/p03107/output.txt,llvm-clang-14,O0,True,OLLVM_Heroims_NewPass,"[""BCF"", ""FLA"", ""INSTSUB""]",SUCCESS,10,90,23,5,13,14.444444444444443,short,simple,short_simple,0.6617758499977142,1252,183,
p03108,s166856995,3284,8070,clean_src/p03108/s166856995.c,obfuscated_bin/p03108/s166856995_fla_bcf_instsub.elf,input_output/p03108/input.txt,input_output/p03108/output.txt,llvm-clang-14,O0,True,OLLVM_Heroims_NewPass,"[""BCF"", ""FLA"", ""INSTSUB""]",SUCCESS,59,104,133,8,74,71.15384615384616,long,complex,long_complex,0.9821402505924842,2548,1235,
p03109,s529748505,391,1094,clean_src/p03109/s529748505.c,obfuscated_bin/p03109/s529748505_fla_bcf_instsub.elf,input_output/p03109/input.txt,input_output/p03109/output.txt,llvm-clang-14,O0,True,OLLVM_Heroims_NewPass,"[""BCF"", ""FLA"", ""INSTSUB""]",SUCCESS,11,57,25,5,14,24.561403508771928,short,simple,short_simple,0.9647961443821303,512,646,
p03111,s152042503,2308,5846,clean_src/p03111/s152042503.c,obfuscated_bin/p03111/s152042503_fla_bcf_instsub.elf,input_output/p03111/input.txt,input_output/p03111/output.txt,llvm-clang-14,O0,True,OLLVM_Heroims_NewPass,"[""BCF"", ""FLA"", ""INSTSUB""]",SUCCESS,43,78,105,7,62,79.48717948717949,long,complex,long_complex,0.9289399313317888,2328,1268,
p03112,s710278781,1078,3715,clean_src/p03112/s710278781.c,obfuscated_bin/p03112/s710278781_fla_bcf_instsub.elf,input_output/p03112/input.txt,input_output/p03112/output.txt,llvm-clang-14,O0,True,OLLVM_Heroims_NewPass,"[""BCF"", ""FLA"", ""INSTSUB""]",SUCCESS,5,155,42,34,37,23.870967741935484,long,simple,long_simple,0.37847007202956173,1807,591,
p03114,s081176320,1549,3650,clean_src/p03114/s081176320.c,obfuscated_bin/p03114/s081176320_fla_bcf_instsub.elf,input_output/p03114/input.txt,input_output/p03114/output.txt,llvm-clang-14,O0,True,OLLVM_Heroims_NewPass,"[""BCF"", ""FLA"", ""INSTSUB""]",SUCCESS,11,158,41,16,30,18.9873417721519,long,simple,long_simple,0.7298442044438842,2092,460,
p03115,s696781003,2362,5342,clean_src/p03115/s696781003.c,obfuscated_bin/p03115/s696781003_fla_bcf_instsub.elf,input_output/p03115/input.txt,input_output/p03115/output.txt,llvm-clang-14,O0,True,OLLVM_Heroims_NewPass,"[""BCF"", ""FLA"", ""INSTSUB""]",SUCCESS,48,123,105,5,57,46.34146341463415,long,complex,long_complex,0.6497614827678624,2342,1091,
p03116,s753766956,2941,7397,clean_src/p03116/s753766956.c,obfuscated_bin/p03116/s753766956_fla_bcf_instsub.elf,input_output/p03116/input.txt,input_output/p03116/output.txt,llvm-clang-14,O0,True,OLLVM_Heroims_NewPass,"[""BCF"", ""FLA"", ""INSTSUB""]",SUCCESS,47,175,116,12,69,39.42857142857143,long,complex,long_complex,0.7111140365188434,2507,940,
p03117,s365427967,757,1884,clean_src/p03117/s365427967.c,obfuscated_bin/p03117/s365427967_fla_bcf_instsub.elf,input_output/p03117/input.txt,input_output/p03117/output.txt,llvm-clang-14,O0,True,OLLVM_Heroims_NewPass,"[""BCF"", ""FLA"", ""INSTSUB""]",SUCCESS,9,78,25,8,16,20.51282051282051,long,simple,long_simple,0.4443322073686973,1404,506,
p03125,s514149926,1945,4281,clean_src/p03125/s514149926.c,obfuscated_bin/p03125/s514149926_fla_bcf_instsub.elf,input_output/p03125/input.txt,input_output/p03125/output.txt,llvm-clang-14,O0,True,OLLVM_Heroims_NewPass,"[""BCF"", ""FLA"", ""INSTSUB""]",SUCCESS,43,90,85,4,42,46.666666666666664,long,complex,long_complex,0.7912936981267594,2231,1093,
p03126,s646568191,3995,12859,clean_src/p03126/s646568191.c,obfuscated_bin/p03126/s646568191_fla_bcf_instsub.elf,input_output/p03126/input.txt,input_output/p03126/output.txt,llvm-clang-14,O0,True,OLLVM_Heroims_NewPass,"[""BCF"", ""FLA"", ""INSTSUB""]",SUCCESS,61,737,107,6,46,6.241519674355495,long,simple,long_simple,0.6381395856885852,2568,19,
p03127,s915267315,1953,4282,clean_src/p03127/s915267315.c,obfuscated_bin/p03127/s915267315_fla_bcf_instsub.elf,input_output/p03127/input.txt,input_output/p03127/output.txt,llvm-clang-14,O0,True,OLLVM_Heroims_NewPass,"[""BCF"", ""FLA"", ""INSTSUB""]",SUCCESS,43,89,85,4,42,47.19101123595505,long,complex,long_complex,0.8691608733245715,2232,1106,
p03128,s380072034,1409,3256,clean_src/p03128/s380072034.c,obfuscated_bin/p03128/s380072034_fla_bcf_instsub.elf,input_output/p03128/input.txt,input_output/p03128/output.txt,llvm-clang-14,O0,True,OLLVM_Heroims_NewPass,"[""BCF"", ""FLA"", ""INSTSUB""]",SUCCESS,3,137,105,101,102,74.45255474452554,long,complex,long_complex,0.5467099968423126,2039,1249,
p03129,s949387491,2137,4704,clean_src/p03129/s949387491.c,obfuscated_bin/p03129/s949387491_fla_bcf_instsub.elf,input_output/p03129/input.txt,input_output/p03129/output.txt,llvm-clang-14,O0,True,OLLVM_Heroims_NewPass,"[""BCF"", ""FLA"", ""INSTSUB""]",SUCCESS,46,100,94,4,48,48.0,long,complex,long_complex,0.780390740893903,2282,1124,
p03130,s312093052,2312,5032,clean_src/p03130/s312093052.c,obfuscated_bin/p03130/s312093052_fla_bcf_instsub.elf,input_output/p03130/input.txt,input_output/p03130/output.txt,llvm-clang-14,O0,True,OLLVM_Heroims_NewPass,"[""BCF"", ""FLA"", ""INSTSUB""]",SUCCESS,47,121,104,8,57,47.107438016528924,long,complex,long_complex,0.8758996462041899,2331,1102,
p03131,s762559996,363,1862,clean_src/p03131/s762559996.c,obfuscated_bin/p03131/s762559996_fla_bcf_instsub.elf,input_output/p03131/input.txt,input_output/p03131/output.txt,llvm-clang-14,O0,True,OLLVM_Heroims_NewPass,"[""BCF"", ""FLA"", ""INSTSUB""]",SUCCESS,2,75,15,12,13,17.333333333333336,short,simple,short_simple,0.7522597554963313,413,318,
p03132,s059902227,616,1333,clean_src/p03132/s059902227.c,obfuscated_bin/p03132/s059902227_fla_bcf_instsub.elf,input_output/p03132/input.txt,input_output/p03132/output.txt,llvm-clang-14,O0,True,OLLVM_Heroims_NewPass,"[""BCF"", ""FLA"", ""INSTSUB""]",SUCCESS,6,24,14,3,8,33.33333333333333,short,complex,short_complex,0.8451668014240263,1112,998,
p03133,s583165359,518,1549,clean_src/p03133/s583165359.c,obfuscated_bin/p03133/s583165359_fla_bcf_instsub.elf,input_output/p03133/input.txt,input_output/p03133/output.txt,llvm-clang-14,O0,True,OLLVM_Heroims_NewPass,"[""BCF"", ""FLA"", ""INSTSUB""]",SUCCESS,4,62,20,12,16,25.806451612903224,short,complex,short_complex,0.7680574714586184,871,713,
p03134,s112115491,545,1225,clean_src/p03134/s112115491.c,obfuscated_bin/p03134/s112115491_fla_bcf_instsub.elf,input_output/p03134/input.txt,input_output/p03134/output.txt,llvm-clang-14,O0,True,OLLVM_Heroims_NewPass,"[""BCF"", ""FLA"", ""INSTSUB""]",SUCCESS,4,61,19,13,15,24.59016393442623,short,simple,short_simple,0.356280637702031,940,649,
p03136,s634129550,3915,12730,clean_src/p03136/s634129550.c,obfuscated_bin/p03136/s634129550_fla_bcf_instsub.elf,input_output/p03136/input.txt,input_output/p03136/output.txt,llvm-clang-14,O0,True,OLLVM_Heroims_NewPass,"[""BCF"", ""FLA"", ""INSTSUB""]",SUCCESS,61,732,108,6,47,6.420765027322404,long,simple,long_simple,0.9950553773084442,2566,21,
p03137,s179066782,717,2526,clean_src/p03137/s179066782.c,obfuscated_bin/p03137/s179066782_fla_bcf_instsub.elf,input_output/p03137/input.txt,input_output/p03137/output.txt,llvm-clang-14,O0,True,OLLVM_Heroims_NewPass,"[""BCF"", ""FLA"", ""INSTSUB""]",SUCCESS,6,93,31,8,25,26.881720430107524,long,complex,long_complex,0.6255079540382452,1337,674,
p03139,s595104061,316,791,clean_src/p03139/s595104061.c,obfuscated_bin/p03139/s595104061_fla_bcf_instsub.elf,input_output/p03139/input.txt,input_output/p03139/output.txt,llvm-clang-14,O0,True,OLLVM_Heroims_NewPass,"[""BCF"", ""FLA"", ""INSTSUB""]",SUCCESS,1,44,27,27,26,59.09090909090909,short,complex,short_complex,0.49017450482060754,251,1271,
p03140,s027544822,685,2814,clean_src/p03140/s027544822.c,obfuscated_bin/p03140/s027544822_fla_bcf_instsub.elf,input_output/p03140/input.txt,input_output/p03140/output.txt,llvm-clang-14,O0,True,OLLVM_Heroims_NewPass,"[""BCF"", ""FLA"", ""INSTSUB""]",SUCCESS,12,89,31,9,19,21.34831460674157,short,simple,short_simple,0.9327312130866172,1271,505,
p03141,s132359456,585,1322,clean_src/p03141/s132359456.c,obfuscated_bin/p03141/s132359456_fla_bcf_instsub.elf,input_output/p03141/input.txt,input_output/p03141/output.txt,llvm-clang-14,O0,True,OLLVM_Heroims_NewPass,"[""BCF"", ""FLA"", ""INSTSUB""]",SUCCESS,6,60,23,6,17,28.333333333333332,short,complex,short_complex,0.7755869667272945,1039,830,
p03142,s710805295,5015,16018,clean_src/p03142/s710805295.c,obfuscated_bin/p03142/s710805295_fla_bcf_instsub.elf,input_output/p03142/input.txt,input_output/p03142/output.txt,llvm-clang-14,O0,True,OLLVM_Heroims_NewPass,"[""BCF"", ""FLA"", ""INSTSUB""]",SUCCESS,74,289,197,24,123,42.56055363321799,long,complex,long_complex,0.6943558177224753,2585,1008,
p03143,s616140703,1323,4135,clean_src/p03143/s616140703.c,obfuscated_bin/p03143/s616140703_fla_bcf_instsub.elf,input_output/p03143/input.txt,input_output/p03143/output.txt,llvm-clang-14,O0,True,OLLVM_Heroims_NewPass,"[""BCF"", ""FLA"", ""INSTSUB""]",SUCCESS,12,159,31,11,19,11.949685534591195,long,simple,long_simple,0.866779483987804,1989,119,
p03144,s569750365,3271,12448,clean_src/p03144/s569750365.c,obfuscated_bin/p03144/s569750365_fla_bcf_instsub.elf,input_output/p03144/input.txt,input_output/p03144/output.txt,llvm-clang-14,O0,True,OLLVM_Heroims_NewPass,"[""BCF"", ""FLA"", ""INSTSUB""]",SUCCESS,31,450,98,22,67,14.888888888888888,long,simple,long_simple,0.6792018164040834,2545,225,
p03145,s365932845,1472,6688,clean_src/p03145/s365932845.c,obfuscated_bin/p03145/s365932845_fla_bcf_instsub.elf,input_output/p03145/input.txt,input_output/p03145/output.txt,llvm-clang-14,O0,True,OLLVM_Heroims_NewPass,"[""BCF"", ""FLA"", ""INSTSUB""]",SUCCESS,23,205,56,10,33,16.097560975609756,long,simple,long_simple,0.9107908064237685,2062,313,
p03146,s104180197,3968,12794,clean_src/p03146/s104180197.c,obfuscated_bin/p03146/s104180197_fla_bcf_instsub.elf,input_output/p03146/input.txt,input_output/p03146/output.txt,llvm-clang-14,O0,True,OLLVM_Heroims_NewPass,"[""BCF"", ""FLA"", ""INSTSUB""]",SUCCESS,61,741,110,6,49,6.612685560053981,long,simple,long_simple,0.8379060555152443,2567,28,
p03147,s180014650,1998,4353,clean_src/p03147/s180014650.c,obfuscated_bin/p03147/s180014650_fla_bcf_instsub.elf,input_output/p03147/input.txt,input_output/p03147/output.txt,llvm-clang-14,O0,True,OLLVM_Heroims_NewPass,"[""BCF"", ""FLA"", ""INSTSUB""]",SUCCESS,43,91,87,4,44,48.35164835164835,long,complex,long_complex,0.7902864920971657,2247,1134,
p03148,s979759065,813,2711,clean_src/p03148/s979759065.c,obfuscated_bin/p03148/s979759065_fla_bcf_instsub.elf,input_output/p03148/input.txt,input_output/p03148/output.txt,llvm-clang-14,O0,True,OLLVM_Heroims_NewPass,"[""BCF"", ""FLA"", ""INSTSUB""]",SUCCESS,5,88,22,7,17,19.318181818181817,long,simple,long_simple,0.8246906966724165,1497,470,
p03149,s010569959,2165,4752,clean_src/p03149/s010569959.c,obfuscated_bin/p03149/s010569959_fla_bcf_instsub.elf,input_output/p03149/input.txt,input_output/p03149/output.txt,llvm-clang-14,O0,True,OLLVM_Heroims_NewPass,"[""BCF"", ""FLA"", ""INSTSUB""]",SUCCESS,46,104,98,6,52,50.0,long,complex,long_complex,0.9141248430121062,2294,1159,
p03150,s928026002,573,1126,clean_src/p03150/s928026002.c,obfuscated_bin/p03150/s928026002_fla_bcf_instsub.elf,input_output/p03150/input.txt,input_output/p03150/output.txt,llvm-clang-14,O0,True,OLLVM_Heroims_NewPass,"[""BCF"", ""FLA"", ""INSTSUB""]",SUCCESS,1,35,60,60,59,168.57142857142858,short,complex,short_complex,0.9408081628729285,1012,1298,
p03151,s845093654,609,1363,clean_src/p03151/s845093654.c,obfuscated_bin/p03151/s845093654_fla_bcf_instsub.elf,input_output/p03151/input.txt,input_output/p03151/output.txt,llvm-clang-14,O0,True,OLLVM_Heroims_NewPass,"[""BCF"", ""FLA"", ""INSTSUB""]",SUCCESS,5,64,26,8,21,32.8125,short,complex,short_complex,0.9662862765268404,1089,990,
p03152,s445435054,656,1707,clean_src/p03152/s445435054.c,obfuscated_bin/p03152/s445435054_fla_bcf_instsub.elf,input_output/p03152/input.txt,input_output/p03152/output.txt,llvm-clang-14,O0,True,OLLVM_Heroims_NewPass,"[""BCF"", ""FLA"", ""INSTSUB""]",SUCCESS,3,94,24,19,21,22.340425531914892,short,simple,short_simple,0.3341562728598524,1206,549,
p03153,s572249803,1821,5822,clean_src/p03153/s572249803.c,obfuscated_bin/p03153/s572249803_fla_bcf_instsub.elf,input_output/p03153/input.txt,input_output/p03153/output.txt,llvm-clang-14,O0,True,OLLVM_Heroims_NewPass,"[""BCF"", ""FLA"", ""INSTSUB""]",SUCCESS,20,226,52,8,32,14.15929203539823,long,simple,long_simple,0.7066875203305444,2195,192,
p03154,s403532779,385,944,clean_src/p03154/s403532779.c,obfuscated_bin/p03154/s403532779_fla_bcf_instsub.elf,input_output/p03154/input.txt,input_output/p03154/output.txt,llvm-clang-14,O0,True,OLLVM_Heroims_NewPass,"[""BCF"", ""FLA"", ""INSTSUB""]",SUCCESS,2,32,7,5,5,15.625,short,simple,short_simple,0.4133749539125928,496,235,
p03155,s071573213,370,1251,clean_src/p03155/s071573213.c,obfuscated_bin/p03155/s071573213_fla_bcf_instsub.elf,input_output/p03155/input.txt,input_output/p03155/output.txt,llvm-clang-14,O0,True,OLLVM_Heroims_NewPass,"[""BCF"", ""FLA"", ""INSTSUB""]",SUCCESS,9,48,14,4,5,10.416666666666668,short,simple,short_simple,0.8474725964132971,440,69,
p03156,s593633244,615,2706,clean_src/p03156/s593633244.c,obfuscated_bin/p03156/s593633244_fla_bcf_instsub.elf,input_output/p03156/input.txt,input_output/p03156/output.txt,llvm-clang-14,O0,True,OLLVM_Heroims_NewPass,"[""BCF"", ""FLA"", ""INSTSUB""]",SUCCESS,20,51,32,7,12,23.52941176470588,short,simple,short_simple,0.6189654525357058,1108,605,
p03157,s361952263,978,2042,clean_src/p03157/s361952263.c,obfuscated_bin/p03157/s361952263_fla_bcf_instsub.elf,input_output/p03157/input.txt,input_output/p03157/output.txt,llvm-clang-14,O0,True,OLLVM_Heroims_NewPass,"[""BCF"", ""FLA"", ""INSTSUB""]",SUCCESS,10,44,36,18,26,59.09090909090909,long,complex,long_complex,0.14008290795768708,1719,1193,
p03158,s624453945,723,1662,clean_src/p03158/s624453945.c,obfuscated_bin/p03158/s624453945_fla_bcf_instsub.elf,input_output/p03158/input.txt,input_output/p03158/output.txt,llvm-clang-14,O0,True,OLLVM_Heroims_NewPass,"[""BCF"", ""FLA"", ""INSTSUB""]",SUCCESS,6,85,27,6,21,24.705882352941178,long,simple,long_simple,0.2905512644448156,1342,608,
p03160,s679417957,645,1880,clean_src/p03160/s679417957.c,obfuscated_bin/p03160/s679417957_fla_bcf_instsub.elf,input_output/p03160/input.txt,input_output/p03160/output.txt,llvm-clang-14,O0,True,OLLVM_Heroims_NewPass,"[""BCF"", ""FLA"", ""INSTSUB""]",SUCCESS,10,47,22,5,12,25.53191489361702,short,complex,short_complex,0.6650723303770687,1183,697,
p03161,s615025893,2480,10995,clean_src/p03161/s615025893.c,obfuscated_bin/p03161/s615025893_fla_bcf_instsub.elf,input_output/p03161/input.txt,input_output/p03161/output.txt,llvm-clang-14,O0,True,OLLVM_Heroims_NewPass,"[""BCF"", ""FLA"", ""INSTSUB""]",SUCCESS,35,313,88,8,53,16.93290734824281,long,simple,long_simple,0.9716972404411227,2370,367,
p03162,s517620879,702,3587,clean_src/p03162/s517620879.c,obfuscated_bin/p03162/s517620879_fla_bcf_instsub.elf,input_output/p03162/input.txt,input_output/p03162/output.txt,llvm-clang-14,O0,True,OLLVM_Heroims_NewPass,"[""BCF"", ""FLA"", ""INSTSUB""]",SUCCESS,11,92,29,7,18,19.565217391304348,long,simple,long_simple,0.9514975294621884,1311,477,
p03165,s867919637,689,2198,clean_src/p03165/s867919637.c,obfuscated_bin/p03165/s867919637_fla_bcf_instsub.elf,input_output/p03165/input.txt,input_output/p03165/output.txt,llvm-clang-14,O0,True,OLLVM_Heroims_NewPass,"[""BCF"", ""FLA"", ""INSTSUB""]",SUCCESS,4,102,29,15,25,24.509803921568626,short,simple,short_simple,0.3531349781595484,1286,643,
p03166,s283948956,2356,7710,clean_src/p03166/s283948956.c,obfuscated_bin/p03166/s283948956_fla_bcf_instsub.elf,input_output/p03166/input.txt,input_output/p03166/output.txt,llvm-clang-14,O0,True,OLLVM_Heroims_NewPass,"[""BCF"", ""FLA"", ""INSTSUB""]",SUCCESS,9,262,38,11,29,11.068702290076336,long,simple,long_simple,0.5991344710804686,2339,99,
p03167,s591149775,634,1612,clean_src/p03167/s591149775.c,obfuscated_bin/p03167/s591149775_fla_bcf_instsub.elf,input_output/p03167/input.txt,input_output/p03167/output.txt,llvm-clang-14,O0,True,OLLVM_Heroims_NewPass,"[""BCF"", ""FLA"", ""INSTSUB""]",SUCCESS,3,125,19,13,16,12.8,short,simple,short_simple,0.8389983540007316,1154,135,
p03170,s643560102,337,1087,clean_src/p03170/s643560102.c,obfuscated_bin/p03170/s643560102_fla_bcf_instsub.elf,input_output/p03170/input.txt,input_output/p03170/output.txt,llvm-clang-14,O0,True,OLLVM_Heroims_NewPass,"[""BCF"", ""FLA"", ""INSTSUB""]",SUCCESS,6,25,15,4,9,36.0,short,complex,short_complex,0.7707010067860627,329,1084,
p03171,s941603614,577,2594,clean_src/p03171/s941603614.c,obfuscated_bin/p03171/s941603614_fla_bcf_instsub.elf,input_output/p03171/input.txt,input_output/p03171/output.txt,llvm-clang-14,O0,True,OLLVM_Heroims_NewPass,"[""BCF"", ""FLA"", ""INSTSUB""]",SUCCESS,3,63,14,10,11,17.46031746031746,short,simple,short_simple,0.7009784992592193,1027,322,
p03172,s076376262,454,975,clean_src/p03172/s076376262.c,obfuscated_bin/p03172/s076376262_fla_bcf_instsub.elf,input_output/p03172/input.txt,input_output/p03172/output.txt,llvm-clang-14,O0,True,OLLVM_Heroims_NewPass,"[""BCF"", ""FLA"", ""INSTSUB""]",SUCCESS,2,44,11,9,9,20.454545454545457,short,simple,short_simple,0.7948068811042498,702,458,
p03173,s968786673,440,1245,clean_src/p03173/s968786673.c,obfuscated_bin/p03173/s968786673_fla_bcf_instsub.elf,input_output/p03173/input.txt,input_output/p03173/output.txt,llvm-clang-14,O0,True,OLLVM_Heroims_NewPass,"[""BCF"", ""FLA"", ""INSTSUB""]",SUCCESS,2,44,10,9,8,18.181818181818183,short,simple,short_simple,0.7723447596576605,660,357,
p03174,s016742352,838,1645,clean_src/p03174/s016742352.c,obfuscated_bin/p03174/s016742352_fla_bcf_instsub.elf,input_output/p03174/input.txt,input_output/p03174/output.txt,llvm-clang-14,O0,True,OLLVM_Heroims_NewPass,"[""BCF"", ""FLA"", ""INSTSUB""]",SUCCESS,3,57,10,4,7,12.280701754385964,long,simple,long_simple,0.4987819411276925,1534,128,
p03175,s450473683,880,2184,clean_src/p03175/s450473683.c,obfuscated_bin/p03175/s450473683_fla_bcf_instsub.elf,input_output/p03175/input.txt,input_output/p03175/output.txt,llvm-clang-14,O0,True,OLLVM_Heroims_NewPass,"[""BCF"", ""FLA"", ""INSTSUB""]",SUCCESS,10,71,24,4,14,19.718309859154928,long,simple,long_simple,0.746820601489178,1596,480,
p03176,s780130632,5836,19315,clean_src/p03176/s780130632.c,obfuscated_bin/p03176/s780130632_fla_bcf_instsub.elf,input_output/p03176/input.txt,input_output/p03176/output.txt,llvm-clang-14,O0,True,OLLVM_Heroims_NewPass,"[""BCF"", ""FLA"", ""INSTSUB""]",SUCCESS,90,368,251,24,161,43.75,long,complex,long_complex,0.9552867520291046,2592,1037,
p03177,s123785863,540,1131,clean_src/p03177/s123785863.c,obfuscated_bin/p03177/s123785863_fla_bcf_instsub.elf,input_output/p03177/input.txt,input_output/p03177/output.txt,llvm-clang-14,O0,True,OLLVM_Heroims_NewPass,"[""BCF"", ""FLA"", ""INSTSUB""]",SUCCESS,3,43,19,10,16,37.2093023255814,short,complex,short_complex,0.88663914438973,925,1107,
p03178,s592279817,533,1367,clean_src/p03178/s592279817.c,obfuscated_bin/p03178/s592279817_fla_bcf_instsub.elf,input_output/p03178/input.txt,input_output/p03178/output.txt,llvm-clang-14,O0,True,OLLVM_Heroims_NewPass,"[""BCF"", ""FLA"", ""INSTSUB""]",SUCCESS,3,50,13,9,10,20.0,short,simple,short_simple,0.29398896163981514,908,447,
p03179,s018060166,386,877,clean_src/p03179/s018060166.c,obfuscated_bin/p03179/s018060166_fla_bcf_instsub.elf,input_output/p03179/input.txt,input_output/p03179/output.txt,llvm-clang-14,O0,True,OLLVM_Heroims_NewPass,"[""BCF"", ""FLA"", ""INSTSUB""]",SUCCESS,2,38,9,7,7,18.421052631578945,short,simple,short_simple,0.1977981003634619,501,368,
p03180,s595062641,490,1044,clean_src/p03180/s595062641.c,obfuscated_bin/p03180/s595062641_fla_bcf_instsub.elf,input_output/p03180/input.txt,input_output/p03180/output.txt,llvm-clang-14,O0,True,OLLVM_Heroims_NewPass,"[""BCF"", ""FLA"", ""INSTSUB""]",SUCCESS,2,38,17,9,15,39.473684210526315,short,complex,short_complex,0.814780942573691,800,1143,
p03181,s402074575,1464,3066,clean_src/p03181/s402074575.c,obfuscated_bin/p03181/s402074575_fla_bcf_instsub.elf,input_output/p03181/input.txt,input_output/p03181/output.txt,llvm-clang-14,O0,True,OLLVM_Heroims_NewPass,"[""BCF"", ""FLA"", ""INSTSUB""]",SUCCESS,12,132,38,13,26,19.696969696969695,long,simple,long_simple,0.9312550002710017,2056,479,
p03182,s903427781,1150,3030,clean_src/p03182/s903427781.c,obfuscated_bin/p03182/s903427781_fla_bcf_instsub.elf,input_output/p03182/input.txt,input_output/p03182/output.txt,llvm-clang-14,O0,True,OLLVM_Heroims_NewPass,"[""BCF"", ""FLA"", ""INSTSUB""]",SUCCESS,12,96,24,5,12,12.5,long,simple,long_simple,0.9850623314395213,1875,135,
p03183,s500255356,335,788,clean_src/p03183/s500255356.c,obfuscated_bin/p03183/s500255356_fla_bcf_instsub.elf,input_output/p03183/input.txt,input_output/p03183/output.txt,llvm-clang-14,O0,True,OLLVM_Heroims_NewPass,"[""BCF"", ""FLA"", ""INSTSUB""]",SUCCESS,3,37,7,5,4,10.81081081081081,short,simple,short_simple,0.5213587576414459,324,80,
p03184,s406485942,875,1816,clean_src/p03184/s406485942.c,obfuscated_bin/p03184/s406485942_fla_bcf_instsub.elf,input_output/p03184/input.txt,input_output/p03184/output.txt,llvm-clang-14,O0,True,OLLVM_Heroims_NewPass,"[""BCF"", ""FLA"", ""INSTSUB""]",SUCCESS,3,57,19,10,16,28.07017543859649,long,complex,long_complex,0.9665538031037078,1590,703,
p03185,s720737462,673,1274,clean_src/p03185/s720737462.c,obfuscated_bin/p03185/s720737462_fla_bcf_instsub.elf,input_output/p03185/input.txt,input_output/p03185/output.txt,llvm-clang-14,O0,True,OLLVM_Heroims_NewPass,"[""BCF"", ""FLA"", ""INSTSUB""]",SUCCESS,1,44,11,11,10,22.727272727272727,short,simple,short_simple,0.20161235109629472,1243,568,
p03186,s990077372,278,996,clean_src/p03186/s990077372.c,obfuscated_bin/p03186/s990077372_fla_bcf_instsub.elf,input_output/p03186/input.txt,input_output/p03186/output.txt,llvm-clang-14,O0,True,OLLVM_Heroims_NewPass,"[""BCF"", ""FLA"", ""INSTSUB""]",SUCCESS,9,51,15,2,6,11.76470588235294,short,simple,short_simple,0.5756801770378619,101,103,
p03187,s135609198,2340,5127,clean_src/p03187/s135609198.c,obfuscated_bin/p03187/s135609198_fla_bcf_instsub.elf,input_output/p03187/input.txt,input_output/p03187/output.txt,llvm-clang-14,O0,True,OLLVM_Heroims_NewPass,"[""BCF"", ""FLA"", ""INSTSUB""]",SUCCESS,47,123,97,4,50,40.65040650406504,long,complex,long_complex,0.3080995695391685,2336,962,
p03189,s513030727,741,1889,clean_src/p03189/s513030727.c,obfuscated_bin/p03189/s513030727_fla_bcf_instsub.elf,input_output/p03189/input.txt,input_output/p03189/output.txt,llvm-clang-14,O0,True,OLLVM_Heroims_NewPass,"[""BCF"", ""FLA"", ""INSTSUB""]",SUCCESS,4,80,19,13,15,18.75,long,simple,long_simple,0.40993736043374907,1375,450,
p03191,s396160177,1824,7824,clean_src/p03191/s396160177.c,obfuscated_bin/p03191/s396160177_fla_bcf_instsub.elf,input_output/p03191/input.txt,input_output/p03191/output.txt,llvm-clang-14,O0,True,OLLVM_Heroims_NewPass,"[""BCF"", ""FLA"", ""INSTSUB""]",SUCCESS,4,276,13,9,9,3.260869565217391,long,simple,long_simple,0.06880443195743158,2197,6,
p03192,s219691519,398,837,clean_src/p03192/s219691519.c,obfuscated_bin/p03192/s219691519_fla_bcf_instsub.elf,input_output/p03192/input.txt,input_output/p03192/output.txt,llvm-clang-14,O0,True,OLLVM_Heroims_NewPass,"[""BCF"", ""FLA"", ""INSTSUB""]",SUCCESS,1,56,31,31,30,53.57142857142857,short,complex,short_complex,0.24675803596038015,537,1263,
p03193,s851157467,2441,10749,clean_src/p03193/s851157467.c,obfuscated_bin/p03193/s851157467_fla_bcf_instsub.elf,input_output/p03193/input.txt,input_output/p03193/output.txt,llvm-clang-14,O0,True,OLLVM_Heroims_NewPass,"[""BCF"", ""FLA"", ""INSTSUB""]",SUCCESS,35,311,88,8,53,17.041800643086816,long,simple,long_simple,0.5616489083544035,2360,379,
p03194,s389430122,2560,12758,clean_src/p03194/s389430122.c,obfuscated_bin/p03194/s389430122_fla_bcf_instsub.elf,input_output/p03194/input.txt,input_output/p03194/output.txt,llvm-clang-14,O0,True,OLLVM_Heroims_NewPass,"[""BCF"", ""FLA"", ""INSTSUB""]",SUCCESS,35,342,93,9,58,16.95906432748538,long,simple,long_simple,0.8639864718029299,2416,370,
p03195,s607699098,1978,4349,clean_src/p03195/s607699098.c,obfuscated_bin/p03195/s607699098_fla_bcf_instsub.elf,input_output/p03195/input.txt,input_output/p03195/output.txt,llvm-clang-14,O0,True,OLLVM_Heroims_NewPass,"[""BCF"", ""FLA"", ""INSTSUB""]",SUCCESS,43,92,87,4,44,47.82608695652174,long,complex,long_complex,0.8365824622566816,2240,1115,
p03198,s245080222,626,2007,clean_src/p03198/s245080222.c,obfuscated_bin/p03198/s245080222_fla_bcf_instsub.elf,input_output/p03198/input.txt,input_output/p03198/output.txt,llvm-clang-14,O0,True,OLLVM_Heroims_NewPass,"[""BCF"", ""FLA"", ""INSTSUB""]",SUCCESS,7,54,22,9,15,27.77777777777778,short,complex,short_complex,0.5164702260271541,1137,799,
p03199,s752471056,1075,2391,clean_src/p03199/s752471056.c,obfuscated_bin/p03199/s752471056_fla_bcf_instsub.elf,input_output/p03199/input.txt,input_output/p03199/output.txt,llvm-clang-14,O0,True,OLLVM_Heroims_NewPass,"[""BCF"", ""FLA"", ""INSTSUB""]",SUCCESS,7,117,33,18,26,22.22222222222222,long,simple,long_simple,0.7435714758180009,1803,553,
p03200,s763818070,2030,4488,clean_src/p03200/s763818070.c,obfuscated_bin/p03200/s763818070_fla_bcf_instsub.elf,input_output/p03200/input.txt,input_output/p03200/output.txt,llvm-clang-14,O0,True,OLLVM_Heroims_NewPass,"[""BCF"", ""FLA"", ""INSTSUB""]",SUCCESS,43,100,89,6,46,46.0,long,complex,long_complex,0.8689480843922843,2258,1085,
p03201,s489514431,1692,7045,clean_src/p03201/s489514431.c,obfuscated_bin/p03201/s489514431_fla_bcf_instsub.elf,input_output/p03201/input.txt,input_output/p03201/output.txt,llvm-clang-14,O0,True,OLLVM_Heroims_NewPass,"[""BCF"", ""FLA"", ""INSTSUB""]",SUCCESS,3,278,13,7,10,3.597122302158273,long,simple,long_simple,0.9742695551606294,2156,8,
p03202,s866718576,550,1232,clean_src/p03202/s866718576.c,obfuscated_bin/p03202/s866718576_fla_bcf_instsub.elf,input_output/p03202/input.txt,input_output/p03202/output.txt,llvm-clang-14,O0,True,OLLVM_Heroims_NewPass,"[""BCF"", ""FLA"", ""INSTSUB""]",SUCCESS,4,73,17,6,13,17.80821917808219,short,simple,short_simple,0.9545061392821946,955,339,
p03203,s287300976,528,1653,clean_src/p03203/s287300976.c,obfuscated_bin/p03203/s287300976_fla_bcf_instsub.elf,input_output/p03203/input.txt,input_output/p03203/output.txt,llvm-clang-14,O0,True,OLLVM_Heroims_NewPass,"[""BCF"", ""FLA"", ""INSTSUB""]",SUCCESS,7,45,19,4,12,26.666666666666668,short,complex,short_complex,0.7950521972770759,892,743,
p03206,s177241344,474,1180,clean_src/p03206/s177241344.c,obfuscated_bin/p03206/s177241344_fla_bcf_instsub.elf,input_output/p03206/input.txt,input_output/p03206/output.txt,llvm-clang-14,O0,True,OLLVM_Heroims_NewPass,"[""BCF"", ""FLA"", ""INSTSUB""]",SUCCESS,14,29,22,2,8,27.586206896551722,short,complex,short_complex,0.8304429287480422,755,792,
p03207,s176851537,1513,6873,clean_src/p03207/s176851537.c,obfuscated_bin/p03207/s176851537_fla_bcf_instsub.elf,input_output/p03207/input.txt,input_output/p03207/output.txt,llvm-clang-14,O0,True,OLLVM_Heroims_NewPass,"[""BCF"", ""FLA"", ""INSTSUB""]",SUCCESS,23,215,58,10,35,16.27906976744186,long,simple,long_simple,0.9987319381876788,2081,326,
p03208,s042206958,2011,4394,clean_src/p03208/s042206958.c,obfuscated_bin/p03208/s042206958_fla_bcf_instsub.elf,input_output/p03208/input.txt,input_output/p03208/output.txt,llvm-clang-14,O0,True,OLLVM_Heroims_NewPass,"[""BCF"", ""FLA"", ""INSTSUB""]",SUCCESS,43,92,86,4,43,46.73913043478261,long,complex,long_complex,0.6017460879505381,2254,1095,
p03209,s428209384,2152,4807,clean_src/p03209/s428209384.c,obfuscated_bin/p03209/s428209384_fla_bcf_instsub.elf,input_output/p03209/input.txt,input_output/p03209/output.txt,llvm-clang-14,O0,True,OLLVM_Heroims_NewPass,"[""BCF"", ""FLA"", ""INSTSUB""]",SUCCESS,45,122,94,8,49,40.16393442622951,long,complex,long_complex,0.9147132194841647,2287,955,
p03210,s100274687,2311,10275,clean_src/p03210/s100274687.c,obfuscated_bin/p03210/s100274687_fla_bcf_instsub.elf,input_output/p03210/input.txt,input_output/p03210/output.txt,llvm-clang-14,O0,True,OLLVM_Heroims_NewPass,"[""BCF"", ""FLA"", ""INSTSUB""]",SUCCESS,34,298,86,8,52,17.449664429530202,long,simple,long_simple,0.7339871483316035,2330,402,
p03211,s949676492,2004,4373,clean_src/p03211/s949676492.c,obfuscated_bin/p03211/s949676492_fla_bcf_instsub.elf,input_output/p03211/input.txt,input_output/p03211/output.txt,llvm-clang-14,O0,True,OLLVM_Heroims_NewPass,"[""BCF"", ""FLA"", ""INSTSUB""]",SUCCESS,43,92,85,4,42,45.65217391304348,long,complex,long_complex,0.8695020921330118,2251,1071,
p03212,s381313075,786,2017,clean_src/p03212/s381313075.c,obfuscated_bin/p03212/s381313075_fla_bcf_instsub.elf,input_output/p03212/input.txt,input_output/p03212/output.txt,llvm-clang-14,O0,True,OLLVM_Heroims_NewPass,"[""BCF"", ""FLA"", ""INSTSUB""]",SUCCESS,3,94,43,38,40,42.5531914893617,long,complex,long_complex,0.5477109246762781,1458,1007,
p03213,s193176931,644,2992,clean_src/p03213/s193176931.c,obfuscated_bin/p03213/s193176931_fla_bcf_instsub.elf,input_output/p03213/input.txt,input_output/p03213/output.txt,llvm-clang-14,O0,True,OLLVM_Heroims_NewPass,"[""BCF"", ""FLA"", ""INSTSUB""]",SUCCESS,3,107,45,37,42,39.25233644859813,short,complex,short_complex,0.739000817630178,1179,1139,
p03214,s970028226,2029,4434,clean_src/p03214/s970028226.c,obfuscated_bin/p03214/s970028226_fla_bcf_instsub.elf,input_output/p03214/input.txt,input_output/p03214/output.txt,llvm-clang-14,O0,True,OLLVM_Heroims_NewPass,"[""BCF"", ""FLA"", ""INSTSUB""]",SUCCESS,43,95,88,5,45,47.368421052631575,long,complex,long_complex,0.8655903945113093,2257,1109,
p03215,s613956407,617,2305,clean_src/p03215/s613956407.c,obfuscated_bin/p03215/s613956407_fla_bcf_instsub.elf,input_output/p03215/input.txt,input_output/p03215/output.txt,llvm-clang-14,O0,True,OLLVM_Heroims_NewPass,"[""BCF"", ""FLA"", ""INSTSUB""]",SUCCESS,2,105,25,22,23,21.904761904761905,short,simple,short_simple,0.7435912781002196,1116,530,
p03216,s862274237,532,2741,clean_src/p03216/s862274237.c,obfuscated_bin/p03216/s862274237_fla_bcf_instsub.elf,input_output/p03216/input.txt,input_output/p03216/output.txt,llvm-clang-14,O0,True,OLLVM_Heroims_NewPass,"[""BCF"", ""FLA"", ""INSTSUB""]",SUCCESS,4,112,22,9,18,16.071428571428573,short,simple,short_simple,0.4266912843332439,907,259,
p03217,s265722315,1327,5004,clean_src/p03217/s265722315.c,obfuscated_bin/p03217/s265722315_fla_bcf_instsub.elf,input_output/p03217/input.txt,input_output/p03217/output.txt,llvm-clang-14,O0,True,OLLVM_Heroims_NewPass,"[""BCF"", ""FLA"", ""INSTSUB""]",SUCCESS,4,135,36,20,32,23.703703703703706,long,simple,long_simple,0.9180414096588853,1990,586,
p03219,s364136336,1939,4257,clean_src/p03219/s364136336.c,obfuscated_bin/p03219/s364136336_fla_bcf_instsub.elf,input_output/p03219/input.txt,input_output/p03219/output.txt,llvm-clang-14,O0,True,OLLVM_Heroims_NewPass,"[""BCF"", ""FLA"", ""INSTSUB""]",SUCCESS,43,87,84,4,41,47.12643678160919,long,complex,long_complex,0.8657110398108726,2228,1104,
p03220,s260365906,792,3322,clean_src/p03220/s260365906.c,obfuscated_bin/p03220/s260365906_fla_bcf_instsub.elf,input_output/p03220/input.txt,input_output/p03220/output.txt,llvm-clang-14,O0,True,OLLVM_Heroims_NewPass,"[""BCF"", ""FLA"", ""INSTSUB""]",SUCCESS,14,101,25,4,11,10.891089108910892,long,simple,long_simple,0.7115711829844289,1464,93,
p03221,s569939205,1211,3426,clean_src/p03221/s569939205.c,obfuscated_bin/p03221/s569939205_fla_bcf_instsub.elf,input_output/p03221/input.txt,input_output/p03221/output.txt,llvm-clang-14,O0,True,OLLVM_Heroims_NewPass,"[""BCF"", ""FLA"", ""INSTSUB""]",SUCCESS,20,96,45,15,25,26.041666666666668,long,complex,long_complex,0.19834593483143503,1912,651,
p03222,s714040772,2241,4950,clean_src/p03222/s714040772.c,obfuscated_bin/p03222/s714040772_fla_bcf_instsub.elf,input_output/p03222/input.txt,input_output/p03222/output.txt,llvm-clang-14,O0,True,OLLVM_Heroims_NewPass,"[""BCF"", ""FLA"", ""INSTSUB""]",SUCCESS,43,117,96,13,53,45.2991452991453,long,complex,long_complex,0.3797308117013768,2313,1064,
p03223,s609093534,655,1879,clean_src/p03223/s609093534.c,obfuscated_bin/p03223/s609093534_fla_bcf_instsub.elf,input_output/p03223/input.txt,input_output/p03223/output.txt,llvm-clang-14,O0,True,OLLVM_Heroims_NewPass,"[""BCF"", ""FLA"", ""INSTSUB""]",SUCCESS,2,94,24,21,22,23.404255319148938,short,simple,short_simple,0.2962531881253585,1203,596,
p03225,s902135348,741,1399,clean_src/p03225/s902135348.c,obfuscated_bin/p03225/s902135348_fla_bcf_instsub.elf,input_output/p03225/input.txt,input_output/p03225/output.txt,llvm-clang-14,O0,True,OLLVM_Heroims_NewPass,"[""BCF"", ""FLA"", ""INSTSUB""]",SUCCESS,2,54,26,25,24,44.44444444444444,long,complex,long_complex,0.3835665112618475,1376,1050,
p03226,s436335628,681,1923,clean_src/p03226/s436335628.c,obfuscated_bin/p03226/s436335628_fla_bcf_instsub.elf,input_output/p03226/input.txt,input_output/p03226/output.txt,llvm-clang-14,O0,True,OLLVM_Heroims_NewPass,"[""BCF"", ""FLA"", ""INSTSUB""]",SUCCESS,1,101,25,25,24,23.762376237623762,short,simple,short_simple,0.6438444675918155,1260,614,
p03227,s912910456,1970,4309,clean_src/p03227/s912910456.c,obfuscated_bin/p03227/s912910456_fla_bcf_instsub.elf,input_output/p03227/input.txt,input_output/p03227/output.txt,llvm-clang-14,O0,True,OLLVM_Heroims_NewPass,"[""BCF"", ""FLA"", ""INSTSUB""]",SUCCESS,43,89,85,4,42,47.19101123595505,long,complex,long_complex,0.947856771675537,2236,1107,
p03228,s640755648,659,1766,clean_src/p03228/s640755648.c,obfuscated_bin/p03228/s640755648_fla_bcf_instsub.elf,input_output/p03228/input.txt,input_output/p03228/output.txt,llvm-clang-14,O0,True,OLLVM_Heroims_NewPass,"[""BCF"", ""FLA"", ""INSTSUB""]",SUCCESS,18,47,30,5,12,25.53191489361702,short,complex,short_complex,0.6576053331511257,1212,698,
p03231,s900491464,529,3009,clean_src/p03231/s900491464.c,obfuscated_bin/p03231/s900491464_fla_bcf_instsub.elf,input_output/p03231/input.txt,input_output/p03231/output.txt,llvm-clang-14,O0,True,OLLVM_Heroims_NewPass,"[""BCF"", ""FLA"", ""INSTSUB""]",SUCCESS,6,117,20,7,14,11.965811965811966,short,simple,short_simple,0.2954074676733862,898,113,
p03232,s239745556,579,1482,clean_src/p03232/s239745556.c,obfuscated_bin/p03232/s239745556_fla_bcf_instsub.elf,input_output/p03232/input.txt,input_output/p03232/output.txt,llvm-clang-14,O0,True,OLLVM_Heroims_NewPass,"[""BCF"", ""FLA"", ""INSTSUB""]",SUCCESS,7,36,16,3,9,25.0,short,complex,short_complex,0.9418735828017469,1031,653,
p03233,s677687110,518,2586,clean_src/p03233/s677687110.c,obfuscated_bin/p03233/s677687110_fla_bcf_instsub.elf,input_output/p03233/input.txt,input_output/p03233/output.txt,llvm-clang-14,O0,True,OLLVM_Heroims_NewPass,"[""BCF"", ""FLA"", ""INSTSUB""]",SUCCESS,3,60,12,7,9,15.0,short,simple,short_simple,0.3652508281467226,872,208,
p03234,s846734488,3493,7567,clean_src/p03234/s846734488.c,obfuscated_bin/p03234/s846734488_fla_bcf_instsub.elf,input_output/p03234/input.txt,input_output/p03234/output.txt,llvm-clang-14,O0,True,OLLVM_Heroims_NewPass,"[""BCF"", ""FLA"", ""INSTSUB""]",SUCCESS,58,224,135,10,77,34.375,long,complex,long_complex,0.14511105793010082,2559,849,
p03238,s316479156,489,1332,clean_src/p03238/s316479156.c,obfuscated_bin/p03238/s316479156_fla_bcf_instsub.elf,input_output/p03238/input.txt,input_output/p03238/output.txt,llvm-clang-14,O0,True,OLLVM_Heroims_NewPass,"[""BCF"", ""FLA"", ""INSTSUB""]",SUCCESS,10,71,17,3,7,9.859154929577464,short,simple,short_simple,0.960096327210817,797,59,
p03239,s907528852,3580,11533,clean_src/p03239/s907528852.c,obfuscated_bin/p03239/s907528852_fla_bcf_instsub.elf,input_output/p03239/input.txt,input_output/p03239/output.txt,llvm-clang-14,O0,True,OLLVM_Heroims_NewPass,"[""BCF"", ""FLA"", ""INSTSUB""]",SUCCESS,55,668,99,6,44,6.58682634730539,long,simple,long_simple,0.7490250389613102,2561,27,
p03240,s367289483,2258,5006,clean_src/p03240/s367289483.c,obfuscated_bin/p03240/s367289483_fla_bcf_instsub.elf,input_output/p03240/input.txt,input_output/p03240/output.txt,llvm-clang-14,O0,True,OLLVM_Heroims_NewPass,"[""BCF"", ""FLA"", ""INSTSUB""]",SUCCESS,43,119,96,13,53,44.537815126050425,long,complex,long_complex,0.602115475629624,2318,1052,
p03241,s537781555,2008,4465,clean_src/p03241/s537781555.c,obfuscated_bin/p03241/s537781555_fla_bcf_instsub.elf,input_output/p03241/input.txt,input_output/p03241/output.txt,llvm-clang-14,O0,True,OLLVM_Heroims_NewPass,"[""BCF"", ""FLA"", ""INSTSUB""]",SUCCESS,43,94,88,5,45,47.87234042553192,long,complex,long_complex,0.9104949678876251,2253,1118,
p03242,s883181931,370,1541,clean_src/p03242/s883181931.c,obfuscated_bin/p03242/s883181931_fla_bcf_instsub.elf,input_output/p03242/input.txt,input_output/p03242/output.txt,llvm-clang-14,O0,True,OLLVM_Heroims_NewPass,"[""BCF"", ""FLA"", ""INSTSUB""]",SUCCESS,13,62,15,2,2,3.225806451612903,short,simple,short_simple,0.4726845995507931,441,5,
p03243,s647978008,2141,4731,clean_src/p03243/s647978008.c,obfuscated_bin/p03243/s647978008_fla_bcf_instsub.elf,input_output/p03243/input.txt,input_output/p03243/output.txt,llvm-clang-14,O0,True,OLLVM_Heroims_NewPass,"[""BCF"", ""FLA"", ""INSTSUB""]",SUCCESS,46,103,95,4,49,47.57281553398058,long,complex,long_complex,0.9238636834155295,2285,1111,
p03244,s668464189,963,4146,clean_src/p03244/s668464189.c,obfuscated_bin/p03244/s668464189_fla_bcf_instsub.elf,input_output/p03244/input.txt,input_output/p03244/output.txt,llvm-clang-14,O0,True,OLLVM_Heroims_NewPass,"[""BCF"", ""FLA"", ""INSTSUB""]",SUCCESS,4,97,28,22,24,24.742268041237114,long,simple,long_simple,0.3282752270157818,1698,610,
p03248,s723990744,412,964,clean_src/p03248/s723990744.c,obfuscated_bin/p03248/s723990744_fla_bcf_instsub.elf,input_output/p03248/input.txt,input_output/p03248/output.txt,llvm-clang-14,O0,True,OLLVM_Heroims_NewPass,"[""BCF"", ""FLA"", ""INSTSUB""]",SUCCESS,1,51,15,15,14,27.450980392156865,short,complex,short_complex,0.5200560343163451,590,785,
p03250,s438768741,1505,6769,clean_src/p03250/s438768741.c,obfuscated_bin/p03250/s438768741_fla_bcf_instsub.elf,input_output/p03250/input.txt,input_output/p03250/output.txt,llvm-clang-14,O0,True,OLLVM_Heroims_NewPass,"[""BCF"", ""FLA"", ""INSTSUB""]",SUCCESS,23,206,56,10,33,16.019417475728158,long,simple,long_simple,0.963636046782508,2079,303,
p03251,s108681421,2060,4518,clean_src/p03251/s108681421.c,obfuscated_bin/p03251/s108681421_fla_bcf_instsub.elf,input_output/p03251/input.txt,input_output/p03251/output.txt,llvm-clang-14,O0,True,OLLVM_Heroims_NewPass,"[""BCF"", ""FLA"", ""INSTSUB""]",SUCCESS,43,94,87,4,44,46.808510638297875,long,complex,long_complex,0.6169015436283173,2266,1097,
p03252,s020339971,1660,6713,clean_src/p03252/s020339971.c,obfuscated_bin/p03252/s020339971_fla_bcf_instsub.elf,input_output/p03252/input.txt,input_output/p03252/output.txt,llvm-clang-14,O0,True,OLLVM_Heroims_NewPass,"[""BCF"", ""FLA"", ""INSTSUB""]",SUCCESS,1,256,86,86,85,33.203125,long,complex,long_complex,0.7339738396884212,2139,825,
p03253,s646682665,2540,6563,clean_src/p03253/s646682665.c,obfuscated_bin/p03253/s646682665_fla_bcf_instsub.elf,input_output/p03253/input.txt,input_output/p03253/output.txt,llvm-clang-14,O0,True,OLLVM_Heroims_NewPass,"[""BCF"", ""FLA"", ""INSTSUB""]",SUCCESS,45,87,108,8,63,72.41379310344827,long,complex,long_complex,0.8385182124631851,2407,1239,
p03254,s661319502,2043,4487,clean_src/p03254/s661319502.c,obfuscated_bin/p03254/s661319502_fla_bcf_instsub.elf,input_output/p03254/input.txt,input_output/p03254/output.txt,llvm-clang-14,O0,True,OLLVM_Heroims_NewPass,"[""BCF"", ""FLA"", ""INSTSUB""]",SUCCESS,43,94,88,5,45,47.87234042553192,long,complex,long_complex,0.9548774573001163,2261,1119,
p03255,s257918738,288,847,clean_src/p03255/s257918738.c,obfuscated_bin/p03255/s257918738_fla_bcf_instsub.elf,input_output/p03255/input.txt,input_output/p03255/output.txt,llvm-clang-14,O0,True,OLLVM_Heroims_NewPass,"[""BCF"", ""FLA"", ""INSTSUB""]",SUCCESS,2,34,10,9,8,23.52941176470588,short,simple,short_simple,0.9743354397151279,144,606,
p03256,s961256845,1738,5895,clean_src/p03256/s961256845.c,obfuscated_bin/p03256/s961256845_fla_bcf_instsub.elf,input_output/p03256/input.txt,input_output/p03256/output.txt,llvm-clang-14,O0,True,OLLVM_Heroims_NewPass,"[""BCF"", ""FLA"", ""INSTSUB""]",SUCCESS,11,220,33,9,22,10.0,long,simple,long_simple,0.8017032343598074,2169,80,
p03257,s514420269,2523,5497,clean_src/p03257/s514420269.c,obfuscated_bin/p03257/s514420269_fla_bcf_instsub.elf,input_output/p03257/input.txt,input_output/p03257/output.txt,llvm-clang-14,O0,True,OLLVM_Heroims_NewPass,"[""BCF"", ""FLA"", ""INSTSUB""]",SUCCESS,44,148,111,24,67,45.27027027027027,long,complex,long_complex,0.9369014899452962,2394,1063,
p03258,s475146507,631,1408,clean_src/p03258/s475146507.c,obfuscated_bin/p03258/s475146507_fla_bcf_instsub.elf,input_output/p03258/input.txt,input_output/p03258/output.txt,llvm-clang-14,O0,True,OLLVM_Heroims_NewPass,"[""BCF"", ""FLA"", ""INSTSUB""]",SUCCESS,2,60,15,13,13,21.666666666666668,short,simple,short_simple,0.09421016556853945,1147,520,
p03259,s165509412,3838,12415,clean_src/p03259/s165509412.c,obfuscated_bin/p03259/s165509412_fla_bcf_instsub.elf,input_output/p03259/input.txt,input_output/p03259/output.txt,llvm-clang-14,O0,True,OLLVM_Heroims_NewPass,"[""BCF"", ""FLA"", ""INSTSUB""]",SUCCESS,12,425,61,18,49,11.529411764705882,long,simple,long_simple,0.5953554224226897,2565,107,
p03260,s530528913,477,2181,clean_src/p03260/s530528913.c,obfuscated_bin/p03260/s530528913_fla_bcf_instsub.elf,input_output/p03260/input.txt,input_output/p03260/output.txt,llvm-clang-14,O0,True,OLLVM_Heroims_NewPass,"[""BCF"", ""FLA"", ""INSTSUB""]",SUCCESS,17,42,24,5,7,16.666666666666664,short,simple,short_simple,0.9449431314421444,766,284,
p03261,s577603531,2074,4601,clean_src/p03261/s577603531.c,obfuscated_bin/p03261/s577603531_fla_bcf_instsub.elf,input_output/p03261/input.txt,input_output/p03261/output.txt,llvm-clang-14,O0,True,OLLVM_Heroims_NewPass,"[""BCF"", ""FLA"", ""INSTSUB""]",SUCCESS,43,97,90,7,47,48.45360824742268,long,complex,long_complex,0.9402505956180597,2268,1138,
p03262,s518867468,605,2715,clean_src/p03262/s518867468.c,obfuscated_bin/p03262/s518867468_fla_bcf_instsub.elf,input_output/p03262/input.txt,input_output/p03262/output.txt,llvm-clang-14,O0,True,OLLVM_Heroims_NewPass,"[""BCF"", ""FLA"", ""INSTSUB""]",SUCCESS,19,51,30,5,11,21.568627450980394,short,simple,short_simple,0.861592729843618,1083,514,
p03264,s727665413,2124,4642,clean_src/p03264/s727665413.c,obfuscated_bin/p03264/s727665413_fla_bcf_instsub.elf,input_output/p03264/input.txt,input_output/p03264/output.txt,llvm-clang-14,O0,True,OLLVM_Heroims_NewPass,"[""BCF"", ""FLA"", ""INSTSUB""]",SUCCESS,46,99,94,4,48,48.484848484848484,long,complex,long_complex,0.9733045759756563,2277,1139,
p03265,s726366946,3362,10683,clean_src/p03265/s726366946.c,obfuscated_bin/p03265/s726366946_fla_bcf_instsub.elf,input_output/p03265/input.txt,input_output/p03265/output.txt,llvm-clang-14,O0,True,OLLVM_Heroims_NewPass,"[""BCF"", ""FLA"", ""INSTSUB""]",SUCCESS,52,623,93,6,41,6.5810593900481535,long,simple,long_simple,0.2905148510568757,2555,26,
p03266,s833025015,701,1758,clean_src/p03266/s833025015.c,obfuscated_bin/p03266/s833025015_fla_bcf_instsub.elf,input_output/p03266/input.txt,input_output/p03266/output.txt,llvm-clang-14,O0,True,OLLVM_Heroims_NewPass,"[""BCF"", ""FLA"", ""INSTSUB""]",SUCCESS,15,44,34,11,19,43.18181818181818,long,complex,long_complex,0.8294082526810056,1305,1022,
p03270,s335726301,681,1391,clean_src/p03270/s335726301.c,obfuscated_bin/p03270/s335726301_fla_bcf_instsub.elf,input_output/p03270/input.txt,input_output/p03270/output.txt,llvm-clang-14,O0,True,OLLVM_Heroims_NewPass,"[""BCF"", ""FLA"", ""INSTSUB""]",SUCCESS,5,61,21,11,16,26.229508196721312,short,complex,short_complex,0.8516114117484439,1261,728,
p03271,s526731260,529,1698,clean_src/p03271/s526731260.c,obfuscated_bin/p03271/s526731260_fla_bcf_instsub.elf,input_output/p03271/input.txt,input_output/p03271/output.txt,llvm-clang-14,O0,True,OLLVM_Heroims_NewPass,"[""BCF"", ""FLA"", ""INSTSUB""]",SUCCESS,4,71,16,7,12,16.901408450704224,short,simple,short_simple,0.5706926852804168,899,293,
p03272,s885171862,2118,4656,clean_src/p03272/s885171862.c,obfuscated_bin/p03272/s885171862_fla_bcf_instsub.elf,input_output/p03272/input.txt,input_output/p03272/output.txt,llvm-clang-14,O0,True,OLLVM_Heroims_NewPass,"[""BCF"", ""FLA"", ""INSTSUB""]",SUCCESS,46,98,93,4,47,47.95918367346938,long,complex,long_complex,0.9676531978075034,2274,1122,
p03273,s944526436,3487,11166,clean_src/p03273/s944526436.c,obfuscated_bin/p03273/s944526436_fla_bcf_instsub.elf,input_output/p03273/input.txt,input_output/p03273/output.txt,llvm-clang-14,O0,True,OLLVM_Heroims_NewPass,"[""BCF"", ""FLA"", ""INSTSUB""]",SUCCESS,52,668,95,6,43,6.437125748502994,long,simple,long_simple,0.6216646561520054,2558,22,
p03274,s598241766,2035,4510,clean_src/p03274/s598241766.c,obfuscated_bin/p03274/s598241766_fla_bcf_instsub.elf,input_output/p03274/input.txt,input_output/p03274/output.txt,llvm-clang-14,O0,True,OLLVM_Heroims_NewPass,"[""BCF"", ""FLA"", ""INSTSUB""]",SUCCESS,43,94,86,4,43,45.744680851063826,long,complex,long_complex,0.9409906775954997,2260,1074,
p03275,s661923156,1399,3129,clean_src/p03275/s661923156.c,obfuscated_bin/p03275/s661923156_fla_bcf_instsub.elf,input_output/p03275/input.txt,input_output/p03275/output.txt,llvm-clang-14,O0,True,OLLVM_Heroims_NewPass,"[""BCF"", ""FLA"", ""INSTSUB""]",SUCCESS,8,74,50,17,42,56.75675675675676,long,complex,long_complex,0.6047498440255856,2029,1184,
p03278,s764401804,818,1571,clean_src/p03278/s764401804.c,obfuscated_bin/p03278/s764401804_fla_bcf_instsub.elf,input_output/p03278/input.txt,input_output/p03278/output.txt,llvm-clang-14,O0,True,OLLVM_Heroims_NewPass,"[""BCF"", ""FLA"", ""INSTSUB""]",SUCCESS,3,68,14,7,11,16.176470588235293,long,simple,long_simple,0.5475112882274199,1506,321,
p03279,s077728682,1886,7925,clean_src/p03279/s077728682.c,obfuscated_bin/p03279/s077728682_fla_bcf_instsub.elf,input_output/p03279/input.txt,input_output/p03279/output.txt,llvm-clang-14,O0,True,OLLVM_Heroims_NewPass,"[""BCF"", ""FLA"", ""INSTSUB""]",SUCCESS,3,299,22,15,19,6.354515050167224,long,simple,long_simple,0.9695375041981406,2212,20,
p03280,s553130834,2392,5133,clean_src/p03280/s553130834.c,obfuscated_bin/p03280/s553130834_fla_bcf_instsub.elf,input_output/p03280/input.txt,input_output/p03280/output.txt,llvm-clang-14,O0,True,OLLVM_Heroims_NewPass,"[""BCF"", ""FLA"", ""INSTSUB""]",SUCCESS,51,114,101,4,50,43.859649122807014,long,complex,long_complex,0.892428648609141,2349,1041,
p03281,s175672032,1998,4448,clean_src/p03281/s175672032.c,obfuscated_bin/p03281/s175672032_fla_bcf_instsub.elf,input_output/p03281/input.txt,input_output/p03281/output.txt,llvm-clang-14,O0,True,OLLVM_Heroims_NewPass,"[""BCF"", ""FLA"", ""INSTSUB""]",SUCCESS,43,96,89,6,46,47.91666666666667,long,complex,long_complex,0.7734547872103122,2248,1120,
p03282,s374021185,1404,5968,clean_src/p03282/s374021185.c,obfuscated_bin/p03282/s374021185_fla_bcf_instsub.elf,input_output/p03282/input.txt,input_output/p03282/output.txt,llvm-clang-14,O0,True,OLLVM_Heroims_NewPass,"[""BCF"", ""FLA"", ""INSTSUB""]",SUCCESS,22,263,63,7,41,15.5893536121673,long,simple,long_simple,0.9198163794465738,2034,263,
p03283,s262146734,586,1080,clean_src/p03283/s262146734.c,obfuscated_bin/p03283/s262146734_fla_bcf_instsub.elf,input_output/p03283/input.txt,input_output/p03283/output.txt,llvm-clang-14,O0,True,OLLVM_Heroims_NewPass,"[""BCF"", ""FLA"", ""INSTSUB""]",SUCCESS,2,62,20,15,18,29.03225806451613,short,complex,short_complex,0.8954834870381222,1042,863,
p03284,s284275094,2389,5132,clean_src/p03284/s284275094.c,obfuscated_bin/p03284/s284275094_fla_bcf_instsub.elf,input_output/p03284/input.txt,input_output/p03284/output.txt,llvm-clang-14,O0,True,OLLVM_Heroims_NewPass,"[""BCF"", ""FLA"", ""INSTSUB""]",SUCCESS,51,114,101,4,50,43.859649122807014,long,complex,long_complex,0.7394952325872671,2348,1042,
p03285,s971403176,2375,10486,clean_src/p03285/s971403176.c,obfuscated_bin/p03285/s971403176_fla_bcf_instsub.elf,input_output/p03285/input.txt,input_output/p03285/output.txt,llvm-clang-14,O0,True,OLLVM_Heroims_NewPass,"[""BCF"", ""FLA"", ""INSTSUB""]",SUCCESS,34,306,88,8,54,17.647058823529413,long,simple,long_simple,0.7272049119921287,2345,410,
p03286,s176594316,2200,4928,clean_src/p03286/s176594316.c,obfuscated_bin/p03286/s176594316_fla_bcf_instsub.elf,input_output/p03286/input.txt,input_output/p03286/output.txt,llvm-clang-14,O0,True,OLLVM_Heroims_NewPass,"[""BCF"", ""FLA"", ""INSTSUB""]",SUCCESS,45,120,95,8,50,41.66666666666667,long,complex,long_complex,0.8527703806704546,2305,982,
p03287,s504683749,1481,6027,clean_src/p03287/s504683749.c,obfuscated_bin/p03287/s504683749_fla_bcf_instsub.elf,input_output/p03287/input.txt,input_output/p03287/output.txt,llvm-clang-14,O0,True,OLLVM_Heroims_NewPass,"[""BCF"", ""FLA"", ""INSTSUB""]",SUCCESS,22,266,65,7,43,16.165413533834585,long,simple,long_simple,0.6087341712110457,2068,317,
p03288,s397361180,1960,4329,clean_src/p03288/s397361180.c,obfuscated_bin/p03288/s397361180_fla_bcf_instsub.elf,input_output/p03288/input.txt,input_output/p03288/output.txt,llvm-clang-14,O0,True,OLLVM_Heroims_NewPass,"[""BCF"", ""FLA"", ""INSTSUB""]",SUCCESS,43,89,86,4,43,48.31460674157304,long,complex,long_complex,0.7480423641035777,2233,1133,
p03289,s548233901,2047,4566,clean_src/p03289/s548233901.c,obfuscated_bin/p03289/s548233901_fla_bcf_instsub.elf,input_output/p03289/input.txt,input_output/p03289/output.txt,llvm-clang-14,O0,True,OLLVM_Heroims_NewPass,"[""BCF"", ""FLA"", ""INSTSUB""]",SUCCESS,43,99,92,9,49,49.494949494949495,long,complex,long_complex,0.8950412492108917,2263,1155,
p03290,s808441219,2589,5847,clean_src/p03290/s808441219.c,obfuscated_bin/p03290/s808441219_fla_bcf_instsub.elf,input_output/p03290/input.txt,input_output/p03290/output.txt,llvm-clang-14,O0,True,OLLVM_Heroims_NewPass,"[""BCF"", ""FLA"", ""INSTSUB""]",SUCCESS,47,165,102,7,55,33.33333333333333,long,complex,long_complex,0.989561523365582,2427,827,
p03291,s364270936,2202,4953,clean_src/p03291/s364270936.c,obfuscated_bin/p03291/s364270936_fla_bcf_instsub.elf,input_output/p03291/input.txt,input_output/p03291/output.txt,llvm-clang-14,O0,True,OLLVM_Heroims_NewPass,"[""BCF"", ""FLA"", ""INSTSUB""]",SUCCESS,44,118,95,9,51,43.22033898305085,long,complex,long_complex,0.8414236620863699,2306,1024,
p03292,s107806108,403,1167,clean_src/p03292/s107806108.c,obfuscated_bin/p03292/s107806108_fla_bcf_instsub.elf,input_output/p03292/input.txt,input_output/p03292/output.txt,llvm-clang-14,O0,True,OLLVM_Heroims_NewPass,"[""BCF"", ""FLA"", ""INSTSUB""]",SUCCESS,3,64,14,9,11,17.1875,short,simple,short_simple,0.8669512956696557,554,310,
p03293,s077009555,659,3082,clean_src/p03293/s077009555.c,obfuscated_bin/p03293/s077009555_fla_bcf_instsub.elf,input_output/p03293/input.txt,input_output/p03293/output.txt,llvm-clang-14,O0,True,OLLVM_Heroims_NewPass,"[""BCF"", ""FLA"", ""INSTSUB""]",SUCCESS,12,89,23,4,11,12.359550561797752,short,simple,short_simple,0.6256499466868745,1213,123,
p03294,s900955257,2139,4669,clean_src/p03294/s900955257.c,obfuscated_bin/p03294/s900955257_fla_bcf_instsub.elf,input_output/p03294/input.txt,input_output/p03294/output.txt,llvm-clang-14,O0,True,OLLVM_Heroims_NewPass,"[""BCF"", ""FLA"", ""INSTSUB""]",SUCCESS,46,100,94,4,48,48.0,long,complex,long_complex,0.9194202467171944,2284,1125,
p03295,s459441791,1565,3711,clean_src/p03295/s459441791.c,obfuscated_bin/p03295/s459441791_fla_bcf_instsub.elf,input_output/p03295/input.txt,input_output/p03295/output.txt,llvm-clang-14,O0,True,OLLVM_Heroims_NewPass,"[""BCF"", ""FLA"", ""INSTSUB""]",SUCCESS,16,55,67,13,51,92.72727272727272,long,complex,long_complex,0.3037998934040498,2102,1284,
p03296,s851605211,313,716,clean_src/p03296/s851605211.c,obfuscated_bin/p03296/s851605211_fla_bcf_instsub.elf,input_output/p03296/input.txt,input_output/p03296/output.txt,llvm-clang-14,O0,True,OLLVM_Heroims_NewPass,"[""BCF"", ""FLA"", ""INSTSUB""]",SUCCESS,1,41,16,16,15,36.58536585365854,short,complex,short_complex,0.9747997322613554,244,1094,
p03297,s165076466,378,3067,clean_src/p03297/s165076466.c,obfuscated_bin/p03297/s165076466_fla_bcf_instsub.elf,input_output/p03297/input.txt,input_output/p03297/output.txt,llvm-clang-14,O0,True,OLLVM_Heroims_NewPass,"[""BCF"", ""FLA"", ""INSTSUB""]",SUCCESS,2,55,18,16,16,29.09090909090909,short,complex,short_complex,0.7659879616253955,473,864,
p03298,s349209777,678,1931,clean_src/p03298/s349209777.c,obfuscated_bin/p03298/s349209777_fla_bcf_instsub.elf,input_output/p03298/input.txt,input_output/p03298/output.txt,llvm-clang-14,O0,True,OLLVM_Heroims_NewPass,"[""BCF"", ""FLA"", ""INSTSUB""]",SUCCESS,6,51,19,10,13,25.49019607843137,short,complex,short_complex,0.7633823757360829,1253,694,
p03299,s730229434,618,1425,clean_src/p03299/s730229434.c,obfuscated_bin/p03299/s730229434_fla_bcf_instsub.elf,input_output/p03299/input.txt,input_output/p03299/output.txt,llvm-clang-14,O0,True,OLLVM_Heroims_NewPass,"[""BCF"", ""FLA"", ""INSTSUB""]",SUCCESS,7,46,21,9,14,30.434782608695656,short,complex,short_complex,0.688732511812632,1118,917,
p03300,s578887314,1149,2898,clean_src/p03300/s578887314.c,obfuscated_bin/p03300/s578887314_fla_bcf_instsub.elf,input_output/p03300/input.txt,input_output/p03300/output.txt,llvm-clang-14,O0,True,OLLVM_Heroims_NewPass,"[""BCF"", ""FLA"", ""INSTSUB""]",SUCCESS,4,119,28,23,24,20.168067226890756,long,simple,long_simple,0.16604548187303025,1874,497,
p03301,s814982173,368,929,clean_src/p03301/s814982173.c,obfuscated_bin/p03301/s814982173_fla_bcf_instsub.elf,input_output/p03301/input.txt,input_output/p03301/output.txt,llvm-clang-14,O0,True,OLLVM_Heroims_NewPass,"[""BCF"", ""FLA"", ""INSTSUB""]",SUCCESS,3,47,12,8,9,19.148936170212767,short,simple,short_simple,0.46339948160640854,430,393,
p03302,s611334453,369,1248,clean_src/p03302/s611334453.c,obfuscated_bin/p03302/s611334453_fla_bcf_instsub.elf,input_output/p03302/input.txt,input_output/p03302/output.txt,llvm-clang-14,O0,True,OLLVM_Heroims_NewPass,"[""BCF"", ""FLA"", ""INSTSUB""]",SUCCESS,9,47,16,4,7,14.893617021276595,short,simple,short_simple,0.8661873284202638,437,199,
p03303,s835791359,356,1154,clean_src/p03303/s835791359.c,obfuscated_bin/p03303/s835791359_fla_bcf_instsub.elf,input_output/p03303/input.txt,input_output/p03303/output.txt,llvm-clang-14,O0,True,OLLVM_Heroims_NewPass,"[""BCF"", ""FLA"", ""INSTSUB""]",SUCCESS,7,62,16,4,9,14.516129032258066,short,simple,short_simple,0.9803914642334004,397,186,
p03305,s100071136,5747,18286,clean_src/p03305/s100071136.c,obfuscated_bin/p03305/s100071136_fla_bcf_instsub.elf,input_output/p03305/input.txt,input_output/p03305/output.txt,llvm-clang-14,O0,True,OLLVM_Heroims_NewPass,"[""BCF"", ""FLA"", ""INSTSUB""]",SUCCESS,80,339,215,24,135,39.823008849557525,long,complex,long_complex,0.7914912850586484,2591,949,
p03306,s535552471,2401,8780,clean_src/p03306/s535552471.c,obfuscated_bin/p03306/s535552471_fla_bcf_instsub.elf,input_output/p03306/input.txt,input_output/p03306/output.txt,llvm-clang-14,O0,True,OLLVM_Heroims_NewPass,"[""BCF"", ""FLA"", ""INSTSUB""]",SUCCESS,29,376,99,14,70,18.617021276595743,long,simple,long_simple,0.905558903533696,2353,446,
p03307,s896183762,467,1836,clean_src/p03307/s896183762.c,obfuscated_bin/p03307/s896183762_fla_bcf_instsub.elf,input_output/p03307/input.txt,input_output/p03307/output.txt,llvm-clang-14,O0,True,OLLVM_Heroims_NewPass,"[""BCF"", ""FLA"", ""INSTSUB""]",SUCCESS,18,70,22,2,4,5.714285714285714,short,simple,short_simple,0.5652477625141443,737,13,
p03308,s063569101,1710,3893,clean_src/p03308/s063569101.c,obfuscated_bin/p03308/s063569101_fla_bcf_instsub.elf,input_output/p03308/input.txt,input_output/p03308/output.txt,llvm-clang-14,O0,True,OLLVM_Heroims_NewPass,"[""BCF"", ""FLA"", ""INSTSUB""]",SUCCESS,41,68,78,4,37,54.41176470588235,long,complex,long_complex,0.9130362204768947,2163,1175,
p03309,s403242304,2548,6467,clean_src/p03309/s403242304.c,obfuscated_bin/p03309/s403242304_fla_bcf_instsub.elf,input_output/p03309/input.txt,input_output/p03309/output.txt,llvm-clang-14,O0,True,OLLVM_Heroims_NewPass,"[""BCF"", ""FLA"", ""INSTSUB""]",SUCCESS,45,73,108,8,63,86.3013698630137,long,complex,long_complex,0.20116073246409494,2410,1278,
p03310,s887098849,844,2121,clean_src/p03310/s887098849.c,obfuscated_bin/p03310/s887098849_fla_bcf_instsub.elf,input_output/p03310/input.txt,input_output/p03310/output.txt,llvm-clang-14,O0,True,OLLVM_Heroims_NewPass,"[""BCF"", ""FLA"", ""INSTSUB""]",SUCCESS,6,67,44,13,38,56.71641791044776,long,complex,long_complex,0.9316766597899551,1542,1183,
p03313,s544617322,628,1416,clean_src/p03313/s544617322.c,obfuscated_bin/p03313/s544617322_fla_bcf_instsub.elf,input_output/p03313/input.txt,input_output/p03313/output.txt,llvm-clang-14,O0,True,OLLVM_Heroims_NewPass,"[""BCF"", ""FLA"", ""INSTSUB""]",SUCCESS,6,72,17,4,11,15.277777777777779,short,simple,short_simple,0.9056237374784377,1142,217,
p03314,s752876353,1215,2496,clean_src/p03314/s752876353.c,obfuscated_bin/p03314/s752876353_fla_bcf_instsub.elf,input_output/p03314/input.txt,input_output/p03314/output.txt,llvm-clang-14,O0,True,OLLVM_Heroims_NewPass,"[""BCF"", ""FLA"", ""INSTSUB""]",SUCCESS,3,87,34,29,31,35.63218390804598,long,complex,long_complex,0.8907544665024075,1915,879,
p03315,s561472943,513,1626,clean_src/p03315/s561472943.c,obfuscated_bin/p03315/s561472943_fla_bcf_instsub.elf,input_output/p03315/input.txt,input_output/p03315/output.txt,llvm-clang-14,O0,True,OLLVM_Heroims_NewPass,"[""BCF"", ""FLA"", ""INSTSUB""]",SUCCESS,10,40,19,3,9,22.5,short,simple,short_simple,0.48163981038943326,856,555,
p03316,s161730838,1654,3831,clean_src/p03316/s161730838.c,obfuscated_bin/p03316/s161730838_fla_bcf_instsub.elf,input_output/p03316/input.txt,input_output/p03316/output.txt,llvm-clang-14,O0,True,OLLVM_Heroims_NewPass,"[""BCF"", ""FLA"", ""INSTSUB""]",SUCCESS,39,64,77,4,38,59.375,long,complex,long_complex,0.8388529583829903,2135,1196,
p03317,s151499200,2166,4748,clean_src/p03317/s151499200.c,obfuscated_bin/p03317/s151499200_fla_bcf_instsub.elf,input_output/p03317/input.txt,input_output/p03317/output.txt,llvm-clang-14,O0,True,OLLVM_Heroims_NewPass,"[""BCF"", ""FLA"", ""INSTSUB""]",SUCCESS,46,102,95,4,49,48.03921568627451,long,complex,long_complex,0.6780305149387207,2296,1127,
p03318,s047795265,2031,10412,clean_src/p03318/s047795265.c,obfuscated_bin/p03318/s047795265_fla_bcf_instsub.elf,input_output/p03318/input.txt,input_output/p03318/output.txt,llvm-clang-14,O0,True,OLLVM_Heroims_NewPass,"[""BCF"", ""FLA"", ""INSTSUB""]",SUCCESS,5,63,19,8,14,22.22222222222222,long,simple,long_simple,0.8774367429339329,2259,552,
p03321,s898490318,952,5097,clean_src/p03321/s898490318.c,obfuscated_bin/p03321/s898490318_fla_bcf_instsub.elf,input_output/p03321/input.txt,input_output/p03321/output.txt,llvm-clang-14,O0,True,OLLVM_Heroims_NewPass,"[""BCF"", ""FLA"", ""INSTSUB""]",SUCCESS,1,141,33,33,32,22.69503546099291,long,simple,long_simple,0.9826864831515887,1689,561,
p03322,s551996426,829,2088,clean_src/p03322/s551996426.c,obfuscated_bin/p03322/s551996426_fla_bcf_instsub.elf,input_output/p03322/input.txt,input_output/p03322/output.txt,llvm-clang-14,O0,True,OLLVM_Heroims_NewPass,"[""BCF"", ""FLA"", ""INSTSUB""]",SUCCESS,6,89,29,17,23,25.842696629213485,long,simple,long_simple,0.9046011190786741,1520,643,
p03323,s250957632,394,858,clean_src/p03323/s250957632.c,obfuscated_bin/p03323/s250957632_fla_bcf_instsub.elf,input_output/p03323/input.txt,input_output/p03323/output.txt,llvm-clang-14,O0,True,OLLVM_Heroims_NewPass,"[""BCF"", ""FLA"", ""INSTSUB""]",SUCCESS,1,68,23,23,22,32.35294117647059,short,complex,short_complex,0.8261377762533275,524,976,
p03324,s202245024,1633,6837,clean_src/p03324/s202245024.c,obfuscated_bin/p03324/s202245024_fla_bcf_instsub.elf,input_output/p03324/input.txt,input_output/p03324/output.txt,llvm-clang-14,O0,True,OLLVM_Heroims_NewPass,"[""BCF"", ""FLA"", ""INSTSUB""]",SUCCESS,27,295,73,7,46,15.593220338983052,long,simple,long_simple,0.6961839520533504,2127,264,
p03325,s320348041,2329,10536,clean_src/p03325/s320348041.c,obfuscated_bin/p03325/s320348041_fla_bcf_instsub.elf,input_output/p03325/input.txt,input_output/p03325/output.txt,llvm-clang-14,O0,True,OLLVM_Heroims_NewPass,"[""BCF"", ""FLA"", ""INSTSUB""]",SUCCESS,34,301,85,8,51,16.943521594684384,long,simple,long_simple,0.9287175472076193,2334,369,
p03326,s999639902,2442,5127,clean_src/p03326/s999639902.c,obfuscated_bin/p03326/s999639902_fla_bcf_instsub.elf,input_output/p03326/input.txt,input_output/p03326/output.txt,llvm-clang-14,O0,True,OLLVM_Heroims_NewPass,"[""BCF"", ""FLA"", ""INSTSUB""]",SUCCESS,18,69,97,19,79,114.4927536231884,long,complex,long_complex,0.857606297497821,2361,1297,
p03327,s119577363,421,1402,clean_src/p03327/s119577363.c,obfuscated_bin/p03327/s119577363_fla_bcf_instsub.elf,input_output/p03327/input.txt,input_output/p03327/output.txt,llvm-clang-14,O0,True,OLLVM_Heroims_NewPass,"[""BCF"", ""FLA"", ""INSTSUB""]",SUCCESS,8,81,20,6,12,14.814814814814813,short,simple,short_simple,0.8513017759920425,614,194,
p03328,s143629558,810,4493,clean_src/p03328/s143629558.c,obfuscated_bin/p03328/s143629558_fla_bcf_instsub.elf,input_output/p03328/input.txt,input_output/p03328/output.txt,llvm-clang-14,O0,True,OLLVM_Heroims_NewPass,"[""BCF"", ""FLA"", ""INSTSUB""]",SUCCESS,14,111,29,5,15,13.513513513513514,long,simple,long_simple,0.7782463650093097,1490,172,
p03329,s161599521,2627,6668,clean_src/p03329/s161599521.c,obfuscated_bin/p03329/s161599521_fla_bcf_instsub.elf,input_output/p03329/input.txt,input_output/p03329/output.txt,llvm-clang-14,O0,True,OLLVM_Heroims_NewPass,"[""BCF"", ""FLA"", ""INSTSUB""]",SUCCESS,45,80,110,8,65,81.25,long,complex,long_complex,0.9485759044491571,2442,1275,
p03330,s946095947,1742,7018,clean_src/p03330/s946095947.c,obfuscated_bin/p03330/s946095947_fla_bcf_instsub.elf,input_output/p03330/input.txt,input_output/p03330/output.txt,llvm-clang-14,O0,True,OLLVM_Heroims_NewPass,"[""BCF"", ""FLA"", ""INSTSUB""]",SUCCESS,26,293,76,12,50,17.064846416382252,long,simple,long_simple,0.9895759205375306,2171,382,
p03331,s801888672,1515,6288,clean_src/p03331/s801888672.c,obfuscated_bin/p03331/s801888672_fla_bcf_instsub.elf,input_output/p03331/input.txt,input_output/p03331/output.txt,llvm-clang-14,O0,True,OLLVM_Heroims_NewPass,"[""BCF"", ""FLA"", ""INSTSUB""]",SUCCESS,26,271,64,7,38,14.022140221402212,long,simple,long_simple,0.8274469685921357,2082,182,
p03332,s392022452,1655,6556,clean_src/p03332/s392022452.c,obfuscated_bin/p03332/s392022452_fla_bcf_instsub.elf,input_output/p03332/input.txt,input_output/p03332/output.txt,llvm-clang-14,O0,True,OLLVM_Heroims_NewPass,"[""BCF"", ""FLA"", ""INSTSUB""]",SUCCESS,26,286,69,7,43,15.034965034965033,long,simple,long_simple,0.9872705385221622,2136,235,
p03333,s573193496,988,2116,clean_src/p03333/s573193496.c,obfuscated_bin/p03333/s573193496_fla_bcf_instsub.elf,input_output/p03333/input.txt,input_output/p03333/output.txt,llvm-clang-14,O0,True,OLLVM_Heroims_NewPass,"[""BCF"", ""FLA"", ""INSTSUB""]",SUCCESS,3,106,20,12,17,16.037735849056602,long,simple,long_simple,0.943519892442252,1727,306,
p03334,s698885761,292,1172,clean_src/p03334/s698885761.c,obfuscated_bin/p03334/s698885761_fla_bcf_instsub.elf,input_output/p03334/input.txt,input_output/p03334/output.txt,llvm-clang-14,O0,True,OLLVM_Heroims_NewPass,"[""BCF"", ""FLA"", ""INSTSUB""]",SUCCESS,1,21,14,14,13,61.904761904761905,short,complex,short_complex,0.804682868846585,164,1277,
p03335,s424120881,2572,7780,clean_src/p03335/s424120881.c,obfuscated_bin/p03335/s424120881_fla_bcf_instsub.elf,input_output/p03335/input.txt,input_output/p03335/output.txt,llvm-clang-14,O0,True,OLLVM_Heroims_NewPass,"[""BCF"", ""FLA"", ""INSTSUB""]",SUCCESS,8,318,59,33,51,16.037735849056602,long,simple,long_simple,0.6980991780046455,2421,307,
p03336,s609061537,693,1518,clean_src/p03336/s609061537.c,obfuscated_bin/p03336/s609061537_fla_bcf_instsub.elf,input_output/p03336/input.txt,input_output/p03336/output.txt,llvm-clang-14,O0,True,OLLVM_Heroims_NewPass,"[""BCF"", ""FLA"", ""INSTSUB""]",SUCCESS,3,91,34,26,31,34.065934065934066,short,complex,short_complex,0.6437623608610364,1290,1031,
p03338,s567332566,3331,10684,clean_src/p03338/s567332566.c,obfuscated_bin/p03338/s567332566_fla_bcf_instsub.elf,input_output/p03338/input.txt,input_output/p03338/output.txt,llvm-clang-14,O0,True,OLLVM_Heroims_NewPass,"[""BCF"", ""FLA"", ""INSTSUB""]",SUCCESS,51,626,93,6,42,6.7092651757188495,long,simple,long_simple,0.998399266329963,2551,32,
p03339,s547479806,612,1871,clean_src/p03339/s547479806.c,obfuscated_bin/p03339/s547479806_fla_bcf_instsub.elf,input_output/p03339/input.txt,input_output/p03339/output.txt,llvm-clang-14,O0,True,OLLVM_Heroims_NewPass,"[""BCF"", ""FLA"", ""INSTSUB""]",SUCCESS,11,48,25,5,14,29.166666666666668,short,complex,short_complex,0.9324008821441863,1102,865,
p03343,s832685175,1085,2795,clean_src/p03343/s832685175.c,obfuscated_bin/p03343/s832685175_fla_bcf_instsub.elf,input_output/p03343/input.txt,input_output/p03343/output.txt,llvm-clang-14,O0,True,OLLVM_Heroims_NewPass,"[""BCF"", ""FLA"", ""INSTSUB""]",SUCCESS,12,122,33,13,21,17.21311475409836,long,simple,long_simple,0.352516399609324,1814,390,
p03344,s121420267,682,1503,clean_src/p03344/s121420267.c,obfuscated_bin/p03344/s121420267_fla_bcf_instsub.elf,input_output/p03344/input.txt,input_output/p03344/output.txt,llvm-clang-14,O0,True,OLLVM_Heroims_NewPass,"[""BCF"", ""FLA"", ""INSTSUB""]",SUCCESS,6,66,22,10,16,24.242424242424242,short,simple,short_simple,0.5137189347246132,1265,634,
p03345,s524782807,1380,3261,clean_src/p03345/s524782807.c,obfuscated_bin/p03345/s524782807_fla_bcf_instsub.elf,input_output/p03345/input.txt,input_output/p03345/output.txt,llvm-clang-14,O0,True,OLLVM_Heroims_NewPass,"[""BCF"", ""FLA"", ""INSTSUB""]",SUCCESS,34,46,65,3,31,67.3913043478261,long,complex,long_complex,0.9089513707982887,2015,1225,
p03346,s308546547,520,1994,clean_src/p03346/s308546547.c,obfuscated_bin/p03346/s308546547_fla_bcf_instsub.elf,input_output/p03346/input.txt,input_output/p03346/output.txt,llvm-clang-14,O0,True,OLLVM_Heroims_NewPass,"[""BCF"", ""FLA"", ""INSTSUB""]",SUCCESS,18,77,22,2,4,5.194805194805195,short,simple,short_simple,0.8867484776791689,875,10,
p03347,s222666052,300,1454,clean_src/p03347/s222666052.c,obfuscated_bin/p03347/s222666052_fla_bcf_instsub.elf,input_output/p03347/input.txt,input_output/p03347/output.txt,llvm-clang-14,O0,True,OLLVM_Heroims_NewPass,"[""BCF"", ""FLA"", ""INSTSUB""]",SUCCESS,4,53,12,7,8,15.09433962264151,short,simple,short_simple,0.9980562910189789,193,210,
p03348,s648793836,1226,2724,clean_src/p03348/s648793836.c,obfuscated_bin/p03348/s648793836_fla_bcf_instsub.elf,input_output/p03348/input.txt,input_output/p03348/output.txt,llvm-clang-14,O0,True,OLLVM_Heroims_NewPass,"[""BCF"", ""FLA"", ""INSTSUB""]",SUCCESS,1,105,34,34,33,31.428571428571427,long,complex,long_complex,0.6544105138307954,1921,788,
p03351,s931888234,291,963,clean_src/p03351/s931888234.c,obfuscated_bin/p03351/s931888234_fla_bcf_instsub.elf,input_output/p03351/input.txt,input_output/p03351/output.txt,llvm-clang-14,O0,True,OLLVM_Heroims_NewPass,"[""BCF"", ""FLA"", ""INSTSUB""]",SUCCESS,6,27,14,5,8,29.629629629629626,short,complex,short_complex,0.7416679246640688,159,886,
p03352,s084422656,822,5814,clean_src/p03352/s084422656.c,obfuscated_bin/p03352/s084422656_fla_bcf_instsub.elf,input_output/p03352/input.txt,input_output/p03352/output.txt,llvm-clang-14,O0,True,OLLVM_Heroims_NewPass,"[""BCF"", ""FLA"", ""INSTSUB""]",SUCCESS,13,114,30,5,17,14.912280701754385,long,simple,long_simple,0.9750890674407583,1513,228,
p03353,s209798905,945,2301,clean_src/p03353/s209798905.c,obfuscated_bin/p03353/s209798905_fla_bcf_instsub.elf,input_output/p03353/input.txt,input_output/p03353/output.txt,llvm-clang-14,O0,True,OLLVM_Heroims_NewPass,"[""BCF"", ""FLA"", ""INSTSUB""]",SUCCESS,2,110,10,9,8,7.2727272727272725,long,simple,long_simple,0.6137273396523927,1683,43,
p03354,s807969032,2167,5068,clean_src/p03354/s807969032.c,obfuscated_bin/p03354/s807969032_fla_bcf_instsub.elf,input_output/p03354/input.txt,input_output/p03354/output.txt,llvm-clang-14,O0,True,OLLVM_Heroims_NewPass,"[""BCF"", ""FLA"", ""INSTSUB""]",SUCCESS,39,130,87,10,48,36.92307692307693,long,complex,long_complex,0.7497796902564967,2297,901,
p03357,s305842200,1075,2789,clean_src/p03357/s305842200.c,obfuscated_bin/p03357/s305842200_fla_bcf_instsub.elf,input_output/p03357/input.txt,input_output/p03357/output.txt,llvm-clang-14,O0,True,OLLVM_Heroims_NewPass,"[""BCF"", ""FLA"", ""INSTSUB""]",SUCCESS,2,78,22,20,20,25.64102564102564,long,simple,long_simple,0.6311605920648952,1804,640,
p03358,s936940645,662,1533,clean_src/p03358/s936940645.c,obfuscated_bin/p03358/s936940645_fla_bcf_instsub.elf,input_output/p03358/input.txt,input_output/p03358/output.txt,llvm-clang-14,O0,True,OLLVM_Heroims_NewPass,"[""BCF"", ""FLA"", ""INSTSUB""]",SUCCESS,3,79,29,20,26,32.91139240506329,short,complex,short_complex,0.5724484631260505,1222,995,
p03359,s759954260,492,1884,clean_src/p03359/s759954260.c,obfuscated_bin/p03359/s759954260_fla_bcf_instsub.elf,input_output/p03359/input.txt,input_output/p03359/output.txt,llvm-clang-14,O0,True,OLLVM_Heroims_NewPass,"[""BCF"", ""FLA"", ""INSTSUB""]",SUCCESS,19,73,25,3,6,8.21917808219178,short,simple,short_simple,0.9298396309514928,805,31,
p03360,s824372519,3263,10517,clean_src/p03360/s824372519.c,obfuscated_bin/p03360/s824372519_fla_bcf_instsub.elf,input_output/p03360/input.txt,input_output/p03360/output.txt,llvm-clang-14,O0,True,OLLVM_Heroims_NewPass,"[""BCF"", ""FLA"", ""INSTSUB""]",SUCCESS,51,613,91,6,40,6.525285481239804,long,simple,long_simple,0.8656415271640068,2542,24,
p03361,s755742045,1106,2901,clean_src/p03361/s755742045.c,obfuscated_bin/p03361/s755742045_fla_bcf_instsub.elf,input_output/p03361/input.txt,input_output/p03361/output.txt,llvm-clang-14,O0,True,OLLVM_Heroims_NewPass,"[""BCF"", ""FLA"", ""INSTSUB""]",SUCCESS,1,157,77,77,76,48.40764331210191,long,complex,long_complex,0.9991938326454018,1832,1137,
p03363,s749303087,2241,4897,clean_src/p03363/s749303087.c,obfuscated_bin/p03363/s749303087_fla_bcf_instsub.elf,input_output/p03363/input.txt,input_output/p03363/output.txt,llvm-clang-14,O0,True,OLLVM_Heroims_NewPass,"[""BCF"", ""FLA"", ""INSTSUB""]",SUCCESS,46,114,98,6,52,45.614035087719294,long,complex,long_complex,0.8333318195294905,2314,1070,
p03364,s400021121,1685,7113,clean_src/p03364/s400021121.c,obfuscated_bin/p03364/s400021121_fla_bcf_instsub.elf,input_output/p03364/input.txt,input_output/p03364/output.txt,llvm-clang-14,O0,True,OLLVM_Heroims_NewPass,"[""BCF"", ""FLA"", ""INSTSUB""]",SUCCESS,25,283,66,8,41,14.487632508833922,long,simple,long_simple,0.7599785916732905,2149,208,
p03365,s115253238,1661,4043,clean_src/p03365/s115253238.c,obfuscated_bin/p03365/s115253238_fla_bcf_instsub.elf,input_output/p03365/input.txt,input_output/p03365/output.txt,llvm-clang-14,O0,True,OLLVM_Heroims_NewPass,"[""BCF"", ""FLA"", ""INSTSUB""]",SUCCESS,36,79,72,4,36,45.56962025316456,long,complex,long_complex,0.812607123228431,2140,1069,
p03369,s120189726,731,3098,clean_src/p03369/s120189726.c,obfuscated_bin/p03369/s120189726_fla_bcf_instsub.elf,input_output/p03369/input.txt,input_output/p03369/output.txt,llvm-clang-14,O0,True,OLLVM_Heroims_NewPass,"[""BCF"", ""FLA"", ""INSTSUB""]",SUCCESS,14,93,25,4,11,11.827956989247312,long,simple,long_simple,0.9168010709971683,1362,118,
p03370,s730265063,3256,10514,clean_src/p03370/s730265063.c,obfuscated_bin/p03370/s730265063_fla_bcf_instsub.elf,input_output/p03370/input.txt,input_output/p03370/output.txt,llvm-clang-14,O0,True,OLLVM_Heroims_NewPass,"[""BCF"", ""FLA"", ""INSTSUB""]",SUCCESS,51,614,91,6,40,6.514657980456026,long,simple,long_simple,0.8095456921505694,2540,23,
p03371,s934237934,1386,3268,clean_src/p03371/s934237934.c,obfuscated_bin/p03371/s934237934_fla_bcf_instsub.elf,input_output/p03371/input.txt,input_output/p03371/output.txt,llvm-clang-14,O0,True,OLLVM_Heroims_NewPass,"[""BCF"", ""FLA"", ""INSTSUB""]",SUCCESS,32,50,62,3,30,60.0,long,complex,long_complex,0.6936078942500227,2017,1198,
p03372,s515905176,848,1374,clean_src/p03372/s515905176.c,obfuscated_bin/p03372/s515905176_fla_bcf_instsub.elf,input_output/p03372/input.txt,input_output/p03372/output.txt,llvm-clang-14,O0,True,OLLVM_Heroims_NewPass,"[""BCF"", ""FLA"", ""INSTSUB""]",SUCCESS,2,67,16,14,14,20.8955223880597,long,simple,long_simple,0.9958532976367924,1546,524,
p03375,s951190419,404,726,clean_src/p03375/s951190419.c,obfuscated_bin/p03375/s951190419_fla_bcf_instsub.elf,input_output/p03375/input.txt,input_output/p03375/output.txt,llvm-clang-14,O0,True,OLLVM_Heroims_NewPass,"[""BCF"", ""FLA"", ""INSTSUB""]",SUCCESS,3,45,9,3,6,13.333333333333334,short,simple,short_simple,0.5662385100594535,563,148,
p03376,s985349271,1201,2863,clean_src/p03376/s985349271.c,obfuscated_bin/p03376/s985349271_fla_bcf_instsub.elf,input_output/p03376/input.txt,input_output/p03376/output.txt,llvm-clang-14,O0,True,OLLVM_Heroims_NewPass,"[""BCF"", ""FLA"", ""INSTSUB""]",SUCCESS,5,121,48,38,43,35.53719008264463,long,complex,long_complex,0.34798501059896836,1906,877,
p03377,s671930168,499,1829,clean_src/p03377/s671930168.c,obfuscated_bin/p03377/s671930168_fla_bcf_instsub.elf,input_output/p03377/input.txt,input_output/p03377/output.txt,llvm-clang-14,O0,True,OLLVM_Heroims_NewPass,"[""BCF"", ""FLA"", ""INSTSUB""]",SUCCESS,20,74,27,3,7,9.45945945945946,short,simple,short_simple,0.8638863420848547,822,53,
p03378,s907872728,3283,10598,clean_src/p03378/s907872728.c,obfuscated_bin/p03378/s907872728_fla_bcf_instsub.elf,input_output/p03378/input.txt,input_output/p03378/output.txt,llvm-clang-14,O0,True,OLLVM_Heroims_NewPass,"[""BCF"", ""FLA"", ""INSTSUB""]",SUCCESS,51,626,92,6,41,6.549520766773163,long,simple,long_simple,0.8655565393729222,2547,25,
p03379,s753113447,716,2285,clean_src/p03379/s753113447.c,obfuscated_bin/p03379/s753113447_fla_bcf_instsub.elf,input_output/p03379/input.txt,input_output/p03379/output.txt,llvm-clang-14,O0,True,OLLVM_Heroims_NewPass,"[""BCF"", ""FLA"", ""INSTSUB""]",SUCCESS,6,66,24,7,18,27.27272727272727,long,complex,long_complex,0.880612580379437,1336,684,
p03380,s056237953,582,1946,clean_src/p03380/s056237953.c,obfuscated_bin/p03380/s056237953_fla_bcf_instsub.elf,input_output/p03380/input.txt,input_output/p03380/output.txt,llvm-clang-14,O0,True,OLLVM_Heroims_NewPass,"[""BCF"", ""FLA"", ""INSTSUB""]",SUCCESS,20,83,26,2,6,7.228915662650602,short,simple,short_simple,0.9731532793061884,1038,21,
p03383,s580611198,661,1909,clean_src/p03383/s580611198.c,obfuscated_bin/p03383/s580611198_fla_bcf_instsub.elf,input_output/p03383/input.txt,input_output/p03383/output.txt,llvm-clang-14,O0,True,OLLVM_Heroims_NewPass,"[""BCF"", ""FLA"", ""INSTSUB""]",SUCCESS,3,98,26,19,23,23.46938775510204,short,simple,short_simple,0.8735505598433512,1220,602,
p03384,s593320533,977,2071,clean_src/p03384/s593320533.c,obfuscated_bin/p03384/s593320533_fla_bcf_instsub.elf,input_output/p03384/input.txt,input_output/p03384/output.txt,llvm-clang-14,O0,True,OLLVM_Heroims_NewPass,"[""BCF"", ""FLA"", ""INSTSUB""]",SUCCESS,1,91,26,26,25,27.472527472527474,long,complex,long_complex,0.9611111354392028,1717,689,
p03385,s287998770,2447,5281,clean_src/p03385/s287998770.c,obfuscated_bin/p03385/s287998770_fla_bcf_instsub.elf,input_output/p03385/input.txt,input_output/p03385/output.txt,llvm-clang-14,O0,True,OLLVM_Heroims_NewPass,"[""BCF"", ""FLA"", ""INSTSUB""]",SUCCESS,51,122,102,4,51,41.80327868852459,long,complex,long_complex,0.6874071498271985,2362,986,
p03386,s950228777,713,3273,clean_src/p03386/s950228777.c,obfuscated_bin/p03386/s950228777_fla_bcf_instsub.elf,input_output/p03386/input.txt,input_output/p03386/output.txt,llvm-clang-14,O0,True,OLLVM_Heroims_NewPass,"[""BCF"", ""FLA"", ""INSTSUB""]",SUCCESS,12,98,25,5,13,13.26530612244898,long,simple,long_simple,0.7100243608209122,1328,164,
p03387,s644758729,893,2238,clean_src/p03387/s644758729.c,obfuscated_bin/p03387/s644758729_fla_bcf_instsub.elf,input_output/p03387/input.txt,input_output/p03387/output.txt,llvm-clang-14,O0,True,OLLVM_Heroims_NewPass,"[""BCF"", ""FLA"", ""INSTSUB""]",SUCCESS,23,48,41,4,18,37.5,long,complex,long_complex,0.8581911440101283,1620,914,
p03388,s944512629,1402,6531,clean_src/p03388/s944512629.c,obfuscated_bin/p03388/s944512629_fla_bcf_instsub.elf,input_output/p03388/input.txt,input_output/p03388/output.txt,llvm-clang-14,O0,True,OLLVM_Heroims_NewPass,"[""BCF"", ""FLA"", ""INSTSUB""]",SUCCESS,20,254,50,6,30,11.811023622047244,long,simple,long_simple,0.8357726154022395,2031,117,
p03391,s426486649,1385,3219,clean_src/p03391/s426486649.c,obfuscated_bin/p03391/s426486649_fla_bcf_instsub.elf,input_output/p03391/input.txt,input_output/p03391/output.txt,llvm-clang-14,O0,True,OLLVM_Heroims_NewPass,"[""BCF"", ""FLA"", ""INSTSUB""]",SUCCESS,32,49,66,5,34,69.38775510204081,long,complex,long_complex,0.7669005934404871,2016,1231,
p03392,s805058623,634,1549,clean_src/p03392/s805058623.c,obfuscated_bin/p03392/s805058623_fla_bcf_instsub.elf,input_output/p03392/input.txt,input_output/p03392/output.txt,llvm-clang-14,O0,True,OLLVM_Heroims_NewPass,"[""BCF"", ""FLA"", ""INSTSUB""]",SUCCESS,1,66,28,28,27,40.909090909090914,short,complex,short_complex,0.8070670903192205,1155,1159,
p03393,s893929251,1902,5241,clean_src/p03393/s893929251.c,obfuscated_bin/p03393/s893929251_fla_bcf_instsub.elf,input_output/p03393/input.txt,input_output/p03393/output.txt,llvm-clang-14,O0,True,OLLVM_Heroims_NewPass,"[""BCF"", ""FLA"", ""INSTSUB""]",SUCCESS,40,88,86,6,46,52.27272727272727,long,complex,long_complex,0.7140297059161258,2216,1171,
p03394,s446075340,1417,6218,clean_src/p03394/s446075340.c,obfuscated_bin/p03394/s446075340_fla_bcf_instsub.elf,input_output/p03394/input.txt,input_output/p03394/output.txt,llvm-clang-14,O0,True,OLLVM_Heroims_NewPass,"[""BCF"", ""FLA"", ""INSTSUB""]",SUCCESS,19,242,47,7,28,11.570247933884298,long,simple,long_simple,0.9886207289655161,2044,108,
p03395,s365333760,540,1935,clean_src/p03395/s365333760.c,obfuscated_bin/p03395/s365333760_fla_bcf_instsub.elf,input_output/p03395/input.txt,input_output/p03395/output.txt,llvm-clang-14,O0,True,OLLVM_Heroims_NewPass,"[""BCF"", ""FLA"", ""INSTSUB""]",SUCCESS,4,89,21,7,17,19.101123595505616,short,simple,short_simple,0.8982767316574616,926,389,
p03399,s067559049,283,784,clean_src/p03399/s067559049.c,obfuscated_bin/p03399/s067559049_fla_bcf_instsub.elf,input_output/p03399/input.txt,input_output/p03399/output.txt,llvm-clang-14,O0,True,OLLVM_Heroims_NewPass,"[""BCF"", ""FLA"", ""INSTSUB""]",SUCCESS,8,40,16,5,8,20.0,short,simple,short_simple,0.9972299750673613,123,433,
p03400,s838067750,2155,4689,clean_src/p03400/s838067750.c,obfuscated_bin/p03400/s838067750_fla_bcf_instsub.elf,input_output/p03400/input.txt,input_output/p03400/output.txt,llvm-clang-14,O0,True,OLLVM_Heroims_NewPass,"[""BCF"", ""FLA"", ""INSTSUB""]",SUCCESS,46,100,94,4,48,48.0,long,complex,long_complex,0.9879516706767667,2288,1126,
p03401,s491203176,705,1631,clean_src/p03401/s491203176.c,obfuscated_bin/p03401/s491203176_fla_bcf_instsub.elf,input_output/p03401/input.txt,input_output/p03401/output.txt,llvm-clang-14,O0,True,OLLVM_Heroims_NewPass,"[""BCF"", ""FLA"", ""INSTSUB""]",SUCCESS,16,46,27,4,11,23.91304347826087,long,simple,long_simple,0.3831382132879326,1316,594,
p03405,s884693477,1143,3387,clean_src/p03405/s884693477.c,obfuscated_bin/p03405/s884693477_fla_bcf_instsub.elf,input_output/p03405/input.txt,input_output/p03405/output.txt,llvm-clang-14,O0,True,OLLVM_Heroims_NewPass,"[""BCF"", ""FLA"", ""INSTSUB""]",SUCCESS,10,157,34,12,24,15.286624203821656,long,simple,long_simple,0.6726453058871277,1871,244,
p03406,s299434264,570,1350,clean_src/p03406/s299434264.c,obfuscated_bin/p03406/s299434264_fla_bcf_instsub.elf,input_output/p03406/input.txt,input_output/p03406/output.txt,llvm-clang-14,O0,True,OLLVM_Heroims_NewPass,"[""BCF"", ""FLA"", ""INSTSUB""]",SUCCESS,3,53,19,14,16,30.18867924528302,short,complex,short_complex,0.9865100304524169,1005,908,
p03407,s067143477,495,1785,clean_src/p03407/s067143477.c,obfuscated_bin/p03407/s067143477_fla_bcf_instsub.elf,input_output/p03407/input.txt,input_output/p03407/output.txt,llvm-clang-14,O0,True,OLLVM_Heroims_NewPass,"[""BCF"", ""FLA"", ""INSTSUB""]",SUCCESS,20,74,26,2,6,8.108108108108109,short,simple,short_simple,0.7528192255958015,812,29,
p03408,s637093083,1025,3102,clean_src/p03408/s637093083.c,obfuscated_bin/p03408/s637093083_fla_bcf_instsub.elf,input_output/p03408/input.txt,input_output/p03408/output.txt,llvm-clang-14,O0,True,OLLVM_Heroims_NewPass,"[""BCF"", ""FLA"", ""INSTSUB""]",SUCCESS,10,170,45,7,35,20.588235294117645,long,simple,long_simple,0.690983962858312,1768,507,
p03409,s058573552,934,2671,clean_src/p03409/s058573552.c,obfuscated_bin/p03409/s058573552_fla_bcf_instsub.elf,input_output/p03409/input.txt,input_output/p03409/output.txt,llvm-clang-14,O0,True,OLLVM_Heroims_NewPass,"[""BCF"", ""FLA"", ""INSTSUB""]",SUCCESS,8,110,29,11,21,19.090909090909093,long,simple,long_simple,0.5228017974526646,1669,466,
p03413,s517263666,880,2405,clean_src/p03413/s517263666.c,obfuscated_bin/p03413/s517263666_fla_bcf_instsub.elf,input_output/p03413/input.txt,input_output/p03413/output.txt,llvm-clang-14,O0,True,OLLVM_Heroims_NewPass,"[""BCF"", ""FLA"", ""INSTSUB""]",SUCCESS,1,141,36,36,35,24.822695035460992,long,simple,long_simple,0.9516756475526207,1597,614,
p03414,s833172214,1252,2738,clean_src/p03414/s833172214.c,obfuscated_bin/p03414/s833172214_fla_bcf_instsub.elf,input_output/p03414/input.txt,input_output/p03414/output.txt,llvm-clang-14,O0,True,OLLVM_Heroims_NewPass,"[""BCF"", ""FLA"", ""INSTSUB""]",SUCCESS,8,139,48,24,40,28.776978417266186,long,complex,long_complex,0.43466181501077816,1942,719,
p03415,s293311216,1339,3132,clean_src/p03415/s293311216.c,obfuscated_bin/p03415/s293311216_fla_bcf_instsub.elf,input_output/p03415/input.txt,input_output/p03415/output.txt,llvm-clang-14,O0,True,OLLVM_Heroims_NewPass,"[""BCF"", ""FLA"", ""INSTSUB""]",SUCCESS,32,44,62,3,30,68.18181818181817,long,complex,long_complex,0.8867419098675243,1997,1227,
p03416,s145447489,2182,4783,clean_src/p03416/s145447489.c,obfuscated_bin/p03416/s145447489_fla_bcf_instsub.elf,input_output/p03416/input.txt,input_output/p03416/output.txt,llvm-clang-14,O0,True,OLLVM_Heroims_NewPass,"[""BCF"", ""FLA"", ""INSTSUB""]",SUCCESS,46,105,97,5,51,48.57142857142857,long,complex,long_complex,0.6711596497341406,2304,1143,
p03417,s168334228,1411,7692,clean_src/p03417/s168334228.c,obfuscated_bin/p03417/s168334228_fla_bcf_instsub.elf,input_output/p03417/input.txt,input_output/p03417/output.txt,llvm-clang-14,O0,True,OLLVM_Heroims_NewPass,"[""BCF"", ""FLA"", ""INSTSUB""]",SUCCESS,22,255,53,5,31,12.156862745098039,long,simple,long_simple,0.7788677998733632,2040,125,
p03418,s023256336,550,1897,clean_src/p03418/s023256336.c,obfuscated_bin/p03418/s023256336_fla_bcf_instsub.elf,input_output/p03418/input.txt,input_output/p03418/output.txt,llvm-clang-14,O0,True,OLLVM_Heroims_NewPass,"[""BCF"", ""FLA"", ""INSTSUB""]",SUCCESS,20,82,27,3,7,8.536585365853659,short,simple,short_simple,0.9551304885590404,956,37,
p03422,s855435659,2226,4873,clean_src/p03422/s855435659.c,obfuscated_bin/p03422/s855435659_fla_bcf_instsub.elf,input_output/p03422/input.txt,input_output/p03422/output.txt,llvm-clang-14,O0,True,OLLVM_Heroims_NewPass,"[""BCF"", ""FLA"", ""INSTSUB""]",SUCCESS,47,114,98,4,51,44.73684210526316,long,complex,long_complex,0.9477474526953475,2311,1054,
p03423,s211948168,455,2066,clean_src/p03423/s211948168.c,obfuscated_bin/p03423/s211948168_fla_bcf_instsub.elf,input_output/p03423/input.txt,input_output/p03423/output.txt,llvm-clang-14,O0,True,OLLVM_Heroims_NewPass,"[""BCF"", ""FLA"", ""INSTSUB""]",SUCCESS,8,72,20,4,12,16.666666666666664,short,simple,short_simple,0.8533062574903851,707,282,
p03424,s426996685,1289,4752,clean_src/p03424/s426996685.c,obfuscated_bin/p03424/s426996685_fla_bcf_instsub.elf,input_output/p03424/input.txt,input_output/p03424/output.txt,llvm-clang-14,O0,True,OLLVM_Heroims_NewPass,"[""BCF"", ""FLA"", ""INSTSUB""]",SUCCESS,27,182,44,6,17,9.340659340659341,long,simple,long_simple,0.9066941017923046,1966,67,
p03425,s928730304,1536,8681,clean_src/p03425/s928730304.c,obfuscated_bin/p03425/s928730304_fla_bcf_instsub.elf,input_output/p03425/input.txt,input_output/p03425/output.txt,llvm-clang-14,O0,True,OLLVM_Heroims_NewPass,"[""BCF"", ""FLA"", ""INSTSUB""]",SUCCESS,22,275,56,5,34,12.363636363636363,long,simple,long_simple,0.7242560964680438,2087,131,
p03426,s118984102,1499,3555,clean_src/p03426/s118984102.c,obfuscated_bin/p03426/s118984102_fla_bcf_instsub.elf,input_output/p03426/input.txt,input_output/p03426/output.txt,llvm-clang-14,O0,True,OLLVM_Heroims_NewPass,"[""BCF"", ""FLA"", ""INSTSUB""]",SUCCESS,32,60,66,5,34,56.666666666666664,long,complex,long_complex,0.6725956454452504,2075,1181,
p03427,s439311379,555,1861,clean_src/p03427/s439311379.c,obfuscated_bin/p03427/s439311379_fla_bcf_instsub.elf,input_output/p03427/input.txt,input_output/p03427/output.txt,llvm-clang-14,O0,True,OLLVM_Heroims_NewPass,"[""BCF"", ""FLA"", ""INSTSUB""]",SUCCESS,20,79,28,4,8,10.126582278481013,short,simple,short_simple,0.9609303368952495,967,63,
p03428,s774759127,913,2372,clean_src/p03428/s774759127.c,obfuscated_bin/p03428/s774759127_fla_bcf_instsub.elf,input_output/p03428/input.txt,input_output/p03428/output.txt,llvm-clang-14,O0,True,OLLVM_Heroims_NewPass,"[""BCF"", ""FLA"", ""INSTSUB""]",SUCCESS,7,124,24,8,17,13.709677419354838,long,simple,long_simple,0.28156907751945237,1645,175,
p03430,s601450783,349,857,clean_src/p03430/s601450783.c,obfuscated_bin/p03430/s601450783_fla_bcf_instsub.elf,input_output/p03430/input.txt,input_output/p03430/output.txt,llvm-clang-14,O0,True,OLLVM_Heroims_NewPass,"[""BCF"", ""FLA"", ""INSTSUB""]",SUCCESS,2,33,8,7,6,18.181818181818183,short,simple,short_simple,0.8581621126602387,365,355,
p03431,s830979420,2447,5510,clean_src/p03431/s830979420.c,obfuscated_bin/p03431/s830979420_fla_bcf_instsub.elf,input_output/p03431/input.txt,input_output/p03431/output.txt,llvm-clang-14,O0,True,OLLVM_Heroims_NewPass,"[""BCF"", ""FLA"", ""INSTSUB""]",SUCCESS,50,145,104,5,54,37.24137931034483,long,complex,long_complex,0.4889095929403513,2363,908,
p03433,s830986614,1388,6447,clean_src/p03433/s830986614.c,obfuscated_bin/p03433/s830986614_fla_bcf_instsub.elf,input_output/p03433/input.txt,input_output/p03433/output.txt,llvm-clang-14,O0,True,OLLVM_Heroims_NewPass,"[""BCF"", ""FLA"", ""INSTSUB""]",SUCCESS,21,199,53,10,32,16.08040201005025,long,simple,long_simple,0.7956584230003985,2018,310,
p03434,s567580506,2348,10460,clean_src/p03434/s567580506.c,obfuscated_bin/p03434/s567580506_fla_bcf_instsub.elf,input_output/p03434/input.txt,input_output/p03434/output.txt,llvm-clang-14,O0,True,OLLVM_Heroims_NewPass,"[""BCF"", ""FLA"", ""INSTSUB""]",SUCCESS,34,304,85,8,51,16.776315789473685,long,simple,long_simple,0.6217844633927355,2338,358,
p03435,s169630454,1027,4486,clean_src/p03435/s169630454.c,obfuscated_bin/p03435/s169630454_fla_bcf_instsub.elf,input_output/p03435/input.txt,input_output/p03435/output.txt,llvm-clang-14,O0,True,OLLVM_Heroims_NewPass,"[""BCF"", ""FLA"", ""INSTSUB""]",SUCCESS,15,116,33,10,18,15.517241379310345,long,simple,long_simple,0.9749757961954361,1769,258,
p03436,s618785977,1054,5502,clean_src/p03436/s618785977.c,obfuscated_bin/p03436/s618785977_fla_bcf_instsub.elf,input_output/p03436/input.txt,input_output/p03436/output.txt,llvm-clang-14,O0,True,OLLVM_Heroims_NewPass,"[""BCF"", ""FLA"", ""INSTSUB""]",SUCCESS,6,192,45,12,39,20.3125,long,simple,long_simple,0.9568743290132765,1783,500,
p03438,s197541473,1807,8718,clean_src/p03438/s197541473.c,obfuscated_bin/p03438/s197541473_fla_bcf_instsub.elf,input_output/p03438/input.txt,input_output/p03438/output.txt,llvm-clang-14,O0,True,OLLVM_Heroims_NewPass,"[""BCF"", ""FLA"", ""INSTSUB""]",SUCCESS,23,292,62,8,39,13.356164383561644,long,simple,long_simple,0.7044851538958948,2192,169,
p03440,s214191652,1411,7748,clean_src/p03440/s214191652.c,obfuscated_bin/p03440/s214191652_fla_bcf_instsub.elf,input_output/p03440/input.txt,input_output/p03440/output.txt,llvm-clang-14,O0,True,OLLVM_Heroims_NewPass,"[""BCF"", ""FLA"", ""INSTSUB""]",SUCCESS,13,301,50,8,37,12.29235880398671,long,simple,long_simple,0.6053302729280271,2041,129,
p03441,s747959563,600,1420,clean_src/p03441/s747959563.c,obfuscated_bin/p03441/s747959563_fla_bcf_instsub.elf,input_output/p03441/input.txt,input_output/p03441/output.txt,llvm-clang-14,O0,True,OLLVM_Heroims_NewPass,"[""BCF"", ""FLA"", ""INSTSUB""]",SUCCESS,1,65,20,20,19,29.230769230769234,short,complex,short_complex,0.9342896905623361,1071,869,
p03442,s380931288,3142,6721,clean_src/p03442/s380931288.c,obfuscated_bin/p03442/s380931288_fla_bcf_instsub.elf,input_output/p03442/input.txt,input_output/p03442/output.txt,llvm-clang-14,O0,True,OLLVM_Heroims_NewPass,"[""BCF"", ""FLA"", ""INSTSUB""]",SUCCESS,54,184,125,14,71,38.58695652173913,long,complex,long_complex,0.4144923810798582,2527,931,
p03443,s821228083,997,3374,clean_src/p03443/s821228083.c,obfuscated_bin/p03443/s821228083_fla_bcf_instsub.elf,input_output/p03443/input.txt,input_output/p03443/output.txt,llvm-clang-14,O0,True,OLLVM_Heroims_NewPass,"[""BCF"", ""FLA"", ""INSTSUB""]",SUCCESS,3,130,42,36,39,30.0,long,complex,long_complex,0.11985527596773238,1735,754,
p03447,s256048800,1311,3056,clean_src/p03447/s256048800.c,obfuscated_bin/p03447/s256048800_fla_bcf_instsub.elf,input_output/p03447/input.txt,input_output/p03447/output.txt,llvm-clang-14,O0,True,OLLVM_Heroims_NewPass,"[""BCF"", ""FLA"", ""INSTSUB""]",SUCCESS,32,45,62,3,30,66.66666666666666,long,complex,long_complex,0.8248950191133423,1984,1221,
p03448,s964432345,3219,10362,clean_src/p03448/s964432345.c,obfuscated_bin/p03448/s964432345_fla_bcf_instsub.elf,input_output/p03448/input.txt,input_output/p03448/output.txt,llvm-clang-14,O0,True,OLLVM_Heroims_NewPass,"[""BCF"", ""FLA"", ""INSTSUB""]",SUCCESS,50,612,91,6,41,6.699346405228758,long,simple,long_simple,0.5869749195017919,2537,31,
p03449,s814323821,1464,3304,clean_src/p03449/s814323821.c,obfuscated_bin/p03449/s814323821_fla_bcf_instsub.elf,input_output/p03449/input.txt,input_output/p03449/output.txt,llvm-clang-14,O0,True,OLLVM_Heroims_NewPass,"[""BCF"", ""FLA"", ""INSTSUB""]",SUCCESS,32,53,69,8,37,69.81132075471697,long,complex,long_complex,0.5540526339269856,2057,1232,
p03450,s261234953,1265,3110,clean_src/p03450/s261234953.c,obfuscated_bin/p03450/s261234953_fla_bcf_instsub.elf,input_output/p03450/input.txt,input_output/p03450/output.txt,llvm-clang-14,O0,True,OLLVM_Heroims_NewPass,"[""BCF"", ""FLA"", ""INSTSUB""]",SUCCESS,3,167,44,30,41,24.550898203592812,long,simple,long_simple,0.900404871545952,1953,606,
p03453,s572934982,2489,8232,clean_src/p03453/s572934982.c,obfuscated_bin/p03453/s572934982_fla_bcf_instsub.elf,input_output/p03453/input.txt,input_output/p03453/output.txt,llvm-clang-14,O0,True,OLLVM_Heroims_NewPass,"[""BCF"", ""FLA"", ""INSTSUB""]",SUCCESS,14,304,49,10,35,11.513157894736842,long,simple,long_simple,0.9474490158007665,2376,106,
p03454,s875027487,519,1348,clean_src/p03454/s875027487.c,obfuscated_bin/p03454/s875027487_fla_bcf_instsub.elf,input_output/p03454/input.txt,input_output/p03454/output.txt,llvm-clang-14,O0,True,OLLVM_Heroims_NewPass,"[""BCF"", ""FLA"", ""INSTSUB""]",SUCCESS,5,55,24,15,19,34.54545454545455,short,complex,short_complex,0.5332130009635888,874,1045,
p03455,s837541437,417,1446,clean_src/p03455/s837541437.c,obfuscated_bin/p03455/s837541437_fla_bcf_instsub.elf,input_output/p03455/input.txt,input_output/p03455/output.txt,llvm-clang-14,O0,True,OLLVM_Heroims_NewPass,"[""BCF"", ""FLA"", ""INSTSUB""]",SUCCESS,6,66,21,8,15,22.727272727272727,short,simple,short_simple,0.9242887026490408,603,566,
p03456,s855090747,758,2098,clean_src/p03456/s855090747.c,obfuscated_bin/p03456/s855090747_fla_bcf_instsub.elf,input_output/p03456/input.txt,input_output/p03456/output.txt,llvm-clang-14,O0,True,OLLVM_Heroims_NewPass,"[""BCF"", ""FLA"", ""INSTSUB""]",SUCCESS,1,21,6,6,5,23.809523809523807,long,simple,long_simple,0.8405124277756583,1407,588,
p03457,s562482201,2806,10820,clean_src/p03457/s562482201.c,obfuscated_bin/p03457/s562482201_fla_bcf_instsub.elf,input_output/p03457/input.txt,input_output/p03457/output.txt,llvm-clang-14,O0,True,OLLVM_Heroims_NewPass,"[""BCF"", ""FLA"", ""INSTSUB""]",SUCCESS,44,402,109,8,65,16.169154228855724,long,simple,long_simple,0.8450815493572413,2484,318,
p03458,s985482786,3151,12244,clean_src/p03458/s985482786.c,obfuscated_bin/p03458/s985482786_fla_bcf_instsub.elf,input_output/p03458/input.txt,input_output/p03458/output.txt,llvm-clang-14,O0,True,OLLVM_Heroims_NewPass,"[""BCF"", ""FLA"", ""INSTSUB""]",SUCCESS,44,445,115,13,71,15.955056179775282,long,simple,long_simple,0.494691929326194,2530,299,
p03462,s914136038,955,2073,clean_src/p03462/s914136038.c,obfuscated_bin/p03462/s914136038_fla_bcf_instsub.elf,input_output/p03462/input.txt,input_output/p03462/output.txt,llvm-clang-14,O0,True,OLLVM_Heroims_NewPass,"[""BCF"", ""FLA"", ""INSTSUB""]",SUCCESS,3,69,36,28,33,47.82608695652174,long,complex,long_complex,0.9597459918928144,1692,1117,
p03463,s855043648,611,3308,clean_src/p03463/s855043648.c,obfuscated_bin/p03463/s855043648_fla_bcf_instsub.elf,input_output/p03463/input.txt,input_output/p03463/output.txt,llvm-clang-14,O0,True,OLLVM_Heroims_NewPass,"[""BCF"", ""FLA"", ""INSTSUB""]",SUCCESS,5,122,27,11,22,18.0327868852459,short,simple,short_simple,0.9252446640110052,1100,350,
p03464,s000046371,502,2569,clean_src/p03464/s000046371.c,obfuscated_bin/p03464/s000046371_fla_bcf_instsub.elf,input_output/p03464/input.txt,input_output/p03464/output.txt,llvm-clang-14,O0,True,OLLVM_Heroims_NewPass,"[""BCF"", ""FLA"", ""INSTSUB""]",SUCCESS,4,104,20,8,16,15.384615384615385,short,simple,short_simple,0.5370584486272684,828,222,
p03465,s931873211,2309,5189,clean_src/p03465/s931873211.c,obfuscated_bin/p03465/s931873211_fla_bcf_instsub.elf,input_output/p03465/input.txt,input_output/p03465/output.txt,llvm-clang-14,O0,True,OLLVM_Heroims_NewPass,"[""BCF"", ""FLA"", ""INSTSUB""]",SUCCESS,47,129,96,5,49,37.98449612403101,long,complex,long_complex,0.8791416810256457,2329,924,
p03469,s036111916,1240,2877,clean_src/p03469/s036111916.c,obfuscated_bin/p03469/s036111916_fla_bcf_instsub.elf,input_output/p03469/input.txt,input_output/p03469/output.txt,llvm-clang-14,O0,True,OLLVM_Heroims_NewPass,"[""BCF"", ""FLA"", ""INSTSUB""]",SUCCESS,30,42,60,3,30,71.42857142857143,long,complex,long_complex,0.5439666857753491,1931,1236,
p03470,s388544746,1305,2943,clean_src/p03470/s388544746.c,obfuscated_bin/p03470/s388544746_fla_bcf_instsub.elf,input_output/p03470/input.txt,input_output/p03470/output.txt,llvm-clang-14,O0,True,OLLVM_Heroims_NewPass,"[""BCF"", ""FLA"", ""INSTSUB""]",SUCCESS,30,45,63,4,33,73.33333333333333,long,complex,long_complex,0.9713690772758171,1976,1242,
p03471,s749986250,824,4196,clean_src/p03471/s749986250.c,obfuscated_bin/p03471/s749986250_fla_bcf_instsub.elf,input_output/p03471/input.txt,input_output/p03471/output.txt,llvm-clang-14,O0,True,OLLVM_Heroims_NewPass,"[""BCF"", ""FLA"", ""INSTSUB""]",SUCCESS,15,104,28,5,13,12.5,long,simple,long_simple,0.3596958663104962,1515,136,
p03472,s274497174,1367,3061,clean_src/p03472/s274497174.c,obfuscated_bin/p03472/s274497174_fla_bcf_instsub.elf,input_output/p03472/input.txt,input_output/p03472/output.txt,llvm-clang-14,O0,True,OLLVM_Heroims_NewPass,"[""BCF"", ""FLA"", ""INSTSUB""]",SUCCESS,30,48,64,5,34,70.83333333333334,long,complex,long_complex,0.9777714390209632,2008,1234,
p03473,s136408419,1221,2808,clean_src/p03473/s136408419.c,obfuscated_bin/p03473/s136408419_fla_bcf_instsub.elf,input_output/p03473/input.txt,input_output/p03473/output.txt,llvm-clang-14,O0,True,OLLVM_Heroims_NewPass,"[""BCF"", ""FLA"", ""INSTSUB""]",SUCCESS,30,39,60,3,30,76.92307692307693,long,complex,long_complex,0.9598464996773507,1920,1259,
p03474,s634312943,2129,8759,clean_src/p03474/s634312943.c,obfuscated_bin/p03474/s634312943_fla_bcf_instsub.elf,input_output/p03474/input.txt,input_output/p03474/output.txt,llvm-clang-14,O0,True,OLLVM_Heroims_NewPass,"[""BCF"", ""FLA"", ""INSTSUB""]",SUCCESS,29,278,78,8,49,17.62589928057554,long,simple,long_simple,0.9634841358347777,2280,409,
p03475,s616989176,1975,8681,clean_src/p03475/s616989176.c,obfuscated_bin/p03475/s616989176_fla_bcf_instsub.elf,input_output/p03475/input.txt,input_output/p03475/output.txt,llvm-clang-14,O0,True,OLLVM_Heroims_NewPass,"[""BCF"", ""FLA"", ""INSTSUB""]",SUCCESS,38,319,88,8,50,15.673981191222571,long,simple,long_simple,0.916459173298535,2239,270,
p03476,s410536863,1974,8866,clean_src/p03476/s410536863.c,obfuscated_bin/p03476/s410536863_fla_bcf_instsub.elf,input_output/p03476/input.txt,input_output/p03476/output.txt,llvm-clang-14,O0,True,OLLVM_Heroims_NewPass,"[""BCF"", ""FLA"", ""INSTSUB""]",SUCCESS,38,316,91,8,53,16.77215189873418,long,simple,long_simple,0.9753873312406222,2237,357,
p03477,s524063503,1667,8153,clean_src/p03477/s524063503.c,obfuscated_bin/p03477/s524063503_fla_bcf_instsub.elf,input_output/p03477/input.txt,input_output/p03477/output.txt,llvm-clang-14,O0,True,OLLVM_Heroims_NewPass,"[""BCF"", ""FLA"", ""INSTSUB""]",SUCCESS,35,277,76,4,41,14.801444043321299,long,simple,long_simple,0.9517931597661079,2142,218,
p03478,s611444004,779,3691,clean_src/p03478/s611444004.c,obfuscated_bin/p03478/s611444004_fla_bcf_instsub.elf,input_output/p03478/input.txt,input_output/p03478/output.txt,llvm-clang-14,O0,True,OLLVM_Heroims_NewPass,"[""BCF"", ""FLA"", ""INSTSUB""]",SUCCESS,15,103,27,4,12,11.650485436893204,long,simple,long_simple,0.8273144454992076,1444,112,
p03479,s553581868,2021,8164,clean_src/p03479/s553581868.c,obfuscated_bin/p03479/s553581868_fla_bcf_instsub.elf,input_output/p03479/input.txt,input_output/p03479/output.txt,llvm-clang-14,O0,True,OLLVM_Heroims_NewPass,"[""BCF"", ""FLA"", ""INSTSUB""]",SUCCESS,29,256,72,8,43,16.796875,long,simple,long_simple,0.8900931813618324,2255,359,
p03480,s674300038,356,2119,clean_src/p03480/s674300038.c,obfuscated_bin/p03480/s674300038_fla_bcf_instsub.elf,input_output/p03480/input.txt,input_output/p03480/output.txt,llvm-clang-14,O0,True,OLLVM_Heroims_NewPass,"[""BCF"", ""FLA"", ""INSTSUB""]",SUCCESS,2,69,16,13,14,20.28985507246377,short,simple,short_simple,0.7822500633867296,398,450,
p03483,s068096841,1791,7485,clean_src/p03483/s068096841.c,obfuscated_bin/p03483/s068096841_fla_bcf_instsub.elf,input_output/p03483/input.txt,input_output/p03483/output.txt,llvm-clang-14,O0,True,OLLVM_Heroims_NewPass,"[""BCF"", ""FLA"", ""INSTSUB""]",SUCCESS,23,305,63,9,40,13.114754098360656,long,simple,long_simple,0.7748334538836562,2187,159,
p03484,s330459061,866,2110,clean_src/p03484/s330459061.c,obfuscated_bin/p03484/s330459061_fla_bcf_instsub.elf,input_output/p03484/input.txt,input_output/p03484/output.txt,llvm-clang-14,O0,True,OLLVM_Heroims_NewPass,"[""BCF"", ""FLA"", ""INSTSUB""]",SUCCESS,7,109,33,12,26,23.853211009174313,long,simple,long_simple,0.4255856945128952,1574,590,
p03485,s284978261,1391,6448,clean_src/p03485/s284978261.c,obfuscated_bin/p03485/s284978261_fla_bcf_instsub.elf,input_output/p03485/input.txt,input_output/p03485/output.txt,llvm-clang-14,O0,True,OLLVM_Heroims_NewPass,"[""BCF"", ""FLA"", ""INSTSUB""]",SUCCESS,21,199,52,10,31,15.577889447236181,long,simple,long_simple,0.911969229540201,2022,262,
p03486,s613452446,1528,7029,clean_src/p03486/s613452446.c,obfuscated_bin/p03486/s613452446_fla_bcf_instsub.elf,input_output/p03486/input.txt,input_output/p03486/output.txt,llvm-clang-14,O0,True,OLLVM_Heroims_NewPass,"[""BCF"", ""FLA"", ""INSTSUB""]",SUCCESS,33,259,66,4,33,12.741312741312742,long,simple,long_simple,0.9258428519034031,2085,146,
p03487,s393057948,2055,8805,clean_src/p03487/s393057948.c,obfuscated_bin/p03487/s393057948_fla_bcf_instsub.elf,input_output/p03487/input.txt,input_output/p03487/output.txt,llvm-clang-14,O0,True,OLLVM_Heroims_NewPass,"[""BCF"", ""FLA"", ""INSTSUB""]",SUCCESS,26,271,74,8,48,17.712177121771216,long,simple,long_simple,0.8878808018952152,2264,415,
p03488,s405824662,4738,15592,clean_src/p03488/s405824662.c,obfuscated_bin/p03488/s405824662_fla_bcf_instsub.elf,input_output/p03488/input.txt,input_output/p03488/output.txt,llvm-clang-14,O0,True,OLLVM_Heroims_NewPass,"[""BCF"", ""FLA"", ""INSTSUB""]",SUCCESS,72,275,198,24,126,45.81818181818182,long,complex,long_complex,0.8510587716235296,2579,1077,
p03491,s490545197,1019,3428,clean_src/p03491/s490545197.c,obfuscated_bin/p03491/s490545197_fla_bcf_instsub.elf,input_output/p03491/input.txt,input_output/p03491/output.txt,llvm-clang-14,O0,True,OLLVM_Heroims_NewPass,"[""BCF"", ""FLA"", ""INSTSUB""]",SUCCESS,12,165,35,10,23,13.939393939393941,long,simple,long_simple,0.8548979687183043,1761,178,
p03492,s673761861,1021,2138,clean_src/p03492/s673761861.c,obfuscated_bin/p03492/s673761861_fla_bcf_instsub.elf,input_output/p03492/input.txt,input_output/p03492/output.txt,llvm-clang-14,O0,True,OLLVM_Heroims_NewPass,"[""BCF"", ""FLA"", ""INSTSUB""]",SUCCESS,8,88,24,4,16,18.181818181818183,long,simple,long_simple,0.6141440740413694,1763,431,
p03493,s344335879,1906,7587,clean_src/p03493/s344335879.c,obfuscated_bin/p03493/s344335879_fla_bcf_instsub.elf,input_output/p03493/input.txt,input_output/p03493/output.txt,llvm-clang-14,O0,True,OLLVM_Heroims_NewPass,"[""BCF"", ""FLA"", ""INSTSUB""]",SUCCESS,25,239,68,8,43,17.99163179916318,long,simple,long_simple,0.9515248754269393,2218,423,
p03494,s534706640,3021,9757,clean_src/p03494/s534706640.c,obfuscated_bin/p03494/s534706640_fla_bcf_instsub.elf,input_output/p03494/input.txt,input_output/p03494/output.txt,llvm-clang-14,O0,True,OLLVM_Heroims_NewPass,"[""BCF"", ""FLA"", ""INSTSUB""]",SUCCESS,47,579,86,6,39,6.7357512953367875,long,simple,long_simple,0.9663653094401872,2520,34,
p03495,s837378007,2178,4771,clean_src/p03495/s837378007.c,obfuscated_bin/p03495/s837378007_fla_bcf_instsub.elf,input_output/p03495/input.txt,input_output/p03495/output.txt,llvm-clang-14,O0,True,OLLVM_Heroims_NewPass,"[""BCF"", ""FLA"", ""INSTSUB""]",SUCCESS,46,104,95,4,49,47.11538461538461,long,complex,long_complex,0.8762723271347467,2300,1103,
p03499,s132677252,1518,4612,clean_src/p03499/s132677252.c,obfuscated_bin/p03499/s132677252_fla_bcf_instsub.elf,input_output/p03499/input.txt,input_output/p03499/output.txt,llvm-clang-14,O0,True,OLLVM_Heroims_NewPass,"[""BCF"", ""FLA"", ""INSTSUB""]",SUCCESS,14,171,33,11,19,11.11111111111111,long,simple,long_simple,0.052407904757476365,2084,100,
p03503,s134608024,642,3340,clean_src/p03503/s134608024.c,obfuscated_bin/p03503/s134608024_fla_bcf_instsub.elf,input_output/p03503/input.txt,input_output/p03503/output.txt,llvm-clang-14,O0,True,OLLVM_Heroims_NewPass,"[""BCF"", ""FLA"", ""INSTSUB""]",SUCCESS,3,111,29,16,26,23.423423423423422,short,simple,short_simple,0.7838294363384319,1173,597,
p03504,s101026492,753,1435,clean_src/p03504/s101026492.c,obfuscated_bin/p03504/s101026492_fla_bcf_instsub.elf,input_output/p03504/input.txt,input_output/p03504/output.txt,llvm-clang-14,O0,True,OLLVM_Heroims_NewPass,"[""BCF"", ""FLA"", ""INSTSUB""]",SUCCESS,2,70,22,13,20,28.57142857142857,long,complex,long_complex,0.9118375930778061,1399,715,
p03505,s232007976,1262,2872,clean_src/p03505/s232007976.c,obfuscated_bin/p03505/s232007976_fla_bcf_instsub.elf,input_output/p03505/input.txt,input_output/p03505/output.txt,llvm-clang-14,O0,True,OLLVM_Heroims_NewPass,"[""BCF"", ""FLA"", ""INSTSUB""]",SUCCESS,30,42,62,3,32,76.19047619047619,long,complex,long_complex,0.09843151382115967,1949,1258,
p03506,s378451077,553,2878,clean_src/p03506/s378451077.c,obfuscated_bin/p03506/s378451077_fla_bcf_instsub.elf,input_output/p03506/input.txt,input_output/p03506/output.txt,llvm-clang-14,O0,True,OLLVM_Heroims_NewPass,"[""BCF"", ""FLA"", ""INSTSUB""]",SUCCESS,5,123,21,7,16,13.008130081300814,short,simple,short_simple,0.8338335075947106,961,141,
p03507,s774027667,1248,5278,clean_src/p03507/s774027667.c,obfuscated_bin/p03507/s774027667_fla_bcf_instsub.elf,input_output/p03507/input.txt,input_output/p03507/output.txt,llvm-clang-14,O0,True,OLLVM_Heroims_NewPass,"[""BCF"", ""FLA"", ""INSTSUB""]",SUCCESS,24,206,53,6,29,14.077669902912621,long,simple,long_simple,0.9516278492618776,1940,185,
p03508,s437574166,370,825,clean_src/p03508/s437574166.c,obfuscated_bin/p03508/s437574166_fla_bcf_instsub.elf,input_output/p03508/input.txt,input_output/p03508/output.txt,llvm-clang-14,O0,True,OLLVM_Heroims_NewPass,"[""BCF"", ""FLA"", ""INSTSUB""]",SUCCESS,5,50,13,7,8,16.0,short,simple,short_simple,0.9418082830874392,442,257,
p03509,s157670725,451,1287,clean_src/p03509/s157670725.c,obfuscated_bin/p03509/s157670725_fla_bcf_instsub.elf,input_output/p03509/input.txt,input_output/p03509/output.txt,llvm-clang-14,O0,True,OLLVM_Heroims_NewPass,"[""BCF"", ""FLA"", ""INSTSUB""]",SUCCESS,4,57,13,7,9,15.789473684210526,short,simple,short_simple,0.7235905313959061,692,248,
p03510,s583362876,629,1910,clean_src/p03510/s583362876.c,obfuscated_bin/p03510/s583362876_fla_bcf_instsub.elf,input_output/p03510/input.txt,input_output/p03510/output.txt,llvm-clang-14,O0,True,OLLVM_Heroims_NewPass,"[""BCF"", ""FLA"", ""INSTSUB""]",SUCCESS,5,71,16,7,11,15.492957746478872,short,simple,short_simple,0.7552613169822919,1144,228,
p03511,s264596617,1628,3582,clean_src/p03511/s264596617.c,obfuscated_bin/p03511/s264596617_fla_bcf_instsub.elf,input_output/p03511/input.txt,input_output/p03511/output.txt,llvm-clang-14,O0,True,OLLVM_Heroims_NewPass,"[""BCF"", ""FLA"", ""INSTSUB""]",SUCCESS,30,74,74,15,44,59.45945945945946,long,complex,long_complex,0.6749447360290548,2123,1197,
p03512,s583388751,901,2731,clean_src/p03512/s583388751.c,obfuscated_bin/p03512/s583388751_fla_bcf_instsub.elf,input_output/p03512/input.txt,input_output/p03512/output.txt,llvm-clang-14,O0,True,OLLVM_Heroims_NewPass,"[""BCF"", ""FLA"", ""INSTSUB""]",SUCCESS,4,106,30,22,26,24.528301886792452,long,simple,long_simple,0.05653149275545133,1629,605,
p03513,s012057168,855,2084,clean_src/p03513/s012057168.c,obfuscated_bin/p03513/s012057168_fla_bcf_instsub.elf,input_output/p03513/input.txt,input_output/p03513/output.txt,llvm-clang-14,O0,True,OLLVM_Heroims_NewPass,"[""BCF"", ""FLA"", ""INSTSUB""]",SUCCESS,3,79,25,20,22,27.848101265822784,long,complex,long_complex,0.42833219689086977,1560,699,
p03515,s600802126,1297,3855,clean_src/p03515/s600802126.c,obfuscated_bin/p03515/s600802126_fla_bcf_instsub.elf,input_output/p03515/input.txt,input_output/p03515/output.txt,llvm-clang-14,O0,True,OLLVM_Heroims_NewPass,"[""BCF"", ""FLA"", ""INSTSUB""]",SUCCESS,11,131,35,7,24,18.3206106870229,long,simple,long_simple,0.9505053889402055,1969,437,
p03517,s489327677,834,2355,clean_src/p03517/s489327677.c,obfuscated_bin/p03517/s489327677_fla_bcf_instsub.elf,input_output/p03517/input.txt,input_output/p03517/output.txt,llvm-clang-14,O0,True,OLLVM_Heroims_NewPass,"[""BCF"", ""FLA"", ""INSTSUB""]",SUCCESS,7,113,22,11,15,13.274336283185843,long,simple,long_simple,0.16206462004112399,1529,167,
p03519,s906962064,1781,7281,clean_src/p03519/s906962064.c,obfuscated_bin/p03519/s906962064_fla_bcf_instsub.elf,input_output/p03519/input.txt,input_output/p03519/output.txt,llvm-clang-14,O0,True,OLLVM_Heroims_NewPass,"[""BCF"", ""FLA"", ""INSTSUB""]",SUCCESS,2,292,4,3,2,0.684931506849315,long,simple,long_simple,0.84298057993844,2184,2,
p03520,s508734259,1631,5115,clean_src/p03520/s508734259.c,obfuscated_bin/p03520/s508734259_fla_bcf_instsub.elf,input_output/p03520/input.txt,input_output/p03520/output.txt,llvm-clang-14,O0,True,OLLVM_Heroims_NewPass,"[""BCF"", ""FLA"", ""INSTSUB""]",SUCCESS,4,169,22,13,18,10.650887573964498,long,simple,long_simple,0.4719849634618637,2125,86,
p03523,s640901196,527,2188,clean_src/p03523/s640901196.c,obfuscated_bin/p03523/s640901196_fla_bcf_instsub.elf,input_output/p03523/input.txt,input_output/p03523/output.txt,llvm-clang-14,O0,True,OLLVM_Heroims_NewPass,"[""BCF"", ""FLA"", ""INSTSUB""]",SUCCESS,18,80,22,2,4,5.0,short,simple,short_simple,0.9700939800228505,890,9,
p03524,s436565025,398,2196,clean_src/p03524/s436565025.c,obfuscated_bin/p03524/s436565025_fla_bcf_instsub.elf,input_output/p03524/input.txt,input_output/p03524/output.txt,llvm-clang-14,O0,True,OLLVM_Heroims_NewPass,"[""BCF"", ""FLA"", ""INSTSUB""]",SUCCESS,2,81,19,16,17,20.98765432098765,short,simple,short_simple,0.837974641884063,538,489,
p03525,s097117380,2326,5206,clean_src/p03525/s097117380.c,obfuscated_bin/p03525/s097117380_fla_bcf_instsub.elf,input_output/p03525/input.txt,input_output/p03525/output.txt,llvm-clang-14,O0,True,OLLVM_Heroims_NewPass,"[""BCF"", ""FLA"", ""INSTSUB""]",SUCCESS,45,151,99,7,54,35.76158940397351,long,complex,long_complex,0.966645286035609,2333,885,
p03526,s028902885,2937,11794,clean_src/p03526/s028902885.c,obfuscated_bin/p03526/s028902885_fla_bcf_instsub.elf,input_output/p03526/input.txt,input_output/p03526/output.txt,llvm-clang-14,O0,True,OLLVM_Heroims_NewPass,"[""BCF"", ""FLA"", ""INSTSUB""]",SUCCESS,44,417,110,8,66,15.827338129496402,long,simple,long_simple,0.7435904399897246,2506,287,
p03527,s054813057,673,1955,clean_src/p03527/s054813057.c,obfuscated_bin/p03527/s054813057_fla_bcf_instsub.elf,input_output/p03527/input.txt,input_output/p03527/output.txt,llvm-clang-14,O0,True,OLLVM_Heroims_NewPass,"[""BCF"", ""FLA"", ""INSTSUB""]",SUCCESS,6,88,17,7,11,12.5,short,simple,short_simple,0.922178590262085,1244,129,
p03529,s305225549,541,1566,clean_src/p03529/s305225549.c,obfuscated_bin/p03529/s305225549_fla_bcf_instsub.elf,input_output/p03529/input.txt,input_output/p03529/output.txt,llvm-clang-14,O0,True,OLLVM_Heroims_NewPass,"[""BCF"", ""FLA"", ""INSTSUB""]",SUCCESS,4,61,17,10,13,21.311475409836063,short,simple,short_simple,0.9396446009388333,930,502,
p03543,s082142762,1473,6744,clean_src/p03543/s082142762.c,obfuscated_bin/p03543/s082142762_fla_bcf_instsub.elf,input_output/p03543/input.txt,input_output/p03543/output.txt,llvm-clang-14,O0,True,OLLVM_Heroims_NewPass,"[""BCF"", ""FLA"", ""INSTSUB""]",SUCCESS,21,214,55,10,34,15.887850467289718,long,simple,long_simple,0.8709271943296802,2063,293,
p03544,s167767339,2997,9653,clean_src/p03544/s167767339.c,obfuscated_bin/p03544/s167767339_fla_bcf_instsub.elf,input_output/p03544/input.txt,input_output/p03544/output.txt,llvm-clang-14,O0,True,OLLVM_Heroims_NewPass,"[""BCF"", ""FLA"", ""INSTSUB""]",SUCCESS,47,568,85,6,38,6.690140845070422,long,simple,long_simple,0.7783335218327623,2514,30,
p03545,s701266432,1402,3170,clean_src/p03545/s701266432.c,obfuscated_bin/p03545/s701266432_fla_bcf_instsub.elf,input_output/p03545/input.txt,input_output/p03545/output.txt,llvm-clang-14,O0,True,OLLVM_Heroims_NewPass,"[""BCF"", ""FLA"", ""INSTSUB""]",SUCCESS,30,54,67,8,37,68.51851851851852,long,complex,long_complex,0.9077282433899435,2032,1228,
p03546,s016370789,2178,9426,clean_src/p03546/s016370789.c,obfuscated_bin/p03546/s016370789_fla_bcf_instsub.elf,input_output/p03546/input.txt,input_output/p03546/output.txt,llvm-clang-14,O0,True,OLLVM_Heroims_NewPass,"[""BCF"", ""FLA"", ""INSTSUB""]",SUCCESS,25,282,78,14,53,18.79432624113475,long,simple,long_simple,0.8245174350034068,2301,452,
p03547,s364819531,1900,7570,clean_src/p03547/s364819531.c,obfuscated_bin/p03547/s364819531_fla_bcf_instsub.elf,input_output/p03547/input.txt,input_output/p03547/output.txt,llvm-clang-14,O0,True,OLLVM_Heroims_NewPass,"[""BCF"", ""FLA"", ""INSTSUB""]",SUCCESS,25,240,67,8,42,17.5,long,simple,long_simple,0.8558307257846,2214,404,
p03548,s937982714,1908,7621,clean_src/p03548/s937982714.c,obfuscated_bin/p03548/s937982714_fla_bcf_instsub.elf,input_output/p03548/input.txt,input_output/p03548/output.txt,llvm-clang-14,O0,True,OLLVM_Heroims_NewPass,"[""BCF"", ""FLA"", ""INSTSUB""]",SUCCESS,25,243,67,8,42,17.28395061728395,long,simple,long_simple,0.7919561294268589,2219,394,
p03549,s906994162,562,2294,clean_src/p03549/s906994162.c,obfuscated_bin/p03549/s906994162_fla_bcf_instsub.elf,input_output/p03549/input.txt,input_output/p03549/output.txt,llvm-clang-14,O0,True,OLLVM_Heroims_NewPass,"[""BCF"", ""FLA"", ""INSTSUB""]",SUCCESS,12,83,25,4,13,15.66265060240964,short,simple,short_simple,0.7828944657776616,988,239,
p03550,s306241993,1538,3458,clean_src/p03550/s306241993.c,obfuscated_bin/p03550/s306241993_fla_bcf_instsub.elf,input_output/p03550/input.txt,input_output/p03550/output.txt,llvm-clang-14,O0,True,OLLVM_Heroims_NewPass,"[""BCF"", ""FLA"", ""INSTSUB""]",SUCCESS,30,67,69,10,39,58.2089552238806,long,complex,long_complex,0.9297201819613252,2088,1190,
p03553,s607814196,896,2625,clean_src/p03553/s607814196.c,obfuscated_bin/p03553/s607814196_fla_bcf_instsub.elf,input_output/p03553/input.txt,input_output/p03553/output.txt,llvm-clang-14,O0,True,OLLVM_Heroims_NewPass,"[""BCF"", ""FLA"", ""INSTSUB""]",SUCCESS,8,141,29,10,21,14.893617021276595,long,simple,long_simple,0.5447364882804238,1623,227,
p03554,s236408906,766,1791,clean_src/p03554/s236408906.c,obfuscated_bin/p03554/s236408906_fla_bcf_instsub.elf,input_output/p03554/input.txt,input_output/p03554/output.txt,llvm-clang-14,O0,True,OLLVM_Heroims_NewPass,"[""BCF"", ""FLA"", ""INSTSUB""]",SUCCESS,7,81,23,7,16,19.753086419753085,long,simple,long_simple,0.7969856751178236,1425,482,
p03555,s341979077,1270,4625,clean_src/p03555/s341979077.c,obfuscated_bin/p03555/s341979077_fla_bcf_instsub.elf,input_output/p03555/input.txt,input_output/p03555/output.txt,llvm-clang-14,O0,True,OLLVM_Heroims_NewPass,"[""BCF"", ""FLA"", ""INSTSUB""]",SUCCESS,21,184,50,8,29,15.760869565217392,long,simple,long_simple,0.9223743116198997,1955,280,
p03556,s651177940,1278,2883,clean_src/p03556/s651177940.c,obfuscated_bin/p03556/s651177940_fla_bcf_instsub.elf,input_output/p03556/input.txt,input_output/p03556/output.txt,llvm-clang-14,O0,True,OLLVM_Heroims_NewPass,"[""BCF"", ""FLA"", ""INSTSUB""]",SUCCESS,30,45,63,4,33,73.33333333333333,long,complex,long_complex,0.8007940230190814,1959,1243,
p03557,s784618365,1498,3348,clean_src/p03557/s784618365.c,obfuscated_bin/p03557/s784618365_fla_bcf_instsub.elf,input_output/p03557/input.txt,input_output/p03557/output.txt,llvm-clang-14,O0,True,OLLVM_Heroims_NewPass,"[""BCF"", ""FLA"", ""INSTSUB""]",SUCCESS,30,61,67,8,37,60.65573770491803,long,complex,long_complex,0.9746772738693917,2073,1200,
p03558,s099003602,827,1705,clean_src/p03558/s099003602.c,obfuscated_bin/p03558/s099003602_fla_bcf_instsub.elf,input_output/p03558/input.txt,input_output/p03558/output.txt,llvm-clang-14,O0,True,OLLVM_Heroims_NewPass,"[""BCF"", ""FLA"", ""INSTSUB""]",SUCCESS,3,57,13,7,10,17.543859649122805,long,simple,long_simple,0.8646958080446858,1516,405,
p03561,s051503353,1452,3340,clean_src/p03561/s051503353.c,obfuscated_bin/p03561/s051503353_fla_bcf_instsub.elf,input_output/p03561/input.txt,input_output/p03561/output.txt,llvm-clang-14,O0,True,OLLVM_Heroims_NewPass,"[""BCF"", ""FLA"", ""INSTSUB""]",SUCCESS,30,61,71,12,41,67.21311475409836,long,complex,long_complex,0.7483015896651739,2053,1224,
p03562,s031605597,762,1911,clean_src/p03562/s031605597.c,obfuscated_bin/p03562/s031605597_fla_bcf_instsub.elf,input_output/p03562/input.txt,input_output/p03562/output.txt,llvm-clang-14,O0,True,OLLVM_Heroims_NewPass,"[""BCF"", ""FLA"", ""INSTSUB""]",SUCCESS,3,78,29,23,26,33.33333333333333,long,complex,long_complex,0.5349702893628342,1413,834,
p03563,s678783201,1242,5879,clean_src/p03563/s678783201.c,obfuscated_bin/p03563/s678783201_fla_bcf_instsub.elf,input_output/p03563/input.txt,input_output/p03563/output.txt,llvm-clang-14,O0,True,OLLVM_Heroims_NewPass,"[""BCF"", ""FLA"", ""INSTSUB""]",SUCCESS,21,185,45,6,24,12.972972972972974,long,simple,long_simple,0.8908213082630443,1934,154,
p03564,s576000676,1643,6623,clean_src/p03564/s576000676.c,obfuscated_bin/p03564/s576000676_fla_bcf_instsub.elf,input_output/p03564/input.txt,input_output/p03564/output.txt,llvm-clang-14,O0,True,OLLVM_Heroims_NewPass,"[""BCF"", ""FLA"", ""INSTSUB""]",SUCCESS,23,210,58,8,35,16.666666666666664,long,simple,long_simple,0.9134401856813038,2131,346,
p03565,s480908746,1379,3081,clean_src/p03565/s480908746.c,obfuscated_bin/p03565/s480908746_fla_bcf_instsub.elf,input_output/p03565/input.txt,input_output/p03565/output.txt,llvm-clang-14,O0,True,OLLVM_Heroims_NewPass,"[""BCF"", ""FLA"", ""INSTSUB""]",SUCCESS,30,53,68,9,38,71.69811320754717,long,complex,long_complex,0.8889211229968638,2014,1237,
p03567,s461902650,1644,6626,clean_src/p03567/s461902650.c,obfuscated_bin/p03567/s461902650_fla_bcf_instsub.elf,input_output/p03567/input.txt,input_output/p03567/output.txt,llvm-clang-14,O0,True,OLLVM_Heroims_NewPass,"[""BCF"", ""FLA"", ""INSTSUB""]",SUCCESS,23,212,60,8,37,17.452830188679243,long,simple,long_simple,0.7871046267808057,2132,403,
p03568,s858008739,1657,6762,clean_src/p03568/s858008739.c,obfuscated_bin/p03568/s858008739_fla_bcf_instsub.elf,input_output/p03568/input.txt,input_output/p03568/output.txt,llvm-clang-14,O0,True,OLLVM_Heroims_NewPass,"[""BCF"", ""FLA"", ""INSTSUB""]",SUCCESS,23,212,59,8,36,16.9811320754717,long,simple,long_simple,0.7054070563111089,2137,373,
p03569,s941390761,1333,3038,clean_src/p03569/s941390761.c,obfuscated_bin/p03569/s941390761_fla_bcf_instsub.elf,input_output/p03569/input.txt,input_output/p03569/output.txt,llvm-clang-14,O0,True,OLLVM_Heroims_NewPass,"[""BCF"", ""FLA"", ""INSTSUB""]",SUCCESS,30,54,65,6,35,64.81481481481481,long,complex,long_complex,0.8889898564266611,1994,1215,
p03570,s031975003,1799,6962,clean_src/p03570/s031975003.c,obfuscated_bin/p03570/s031975003_fla_bcf_instsub.elf,input_output/p03570/input.txt,input_output/p03570/output.txt,llvm-clang-14,O0,True,OLLVM_Heroims_NewPass,"[""BCF"", ""FLA"", ""INSTSUB""]",SUCCESS,26,306,74,11,48,15.686274509803921,long,simple,long_simple,0.5655475697036991,2189,273,
p03573,s143801231,891,3265,clean_src/p03573/s143801231.c,obfuscated_bin/p03573/s143801231_fla_bcf_instsub.elf,input_output/p03573/input.txt,input_output/p03573/output.txt,llvm-clang-14,O0,True,OLLVM_Heroims_NewPass,"[""BCF"", ""FLA"", ""INSTSUB""]",SUCCESS,15,138,36,7,21,15.217391304347828,long,simple,long_simple,0.9540589873573933,1619,240,
p03574,s741910525,1402,3131,clean_src/p03574/s741910525.c,obfuscated_bin/p03574/s741910525_fla_bcf_instsub.elf,input_output/p03574/input.txt,input_output/p03574/output.txt,llvm-clang-14,O0,True,OLLVM_Heroims_NewPass,"[""BCF"", ""FLA"", ""INSTSUB""]",SUCCESS,30,53,70,11,40,75.47169811320755,long,complex,long_complex,0.8531259238894496,2033,1257,
p03575,s369321750,1167,3973,clean_src/p03575/s369321750.c,obfuscated_bin/p03575/s369321750_fla_bcf_instsub.elf,input_output/p03575/input.txt,input_output/p03575/output.txt,llvm-clang-14,O0,True,OLLVM_Heroims_NewPass,"[""BCF"", ""FLA"", ""INSTSUB""]",SUCCESS,15,165,44,14,29,17.575757575757574,long,simple,long_simple,0.754927002639379,1885,407,
p03576,s884124005,2970,7424,clean_src/p03576/s884124005.c,obfuscated_bin/p03576/s884124005_fla_bcf_instsub.elf,input_output/p03576/input.txt,input_output/p03576/output.txt,llvm-clang-14,O0,True,OLLVM_Heroims_NewPass,"[""BCF"", ""FLA"", ""INSTSUB""]",SUCCESS,54,94,130,8,76,80.85106382978722,long,complex,long_complex,0.7919161241116164,2512,1274,
p03577,s484871765,801,3758,clean_src/p03577/s484871765.c,obfuscated_bin/p03577/s484871765_fla_bcf_instsub.elf,input_output/p03577/input.txt,input_output/p03577/output.txt,llvm-clang-14,O0,True,OLLVM_Heroims_NewPass,"[""BCF"", ""FLA"", ""INSTSUB""]",SUCCESS,15,127,30,3,15,11.811023622047244,long,simple,long_simple,0.8852849240900054,1482,116,
p03578,s081172346,1051,3657,clean_src/p03578/s081172346.c,obfuscated_bin/p03578/s081172346_fla_bcf_instsub.elf,input_output/p03578/input.txt,input_output/p03578/output.txt,llvm-clang-14,O0,True,OLLVM_Heroims_NewPass,"[""BCF"", ""FLA"", ""INSTSUB""]",SUCCESS,15,162,40,9,25,15.432098765432098,long,simple,long_simple,0.9975555186490593,1779,254,
p03579,s299993248,1470,4432,clean_src/p03579/s299993248.c,obfuscated_bin/p03579/s299993248_fla_bcf_instsub.elf,input_output/p03579/input.txt,input_output/p03579/output.txt,llvm-clang-14,O0,True,OLLVM_Heroims_NewPass,"[""BCF"", ""FLA"", ""INSTSUB""]",SUCCESS,10,203,27,8,17,8.374384236453201,long,simple,long_simple,0.5832526601486344,2061,57,
p03580,s801960658,2745,5852,clean_src/p03580/s801960658.c,obfuscated_bin/p03580/s801960658_fla_bcf_instsub.elf,input_output/p03580/input.txt,input_output/p03580/output.txt,llvm-clang-14,O0,True,OLLVM_Heroims_NewPass,"[""BCF"", ""FLA"", ""INSTSUB""]",SUCCESS,52,151,114,11,62,41.05960264900662,long,complex,long_complex,0.8536748292275848,2467,971,
p03583,s890349282,1328,2957,clean_src/p03583/s890349282.c,obfuscated_bin/p03583/s890349282_fla_bcf_instsub.elf,input_output/p03583/input.txt,input_output/p03583/output.txt,llvm-clang-14,O0,True,OLLVM_Heroims_NewPass,"[""BCF"", ""FLA"", ""INSTSUB""]",SUCCESS,30,46,64,5,34,73.91304347826086,long,complex,long_complex,0.8594517537528338,1991,1244,
p03584,s236594309,385,1484,clean_src/p03584/s236594309.c,obfuscated_bin/p03584/s236594309_fla_bcf_instsub.elf,input_output/p03584/input.txt,input_output/p03584/output.txt,llvm-clang-14,O0,True,OLLVM_Heroims_NewPass,"[""BCF"", ""FLA"", ""INSTSUB""]",SUCCESS,3,53,15,10,12,22.641509433962266,short,simple,short_simple,0.6004241050309277,497,564,
p03588,s511660950,1260,2777,clean_src/p03588/s511660950.c,obfuscated_bin/p03588/s511660950_fla_bcf_instsub.elf,input_output/p03588/input.txt,input_output/p03588/output.txt,llvm-clang-14,O0,True,OLLVM_Heroims_NewPass,"[""BCF"", ""FLA"", ""INSTSUB""]",SUCCESS,30,41,62,3,32,78.04878048780488,long,complex,long_complex,0.9122826762393682,1947,1264,
p03591,s609556207,1806,7469,clean_src/p03591/s609556207.c,obfuscated_bin/p03591/s609556207_fla_bcf_instsub.elf,input_output/p03591/input.txt,input_output/p03591/output.txt,llvm-clang-14,O0,True,OLLVM_Heroims_NewPass,"[""BCF"", ""FLA"", ""INSTSUB""]",SUCCESS,23,236,67,8,44,18.64406779661017,long,simple,long_simple,0.6122317758456459,2191,447,
p03592,s827562782,434,1416,clean_src/p03592/s827562782.c,obfuscated_bin/p03592/s827562782_fla_bcf_instsub.elf,input_output/p03592/input.txt,input_output/p03592/output.txt,llvm-clang-14,O0,True,OLLVM_Heroims_NewPass,"[""BCF"", ""FLA"", ""INSTSUB""]",SUCCESS,9,86,22,5,13,15.11627906976744,short,simple,short_simple,0.7783737220637085,647,211,
p03593,s274739220,1246,4308,clean_src/p03593/s274739220.c,obfuscated_bin/p03593/s274739220_fla_bcf_instsub.elf,input_output/p03593/input.txt,input_output/p03593/output.txt,llvm-clang-14,O0,True,OLLVM_Heroims_NewPass,"[""BCF"", ""FLA"", ""INSTSUB""]",SUCCESS,16,186,48,10,32,17.20430107526882,long,simple,long_simple,0.9951573794341699,1937,389,
p03596,s536503984,1376,6537,clean_src/p03596/s536503984.c,obfuscated_bin/p03596/s536503984_fla_bcf_instsub.elf,input_output/p03596/input.txt,input_output/p03596/output.txt,llvm-clang-14,O0,True,OLLVM_Heroims_NewPass,"[""BCF"", ""FLA"", ""INSTSUB""]",SUCCESS,2,249,9,7,7,2.8112449799196786,long,simple,long_simple,0.22374966758881543,2011,4,
p03597,s473299908,1147,3999,clean_src/p03597/s473299908.c,obfuscated_bin/p03597/s473299908_fla_bcf_instsub.elf,input_output/p03597/input.txt,input_output/p03597/output.txt,llvm-clang-14,O0,True,OLLVM_Heroims_NewPass,"[""BCF"", ""FLA"", ""INSTSUB""]",SUCCESS,19,168,44,8,25,14.880952380952381,long,simple,long_simple,0.8036907233501205,1872,223,
p03598,s106355544,3015,9727,clean_src/p03598/s106355544.c,obfuscated_bin/p03598/s106355544_fla_bcf_instsub.elf,input_output/p03598/input.txt,input_output/p03598/output.txt,llvm-clang-14,O0,True,OLLVM_Heroims_NewPass,"[""BCF"", ""FLA"", ""INSTSUB""]",SUCCESS,47,569,85,6,38,6.6783831282952555,long,simple,long_simple,0.5981551131552553,2517,29,
p03599,s275039152,2416,5305,clean_src/p03599/s275039152.c,obfuscated_bin/p03599/s275039152_fla_bcf_instsub.elf,input_output/p03599/input.txt,input_output/p03599/output.txt,llvm-clang-14,O0,True,OLLVM_Heroims_NewPass,"[""BCF"", ""FLA"", ""INSTSUB""]",SUCCESS,46,125,108,16,62,49.6,long,complex,long_complex,0.9974185451217723,2355,1156,
p03600,s400677334,3019,11219,clean_src/p03600/s400677334.c,obfuscated_bin/p03600/s400677334_fla_bcf_instsub.elf,input_output/p03600/input.txt,input_output/p03600/output.txt,llvm-clang-14,O0,True,OLLVM_Heroims_NewPass,"[""BCF"", ""FLA"", ""INSTSUB""]",SUCCESS,46,425,125,18,79,18.58823529411765,long,simple,long_simple,0.9670503063628783,2519,445,
p03603,s655171929,514,1158,clean_src/p03603/s655171929.c,obfuscated_bin/p03603/s655171929_fla_bcf_instsub.elf,input_output/p03603/input.txt,input_output/p03603/output.txt,llvm-clang-14,O0,True,OLLVM_Heroims_NewPass,"[""BCF"", ""FLA"", ""INSTSUB""]",SUCCESS,1,48,17,17,16,33.33333333333333,short,complex,short_complex,0.768668924905227,860,1020,
p03604,s181359462,923,2158,clean_src/p03604/s181359462.c,obfuscated_bin/p03604/s181359462_fla_bcf_instsub.elf,input_output/p03604/input.txt,input_output/p03604/output.txt,llvm-clang-14,O0,True,OLLVM_Heroims_NewPass,"[""BCF"", ""FLA"", ""INSTSUB""]",SUCCESS,6,102,33,10,27,26.47058823529412,long,complex,long_complex,0.5428592966173994,1657,666,
p03605,s440487018,5041,8092,clean_src/p03605/s440487018.c,obfuscated_bin/p03605/s440487018_fla_bcf_instsub.elf,input_output/p03605/input.txt,input_output/p03605/output.txt,llvm-clang-14,O0,True,OLLVM_Heroims_NewPass,"[""BCF"", ""FLA"", ""INSTSUB""]",SUCCESS,1,6,49,49,48,800.0,long,complex,long_complex,0.9694890967182549,2586,1301,
p03606,s938980733,1502,6803,clean_src/p03606/s938980733.c,obfuscated_bin/p03606/s938980733_fla_bcf_instsub.elf,input_output/p03606/input.txt,input_output/p03606/output.txt,llvm-clang-14,O0,True,OLLVM_Heroims_NewPass,"[""BCF"", ""FLA"", ""INSTSUB""]",SUCCESS,23,211,57,10,34,16.113744075829384,long,simple,long_simple,0.9659259790134179,2078,314,
p03607,s901426540,6536,19899,clean_src/p03607/s901426540.c,obfuscated_bin/p03607/s901426540_fla_bcf_instsub.elf,input_output/p03607/input.txt,input_output/p03607/output.txt,llvm-clang-14,O0,True,OLLVM_Heroims_NewPass,"[""BCF"", ""FLA"", ""INSTSUB""]",SUCCESS,75,1145,201,16,126,11.004366812227074,long,simple,long_simple,0.4405103549335043,2600,97,
p03608,s810456543,2276,9083,clean_src/p03608/s810456543.c,obfuscated_bin/p03608/s810456543_fla_bcf_instsub.elf,input_output/p03608/input.txt,input_output/p03608/output.txt,llvm-clang-14,O0,True,OLLVM_Heroims_NewPass,"[""BCF"", ""FLA"", ""INSTSUB""]",SUCCESS,39,343,101,12,62,18.075801749271136,long,simple,long_simple,0.9260711930124815,2321,430,
p03609,s862488656,1059,3846,clean_src/p03609/s862488656.c,obfuscated_bin/p03609/s862488656_fla_bcf_instsub.elf,input_output/p03609/input.txt,input_output/p03609/output.txt,llvm-clang-14,O0,True,OLLVM_Heroims_NewPass,"[""BCF"", ""FLA"", ""INSTSUB""]",SUCCESS,16,168,41,10,25,14.880952380952381,long,simple,long_simple,0.8982213178269792,1789,224,
p03610,s295705936,1103,3997,clean_src/p03610/s295705936.c,obfuscated_bin/p03610/s295705936_fla_bcf_instsub.elf,input_output/p03610/input.txt,input_output/p03610/output.txt,llvm-clang-14,O0,True,OLLVM_Heroims_NewPass,"[""BCF"", ""FLA"", ""INSTSUB""]",SUCCESS,21,163,42,3,21,12.883435582822086,long,simple,long_simple,0.6942455599149452,1829,149,
p03611,s998734983,1853,7633,clean_src/p03611/s998734983.c,obfuscated_bin/p03611/s998734983_fla_bcf_instsub.elf,input_output/p03611/input.txt,input_output/p03611/output.txt,llvm-clang-14,O0,True,OLLVM_Heroims_NewPass,"[""BCF"", ""FLA"", ""INSTSUB""]",SUCCESS,23,241,65,8,42,17.42738589211618,long,simple,long_simple,0.8919131093473874,2202,401,
p03612,s292776452,764,1854,clean_src/p03612/s292776452.c,obfuscated_bin/p03612/s292776452_fla_bcf_instsub.elf,input_output/p03612/input.txt,input_output/p03612/output.txt,llvm-clang-14,O0,True,OLLVM_Heroims_NewPass,"[""BCF"", ""FLA"", ""INSTSUB""]",SUCCESS,3,100,18,8,15,15.0,long,simple,long_simple,0.9764890369139273,1420,234,
p03615,s349734757,2675,6225,clean_src/p03615/s349734757.c,obfuscated_bin/p03615/s349734757_fla_bcf_instsub.elf,input_output/p03615/input.txt,input_output/p03615/output.txt,llvm-clang-14,O0,True,OLLVM_Heroims_NewPass,"[""BCF"", ""FLA"", ""INSTSUB""]",SUCCESS,54,174,111,8,57,32.758620689655174,long,complex,long_complex,0.9895225785969408,2455,820,
p03616,s253806028,969,3232,clean_src/p03616/s253806028.c,obfuscated_bin/p03616/s253806028_fla_bcf_instsub.elf,input_output/p03616/input.txt,input_output/p03616/output.txt,llvm-clang-14,O0,True,OLLVM_Heroims_NewPass,"[""BCF"", ""FLA"", ""INSTSUB""]",SUCCESS,3,98,17,13,14,14.285714285714285,long,simple,long_simple,0.31828200803758855,1706,205,
p03617,s952836276,762,2361,clean_src/p03617/s952836276.c,obfuscated_bin/p03617/s952836276_fla_bcf_instsub.elf,input_output/p03617/input.txt,input_output/p03617/output.txt,llvm-clang-14,O0,True,OLLVM_Heroims_NewPass,"[""BCF"", ""FLA"", ""INSTSUB""]",SUCCESS,1,112,32,32,31,27.67857142857143,long,complex,long_complex,0.8117520502550403,1414,694,
p03618,s346734622,971,2744,clean_src/p03618/s346734622.c,obfuscated_bin/p03618/s346734622_fla_bcf_instsub.elf,input_output/p03618/input.txt,input_output/p03618/output.txt,llvm-clang-14,O0,True,OLLVM_Heroims_NewPass,"[""BCF"", ""FLA"", ""INSTSUB""]",SUCCESS,1,147,54,54,53,36.054421768707485,long,complex,long_complex,0.9048124537616041,1711,892,
p03619,s199663373,880,2643,clean_src/p03619/s199663373.c,obfuscated_bin/p03619/s199663373_fla_bcf_instsub.elf,input_output/p03619/input.txt,input_output/p03619/output.txt,llvm-clang-14,O0,True,OLLVM_Heroims_NewPass,"[""BCF"", ""FLA"", ""INSTSUB""]",SUCCESS,5,117,34,23,29,24.786324786324787,long,simple,long_simple,0.48771136336591103,1598,612,
p03623,s470937601,1882,4272,clean_src/p03623/s470937601.c,obfuscated_bin/p03623/s470937601_fla_bcf_instsub.elf,input_output/p03623/input.txt,input_output/p03623/output.txt,llvm-clang-14,O0,True,OLLVM_Heroims_NewPass,"[""BCF"", ""FLA"", ""INSTSUB""]",SUCCESS,42,81,82,4,40,49.382716049382715,long,complex,long_complex,0.5889362316985861,2210,1154,
p03624,s685077038,3009,9751,clean_src/p03624/s685077038.c,obfuscated_bin/p03624/s685077038_fla_bcf_instsub.elf,input_output/p03624/input.txt,input_output/p03624/output.txt,llvm-clang-14,O0,True,OLLVM_Heroims_NewPass,"[""BCF"", ""FLA"", ""INSTSUB""]",SUCCESS,47,577,87,6,40,6.932409012131716,long,simple,long_simple,0.7827498249925141,2515,37,
p03625,s380703773,596,1785,clean_src/p03625/s380703773.c,obfuscated_bin/p03625/s380703773_fla_bcf_instsub.elf,input_output/p03625/input.txt,input_output/p03625/output.txt,llvm-clang-14,O0,True,OLLVM_Heroims_NewPass,"[""BCF"", ""FLA"", ""INSTSUB""]",SUCCESS,12,39,30,6,18,46.15384615384615,short,complex,short_complex,0.9321536986026873,1064,1219,
p03626,s705795184,684,2330,clean_src/p03626/s705795184.c,obfuscated_bin/p03626/s705795184_fla_bcf_instsub.elf,input_output/p03626/input.txt,input_output/p03626/output.txt,llvm-clang-14,O0,True,OLLVM_Heroims_NewPass,"[""BCF"", ""FLA"", ""INSTSUB""]",SUCCESS,15,116,32,7,17,14.655172413793101,short,simple,short_simple,0.9951242930071973,1270,191,
p03629,s103545436,303,690,clean_src/p03629/s103545436.c,obfuscated_bin/p03629/s103545436_fla_bcf_instsub.elf,input_output/p03629/input.txt,input_output/p03629/output.txt,llvm-clang-14,O0,True,OLLVM_Heroims_NewPass,"[""BCF"", ""FLA"", ""INSTSUB""]",SUCCESS,1,27,14,14,13,48.148148148148145,short,complex,short_complex,0.6816113478874771,209,1234,
p03630,s737849762,1052,2790,clean_src/p03630/s737849762.c,obfuscated_bin/p03630/s737849762_fla_bcf_instsub.elf,input_output/p03630/input.txt,input_output/p03630/output.txt,llvm-clang-14,O0,True,OLLVM_Heroims_NewPass,"[""BCF"", ""FLA"", ""INSTSUB""]",SUCCESS,9,131,35,13,26,19.84732824427481,long,simple,long_simple,0.8032001434664818,1781,487,
p03631,s979380739,444,1898,clean_src/p03631/s979380739.c,obfuscated_bin/p03631/s979380739_fla_bcf_instsub.elf,input_output/p03631/input.txt,input_output/p03631/output.txt,llvm-clang-14,O0,True,OLLVM_Heroims_NewPass,"[""BCF"", ""FLA"", ""INSTSUB""]",SUCCESS,9,85,20,3,11,12.941176470588237,short,simple,short_simple,0.9681520442284303,671,137,
p03632,s043920959,608,2553,clean_src/p03632/s043920959.c,obfuscated_bin/p03632/s043920959_fla_bcf_instsub.elf,input_output/p03632/input.txt,input_output/p03632/output.txt,llvm-clang-14,O0,True,OLLVM_Heroims_NewPass,"[""BCF"", ""FLA"", ""INSTSUB""]",SUCCESS,20,49,32,7,12,24.489795918367346,short,simple,short_simple,0.8032078343438985,1086,641,
p03633,s656586165,6485,19871,clean_src/p03633/s656586165.c,obfuscated_bin/p03633/s656586165_fla_bcf_instsub.elf,input_output/p03633/input.txt,input_output/p03633/output.txt,llvm-clang-14,O0,True,OLLVM_Heroims_NewPass,"[""BCF"", ""FLA"", ""INSTSUB""]",SUCCESS,75,1143,193,16,118,10.32370953630796,long,simple,long_simple,0.7984730815947098,2599,82,
p03634,s271894609,4221,28639,clean_src/p03634/s271894609.c,obfuscated_bin/p03634/s271894609_fla_bcf_instsub.elf,input_output/p03634/input.txt,input_output/p03634/output.txt,llvm-clang-14,O0,True,OLLVM_Heroims_NewPass,"[""BCF"", ""FLA"", ""INSTSUB""]",SUCCESS,68,461,125,7,57,12.364425162689804,long,simple,long_simple,0.8823841681251596,2573,132,
p03636,s622656857,503,1787,clean_src/p03636/s622656857.c,obfuscated_bin/p03636/s622656857_fla_bcf_instsub.elf,input_output/p03636/input.txt,input_output/p03636/output.txt,llvm-clang-14,O0,True,OLLVM_Heroims_NewPass,"[""BCF"", ""FLA"", ""INSTSUB""]",SUCCESS,20,76,25,2,5,6.578947368421052,short,simple,short_simple,0.6774570419934206,834,14,
p03637,s672450826,1364,5445,clean_src/p03637/s672450826.c,obfuscated_bin/p03637/s672450826_fla_bcf_instsub.elf,input_output/p03637/input.txt,input_output/p03637/output.txt,llvm-clang-14,O0,True,OLLVM_Heroims_NewPass,"[""BCF"", ""FLA"", ""INSTSUB""]",SUCCESS,30,235,65,7,35,14.893617021276595,long,simple,long_simple,0.8384854436478836,2003,226,
p03641,s313547696,1202,2968,clean_src/p03641/s313547696.c,obfuscated_bin/p03641/s313547696_fla_bcf_instsub.elf,input_output/p03641/input.txt,input_output/p03641/output.txt,llvm-clang-14,O0,True,OLLVM_Heroims_NewPass,"[""BCF"", ""FLA"", ""INSTSUB""]",SUCCESS,12,115,34,9,22,19.130434782608695,long,simple,long_simple,0.981485872923835,1907,467,
p03642,s626175579,1942,7160,clean_src/p03642/s626175579.c,obfuscated_bin/p03642/s626175579_fla_bcf_instsub.elf,input_output/p03642/input.txt,input_output/p03642/output.txt,llvm-clang-14,O0,True,OLLVM_Heroims_NewPass,"[""BCF"", ""FLA"", ""INSTSUB""]",SUCCESS,25,325,87,13,62,19.076923076923077,long,simple,long_simple,0.859176703781664,2229,465,
p03643,s503086840,1760,7337,clean_src/p03643/s503086840.c,obfuscated_bin/p03643/s503086840_fla_bcf_instsub.elf,input_output/p03643/input.txt,input_output/p03643/output.txt,llvm-clang-14,O0,True,OLLVM_Heroims_NewPass,"[""BCF"", ""FLA"", ""INSTSUB""]",SUCCESS,23,231,63,8,40,17.316017316017316,long,simple,long_simple,0.9643186160487515,2174,397,
p03644,s391636845,1496,6805,clean_src/p03644/s391636845.c,obfuscated_bin/p03644/s391636845_fla_bcf_instsub.elf,input_output/p03644/input.txt,input_output/p03644/output.txt,llvm-clang-14,O0,True,OLLVM_Heroims_NewPass,"[""BCF"", ""FLA"", ""INSTSUB""]",SUCCESS,23,213,58,10,35,16.431924882629108,long,simple,long_simple,0.945682643425441,2071,336,
p03645,s749297430,2521,5415,clean_src/p03645/s749297430.c,obfuscated_bin/p03645/s749297430_fla_bcf_instsub.elf,input_output/p03645/input.txt,input_output/p03645/output.txt,llvm-clang-14,O0,True,OLLVM_Heroims_NewPass,"[""BCF"", ""FLA"", ""INSTSUB""]",SUCCESS,51,131,107,7,56,42.74809160305343,long,complex,long_complex,0.9946871336926556,2393,1011,
p03649,s898646846,628,1762,clean_src/p03649/s898646846.c,obfuscated_bin/p03649/s898646846_fla_bcf_instsub.elf,input_output/p03649/input.txt,input_output/p03649/output.txt,llvm-clang-14,O0,True,OLLVM_Heroims_NewPass,"[""BCF"", ""FLA"", ""INSTSUB""]",SUCCESS,3,81,23,11,20,24.691358024691358,short,complex,short_complex,0.9301443184476644,1143,652,
p03650,s774110099,2924,6540,clean_src/p03650/s774110099.c,obfuscated_bin/p03650/s774110099_fla_bcf_instsub.elf,input_output/p03650/input.txt,input_output/p03650/output.txt,llvm-clang-14,O0,True,OLLVM_Heroims_NewPass,"[""BCF"", ""FLA"", ""INSTSUB""]",SUCCESS,51,201,117,12,66,32.83582089552239,long,complex,long_complex,0.6358859415249865,2505,821,
p03651,s854104866,513,1766,clean_src/p03651/s854104866.c,obfuscated_bin/p03651/s854104866_fla_bcf_instsub.elf,input_output/p03651/input.txt,input_output/p03651/output.txt,llvm-clang-14,O0,True,OLLVM_Heroims_NewPass,"[""BCF"", ""FLA"", ""INSTSUB""]",SUCCESS,6,81,25,8,19,23.456790123456788,short,simple,short_simple,0.8313017997571125,857,601,
p03652,s281346765,410,1102,clean_src/p03652/s281346765.c,obfuscated_bin/p03652/s281346765_fla_bcf_instsub.elf,input_output/p03652/input.txt,input_output/p03652/output.txt,llvm-clang-14,O0,True,OLLVM_Heroims_NewPass,"[""BCF"", ""FLA"", ""INSTSUB""]",SUCCESS,3,53,14,8,11,20.754716981132077,short,simple,short_simple,0.7998795862981131,583,479,
p03653,s405001292,1477,4794,clean_src/p03653/s405001292.c,obfuscated_bin/p03653/s405001292_fla_bcf_instsub.elf,input_output/p03653/input.txt,input_output/p03653/output.txt,llvm-clang-14,O0,True,OLLVM_Heroims_NewPass,"[""BCF"", ""FLA"", ""INSTSUB""]",SUCCESS,13,179,38,7,25,13.966480446927374,long,simple,long_simple,0.7407065961349144,2067,180,
p03654,s064354893,1313,4297,clean_src/p03654/s064354893.c,obfuscated_bin/p03654/s064354893_fla_bcf_instsub.elf,input_output/p03654/input.txt,input_output/p03654/output.txt,llvm-clang-14,O0,True,OLLVM_Heroims_NewPass,"[""BCF"", ""FLA"", ""INSTSUB""]",SUCCESS,6,156,23,10,17,10.897435897435898,long,simple,long_simple,0.9854547064707113,1986,95,
p03657,s674064254,1404,6492,clean_src/p03657/s674064254.c,obfuscated_bin/p03657/s674064254_fla_bcf_instsub.elf,input_output/p03657/input.txt,input_output/p03657/output.txt,llvm-clang-14,O0,True,OLLVM_Heroims_NewPass,"[""BCF"", ""FLA"", ""INSTSUB""]",SUCCESS,21,199,55,10,34,17.08542713567839,long,simple,long_simple,0.9158796276353908,2035,384,
p03658,s394666302,1995,4361,clean_src/p03658/s394666302.c,obfuscated_bin/p03658/s394666302_fla_bcf_instsub.elf,input_output/p03658/input.txt,input_output/p03658/output.txt,llvm-clang-14,O0,True,OLLVM_Heroims_NewPass,"[""BCF"", ""FLA"", ""INSTSUB""]",SUCCESS,43,90,86,4,43,47.77777777777778,long,complex,long_complex,0.9687905579160629,2245,1114,
p03659,s985340591,559,1790,clean_src/p03659/s985340591.c,obfuscated_bin/p03659/s985340591_fla_bcf_instsub.elf,input_output/p03659/input.txt,input_output/p03659/output.txt,llvm-clang-14,O0,True,OLLVM_Heroims_NewPass,"[""BCF"", ""FLA"", ""INSTSUB""]",SUCCESS,12,38,28,4,16,42.10526315789473,short,complex,short_complex,0.9960501140240489,983,1181,
p03660,s267581451,4949,15831,clean_src/p03660/s267581451.c,obfuscated_bin/p03660/s267581451_fla_bcf_instsub.elf,input_output/p03660/input.txt,input_output/p03660/output.txt,llvm-clang-14,O0,True,OLLVM_Heroims_NewPass,"[""BCF"", ""FLA"", ""INSTSUB""]",SUCCESS,75,291,199,24,124,42.61168384879725,long,complex,long_complex,0.8909865411579214,2583,1010,
p03664,s207049247,2953,6321,clean_src/p03664/s207049247.c,obfuscated_bin/p03664/s207049247_fla_bcf_instsub.elf,input_output/p03664/input.txt,input_output/p03664/output.txt,llvm-clang-14,O0,True,OLLVM_Heroims_NewPass,"[""BCF"", ""FLA"", ""INSTSUB""]",SUCCESS,52,163,122,19,70,42.944785276073624,long,complex,long_complex,0.2890050294175128,2510,1016,
p03665,s265910202,1278,2774,clean_src/p03665/s265910202.c,obfuscated_bin/p03665/s265910202_fla_bcf_instsub.elf,input_output/p03665/input.txt,input_output/p03665/output.txt,llvm-clang-14,O0,True,OLLVM_Heroims_NewPass,"[""BCF"", ""FLA"", ""INSTSUB""]",SUCCESS,27,44,61,5,34,77.27272727272727,long,complex,long_complex,0.8352472122122542,1960,1261,
p03666,s524561160,1999,4439,clean_src/p03666/s524561160.c,obfuscated_bin/p03666/s524561160_fla_bcf_instsub.elf,input_output/p03666/input.txt,input_output/p03666/output.txt,llvm-clang-14,O0,True,OLLVM_Heroims_NewPass,"[""BCF"", ""FLA"", ""INSTSUB""]",SUCCESS,43,96,87,4,44,45.83333333333333,long,complex,long_complex,0.9134323036930614,2249,1078,
p03667,s532561372,306,970,clean_src/p03667/s532561372.c,obfuscated_bin/p03667/s532561372_fla_bcf_instsub.elf,input_output/p03667/input.txt,input_output/p03667/output.txt,llvm-clang-14,O0,True,OLLVM_Heroims_NewPass,"[""BCF"", ""FLA"", ""INSTSUB""]",SUCCESS,2,40,6,5,4,10.0,short,simple,short_simple,0.9630418940469729,216,62,
p03668,s188407452,1902,7352,clean_src/p03668/s188407452.c,obfuscated_bin/p03668/s188407452_fla_bcf_instsub.elf,input_output/p03668/input.txt,input_output/p03668/output.txt,llvm-clang-14,O0,True,OLLVM_Heroims_NewPass,"[""BCF"", ""FLA"", ""INSTSUB""]",SUCCESS,28,319,79,7,51,15.987460815047022,long,simple,long_simple,0.8290077541528257,2217,300,
p03669,s066930823,1926,8287,clean_src/p03669/s066930823.c,obfuscated_bin/p03669/s066930823_fla_bcf_instsub.elf,input_output/p03669/input.txt,input_output/p03669/output.txt,llvm-clang-14,O0,True,OLLVM_Heroims_NewPass,"[""BCF"", ""FLA"", ""INSTSUB""]",SUCCESS,2,316,15,13,13,4.113924050632911,long,simple,long_simple,0.7499811659368208,2224,9,
p03671,s073763500,1778,7365,clean_src/p03671/s073763500.c,obfuscated_bin/p03671/s073763500_fla_bcf_instsub.elf,input_output/p03671/input.txt,input_output/p03671/output.txt,llvm-clang-14,O0,True,OLLVM_Heroims_NewPass,"[""BCF"", ""FLA"", ""INSTSUB""]",SUCCESS,23,232,63,8,40,17.24137931034483,long,simple,long_simple,0.9833777678147196,2182,391,
p03672,s962133634,1557,7098,clean_src/p03672/s962133634.c,obfuscated_bin/p03672/s962133634_fla_bcf_instsub.elf,input_output/p03672/input.txt,input_output/p03672/output.txt,llvm-clang-14,O0,True,OLLVM_Heroims_NewPass,"[""BCF"", ""FLA"", ""INSTSUB""]",SUCCESS,23,224,61,10,38,16.964285714285715,long,simple,long_simple,0.9549774203092892,2095,372,
p03673,s976137481,1548,6812,clean_src/p03673/s976137481.c,obfuscated_bin/p03673/s976137481_fla_bcf_instsub.elf,input_output/p03673/input.txt,input_output/p03673/output.txt,llvm-clang-14,O0,True,OLLVM_Heroims_NewPass,"[""BCF"", ""FLA"", ""INSTSUB""]",SUCCESS,24,209,62,10,38,18.181818181818183,long,simple,long_simple,0.9502301564457732,2090,432,
p03674,s659445805,2991,8172,clean_src/p03674/s659445805.c,obfuscated_bin/p03674/s659445805_fla_bcf_instsub.elf,input_output/p03674/input.txt,input_output/p03674/output.txt,llvm-clang-14,O0,True,OLLVM_Heroims_NewPass,"[""BCF"", ""FLA"", ""INSTSUB""]",SUCCESS,54,100,129,8,75,75.0,long,complex,long_complex,0.9400161518756988,2513,1254,
p03677,s574693817,1199,3065,clean_src/p03677/s574693817.c,obfuscated_bin/p03677/s574693817_fla_bcf_instsub.elf,input_output/p03677/input.txt,input_output/p03677/output.txt,llvm-clang-14,O0,True,OLLVM_Heroims_NewPass,"[""BCF"", ""FLA"", ""INSTSUB""]",SUCCESS,11,101,24,5,13,12.871287128712872,long,simple,long_simple,0.6396774267992212,1903,148,
p03678,s580542785,701,1609,clean_src/p03678/s580542785.c,obfuscated_bin/p03678/s580542785_fla_bcf_instsub.elf,input_output/p03678/input.txt,input_output/p03678/output.txt,llvm-clang-14,O0,True,OLLVM_Heroims_NewPass,"[""BCF"", ""FLA"", ""INSTSUB""]",SUCCESS,4,66,26,9,22,33.33333333333333,long,complex,long_complex,0.9431182460225898,1306,829,
p03679,s080922636,381,1306,clean_src/p03679/s080922636.c,obfuscated_bin/p03679/s080922636_fla_bcf_instsub.elf,input_output/p03679/input.txt,input_output/p03679/output.txt,llvm-clang-14,O0,True,OLLVM_Heroims_NewPass,"[""BCF"", ""FLA"", ""INSTSUB""]",SUCCESS,9,48,16,4,7,14.583333333333334,short,simple,short_simple,0.9930386149064754,487,188,
p03680,s990388896,3015,9539,clean_src/p03680/s990388896.c,obfuscated_bin/p03680/s990388896_fla_bcf_instsub.elf,input_output/p03680/input.txt,input_output/p03680/output.txt,llvm-clang-14,O0,True,OLLVM_Heroims_NewPass,"[""BCF"", ""FLA"", ""INSTSUB""]",SUCCESS,47,580,88,6,41,7.06896551724138,long,simple,long_simple,0.9522725866149361,2518,38,
p03681,s751701972,1285,2822,clean_src/p03681/s751701972.c,obfuscated_bin/p03681/s751701972_fla_bcf_instsub.elf,input_output/p03681/input.txt,input_output/p03681/output.txt,llvm-clang-14,O0,True,OLLVM_Heroims_NewPass,"[""BCF"", ""FLA"", ""INSTSUB""]",SUCCESS,27,45,63,7,36,80.0,long,complex,long_complex,0.6443268022902954,1963,1270,
p03682,s432370153,2002,6370,clean_src/p03682/s432370153.c,obfuscated_bin/p03682/s432370153_fla_bcf_instsub.elf,input_output/p03682/input.txt,input_output/p03682/output.txt,llvm-clang-14,O0,True,OLLVM_Heroims_NewPass,"[""BCF"", ""FLA"", ""INSTSUB""]",SUCCESS,31,284,71,7,40,14.084507042253522,long,simple,long_simple,0.5869505865018352,2250,186,
p03685,s821702033,838,2471,clean_src/p03685/s821702033.c,obfuscated_bin/p03685/s821702033_fla_bcf_instsub.elf,input_output/p03685/input.txt,input_output/p03685/output.txt,llvm-clang-14,O0,True,OLLVM_Heroims_NewPass,"[""BCF"", ""FLA"", ""INSTSUB""]",SUCCESS,4,122,29,14,25,20.491803278688526,long,simple,long_simple,0.8300677170600356,1535,504,
p03686,s761559470,443,1105,clean_src/p03686/s761559470.c,obfuscated_bin/p03686/s761559470_fla_bcf_instsub.elf,input_output/p03686/input.txt,input_output/p03686/output.txt,llvm-clang-14,O0,True,OLLVM_Heroims_NewPass,"[""BCF"", ""FLA"", ""INSTSUB""]",SUCCESS,6,50,15,5,9,18.0,short,simple,short_simple,0.7624833805524309,668,348,
p03687,s042494625,1233,2820,clean_src/p03687/s042494625.c,obfuscated_bin/p03687/s042494625_fla_bcf_instsub.elf,input_output/p03687/input.txt,input_output/p03687/output.txt,llvm-clang-14,O0,True,OLLVM_Heroims_NewPass,"[""BCF"", ""FLA"", ""INSTSUB""]",SUCCESS,27,50,60,4,33,66.0,long,complex,long_complex,0.7445874780708638,1928,1218,
p03688,s267498290,358,854,clean_src/p03688/s267498290.c,obfuscated_bin/p03688/s267498290_fla_bcf_instsub.elf,input_output/p03688/input.txt,input_output/p03688/output.txt,llvm-clang-14,O0,True,OLLVM_Heroims_NewPass,"[""BCF"", ""FLA"", ""INSTSUB""]",SUCCESS,1,36,16,16,15,41.66666666666667,short,complex,short_complex,0.8576734189055077,403,1173,
p03689,s615686800,391,1882,clean_src/p03689/s615686800.c,obfuscated_bin/p03689/s615686800_fla_bcf_instsub.elf,input_output/p03689/input.txt,input_output/p03689/output.txt,llvm-clang-14,O0,True,OLLVM_Heroims_NewPass,"[""BCF"", ""FLA"", ""INSTSUB""]",SUCCESS,2,72,8,7,6,8.333333333333332,short,simple,short_simple,0.8097395766152339,513,34,
p03690,s129708539,1136,2870,clean_src/p03690/s129708539.c,obfuscated_bin/p03690/s129708539_fla_bcf_instsub.elf,input_output/p03690/input.txt,input_output/p03690/output.txt,llvm-clang-14,O0,True,OLLVM_Heroims_NewPass,"[""BCF"", ""FLA"", ""INSTSUB""]",SUCCESS,6,141,30,14,24,17.02127659574468,long,simple,long_simple,0.7671886781937566,1865,377,
p03691,s779208630,2492,5662,clean_src/p03691/s779208630.c,obfuscated_bin/p03691/s779208630_fla_bcf_instsub.elf,input_output/p03691/input.txt,input_output/p03691/output.txt,llvm-clang-14,O0,True,OLLVM_Heroims_NewPass,"[""BCF"", ""FLA"", ""INSTSUB""]",SUCCESS,46,139,109,17,63,45.32374100719424,long,complex,long_complex,0.24596902594902048,2377,1065,
p03693,s871942111,1266,5834,clean_src/p03693/s871942111.c,obfuscated_bin/p03693/s871942111_fla_bcf_instsub.elf,input_output/p03693/input.txt,input_output/p03693/output.txt,llvm-clang-14,O0,True,OLLVM_Heroims_NewPass,"[""BCF"", ""FLA"", ""INSTSUB""]",SUCCESS,20,183,51,10,31,16.939890710382514,long,simple,long_simple,0.9300575968291109,1954,368,
p03695,s819735330,6447,19597,clean_src/p03695/s819735330.c,obfuscated_bin/p03695/s819735330_fla_bcf_instsub.elf,input_output/p03695/input.txt,input_output/p03695/output.txt,llvm-clang-14,O0,True,OLLVM_Heroims_NewPass,"[""BCF"", ""FLA"", ""INSTSUB""]",SUCCESS,73,1142,191,16,118,10.332749562171628,long,simple,long_simple,0.9102611951613047,2598,83,
p03696,s965665463,452,2042,clean_src/p03696/s965665463.c,obfuscated_bin/p03696/s965665463_fla_bcf_instsub.elf,input_output/p03696/input.txt,input_output/p03696/output.txt,llvm-clang-14,O0,True,OLLVM_Heroims_NewPass,"[""BCF"", ""FLA"", ""INSTSUB""]",SUCCESS,8,80,20,6,12,15.0,short,simple,short_simple,0.748681789663485,696,207,
p03697,s860195266,1229,2787,clean_src/p03697/s860195266.c,obfuscated_bin/p03697/s860195266_fla_bcf_instsub.elf,input_output/p03697/input.txt,input_output/p03697/output.txt,llvm-clang-14,O0,True,OLLVM_Heroims_NewPass,"[""BCF"", ""FLA"", ""INSTSUB""]",SUCCESS,30,39,61,3,31,79.48717948717949,long,complex,long_complex,0.9554529093512147,1927,1267,
p03698,s090668847,1563,6983,clean_src/p03698/s090668847.c,obfuscated_bin/p03698/s090668847_fla_bcf_instsub.elf,input_output/p03698/input.txt,input_output/p03698/output.txt,llvm-clang-14,O0,True,OLLVM_Heroims_NewPass,"[""BCF"", ""FLA"", ""INSTSUB""]",SUCCESS,23,220,60,10,37,16.818181818181817,long,simple,long_simple,0.7461827538216448,2101,361,
p03699,s342575592,600,2507,clean_src/p03699/s342575592.c,obfuscated_bin/p03699/s342575592_fla_bcf_instsub.elf,input_output/p03699/input.txt,input_output/p03699/output.txt,llvm-clang-14,O0,True,OLLVM_Heroims_NewPass,"[""BCF"", ""FLA"", ""INSTSUB""]",SUCCESS,11,91,27,7,16,17.582417582417584,short,simple,short_simple,0.905487110508805,1072,328,
p03700,s023860518,661,2735,clean_src/p03700/s023860518.c,obfuscated_bin/p03700/s023860518_fla_bcf_instsub.elf,input_output/p03700/input.txt,input_output/p03700/output.txt,llvm-clang-14,O0,True,OLLVM_Heroims_NewPass,"[""BCF"", ""FLA"", ""INSTSUB""]",SUCCESS,9,99,28,5,19,19.19191919191919,short,simple,short_simple,0.9803874381337199,1221,395,
p03703,s499672894,610,1619,clean_src/p03703/s499672894.c,obfuscated_bin/p03703/s499672894_fla_bcf_instsub.elf,input_output/p03703/input.txt,input_output/p03703/output.txt,llvm-clang-14,O0,True,OLLVM_Heroims_NewPass,"[""BCF"", ""FLA"", ""INSTSUB""]",SUCCESS,5,57,16,6,11,19.298245614035086,short,simple,short_simple,0.5421057231899339,1094,398,
p03704,s707937014,323,713,clean_src/p03704/s707937014.c,obfuscated_bin/p03704/s707937014_fla_bcf_instsub.elf,input_output/p03704/input.txt,input_output/p03704/output.txt,llvm-clang-14,O0,True,OLLVM_Heroims_NewPass,"[""BCF"", ""FLA"", ""INSTSUB""]",SUCCESS,2,30,6,5,4,13.333333333333334,short,simple,short_simple,0.7666989385989211,283,151,
p03705,s888909482,529,2409,clean_src/p03705/s888909482.c,obfuscated_bin/p03705/s888909482_fla_bcf_instsub.elf,input_output/p03705/input.txt,input_output/p03705/output.txt,llvm-clang-14,O0,True,OLLVM_Heroims_NewPass,"[""BCF"", ""FLA"", ""INSTSUB""]",SUCCESS,20,39,28,3,8,20.51282051282051,short,simple,short_simple,0.9335265058839705,900,460,
p03707,s167290673,794,1628,clean_src/p03707/s167290673.c,obfuscated_bin/p03707/s167290673_fla_bcf_instsub.elf,input_output/p03707/input.txt,input_output/p03707/output.txt,llvm-clang-14,O0,True,OLLVM_Heroims_NewPass,"[""BCF"", ""FLA"", ""INSTSUB""]",SUCCESS,1,72,21,21,20,27.77777777777778,long,complex,long_complex,0.3860246377090024,1468,697,
p03708,s076837893,424,750,clean_src/p03708/s076837893.c,obfuscated_bin/p03708/s076837893_fla_bcf_instsub.elf,input_output/p03708/input.txt,input_output/p03708/output.txt,llvm-clang-14,O0,True,OLLVM_Heroims_NewPass,"[""BCF"", ""FLA"", ""INSTSUB""]",SUCCESS,1,58,13,13,12,20.689655172413794,short,simple,short_simple,0.46229433628279637,623,475,
p03711,s517874885,562,2163,clean_src/p03711/s517874885.c,obfuscated_bin/p03711/s517874885_fla_bcf_instsub.elf,input_output/p03711/input.txt,input_output/p03711/output.txt,llvm-clang-14,O0,True,OLLVM_Heroims_NewPass,"[""BCF"", ""FLA"", ""INSTSUB""]",SUCCESS,9,97,22,3,13,13.402061855670103,short,simple,short_simple,0.7610376633447996,989,152,
p03712,s733285391,879,2322,clean_src/p03712/s733285391.c,obfuscated_bin/p03712/s733285391_fla_bcf_instsub.elf,input_output/p03712/input.txt,input_output/p03712/output.txt,llvm-clang-14,O0,True,OLLVM_Heroims_NewPass,"[""BCF"", ""FLA"", ""INSTSUB""]",SUCCESS,23,50,44,5,21,42.0,long,complex,long_complex,0.8356841359841964,1594,997,
p03713,s258823975,1376,3003,clean_src/p03713/s258823975.c,obfuscated_bin/p03713/s258823975_fla_bcf_instsub.elf,input_output/p03713/input.txt,input_output/p03713/output.txt,llvm-clang-14,O0,True,OLLVM_Heroims_NewPass,"[""BCF"", ""FLA"", ""INSTSUB""]",SUCCESS,30,46,64,5,34,73.91304347826086,long,complex,long_complex,0.8646657008510215,2012,1245,
p03714,s580667229,1240,4104,clean_src/p03714/s580667229.c,obfuscated_bin/p03714/s580667229_fla_bcf_instsub.elf,input_output/p03714/input.txt,input_output/p03714/output.txt,llvm-clang-14,O0,True,OLLVM_Heroims_NewPass,"[""BCF"", ""FLA"", ""INSTSUB""]",SUCCESS,9,154,32,7,23,14.935064935064934,long,simple,long_simple,0.6798063168583078,1932,231,
p03717,s937693328,3078,12038,clean_src/p03717/s937693328.c,obfuscated_bin/p03717/s937693328_fla_bcf_instsub.elf,input_output/p03717/input.txt,input_output/p03717/output.txt,llvm-clang-14,O0,True,OLLVM_Heroims_NewPass,"[""BCF"", ""FLA"", ""INSTSUB""]",SUCCESS,42,435,119,19,77,17.70114942528736,long,simple,long_simple,0.9307037171557305,2526,414,
p03718,s116205798,1608,4675,clean_src/p03718/s116205798.c,obfuscated_bin/p03718/s116205798_fla_bcf_instsub.elf,input_output/p03718/input.txt,input_output/p03718/output.txt,llvm-clang-14,O0,True,OLLVM_Heroims_NewPass,"[""BCF"", ""FLA"", ""INSTSUB""]",SUCCESS,7,168,45,17,38,22.61904761904762,long,simple,long_simple,0.5258694993332503,2110,559,
p03719,s580755854,1610,6663,clean_src/p03719/s580755854.c,obfuscated_bin/p03719/s580755854_fla_bcf_instsub.elf,input_output/p03719/input.txt,input_output/p03719/output.txt,llvm-clang-14,O0,True,OLLVM_Heroims_NewPass,"[""BCF"", ""FLA"", ""INSTSUB""]",SUCCESS,22,216,61,8,39,18.055555555555554,long,simple,long_simple,0.8219983778448293,2112,427,
p03720,s907094264,1572,7005,clean_src/p03720/s907094264.c,obfuscated_bin/p03720/s907094264_fla_bcf_instsub.elf,input_output/p03720/input.txt,input_output/p03720/output.txt,llvm-clang-14,O0,True,OLLVM_Heroims_NewPass,"[""BCF"", ""FLA"", ""INSTSUB""]",SUCCESS,23,220,60,10,37,16.818181818181817,long,simple,long_simple,0.8405419584852056,2104,362,
p03721,s818777808,641,1736,clean_src/p03721/s818777808.c,obfuscated_bin/p03721/s818777808_fla_bcf_instsub.elf,input_output/p03721/input.txt,input_output/p03721/output.txt,llvm-clang-14,O0,True,OLLVM_Heroims_NewPass,"[""BCF"", ""FLA"", ""INSTSUB""]",SUCCESS,16,50,26,3,10,20.0,short,simple,short_simple,0.9632173002194167,1166,427,
p03722,s707922145,2793,6178,clean_src/p03722/s707922145.c,obfuscated_bin/p03722/s707922145_fla_bcf_instsub.elf,input_output/p03722/input.txt,input_output/p03722/output.txt,llvm-clang-14,O0,True,OLLVM_Heroims_NewPass,"[""BCF"", ""FLA"", ""INSTSUB""]",SUCCESS,50,168,110,5,60,35.714285714285715,long,complex,long_complex,0.9515877913959724,2477,881,
p03723,s088907333,1690,6968,clean_src/p03723/s088907333.c,obfuscated_bin/p03723/s088907333_fla_bcf_instsub.elf,input_output/p03723/input.txt,input_output/p03723/output.txt,llvm-clang-14,O0,True,OLLVM_Heroims_NewPass,"[""BCF"", ""FLA"", ""INSTSUB""]",SUCCESS,22,229,64,8,42,18.340611353711793,long,simple,long_simple,0.6206136410175045,2154,439,
p03724,s032994732,1539,6832,clean_src/p03724/s032994732.c,obfuscated_bin/p03724/s032994732_fla_bcf_instsub.elf,input_output/p03724/input.txt,input_output/p03724/output.txt,llvm-clang-14,O0,True,OLLVM_Heroims_NewPass,"[""BCF"", ""FLA"", ""INSTSUB""]",SUCCESS,32,257,68,4,36,14.007782101167315,long,simple,long_simple,0.6526782640738342,2089,181,
p03725,s529769010,782,1696,clean_src/p03725/s529769010.c,obfuscated_bin/p03725/s529769010_fla_bcf_instsub.elf,input_output/p03725/input.txt,input_output/p03725/output.txt,llvm-clang-14,O0,True,OLLVM_Heroims_NewPass,"[""BCF"", ""FLA"", ""INSTSUB""]",SUCCESS,7,92,16,9,9,9.782608695652174,long,simple,long_simple,0.7870284532797134,1451,72,
p03726,s571187429,1910,7257,clean_src/p03726/s571187429.c,obfuscated_bin/p03726/s571187429_fla_bcf_instsub.elf,input_output/p03726/input.txt,input_output/p03726/output.txt,llvm-clang-14,O0,True,OLLVM_Heroims_NewPass,"[""BCF"", ""FLA"", ""INSTSUB""]",SUCCESS,28,321,80,7,52,16.1993769470405,long,simple,long_simple,0.9121959131722462,2220,324,
p03729,s556529996,516,2020,clean_src/p03729/s556529996.c,obfuscated_bin/p03729/s556529996_fla_bcf_instsub.elf,input_output/p03729/input.txt,input_output/p03729/output.txt,llvm-clang-14,O0,True,OLLVM_Heroims_NewPass,"[""BCF"", ""FLA"", ""INSTSUB""]",SUCCESS,9,86,21,3,12,13.953488372093023,short,simple,short_simple,0.7956592357900749,865,176,
p03730,s605141593,1873,4262,clean_src/p03730/s605141593.c,obfuscated_bin/p03730/s605141593_fla_bcf_instsub.elf,input_output/p03730/input.txt,input_output/p03730/output.txt,llvm-clang-14,O0,True,OLLVM_Heroims_NewPass,"[""BCF"", ""FLA"", ""INSTSUB""]",SUCCESS,42,80,82,4,40,50.0,long,complex,long_complex,0.9503467788440969,2206,1157,
p03731,s785829465,1134,4019,clean_src/p03731/s785829465.c,obfuscated_bin/p03731/s785829465_fla_bcf_instsub.elf,input_output/p03731/input.txt,input_output/p03731/output.txt,llvm-clang-14,O0,True,OLLVM_Heroims_NewPass,"[""BCF"", ""FLA"", ""INSTSUB""]",SUCCESS,16,178,44,10,28,15.730337078651685,long,simple,long_simple,0.8921394693146392,1864,276,
p03732,s925918698,2362,6258,clean_src/p03732/s925918698.c,obfuscated_bin/p03732/s925918698_fla_bcf_instsub.elf,input_output/p03732/input.txt,input_output/p03732/output.txt,llvm-clang-14,O0,True,OLLVM_Heroims_NewPass,"[""BCF"", ""FLA"", ""INSTSUB""]",SUCCESS,41,99,103,7,62,62.62626262626263,long,complex,long_complex,0.9888780409064849,2343,1207,
p03735,s627381727,2180,8262,clean_src/p03735/s627381727.c,obfuscated_bin/p03735/s627381727_fla_bcf_instsub.elf,input_output/p03735/input.txt,input_output/p03735/output.txt,llvm-clang-14,O0,True,OLLVM_Heroims_NewPass,"[""BCF"", ""FLA"", ""INSTSUB""]",SUCCESS,27,342,81,11,54,15.789473684210526,long,simple,long_simple,0.7144479129755593,2302,284,
p03736,s187242823,403,1080,clean_src/p03736/s187242823.c,obfuscated_bin/p03736/s187242823_fla_bcf_instsub.elf,input_output/p03736/input.txt,input_output/p03736/output.txt,llvm-clang-14,O0,True,OLLVM_Heroims_NewPass,"[""BCF"", ""FLA"", ""INSTSUB""]",SUCCESS,4,46,9,3,5,10.869565217391305,short,simple,short_simple,0.8202687071093604,555,81,
p03737,s053526742,656,2300,clean_src/p03737/s053526742.c,obfuscated_bin/p03737/s053526742_fla_bcf_instsub.elf,input_output/p03737/input.txt,input_output/p03737/output.txt,llvm-clang-14,O0,True,OLLVM_Heroims_NewPass,"[""BCF"", ""FLA"", ""INSTSUB""]",SUCCESS,10,90,21,5,11,12.222222222222221,short,simple,short_simple,0.8155107196728681,1207,122,
p03738,s112435247,776,2164,clean_src/p03738/s112435247.c,obfuscated_bin/p03738/s112435247_fla_bcf_instsub.elf,input_output/p03738/input.txt,input_output/p03738/output.txt,llvm-clang-14,O0,True,OLLVM_Heroims_NewPass,"[""BCF"", ""FLA"", ""INSTSUB""]",SUCCESS,21,51,39,5,18,35.294117647058826,long,complex,long_complex,0.6804565439592817,1437,871,
p03739,s425859400,1259,4425,clean_src/p03739/s425859400.c,obfuscated_bin/p03739/s425859400_fla_bcf_instsub.elf,input_output/p03739/input.txt,input_output/p03739/output.txt,llvm-clang-14,O0,True,OLLVM_Heroims_NewPass,"[""BCF"", ""FLA"", ""INSTSUB""]",SUCCESS,16,204,50,10,34,16.666666666666664,long,simple,long_simple,0.9605541184102901,1946,349,
p03740,s305455371,1616,4416,clean_src/p03740/s305455371.c,obfuscated_bin/p03740/s305455371_fla_bcf_instsub.elf,input_output/p03740/input.txt,input_output/p03740/output.txt,llvm-clang-14,O0,True,OLLVM_Heroims_NewPass,"[""BCF"", ""FLA"", ""INSTSUB""]",SUCCESS,37,56,79,6,42,75.0,long,complex,long_complex,0.8950823431688033,2116,1253,
p03743,s965057724,1561,6105,clean_src/p03743/s965057724.c,obfuscated_bin/p03743/s965057724_fla_bcf_instsub.elf,input_output/p03743/input.txt,input_output/p03743/output.txt,llvm-clang-14,O0,True,OLLVM_Heroims_NewPass,"[""BCF"", ""FLA"", ""INSTSUB""]",SUCCESS,22,278,66,7,44,15.827338129496402,long,simple,long_simple,0.6827948485624511,2097,286,
p03744,s346155182,354,868,clean_src/p03744/s346155182.c,obfuscated_bin/p03744/s346155182_fla_bcf_instsub.elf,input_output/p03744/input.txt,input_output/p03744/output.txt,llvm-clang-14,O0,True,OLLVM_Heroims_NewPass,"[""BCF"", ""FLA"", ""INSTSUB""]",SUCCESS,2,48,7,6,5,10.416666666666668,short,simple,short_simple,0.7785244608766098,383,70,
p03745,s149939565,1350,3037,clean_src/p03745/s149939565.c,obfuscated_bin/p03745/s149939565_fla_bcf_instsub.elf,input_output/p03745/input.txt,input_output/p03745/output.txt,llvm-clang-14,O0,True,OLLVM_Heroims_NewPass,"[""BCF"", ""FLA"", ""INSTSUB""]",SUCCESS,30,51,68,9,38,74.50980392156863,long,complex,long_complex,0.8338388010751574,2000,1250,
p03747,s483659928,531,1684,clean_src/p03747/s483659928.c,obfuscated_bin/p03747/s483659928_fla_bcf_instsub.elf,input_output/p03747/input.txt,input_output/p03747/output.txt,llvm-clang-14,O0,True,OLLVM_Heroims_NewPass,"[""BCF"", ""FLA"", ""INSTSUB""]",SUCCESS,2,49,14,10,12,24.489795918367346,short,simple,short_simple,0.8404878188627726,904,642,
p03748,s823672127,348,625,clean_src/p03748/s823672127.c,obfuscated_bin/p03748/s823672127_fla_bcf_instsub.elf,input_output/p03748/input.txt,input_output/p03748/output.txt,llvm-clang-14,O0,True,OLLVM_Heroims_NewPass,"[""BCF"", ""FLA"", ""INSTSUB""]",SUCCESS,2,30,8,6,6,20.0,short,simple,short_simple,0.6868848668789573,361,436,
p03751,s831262248,325,678,clean_src/p03751/s831262248.c,obfuscated_bin/p03751/s831262248_fla_bcf_instsub.elf,input_output/p03751/input.txt,input_output/p03751/output.txt,llvm-clang-14,O0,True,OLLVM_Heroims_NewPass,"[""BCF"", ""FLA"", ""INSTSUB""]",SUCCESS,1,41,17,17,16,39.02439024390244,short,complex,short_complex,0.9598998642233197,292,1137,
p03752,s476606773,321,698,clean_src/p03752/s476606773.c,obfuscated_bin/p03752/s476606773_fla_bcf_instsub.elf,input_output/p03752/input.txt,input_output/p03752/output.txt,llvm-clang-14,O0,True,OLLVM_Heroims_NewPass,"[""BCF"", ""FLA"", ""INSTSUB""]",SUCCESS,4,36,15,6,11,30.555555555555557,short,complex,short_complex,0.6807811411121104,269,922,
p03753,s005864814,884,4645,clean_src/p03753/s005864814.c,obfuscated_bin/p03753/s005864814_fla_bcf_instsub.elf,input_output/p03753/input.txt,input_output/p03753/output.txt,llvm-clang-14,O0,True,OLLVM_Heroims_NewPass,"[""BCF"", ""FLA"", ""INSTSUB""]",SUCCESS,7,178,33,8,26,14.606741573033707,long,simple,long_simple,0.9920478459770486,1607,211,
p03759,s039125626,1610,6659,clean_src/p03759/s039125626.c,obfuscated_bin/p03759/s039125626_fla_bcf_instsub.elf,input_output/p03759/input.txt,input_output/p03759/output.txt,llvm-clang-14,O0,True,OLLVM_Heroims_NewPass,"[""BCF"", ""FLA"", ""INSTSUB""]",SUCCESS,22,216,60,8,38,17.59259259259259,long,simple,long_simple,0.8932811198731656,2113,408,
p03760,s002590416,2564,17908,clean_src/p03760/s002590416.c,obfuscated_bin/p03760/s002590416_fla_bcf_instsub.elf,input_output/p03760/input.txt,input_output/p03760/output.txt,llvm-clang-14,O0,True,OLLVM_Heroims_NewPass,"[""BCF"", ""FLA"", ""INSTSUB""]",SUCCESS,46,359,62,7,16,4.456824512534819,long,simple,long_simple,0.8075164369206606,2419,10,
p03761,s950079939,1172,4358,clean_src/p03761/s950079939.c,obfuscated_bin/p03761/s950079939_fla_bcf_instsub.elf,input_output/p03761/input.txt,input_output/p03761/output.txt,llvm-clang-14,O0,True,OLLVM_Heroims_NewPass,"[""BCF"", ""FLA"", ""INSTSUB""]",SUCCESS,19,169,45,9,26,15.384615384615385,long,simple,long_simple,0.7748765448946352,1889,251,
p03762,s800549953,460,2340,clean_src/p03762/s800549953.c,obfuscated_bin/p03762/s800549953_fla_bcf_instsub.elf,input_output/p03762/input.txt,input_output/p03762/output.txt,llvm-clang-14,O0,True,OLLVM_Heroims_NewPass,"[""BCF"", ""FLA"", ""INSTSUB""]",SUCCESS,2,71,17,14,15,21.12676056338028,short,simple,short_simple,0.986362382269049,724,499,
p03765,s463238753,1706,6906,clean_src/p03765/s463238753.c,obfuscated_bin/p03765/s463238753_fla_bcf_instsub.elf,input_output/p03765/input.txt,input_output/p03765/output.txt,llvm-clang-14,O0,True,OLLVM_Heroims_NewPass,"[""BCF"", ""FLA"", ""INSTSUB""]",SUCCESS,32,281,74,11,42,14.94661921708185,long,simple,long_simple,0.7570968738530403,2159,232,
p03766,s864522160,290,735,clean_src/p03766/s864522160.c,obfuscated_bin/p03766/s864522160_fla_bcf_instsub.elf,input_output/p03766/input.txt,input_output/p03766/output.txt,llvm-clang-14,O0,True,OLLVM_Heroims_NewPass,"[""BCF"", ""FLA"", ""INSTSUB""]",SUCCESS,3,38,7,3,4,10.526315789473683,short,simple,short_simple,0.09700152158845055,154,71,
p03767,s545321959,2730,6728,clean_src/p03767/s545321959.c,obfuscated_bin/p03767/s545321959_fla_bcf_instsub.elf,input_output/p03767/input.txt,input_output/p03767/output.txt,llvm-clang-14,O0,True,OLLVM_Heroims_NewPass,"[""BCF"", ""FLA"", ""INSTSUB""]",SUCCESS,51,77,116,8,65,84.4155844155844,long,complex,long_complex,0.8144393957409168,2465,1277,
p03768,s432022943,2559,5543,clean_src/p03768/s432022943.c,obfuscated_bin/p03768/s432022943_fla_bcf_instsub.elf,input_output/p03768/input.txt,input_output/p03768/output.txt,llvm-clang-14,O0,True,OLLVM_Heroims_NewPass,"[""BCF"", ""FLA"", ""INSTSUB""]",SUCCESS,46,147,99,6,53,36.054421768707485,long,complex,long_complex,0.9599590734333168,2415,891,
p03770,s018906732,1639,4387,clean_src/p03770/s018906732.c,obfuscated_bin/p03770/s018906732_fla_bcf_instsub.elf,input_output/p03770/input.txt,input_output/p03770/output.txt,llvm-clang-14,O0,True,OLLVM_Heroims_NewPass,"[""BCF"", ""FLA"", ""INSTSUB""]",SUCCESS,14,165,48,20,34,20.606060606060606,long,simple,long_simple,0.7401758020776787,2129,508,
p03773,s799607332,1133,4651,clean_src/p03773/s799607332.c,obfuscated_bin/p03773/s799607332_fla_bcf_instsub.elf,input_output/p03773/input.txt,input_output/p03773/output.txt,llvm-clang-14,O0,True,OLLVM_Heroims_NewPass,"[""BCF"", ""FLA"", ""INSTSUB""]",SUCCESS,15,146,44,8,29,19.863013698630137,long,simple,long_simple,0.8500929580950991,1861,488,
p03774,s227190181,767,2991,clean_src/p03774/s227190181.c,obfuscated_bin/p03774/s227190181_fla_bcf_instsub.elf,input_output/p03774/input.txt,input_output/p03774/output.txt,llvm-clang-14,O0,True,OLLVM_Heroims_NewPass,"[""BCF"", ""FLA"", ""INSTSUB""]",SUCCESS,12,103,31,7,19,18.446601941747574,long,simple,long_simple,0.7601997548422945,1429,443,
p03775,s872659581,6350,19364,clean_src/p03775/s872659581.c,obfuscated_bin/p03775/s872659581_fla_bcf_instsub.elf,input_output/p03775/input.txt,input_output/p03775/output.txt,llvm-clang-14,O0,True,OLLVM_Heroims_NewPass,"[""BCF"", ""FLA"", ""INSTSUB""]",SUCCESS,73,1117,190,16,117,10.474485228290064,long,simple,long_simple,0.8538718862452412,2597,85,
p03776,s721771429,1735,3473,clean_src/p03776/s721771429.c,obfuscated_bin/p03776/s721771429_fla_bcf_instsub.elf,input_output/p03776/input.txt,input_output/p03776/output.txt,llvm-clang-14,O0,True,OLLVM_Heroims_NewPass,"[""BCF"", ""FLA"", ""INSTSUB""]",SUCCESS,5,81,55,25,50,61.72839506172839,long,complex,long_complex,0.0070625850532073375,2168,1203,
p03777,s233055003,375,1850,clean_src/p03777/s233055003.c,obfuscated_bin/p03777/s233055003_fla_bcf_instsub.elf,input_output/p03777/input.txt,input_output/p03777/output.txt,llvm-clang-14,O0,True,OLLVM_Heroims_NewPass,"[""BCF"", ""FLA"", ""INSTSUB""]",SUCCESS,7,58,16,3,9,15.517241379310345,short,simple,short_simple,0.9252032836436618,466,230,
p03778,s827415175,2557,8114,clean_src/p03778/s827415175.c,obfuscated_bin/p03778/s827415175_fla_bcf_instsub.elf,input_output/p03778/input.txt,input_output/p03778/output.txt,llvm-clang-14,O0,True,OLLVM_Heroims_NewPass,"[""BCF"", ""FLA"", ""INSTSUB""]",SUCCESS,40,488,76,6,36,7.377049180327869,long,simple,long_simple,0.8434547511340836,2414,44,
p03779,s223523034,504,2333,clean_src/p03779/s223523034.c,obfuscated_bin/p03779/s223523034_fla_bcf_instsub.elf,input_output/p03779/input.txt,input_output/p03779/output.txt,llvm-clang-14,O0,True,OLLVM_Heroims_NewPass,"[""BCF"", ""FLA"", ""INSTSUB""]",SUCCESS,20,36,28,3,8,22.22222222222222,short,simple,short_simple,0.9737317413587195,840,541,
p03780,s979265054,2345,5169,clean_src/p03780/s979265054.c,obfuscated_bin/p03780/s979265054_fla_bcf_instsub.elf,input_output/p03780/input.txt,input_output/p03780/output.txt,llvm-clang-14,O0,True,OLLVM_Heroims_NewPass,"[""BCF"", ""FLA"", ""INSTSUB""]",SUCCESS,46,122,104,12,58,47.540983606557376,long,complex,long_complex,0.09350521855879335,2337,1110,
p03785,s315663229,1128,4029,clean_src/p03785/s315663229.c,obfuscated_bin/p03785/s315663229_fla_bcf_instsub.elf,input_output/p03785/input.txt,input_output/p03785/output.txt,llvm-clang-14,O0,True,OLLVM_Heroims_NewPass,"[""BCF"", ""FLA"", ""INSTSUB""]",SUCCESS,16,175,45,10,29,16.57142857142857,long,simple,long_simple,0.39176653659048644,1856,343,
p03786,s243346690,1181,2651,clean_src/p03786/s243346690.c,obfuscated_bin/p03786/s243346690_fla_bcf_instsub.elf,input_output/p03786/input.txt,input_output/p03786/output.txt,llvm-clang-14,O0,True,OLLVM_Heroims_NewPass,"[""BCF"", ""FLA"", ""INSTSUB""]",SUCCESS,5,46,42,17,37,80.43478260869566,long,complex,long_complex,0.5857721967168803,1895,1272,
p03787,s420462276,430,1045,clean_src/p03787/s420462276.c,obfuscated_bin/p03787/s420462276_fla_bcf_instsub.elf,input_output/p03787/input.txt,input_output/p03787/output.txt,llvm-clang-14,O0,True,OLLVM_Heroims_NewPass,"[""BCF"", ""FLA"", ""INSTSUB""]",SUCCESS,1,46,10,10,9,19.565217391304348,short,simple,short_simple,0.7250142838474208,635,418,
p03788,s522105853,2357,5401,clean_src/p03788/s522105853.c,obfuscated_bin/p03788/s522105853_fla_bcf_instsub.elf,input_output/p03788/input.txt,input_output/p03788/output.txt,llvm-clang-14,O0,True,OLLVM_Heroims_NewPass,"[""BCF"", ""FLA"", ""INSTSUB""]",SUCCESS,46,135,108,16,62,45.925925925925924,long,complex,long_complex,0.9312304855693125,2340,1081,
p03789,s182201060,2766,5901,clean_src/p03789/s182201060.c,obfuscated_bin/p03789/s182201060_fla_bcf_instsub.elf,input_output/p03789/input.txt,input_output/p03789/output.txt,llvm-clang-14,O0,True,OLLVM_Heroims_NewPass,"[""BCF"", ""FLA"", ""INSTSUB""]",SUCCESS,55,170,114,4,59,34.705882352941174,long,complex,long_complex,0.6298568247982991,2469,859,
p03791,s974843952,483,2622,clean_src/p03791/s974843952.c,obfuscated_bin/p03791/s974843952_fla_bcf_instsub.elf,input_output/p03791/input.txt,input_output/p03791/output.txt,llvm-clang-14,O0,True,OLLVM_Heroims_NewPass,"[""BCF"", ""FLA"", ""INSTSUB""]",SUCCESS,5,107,18,7,13,12.149532710280374,short,simple,short_simple,0.23554584585863447,779,118,
p03792,s366605329,339,1043,clean_src/p03792/s366605329.c,obfuscated_bin/p03792/s366605329_fla_bcf_instsub.elf,input_output/p03792/input.txt,input_output/p03792/output.txt,llvm-clang-14,O0,True,OLLVM_Heroims_NewPass,"[""BCF"", ""FLA"", ""INSTSUB""]",SUCCESS,1,58,14,14,13,22.413793103448278,short,simple,short_simple,0.9981767157718401,339,551,
p03793,s645679119,478,1371,clean_src/p03793/s645679119.c,obfuscated_bin/p03793/s645679119_fla_bcf_instsub.elf,input_output/p03793/input.txt,input_output/p03793/output.txt,llvm-clang-14,O0,True,OLLVM_Heroims_NewPass,"[""BCF"", ""FLA"", ""INSTSUB""]",SUCCESS,2,70,14,13,12,17.142857142857142,short,simple,short_simple,0.8184118947030905,769,307,
p03795,s044963668,515,2080,clean_src/p03795/s044963668.c,obfuscated_bin/p03795/s044963668_fla_bcf_instsub.elf,input_output/p03795/input.txt,input_output/p03795/output.txt,llvm-clang-14,O0,True,OLLVM_Heroims_NewPass,"[""BCF"", ""FLA"", ""INSTSUB""]",SUCCESS,9,92,21,3,12,13.043478260869565,short,simple,short_simple,0.9114312696979611,863,142,
p03796,s036726411,1077,3865,clean_src/p03796/s036726411.c,obfuscated_bin/p03796/s036726411_fla_bcf_instsub.elf,input_output/p03796/input.txt,input_output/p03796/output.txt,llvm-clang-14,O0,True,OLLVM_Heroims_NewPass,"[""BCF"", ""FLA"", ""INSTSUB""]",SUCCESS,16,172,41,10,25,14.534883720930234,long,simple,long_simple,0.6559992573769137,1805,209,
p03797,s998215916,567,1820,clean_src/p03797/s998215916.c,obfuscated_bin/p03797/s998215916_fla_bcf_instsub.elf,input_output/p03797/input.txt,input_output/p03797/output.txt,llvm-clang-14,O0,True,OLLVM_Heroims_NewPass,"[""BCF"", ""FLA"", ""INSTSUB""]",SUCCESS,10,47,22,5,12,25.53191489361702,short,complex,short_complex,0.9660728558112475,995,699,
p03798,s666549701,2647,10002,clean_src/p03798/s666549701.c,obfuscated_bin/p03798/s666549701_fla_bcf_instsub.elf,input_output/p03798/input.txt,input_output/p03798/output.txt,llvm-clang-14,O0,True,OLLVM_Heroims_NewPass,"[""BCF"", ""FLA"", ""INSTSUB""]",SUCCESS,1,296,154,154,153,51.689189189189186,long,complex,long_complex,0.9393169651987108,2449,1169,
p03801,s184501943,573,1175,clean_src/p03801/s184501943.c,obfuscated_bin/p03801/s184501943_fla_bcf_instsub.elf,input_output/p03801/input.txt,input_output/p03801/output.txt,llvm-clang-14,O0,True,OLLVM_Heroims_NewPass,"[""BCF"", ""FLA"", ""INSTSUB""]",SUCCESS,2,50,17,10,15,30.0,short,complex,short_complex,0.6178670367077868,1013,899,
p03802,s584767413,973,2159,clean_src/p03802/s584767413.c,obfuscated_bin/p03802/s584767413_fla_bcf_instsub.elf,input_output/p03802/input.txt,input_output/p03802/output.txt,llvm-clang-14,O0,True,OLLVM_Heroims_NewPass,"[""BCF"", ""FLA"", ""INSTSUB""]",SUCCESS,9,109,41,14,32,29.357798165137616,long,complex,long_complex,0.6009228119199425,1714,738,
p03803,s819389873,1081,8237,clean_src/p03803/s819389873.c,obfuscated_bin/p03803/s819389873_fla_bcf_instsub.elf,input_output/p03803/input.txt,input_output/p03803/output.txt,llvm-clang-14,O0,True,OLLVM_Heroims_NewPass,"[""BCF"", ""FLA"", ""INSTSUB""]",SUCCESS,17,183,27,7,10,5.46448087431694,long,simple,long_simple,0.9268135554946074,1811,12,
p03804,s968314685,1993,6167,clean_src/p03804/s968314685.c,obfuscated_bin/p03804/s968314685_fla_bcf_instsub.elf,input_output/p03804/input.txt,input_output/p03804/output.txt,llvm-clang-14,O0,True,OLLVM_Heroims_NewPass,"[""BCF"", ""FLA"", ""INSTSUB""]",SUCCESS,32,371,55,3,23,6.199460916442049,long,simple,long_simple,0.7975635409470168,2243,18,
p03805,s848140735,3146,8951,clean_src/p03805/s848140735.c,obfuscated_bin/p03805/s848140735_fla_bcf_instsub.elf,input_output/p03805/input.txt,input_output/p03805/output.txt,llvm-clang-14,O0,True,OLLVM_Heroims_NewPass,"[""BCF"", ""FLA"", ""INSTSUB""]",SUCCESS,53,114,123,8,70,61.40350877192983,long,complex,long_complex,0.9728991542464858,2529,1202,
p03806,s414071338,839,2538,clean_src/p03806/s414071338.c,obfuscated_bin/p03806/s414071338_fla_bcf_instsub.elf,input_output/p03806/input.txt,input_output/p03806/output.txt,llvm-clang-14,O0,True,OLLVM_Heroims_NewPass,"[""BCF"", ""FLA"", ""INSTSUB""]",SUCCESS,6,103,35,16,29,28.155339805825243,long,complex,long_complex,0.8917547390967302,1537,705,
p03807,s771426841,1128,4082,clean_src/p03807/s771426841.c,obfuscated_bin/p03807/s771426841_fla_bcf_instsub.elf,input_output/p03807/input.txt,input_output/p03807/output.txt,llvm-clang-14,O0,True,OLLVM_Heroims_NewPass,"[""BCF"", ""FLA"", ""INSTSUB""]",SUCCESS,16,179,44,10,28,15.64245810055866,long,simple,long_simple,0.9429177227993384,1857,267,
p03808,s102363144,328,1169,clean_src/p03808/s102363144.c,obfuscated_bin/p03808/s102363144_fla_bcf_instsub.elf,input_output/p03808/input.txt,input_output/p03808/output.txt,llvm-clang-14,O0,True,OLLVM_Heroims_NewPass,"[""BCF"", ""FLA"", ""INSTSUB""]",SUCCESS,1,56,10,10,9,16.071428571428573,short,simple,short_simple,0.9911846488779442,304,260,
p03809,s296562445,1392,4432,clean_src/p03809/s296562445.c,obfuscated_bin/p03809/s296562445_fla_bcf_instsub.elf,input_output/p03809/input.txt,input_output/p03809/output.txt,llvm-clang-14,O0,True,OLLVM_Heroims_NewPass,"[""BCF"", ""FLA"", ""INSTSUB""]",SUCCESS,4,175,23,14,19,10.857142857142858,long,simple,long_simple,0.6399340198154074,2024,92,
p03810,s636893599,672,2652,clean_src/p03810/s636893599.c,obfuscated_bin/p03810/s636893599_fla_bcf_instsub.elf,input_output/p03810/input.txt,input_output/p03810/output.txt,llvm-clang-14,O0,True,OLLVM_Heroims_NewPass,"[""BCF"", ""FLA"", ""INSTSUB""]",SUCCESS,3,145,19,14,16,11.03448275862069,short,simple,short_simple,0.9514256658452298,1239,85,
p03813,s929153032,1003,3499,clean_src/p03813/s929153032.c,obfuscated_bin/p03813/s929153032_fla_bcf_instsub.elf,input_output/p03813/input.txt,input_output/p03813/output.txt,llvm-clang-14,O0,True,OLLVM_Heroims_NewPass,"[""BCF"", ""FLA"", ""INSTSUB""]",SUCCESS,18,193,38,4,20,10.362694300518134,long,simple,long_simple,0.6488988542860661,1743,84,
p03814,s563555301,496,2021,clean_src/p03814/s563555301.c,obfuscated_bin/p03814/s563555301_fla_bcf_instsub.elf,input_output/p03814/input.txt,input_output/p03814/output.txt,llvm-clang-14,O0,True,OLLVM_Heroims_NewPass,"[""BCF"", ""FLA"", ""INSTSUB""]",SUCCESS,7,62,17,7,10,16.129032258064516,short,simple,short_simple,0.67488084975668,814,263,
p03815,s268917252,517,1649,clean_src/p03815/s268917252.c,obfuscated_bin/p03815/s268917252_fla_bcf_instsub.elf,input_output/p03815/input.txt,input_output/p03815/output.txt,llvm-clang-14,O0,True,OLLVM_Heroims_NewPass,"[""BCF"", ""FLA"", ""INSTSUB""]",SUCCESS,10,39,20,3,10,25.64102564102564,short,complex,short_complex,0.898825245707943,868,702,
p03816,s149805366,569,1447,clean_src/p03816/s149805366.c,obfuscated_bin/p03816/s149805366_fla_bcf_instsub.elf,input_output/p03816/input.txt,input_output/p03816/output.txt,llvm-clang-14,O0,True,OLLVM_Heroims_NewPass,"[""BCF"", ""FLA"", ""INSTSUB""]",SUCCESS,14,47,24,3,10,21.27659574468085,short,simple,short_simple,0.40672016294149715,1002,501,
p03819,s129044522,1148,3259,clean_src/p03819/s129044522.c,obfuscated_bin/p03819/s129044522_fla_bcf_instsub.elf,input_output/p03819/input.txt,input_output/p03819/output.txt,llvm-clang-14,O0,True,OLLVM_Heroims_NewPass,"[""BCF"", ""FLA"", ""INSTSUB""]",SUCCESS,12,95,26,5,14,14.736842105263156,long,simple,long_simple,0.6071048924220609,1873,215,
p03821,s946785681,1117,3995,clean_src/p03821/s946785681.c,obfuscated_bin/p03821/s946785681_fla_bcf_instsub.elf,input_output/p03821/input.txt,input_output/p03821/output.txt,llvm-clang-14,O0,True,OLLVM_Heroims_NewPass,"[""BCF"", ""FLA"", ""INSTSUB""]",SUCCESS,16,172,43,10,27,15.69767441860465,long,simple,long_simple,0.7079022101101022,1840,275,
p03822,s740418352,1398,4476,clean_src/p03822/s740418352.c,obfuscated_bin/p03822/s740418352_fla_bcf_instsub.elf,input_output/p03822/input.txt,input_output/p03822/output.txt,llvm-clang-14,O0,True,OLLVM_Heroims_NewPass,"[""BCF"", ""FLA"", ""INSTSUB""]",SUCCESS,8,163,24,7,16,9.815950920245399,long,simple,long_simple,0.8337109176611117,2027,73,
p03823,s933970624,1861,7308,clean_src/p03823/s933970624.c,obfuscated_bin/p03823/s933970624_fla_bcf_instsub.elf,input_output/p03823/input.txt,input_output/p03823/output.txt,llvm-clang-14,O0,True,OLLVM_Heroims_NewPass,"[""BCF"", ""FLA"", ""INSTSUB""]",SUCCESS,15,212,49,10,34,16.037735849056602,long,simple,long_simple,0.7311193677681569,2204,305,
p03826,s124250097,626,2295,clean_src/p03826/s124250097.c,obfuscated_bin/p03826/s124250097_fla_bcf_instsub.elf,input_output/p03826/input.txt,input_output/p03826/output.txt,llvm-clang-14,O0,True,OLLVM_Heroims_NewPass,"[""BCF"", ""FLA"", ""INSTSUB""]",SUCCESS,17,110,22,3,5,4.545454545454546,short,simple,short_simple,0.9567988246945579,1138,8,
p03827,s360902184,670,2010,clean_src/p03827/s360902184.c,obfuscated_bin/p03827/s360902184_fla_bcf_instsub.elf,input_output/p03827/input.txt,input_output/p03827/output.txt,llvm-clang-14,O0,True,OLLVM_Heroims_NewPass,"[""BCF"", ""FLA"", ""INSTSUB""]",SUCCESS,9,89,32,7,23,25.842696629213485,short,complex,short_complex,0.6017686043057245,1234,714,
p03828,s463156986,2109,5409,clean_src/p03828/s463156986.c,obfuscated_bin/p03828/s463156986_fla_bcf_instsub.elf,input_output/p03828/input.txt,input_output/p03828/output.txt,llvm-clang-14,O0,True,OLLVM_Heroims_NewPass,"[""BCF"", ""FLA"", ""INSTSUB""]",SUCCESS,40,77,98,8,58,75.32467532467533,long,complex,long_complex,0.7891499889916951,2272,1256,
p03829,s472952866,322,1138,clean_src/p03829/s472952866.c,obfuscated_bin/p03829/s472952866_fla_bcf_instsub.elf,input_output/p03829/input.txt,input_output/p03829/output.txt,llvm-clang-14,O0,True,OLLVM_Heroims_NewPass,"[""BCF"", ""FLA"", ""INSTSUB""]",SUCCESS,5,49,13,4,8,16.3265306122449,short,simple,short_simple,0.9807650501623655,277,275,
p03832,s598592050,570,1186,clean_src/p03832/s598592050.c,obfuscated_bin/p03832/s598592050_fla_bcf_instsub.elf,input_output/p03832/input.txt,input_output/p03832/output.txt,llvm-clang-14,O0,True,OLLVM_Heroims_NewPass,"[""BCF"", ""FLA"", ""INSTSUB""]",SUCCESS,2,38,16,13,14,36.84210526315789,short,complex,short_complex,0.7936389780287,1006,1102,
p03833,s183302438,1473,4880,clean_src/p03833/s183302438.c,obfuscated_bin/p03833/s183302438_fla_bcf_instsub.elf,input_output/p03833/input.txt,input_output/p03833/output.txt,llvm-clang-14,O0,True,OLLVM_Heroims_NewPass,"[""BCF"", ""FLA"", ""INSTSUB""]",SUCCESS,9,156,36,16,27,17.307692307692307,long,simple,long_simple,0.8007999420428721,2064,396,
p03834,s549852996,262,1241,clean_src/p03834/s549852996.c,obfuscated_bin/p03834/s549852996_fla_bcf_instsub.elf,input_output/p03834/input.txt,input_output/p03834/output.txt,llvm-clang-14,O0,True,OLLVM_Heroims_NewPass,"[""BCF"", ""FLA"", ""INSTSUB""]",SUCCESS,6,48,11,2,5,10.416666666666668,short,simple,short_simple,0.9692054298298192,29,68,
p03835,s836003439,1433,5503,clean_src/p03835/s836003439.c,obfuscated_bin/p03835/s836003439_fla_bcf_instsub.elf,input_output/p03835/input.txt,input_output/p03835/output.txt,llvm-clang-14,O0,True,OLLVM_Heroims_NewPass,"[""BCF"", ""FLA"", ""INSTSUB""]",SUCCESS,25,283,44,3,19,6.713780918727916,long,simple,long_simple,0.8466420890379,2047,33,
p03836,s692390476,1437,3111,clean_src/p03836/s692390476.c,obfuscated_bin/p03836/s692390476_fla_bcf_instsub.elf,input_output/p03836/input.txt,input_output/p03836/output.txt,llvm-clang-14,O0,True,OLLVM_Heroims_NewPass,"[""BCF"", ""FLA"", ""INSTSUB""]",SUCCESS,30,48,68,9,38,79.16666666666666,long,complex,long_complex,0.9174179742441025,2049,1266,
p03837,s266398295,662,1577,clean_src/p03837/s266398295.c,obfuscated_bin/p03837/s266398295_fla_bcf_instsub.elf,input_output/p03837/input.txt,input_output/p03837/output.txt,llvm-clang-14,O0,True,OLLVM_Heroims_NewPass,"[""BCF"", ""FLA"", ""INSTSUB""]",SUCCESS,2,78,13,7,11,14.102564102564102,short,simple,short_simple,0.8080363043363722,1223,178,
p03838,s762516754,369,759,clean_src/p03838/s762516754.c,obfuscated_bin/p03838/s762516754_fla_bcf_instsub.elf,input_output/p03838/input.txt,input_output/p03838/output.txt,llvm-clang-14,O0,True,OLLVM_Heroims_NewPass,"[""BCF"", ""FLA"", ""INSTSUB""]",SUCCESS,1,58,25,25,24,41.37931034482759,short,complex,short_complex,0.7013243639238519,438,1170,
p03839,s237964122,502,2513,clean_src/p03839/s237964122.c,obfuscated_bin/p03839/s237964122_fla_bcf_instsub.elf,input_output/p03839/input.txt,input_output/p03839/output.txt,llvm-clang-14,O0,True,OLLVM_Heroims_NewPass,"[""BCF"", ""FLA"", ""INSTSUB""]",SUCCESS,2,93,22,19,20,21.50537634408602,short,simple,short_simple,0.5202967985990026,829,511,
p03840,s022527521,341,1146,clean_src/p03840/s022527521.c,obfuscated_bin/p03840/s022527521_fla_bcf_instsub.elf,input_output/p03840/input.txt,input_output/p03840/output.txt,llvm-clang-14,O0,True,OLLVM_Heroims_NewPass,"[""BCF"", ""FLA"", ""INSTSUB""]",SUCCESS,1,41,18,18,17,41.46341463414634,short,complex,short_complex,0.691178072040977,346,1171,
p03844,s067827296,458,1691,clean_src/p03844/s067827296.c,obfuscated_bin/p03844/s067827296_fla_bcf_instsub.elf,input_output/p03844/input.txt,input_output/p03844/output.txt,llvm-clang-14,O0,True,OLLVM_Heroims_NewPass,"[""BCF"", ""FLA"", ""INSTSUB""]",SUCCESS,6,70,21,8,15,21.428571428571427,short,simple,short_simple,0.964346982808899,716,510,
p03845,s473032158,1475,5080,clean_src/p03845/s473032158.c,obfuscated_bin/p03845/s473032158_fla_bcf_instsub.elf,input_output/p03845/input.txt,input_output/p03845/output.txt,llvm-clang-14,O0,True,OLLVM_Heroims_NewPass,"[""BCF"", ""FLA"", ""INSTSUB""]",SUCCESS,25,285,42,3,17,5.964912280701754,long,simple,long_simple,0.8602780330089403,2066,15,
p03846,s998639493,1308,5488,clean_src/p03846/s998639493.c,obfuscated_bin/p03846/s998639493_fla_bcf_instsub.elf,input_output/p03846/input.txt,input_output/p03846/output.txt,llvm-clang-14,O0,True,OLLVM_Heroims_NewPass,"[""BCF"", ""FLA"", ""INSTSUB""]",SUCCESS,27,212,57,4,30,14.150943396226415,long,simple,long_simple,0.8174363485555446,1980,189,
p03847,s311393962,306,644,clean_src/p03847/s311393962.c,obfuscated_bin/p03847/s311393962_fla_bcf_instsub.elf,input_output/p03847/input.txt,input_output/p03847/output.txt,llvm-clang-14,O0,True,OLLVM_Heroims_NewPass,"[""BCF"", ""FLA"", ""INSTSUB""]",SUCCESS,1,32,4,4,3,9.375,short,simple,short_simple,0.9872032424688382,217,50,
p03850,s104141159,1639,6615,clean_src/p03850/s104141159.c,obfuscated_bin/p03850/s104141159_fla_bcf_instsub.elf,input_output/p03850/input.txt,input_output/p03850/output.txt,llvm-clang-14,O0,True,OLLVM_Heroims_NewPass,"[""BCF"", ""FLA"", ""INSTSUB""]",SUCCESS,25,290,71,11,46,15.862068965517242,long,simple,long_simple,0.7243182482965685,2130,292,
p03852,s717368996,270,1272,clean_src/p03852/s717368996.c,obfuscated_bin/p03852/s717368996_fla_bcf_instsub.elf,input_output/p03852/input.txt,input_output/p03852/output.txt,llvm-clang-14,O0,True,OLLVM_Heroims_NewPass,"[""BCF"", ""FLA"", ""INSTSUB""]",SUCCESS,6,46,16,6,10,21.73913043478261,short,simple,short_simple,0.503683246783738,60,525,
p03853,s450804739,548,2428,clean_src/p03853/s450804739.c,obfuscated_bin/p03853/s450804739_fla_bcf_instsub.elf,input_output/p03853/input.txt,input_output/p03853/output.txt,llvm-clang-14,O0,True,OLLVM_Heroims_NewPass,"[""BCF"", ""FLA"", ""INSTSUB""]",SUCCESS,20,40,29,4,9,22.5,short,simple,short_simple,0.9799651078464381,951,556,
p03854,s574999050,912,4041,clean_src/p03854/s574999050.c,obfuscated_bin/p03854/s574999050_fla_bcf_instsub.elf,input_output/p03854/input.txt,input_output/p03854/output.txt,llvm-clang-14,O0,True,OLLVM_Heroims_NewPass,"[""BCF"", ""FLA"", ""INSTSUB""]",SUCCESS,15,114,32,9,17,14.912280701754385,long,simple,long_simple,0.955831857939328,1643,229,
p03855,s024543682,2123,9467,clean_src/p03855/s024543682.c,obfuscated_bin/p03855/s024543682_fla_bcf_instsub.elf,input_output/p03855/input.txt,input_output/p03855/output.txt,llvm-clang-14,O0,True,OLLVM_Heroims_NewPass,"[""BCF"", ""FLA"", ""INSTSUB""]",SUCCESS,25,324,71,10,46,14.19753086419753,long,simple,long_simple,0.7619301571098218,2276,195,
p03858,s150101392,933,1894,clean_src/p03858/s150101392.c,obfuscated_bin/p03858/s150101392_fla_bcf_instsub.elf,input_output/p03858/input.txt,input_output/p03858/output.txt,llvm-clang-14,O0,True,OLLVM_Heroims_NewPass,"[""BCF"", ""FLA"", ""INSTSUB""]",SUCCESS,8,87,28,7,20,22.988505747126435,long,simple,long_simple,0.2115144588688872,1668,566,
p03859,s154593018,2627,6062,clean_src/p03859/s154593018.c,obfuscated_bin/p03859/s154593018_fla_bcf_instsub.elf,input_output/p03859/input.txt,input_output/p03859/output.txt,llvm-clang-14,O0,True,OLLVM_Heroims_NewPass,"[""BCF"", ""FLA"", ""INSTSUB""]",SUCCESS,50,158,110,11,60,37.9746835443038,long,complex,long_complex,0.6296367672537296,2443,923,
p03860,s514055883,633,2316,clean_src/p03860/s514055883.c,obfuscated_bin/p03860/s514055883_fla_bcf_instsub.elf,input_output/p03860/input.txt,input_output/p03860/output.txt,llvm-clang-14,O0,True,OLLVM_Heroims_NewPass,"[""BCF"", ""FLA"", ""INSTSUB""]",SUCCESS,17,113,21,3,4,3.5398230088495577,short,simple,short_simple,0.9582804260087072,1151,7,
p03861,s978478588,505,2220,clean_src/p03861/s978478588.c,obfuscated_bin/p03861/s978478588_fla_bcf_instsub.elf,input_output/p03861/input.txt,input_output/p03861/output.txt,llvm-clang-14,O0,True,OLLVM_Heroims_NewPass,"[""BCF"", ""FLA"", ""INSTSUB""]",SUCCESS,8,80,21,4,13,16.25,short,simple,short_simple,0.9605955836303961,845,269,
p03862,s701572964,590,1753,clean_src/p03862/s701572964.c,obfuscated_bin/p03862/s701572964_fla_bcf_instsub.elf,input_output/p03862/input.txt,input_output/p03862/output.txt,llvm-clang-14,O0,True,OLLVM_Heroims_NewPass,"[""BCF"", ""FLA"", ""INSTSUB""]",SUCCESS,10,46,20,3,10,21.73913043478261,short,simple,short_simple,0.9409487945464334,1048,522,
p03863,s888791428,631,2645,clean_src/p03863/s888791428.c,obfuscated_bin/p03863/s888791428_fla_bcf_instsub.elf,input_output/p03863/input.txt,input_output/p03863/output.txt,llvm-clang-14,O0,True,OLLVM_Heroims_NewPass,"[""BCF"", ""FLA"", ""INSTSUB""]",SUCCESS,8,99,28,9,20,20.2020202020202,short,simple,short_simple,0.4661444344155472,1148,449,
p03866,s607540306,946,2789,clean_src/p03866/s607540306.c,obfuscated_bin/p03866/s607540306_fla_bcf_instsub.elf,input_output/p03866/input.txt,input_output/p03866/output.txt,llvm-clang-14,O0,True,OLLVM_Heroims_NewPass,"[""BCF"", ""FLA"", ""INSTSUB""]",SUCCESS,7,128,25,8,18,14.0625,long,simple,long_simple,0.8528444642398857,1684,184,
p03867,s383895695,360,866,clean_src/p03867/s383895695.c,obfuscated_bin/p03867/s383895695_fla_bcf_instsub.elf,input_output/p03867/input.txt,input_output/p03867/output.txt,llvm-clang-14,O0,True,OLLVM_Heroims_NewPass,"[""BCF"", ""FLA"", ""INSTSUB""]",SUCCESS,2,35,12,9,10,28.57142857142857,short,complex,short_complex,0.2956023272793695,409,836,
p03868,s516098054,1877,9081,clean_src/p03868/s516098054.c,obfuscated_bin/p03868/s516098054_fla_bcf_instsub.elf,input_output/p03868/input.txt,input_output/p03868/output.txt,llvm-clang-14,O0,True,OLLVM_Heroims_NewPass,"[""BCF"", ""FLA"", ""INSTSUB""]",SUCCESS,25,309,69,8,44,14.239482200647249,long,simple,long_simple,0.4510504151978053,2207,197,
p03869,s367494873,1634,3701,clean_src/p03869/s367494873.c,obfuscated_bin/p03869/s367494873_fla_bcf_instsub.elf,input_output/p03869/input.txt,input_output/p03869/output.txt,llvm-clang-14,O0,True,OLLVM_Heroims_NewPass,"[""BCF"", ""FLA"", ""INSTSUB""]",SUCCESS,34,68,64,3,30,44.11764705882353,long,complex,long_complex,0.1634983585823956,2128,1045,
p03870,s881065969,594,2252,clean_src/p03870/s881065969.c,obfuscated_bin/p03870/s881065969_fla_bcf_instsub.elf,input_output/p03870/input.txt,input_output/p03870/output.txt,llvm-clang-14,O0,True,OLLVM_Heroims_NewPass,"[""BCF"", ""FLA"", ""INSTSUB""]",SUCCESS,1,133,42,42,41,30.82706766917293,short,complex,short_complex,0.8451859853152756,1057,934,
p03871,s349286485,2337,5169,clean_src/p03871/s349286485.c,obfuscated_bin/p03871/s349286485_fla_bcf_instsub.elf,input_output/p03871/input.txt,input_output/p03871/output.txt,llvm-clang-14,O0,True,OLLVM_Heroims_NewPass,"[""BCF"", ""FLA"", ""INSTSUB""]",SUCCESS,47,118,100,5,53,44.91525423728814,long,complex,long_complex,0.5819478429440064,2335,1058,
p03872,s302568189,1154,3244,clean_src/p03872/s302568189.c,obfuscated_bin/p03872/s302568189_fla_bcf_instsub.elf,input_output/p03872/input.txt,input_output/p03872/output.txt,llvm-clang-14,O0,True,OLLVM_Heroims_NewPass,"[""BCF"", ""FLA"", ""INSTSUB""]",SUCCESS,10,144,30,11,20,13.88888888888889,long,simple,long_simple,0.6735458980123044,1880,177,
p03873,s131718493,683,1840,clean_src/p03873/s131718493.c,obfuscated_bin/p03873/s131718493_fla_bcf_instsub.elf,input_output/p03873/input.txt,input_output/p03873/output.txt,llvm-clang-14,O0,True,OLLVM_Heroims_NewPass,"[""BCF"", ""FLA"", ""INSTSUB""]",SUCCESS,3,58,17,12,14,24.137931034482758,short,simple,short_simple,0.902442707287572,1268,629,
p03875,s530746585,837,2032,clean_src/p03875/s530746585.c,obfuscated_bin/p03875/s530746585_fla_bcf_instsub.elf,input_output/p03875/input.txt,input_output/p03875/output.txt,llvm-clang-14,O0,True,OLLVM_Heroims_NewPass,"[""BCF"", ""FLA"", ""INSTSUB""]",SUCCESS,3,76,24,13,21,27.631578947368425,long,complex,long_complex,0.7975459603962369,1531,693,
p03877,s469245438,280,376,clean_src/p03877/s469245438.c,obfuscated_bin/p03877/s469245438_fla_bcf_instsub.elf,input_output/p03877/input.txt,input_output/p03877/output.txt,llvm-clang-14,O0,True,OLLVM_Heroims_NewPass,"[""BCF"", ""FLA"", ""INSTSUB""]",SUCCESS,1,1,9,9,8,800.0,short,complex,short_complex,0.8699426831651625,110,1299,
p03889,s989494620,2838,10925,clean_src/p03889/s989494620.c,obfuscated_bin/p03889/s989494620_fla_bcf_instsub.elf,input_output/p03889/input.txt,input_output/p03889/output.txt,llvm-clang-14,O0,True,OLLVM_Heroims_NewPass,"[""BCF"", ""FLA"", ""INSTSUB""]",SUCCESS,46,418,116,11,70,16.74641148325359,long,simple,long_simple,0.8204573048380843,2491,355,
p03890,s207788369,284,779,clean_src/p03890/s207788369.c,obfuscated_bin/p03890/s207788369_fla_bcf_instsub.elf,input_output/p03890/input.txt,input_output/p03890/output.txt,llvm-clang-14,O0,True,OLLVM_Heroims_NewPass,"[""BCF"", ""FLA"", ""INSTSUB""]",SUCCESS,1,41,12,12,11,26.82926829268293,short,complex,short_complex,0.7045787637602743,129,757,
p03891,s445362546,2161,4542,clean_src/p03891/s445362546.c,obfuscated_bin/p03891/s445362546_fla_bcf_instsub.elf,input_output/p03891/input.txt,input_output/p03891/output.txt,llvm-clang-14,O0,True,OLLVM_Heroims_NewPass,"[""BCF"", ""FLA"", ""INSTSUB""]",SUCCESS,43,97,85,4,42,43.29896907216495,long,complex,long_complex,0.9990388530974249,2290,1025,
p03892,s882736260,469,2391,clean_src/p03892/s882736260.c,obfuscated_bin/p03892/s882736260_fla_bcf_instsub.elf,input_output/p03892/input.txt,input_output/p03892/output.txt,llvm-clang-14,O0,True,OLLVM_Heroims_NewPass,"[""BCF"", ""FLA"", ""INSTSUB""]",SUCCESS,5,111,20,8,15,13.513513513513514,short,simple,short_simple,0.8445651338749248,747,163,
p03893,s029203844,1994,4394,clean_src/p03893/s029203844.c,obfuscated_bin/p03893/s029203844_fla_bcf_instsub.elf,input_output/p03893/input.txt,input_output/p03893/output.txt,llvm-clang-14,O0,True,OLLVM_Heroims_NewPass,"[""BCF"", ""FLA"", ""INSTSUB""]",SUCCESS,44,96,86,4,42,43.75,long,complex,long_complex,0.2622667886570761,2244,1035,
p03894,s409123944,484,1137,clean_src/p03894/s409123944.c,obfuscated_bin/p03894/s409123944_fla_bcf_instsub.elf,input_output/p03894/input.txt,input_output/p03894/output.txt,llvm-clang-14,O0,True,OLLVM_Heroims_NewPass,"[""BCF"", ""FLA"", ""INSTSUB""]",SUCCESS,3,57,13,9,10,17.543859649122805,short,simple,short_simple,0.6428721737433204,782,326,
p03895,s691520706,2255,4896,clean_src/p03895/s691520706.c,obfuscated_bin/p03895/s691520706_fla_bcf_instsub.elf,input_output/p03895/input.txt,input_output/p03895/output.txt,llvm-clang-14,O0,True,OLLVM_Heroims_NewPass,"[""BCF"", ""FLA"", ""INSTSUB""]",SUCCESS,46,112,97,5,51,45.535714285714285,long,complex,long_complex,0.5650024003024298,2317,1067,
p03897,s711301159,3035,6501,clean_src/p03897/s711301159.c,obfuscated_bin/p03897/s711301159_fla_bcf_instsub.elf,input_output/p03897/input.txt,input_output/p03897/output.txt,llvm-clang-14,O0,True,OLLVM_Heroims_NewPass,"[""BCF"", ""FLA"", ""INSTSUB""]",SUCCESS,56,187,131,18,75,40.106951871657756,long,complex,long_complex,0.8125900255740848,2521,953,
p03898,s358458552,1280,4222,clean_src/p03898/s358458552.c,obfuscated_bin/p03898/s358458552_fla_bcf_instsub.elf,input_output/p03898/input.txt,input_output/p03898/output.txt,llvm-clang-14,O0,True,OLLVM_Heroims_NewPass,"[""BCF"", ""FLA"", ""INSTSUB""]",SUCCESS,4,155,19,10,15,9.67741935483871,long,simple,long_simple,0.863227183336011,1961,69,
p03899,s150348769,920,2804,clean_src/p03899/s150348769.c,obfuscated_bin/p03899/s150348769_fla_bcf_instsub.elf,input_output/p03899/input.txt,input_output/p03899/output.txt,llvm-clang-14,O0,True,OLLVM_Heroims_NewPass,"[""BCF"", ""FLA"", ""INSTSUB""]",SUCCESS,14,119,25,9,11,9.243697478991598,long,simple,long_simple,0.6091361134874779,1652,65,
p03901,s031826408,411,2209,clean_src/p03901/s031826408.c,obfuscated_bin/p03901/s031826408_fla_bcf_instsub.elf,input_output/p03901/input.txt,input_output/p03901/output.txt,llvm-clang-14,O0,True,OLLVM_Heroims_NewPass,"[""BCF"", ""FLA"", ""INSTSUB""]",SUCCESS,5,94,16,7,11,11.702127659574469,short,simple,short_simple,0.483743424729279,588,102,
p03903,s406928633,1169,3041,clean_src/p03903/s406928633.c,obfuscated_bin/p03903/s406928633_fla_bcf_instsub.elf,input_output/p03903/input.txt,input_output/p03903/output.txt,llvm-clang-14,O0,True,OLLVM_Heroims_NewPass,"[""BCF"", ""FLA"", ""INSTSUB""]",SUCCESS,10,111,32,7,22,19.81981981981982,long,simple,long_simple,0.7296493737572171,1886,485,
p03904,s552294118,626,1642,clean_src/p03904/s552294118.c,obfuscated_bin/p03904/s552294118_fla_bcf_instsub.elf,input_output/p03904/input.txt,input_output/p03904/output.txt,llvm-clang-14,O0,True,OLLVM_Heroims_NewPass,"[""BCF"", ""FLA"", ""INSTSUB""]",SUCCESS,3,64,19,8,16,25.0,short,complex,short_complex,0.9355063282962,1139,665,
p03909,s450191573,545,1940,clean_src/p03909/s450191573.c,obfuscated_bin/p03909/s450191573_fla_bcf_instsub.elf,input_output/p03909/input.txt,input_output/p03909/output.txt,llvm-clang-14,O0,True,OLLVM_Heroims_NewPass,"[""BCF"", ""FLA"", ""INSTSUB""]",SUCCESS,20,84,26,2,6,7.142857142857142,short,simple,short_simple,0.9242613737479938,941,20,
p03910,s645109921,2778,10750,clean_src/p03910/s645109921.c,obfuscated_bin/p03910/s645109921_fla_bcf_instsub.elf,input_output/p03910/input.txt,input_output/p03910/output.txt,llvm-clang-14,O0,True,OLLVM_Heroims_NewPass,"[""BCF"", ""FLA"", ""INSTSUB""]",SUCCESS,46,404,109,8,63,15.594059405940595,long,simple,long_simple,0.964747567111071,2472,265,
p03911,s508974433,1984,10012,clean_src/p03911/s508974433.c,obfuscated_bin/p03911/s508974433_fla_bcf_instsub.elf,input_output/p03911/input.txt,input_output/p03911/output.txt,llvm-clang-14,O0,True,OLLVM_Heroims_NewPass,"[""BCF"", ""FLA"", ""INSTSUB""]",SUCCESS,25,314,71,12,46,14.64968152866242,long,simple,long_simple,0.9231845708582979,2241,212,
p03912,s646541787,377,789,clean_src/p03912/s646541787.c,obfuscated_bin/p03912/s646541787_fla_bcf_instsub.elf,input_output/p03912/input.txt,input_output/p03912/output.txt,llvm-clang-14,O0,True,OLLVM_Heroims_NewPass,"[""BCF"", ""FLA"", ""INSTSUB""]",SUCCESS,1,34,10,10,9,26.47058823529412,short,complex,short_complex,0.6491042102756205,468,738,
p03913,s326987299,1445,7766,clean_src/p03913/s326987299.c,obfuscated_bin/p03913/s326987299_fla_bcf_instsub.elf,input_output/p03913/input.txt,input_output/p03913/output.txt,llvm-clang-14,O0,True,OLLVM_Heroims_NewPass,"[""BCF"", ""FLA"", ""INSTSUB""]",SUCCESS,22,258,53,5,31,12.015503875968992,long,simple,long_simple,0.5323540145769758,2051,121,
p03914,s652250916,261,524,clean_src/p03914/s652250916.c,obfuscated_bin/p03914/s652250916_fla_bcf_instsub.elf,input_output/p03914/input.txt,input_output/p03914/output.txt,llvm-clang-14,O0,True,OLLVM_Heroims_NewPass,"[""BCF"", ""FLA"", ""INSTSUB""]",SUCCESS,1,22,4,4,3,13.636363636363635,short,simple,short_simple,0.9352744557177396,26,166,
p03915,s139461328,3042,7242,clean_src/p03915/s139461328.c,obfuscated_bin/p03915/s139461328_fla_bcf_instsub.elf,input_output/p03915/input.txt,input_output/p03915/output.txt,llvm-clang-14,O0,True,OLLVM_Heroims_NewPass,"[""BCF"", ""FLA"", ""INSTSUB""]",SUCCESS,53,226,119,9,66,29.20353982300885,long,complex,long_complex,0.7963402022007575,2523,734,
p03917,s967068790,1178,3552,clean_src/p03917/s967068790.c,obfuscated_bin/p03917/s967068790_fla_bcf_instsub.elf,input_output/p03917/input.txt,input_output/p03917/output.txt,llvm-clang-14,O0,True,OLLVM_Heroims_NewPass,"[""BCF"", ""FLA"", ""INSTSUB""]",SUCCESS,10,166,40,16,30,18.072289156626507,long,simple,long_simple,0.27700755357240137,1893,429,
p03929,s872059970,1678,7956,clean_src/p03929/s872059970.c,obfuscated_bin/p03929/s872059970_fla_bcf_instsub.elf,input_output/p03929/input.txt,input_output/p03929/output.txt,llvm-clang-14,O0,True,OLLVM_Heroims_NewPass,"[""BCF"", ""FLA"", ""INSTSUB""]",SUCCESS,35,278,77,4,42,15.107913669064748,long,simple,long_simple,0.4569943110967143,2147,239,
p03931,s953046408,2164,4902,clean_src/p03931/s953046408.c,obfuscated_bin/p03931/s953046408_fla_bcf_instsub.elf,input_output/p03931/input.txt,input_output/p03931/output.txt,llvm-clang-14,O0,True,OLLVM_Heroims_NewPass,"[""BCF"", ""FLA"", ""INSTSUB""]",SUCCESS,44,112,91,6,47,41.964285714285715,long,complex,long_complex,0.7448534724755027,2293,994,
p03932,s325361956,969,4352,clean_src/p03932/s325361956.c,obfuscated_bin/p03932/s325361956_fla_bcf_instsub.elf,input_output/p03932/input.txt,input_output/p03932/output.txt,llvm-clang-14,O0,True,OLLVM_Heroims_NewPass,"[""BCF"", ""FLA"", ""INSTSUB""]",SUCCESS,7,168,31,10,24,14.285714285714285,long,simple,long_simple,0.9746748332602563,1707,201,
p03937,s868982405,487,1007,clean_src/p03937/s868982405.c,obfuscated_bin/p03937/s868982405_fla_bcf_instsub.elf,input_output/p03937/input.txt,input_output/p03937/output.txt,llvm-clang-14,O0,True,OLLVM_Heroims_NewPass,"[""BCF"", ""FLA"", ""INSTSUB""]",SUCCESS,1,29,43,43,42,144.82758620689654,short,complex,short_complex,0.9405667369592567,792,1297,
p03940,s188158742,353,937,clean_src/p03940/s188158742.c,obfuscated_bin/p03940/s188158742_fla_bcf_instsub.elf,input_output/p03940/input.txt,input_output/p03940/output.txt,llvm-clang-14,O0,True,OLLVM_Heroims_NewPass,"[""BCF"", ""FLA"", ""INSTSUB""]",SUCCESS,2,35,6,5,4,11.428571428571429,short,simple,short_simple,0.9050680963648925,381,95,
p03943,s791478135,377,1284,clean_src/p03943/s791478135.c,obfuscated_bin/p03943/s791478135_fla_bcf_instsub.elf,input_output/p03943/input.txt,input_output/p03943/output.txt,llvm-clang-14,O0,True,OLLVM_Heroims_NewPass,"[""BCF"", ""FLA"", ""INSTSUB""]",SUCCESS,6,67,19,8,13,19.402985074626866,short,simple,short_simple,0.9188282297346745,469,403,
p03944,s055987432,2546,10653,clean_src/p03944/s055987432.c,obfuscated_bin/p03944/s055987432_fla_bcf_instsub.elf,input_output/p03944/input.txt,input_output/p03944/output.txt,llvm-clang-14,O0,True,OLLVM_Heroims_NewPass,"[""BCF"", ""FLA"", ""INSTSUB""]",SUCCESS,41,383,100,8,59,15.404699738903393,long,simple,long_simple,0.9669239884057077,2409,253,
p03945,s873185231,1140,11394,clean_src/p03945/s873185231.c,obfuscated_bin/p03945/s873185231_fla_bcf_instsub.elf,input_output/p03945/input.txt,input_output/p03945/output.txt,llvm-clang-14,O0,True,OLLVM_Heroims_NewPass,"[""BCF"", ""FLA"", ""INSTSUB""]",SUCCESS,18,171,32,5,14,8.187134502923977,long,simple,long_simple,0.7259259571143135,1867,53,
p03946,s551089062,651,2358,clean_src/p03946/s551089062.c,obfuscated_bin/p03946/s551089062_fla_bcf_instsub.elf,input_output/p03946/input.txt,input_output/p03946/output.txt,llvm-clang-14,O0,True,OLLVM_Heroims_NewPass,"[""BCF"", ""FLA"", ""INSTSUB""]",SUCCESS,6,100,31,12,25,25.0,short,complex,short_complex,0.6098695248755664,1196,672,
p03949,s187816814,920,2329,clean_src/p03949/s187816814.c,obfuscated_bin/p03949/s187816814_fla_bcf_instsub.elf,input_output/p03949/input.txt,input_output/p03949/output.txt,llvm-clang-14,O0,True,OLLVM_Heroims_NewPass,"[""BCF"", ""FLA"", ""INSTSUB""]",SUCCESS,5,105,21,16,16,15.238095238095239,long,simple,long_simple,0.9585649192460987,1653,241,
p03950,s394361180,1996,4481,clean_src/p03950/s394361180.c,obfuscated_bin/p03950/s394361180_fla_bcf_instsub.elf,input_output/p03950/input.txt,input_output/p03950/output.txt,llvm-clang-14,O0,True,OLLVM_Heroims_NewPass,"[""BCF"", ""FLA"", ""INSTSUB""]",SUCCESS,10,166,62,34,52,31.32530120481928,long,complex,long_complex,0.2215402811487559,2246,784,
p03951,s479198310,318,776,clean_src/p03951/s479198310.c,obfuscated_bin/p03951/s479198310_fla_bcf_instsub.elf,input_output/p03951/input.txt,input_output/p03951/output.txt,llvm-clang-14,O0,True,OLLVM_Heroims_NewPass,"[""BCF"", ""FLA"", ""INSTSUB""]",SUCCESS,2,37,14,7,12,32.432432432432435,short,complex,short_complex,0.7418892729111525,260,977,
p03954,s526784190,2505,10485,clean_src/p03954/s526784190.c,obfuscated_bin/p03954/s526784190_fla_bcf_instsub.elf,input_output/p03954/input.txt,input_output/p03954/output.txt,llvm-clang-14,O0,True,OLLVM_Heroims_NewPass,"[""BCF"", ""FLA"", ""INSTSUB""]",SUCCESS,41,375,97,8,56,14.933333333333335,long,simple,long_simple,0.7008765574937135,2386,230,
p03955,s105973332,381,491,clean_src/p03955/s105973332.c,obfuscated_bin/p03955/s105973332_fla_bcf_instsub.elf,input_output/p03955/input.txt,input_output/p03955/output.txt,llvm-clang-14,O0,True,OLLVM_Heroims_NewPass,"[""BCF"", ""FLA"", ""INSTSUB""]",SUCCESS,1,1,18,18,17,1700.0,short,complex,short_complex,0.6669988641877196,488,1301,
p03957,s341414212,2180,8836,clean_src/p03957/s341414212.c,obfuscated_bin/p03957/s341414212_fla_bcf_instsub.elf,input_output/p03957/input.txt,input_output/p03957/output.txt,llvm-clang-14,O0,True,OLLVM_Heroims_NewPass,"[""BCF"", ""FLA"", ""INSTSUB""]",SUCCESS,30,283,82,8,52,18.374558303886925,long,simple,long_simple,0.9934283373574387,2303,442,
p03958,s037538481,373,1079,clean_src/p03958/s037538481.c,obfuscated_bin/p03958/s037538481_fla_bcf_instsub.elf,input_output/p03958/input.txt,input_output/p03958/output.txt,llvm-clang-14,O0,True,OLLVM_Heroims_NewPass,"[""BCF"", ""FLA"", ""INSTSUB""]",SUCCESS,2,52,12,11,10,19.230769230769234,short,simple,short_simple,0.6772157779356242,457,397,
p03959,s084362371,567,2477,clean_src/p03959/s084362371.c,obfuscated_bin/p03959/s084362371_fla_bcf_instsub.elf,input_output/p03959/input.txt,input_output/p03959/output.txt,llvm-clang-14,O0,True,OLLVM_Heroims_NewPass,"[""BCF"", ""FLA"", ""INSTSUB""]",SUCCESS,2,83,26,24,24,28.915662650602407,short,complex,short_complex,0.8963013743875753,996,854,
p03960,s142151997,1681,6597,clean_src/p03960/s142151997.c,obfuscated_bin/p03960/s142151997_fla_bcf_instsub.elf,input_output/p03960/input.txt,input_output/p03960/output.txt,llvm-clang-14,O0,True,OLLVM_Heroims_NewPass,"[""BCF"", ""FLA"", ""INSTSUB""]",SUCCESS,23,289,75,13,52,17.99307958477509,long,simple,long_simple,0.2851559809578337,2148,424,
p03962,s158759844,1833,7516,clean_src/p03962/s158759844.c,obfuscated_bin/p03962/s158759844_fla_bcf_instsub.elf,input_output/p03962/input.txt,input_output/p03962/output.txt,llvm-clang-14,O0,True,OLLVM_Heroims_NewPass,"[""BCF"", ""FLA"", ""INSTSUB""]",SUCCESS,23,239,65,8,42,17.573221757322173,long,simple,long_simple,0.9512476549358533,2198,406,
p03963,s078137134,503,2330,clean_src/p03963/s078137134.c,obfuscated_bin/p03963/s078137134_fla_bcf_instsub.elf,input_output/p03963/input.txt,input_output/p03963/output.txt,llvm-clang-14,O0,True,OLLVM_Heroims_NewPass,"[""BCF"", ""FLA"", ""INSTSUB""]",SUCCESS,20,34,27,2,7,20.588235294117645,short,simple,short_simple,0.7270254282934582,835,468,
p03964,s058726555,2360,10071,clean_src/p03964/s058726555.c,obfuscated_bin/p03964/s058726555_fla_bcf_instsub.elf,input_output/p03964/input.txt,input_output/p03964/output.txt,llvm-clang-14,O0,True,OLLVM_Heroims_NewPass,"[""BCF"", ""FLA"", ""INSTSUB""]",SUCCESS,33,304,83,10,50,16.447368421052634,long,simple,long_simple,0.9941355825158747,2341,337,
p03965,s385087148,749,1888,clean_src/p03965/s385087148.c,obfuscated_bin/p03965/s385087148_fla_bcf_instsub.elf,input_output/p03965/input.txt,input_output/p03965/output.txt,llvm-clang-14,O0,True,OLLVM_Heroims_NewPass,"[""BCF"", ""FLA"", ""INSTSUB""]",SUCCESS,21,42,37,4,16,38.095238095238095,long,complex,long_complex,0.8213169938601169,1389,926,
p03968,s884853942,1065,2735,clean_src/p03968/s884853942.c,obfuscated_bin/p03968/s884853942_fla_bcf_instsub.elf,input_output/p03968/input.txt,input_output/p03968/output.txt,llvm-clang-14,O0,True,OLLVM_Heroims_NewPass,"[""BCF"", ""FLA"", ""INSTSUB""]",SUCCESS,4,103,38,16,34,33.00970873786408,long,complex,long_complex,0.10706188065656375,1792,824,
p03969,s060433091,1228,2723,clean_src/p03969/s060433091.c,obfuscated_bin/p03969/s060433091_fla_bcf_instsub.elf,input_output/p03969/input.txt,input_output/p03969/output.txt,llvm-clang-14,O0,True,OLLVM_Heroims_NewPass,"[""BCF"", ""FLA"", ""INSTSUB""]",SUCCESS,9,115,43,14,34,29.565217391304348,long,complex,long_complex,0.7066462779246483,1922,742,
p03970,s155503671,430,975,clean_src/p03970/s155503671.c,obfuscated_bin/p03970/s155503671_fla_bcf_instsub.elf,input_output/p03970/input.txt,input_output/p03970/output.txt,llvm-clang-14,O0,True,OLLVM_Heroims_NewPass,"[""BCF"", ""FLA"", ""INSTSUB""]",SUCCESS,1,57,17,17,16,28.07017543859649,short,complex,short_complex,0.5043167583818035,636,813,
p03971,s282722527,1308,5712,clean_src/p03971/s282722527.c,obfuscated_bin/p03971/s282722527_fla_bcf_instsub.elf,input_output/p03971/input.txt,input_output/p03971/output.txt,llvm-clang-14,O0,True,OLLVM_Heroims_NewPass,"[""BCF"", ""FLA"", ""INSTSUB""]",SUCCESS,27,225,60,8,33,14.666666666666666,long,simple,long_simple,0.8498397852144688,1981,213,
p03972,s261563080,632,3324,clean_src/p03972/s261563080.c,obfuscated_bin/p03972/s261563080_fla_bcf_instsub.elf,input_output/p03972/input.txt,input_output/p03972/output.txt,llvm-clang-14,O0,True,OLLVM_Heroims_NewPass,"[""BCF"", ""FLA"", ""INSTSUB""]",SUCCESS,5,126,21,7,16,12.698412698412698,short,simple,short_simple,0.8976126111922648,1150,130,
p03973,s080632657,2469,10495,clean_src/p03973/s080632657.c,obfuscated_bin/p03973/s080632657_fla_bcf_instsub.elf,input_output/p03973/input.txt,input_output/p03973/output.txt,llvm-clang-14,O0,True,OLLVM_Heroims_NewPass,"[""BCF"", ""FLA"", ""INSTSUB""]",SUCCESS,41,374,95,8,54,14.43850267379679,long,simple,long_simple,0.7516903340728931,2368,206,
p03974,s473375446,701,1695,clean_src/p03974/s473375446.c,obfuscated_bin/p03974/s473375446_fla_bcf_instsub.elf,input_output/p03974/input.txt,input_output/p03974/output.txt,llvm-clang-14,O0,True,OLLVM_Heroims_NewPass,"[""BCF"", ""FLA"", ""INSTSUB""]",SUCCESS,7,87,21,6,14,16.091954022988507,long,simple,long_simple,0.8538454263054637,1307,311,
p03975,s990511028,1974,4333,clean_src/p03975/s990511028.c,obfuscated_bin/p03975/s990511028_fla_bcf_instsub.elf,input_output/p03975/input.txt,input_output/p03975/output.txt,llvm-clang-14,O0,True,OLLVM_Heroims_NewPass,"[""BCF"", ""FLA"", ""INSTSUB""]",SUCCESS,43,91,87,4,44,48.35164835164835,long,complex,long_complex,0.8294064785074424,2238,1135,
p03976,s891941638,2751,11124,clean_src/p03976/s891941638.c,obfuscated_bin/p03976/s891941638_fla_bcf_instsub.elf,input_output/p03976/input.txt,input_output/p03976/output.txt,llvm-clang-14,O0,True,OLLVM_Heroims_NewPass,"[""BCF"", ""FLA"", ""INSTSUB""]",SUCCESS,44,403,106,8,62,15.384615384615385,long,simple,long_simple,0.5776792356666061,2468,250,
p03981,s311101588,685,1928,clean_src/p03981/s311101588.c,obfuscated_bin/p03981/s311101588_fla_bcf_instsub.elf,input_output/p03981/input.txt,input_output/p03981/output.txt,llvm-clang-14,O0,True,OLLVM_Heroims_NewPass,"[""BCF"", ""FLA"", ""INSTSUB""]",SUCCESS,4,86,19,11,15,17.441860465116278,short,simple,short_simple,0.477301256703058,1272,321,
p03986,s250431412,558,3050,clean_src/p03986/s250431412.c,obfuscated_bin/p03986/s250431412_fla_bcf_instsub.elf,input_output/p03986/input.txt,input_output/p03986/output.txt,llvm-clang-14,O0,True,OLLVM_Heroims_NewPass,"[""BCF"", ""FLA"", ""INSTSUB""]",SUCCESS,6,134,26,7,20,14.925373134328357,short,simple,short_simple,0.8429417959218539,978,201,
p03987,s471517268,936,3819,clean_src/p03987/s471517268.c,obfuscated_bin/p03987/s471517268_fla_bcf_instsub.elf,input_output/p03987/input.txt,input_output/p03987/output.txt,llvm-clang-14,O0,True,OLLVM_Heroims_NewPass,"[""BCF"", ""FLA"", ""INSTSUB""]",SUCCESS,7,115,24,7,17,14.782608695652174,long,simple,long_simple,0.8197094835068974,1671,217,
p03988,s671222043,2261,5006,clean_src/p03988/s671222043.c,obfuscated_bin/p03988/s671222043_fla_bcf_instsub.elf,input_output/p03988/input.txt,input_output/p03988/output.txt,llvm-clang-14,O0,True,OLLVM_Heroims_NewPass,"[""BCF"", ""FLA"", ""INSTSUB""]",SUCCESS,46,112,100,8,54,48.214285714285715,long,complex,long_complex,0.6981251393052809,2319,1131,
p03989,s689064430,1812,7377,clean_src/p03989/s689064430.c,obfuscated_bin/p03989/s689064430_fla_bcf_instsub.elf,input_output/p03989/input.txt,input_output/p03989/output.txt,llvm-clang-14,O0,True,OLLVM_Heroims_NewPass,"[""BCF"", ""FLA"", ""INSTSUB""]",SUCCESS,26,300,77,9,51,17.0,long,simple,long_simple,0.0034512637306466365,2193,375,
p03990,s567772707,2005,6600,clean_src/p03990/s567772707.c,obfuscated_bin/p03990/s567772707_fla_bcf_instsub.elf,input_output/p03990/input.txt,input_output/p03990/output.txt,llvm-clang-14,O0,True,OLLVM_Heroims_NewPass,"[""BCF"", ""FLA"", ""INSTSUB""]",SUCCESS,11,245,43,24,32,13.061224489795919,long,simple,long_simple,0.6142179290013873,2252,156,
p03992,s686387107,1056,3825,clean_src/p03992/s686387107.c,obfuscated_bin/p03992/s686387107_fla_bcf_instsub.elf,input_output/p03992/input.txt,input_output/p03992/output.txt,llvm-clang-14,O0,True,OLLVM_Heroims_NewPass,"[""BCF"", ""FLA"", ""INSTSUB""]",SUCCESS,16,168,40,10,24,14.285714285714285,long,simple,long_simple,0.722126219749475,1787,202,
p03993,s629501302,308,1016,clean_src/p03993/s629501302.c,obfuscated_bin/p03993/s629501302_fla_bcf_instsub.elf,input_output/p03993/input.txt,input_output/p03993/output.txt,llvm-clang-14,O0,True,OLLVM_Heroims_NewPass,"[""BCF"", ""FLA"", ""INSTSUB""]",SUCCESS,5,59,10,3,5,8.47457627118644,short,simple,short_simple,0.8942991042385343,222,36,
p03994,s269008315,418,1090,clean_src/p03994/s269008315.c,obfuscated_bin/p03994/s269008315_fla_bcf_instsub.elf,input_output/p03994/input.txt,input_output/p03994/output.txt,llvm-clang-14,O0,True,OLLVM_Heroims_NewPass,"[""BCF"", ""FLA"", ""INSTSUB""]",SUCCESS,8,35,25,9,17,48.57142857142857,short,complex,short_complex,0.8535471176887369,604,1235,
p03996,s940418693,419,875,clean_src/p03996/s940418693.c,obfuscated_bin/p03996/s940418693_fla_bcf_instsub.elf,input_output/p03996/input.txt,input_output/p03996/output.txt,llvm-clang-14,O0,True,OLLVM_Heroims_NewPass,"[""BCF"", ""FLA"", ""INSTSUB""]",SUCCESS,1,44,14,14,13,29.545454545454547,short,complex,short_complex,0.7858937441819914,606,884,
p03997,s136449086,1778,7359,clean_src/p03997/s136449086.c,obfuscated_bin/p03997/s136449086_fla_bcf_instsub.elf,input_output/p03997/input.txt,input_output/p03997/output.txt,llvm-clang-14,O0,True,OLLVM_Heroims_NewPass,"[""BCF"", ""FLA"", ""INSTSUB""]",SUCCESS,23,231,63,8,40,17.316017316017316,long,simple,long_simple,0.8241450741571791,2183,398,
p03998,s160530783,680,2772,clean_src/p03998/s160530783.c,obfuscated_bin/p03998/s160530783_fla_bcf_instsub.elf,input_output/p03998/input.txt,input_output/p03998/output.txt,llvm-clang-14,O0,True,OLLVM_Heroims_NewPass,"[""BCF"", ""FLA"", ""INSTSUB""]",SUCCESS,20,54,34,9,14,25.925925925925924,short,complex,short_complex,0.9383524191669783,1258,718,
p03999,s715181884,1557,7171,clean_src/p03999/s715181884.c,obfuscated_bin/p03999/s715181884_fla_bcf_instsub.elf,input_output/p03999/input.txt,input_output/p03999/output.txt,llvm-clang-14,O0,True,OLLVM_Heroims_NewPass,"[""BCF"", ""FLA"", ""INSTSUB""]",SUCCESS,33,263,69,5,36,13.688212927756654,long,simple,long_simple,0.9467695368632473,2096,174,
p04000,s236428788,866,1744,clean_src/p04000/s236428788.c,obfuscated_bin/p04000/s236428788_fla_bcf_instsub.elf,input_output/p04000/input.txt,input_output/p04000/output.txt,llvm-clang-14,O0,True,OLLVM_Heroims_NewPass,"[""BCF"", ""FLA"", ""INSTSUB""]",SUCCESS,2,82,39,33,37,45.1219512195122,long,complex,long_complex,0.8369435445935225,1575,1062,
p04003,s839174721,1851,5476,clean_src/p04003/s839174721.c,obfuscated_bin/p04003/s839174721_fla_bcf_instsub.elf,input_output/p04003/input.txt,input_output/p04003/output.txt,llvm-clang-14,O0,True,OLLVM_Heroims_NewPass,"[""BCF"", ""FLA"", ""INSTSUB""]",SUCCESS,19,206,50,15,31,15.048543689320388,long,simple,long_simple,0.8428665057932362,2201,236,
p04004,s168939986,463,1385,clean_src/p04004/s168939986.c,obfuscated_bin/p04004/s168939986_fla_bcf_instsub.elf,input_output/p04004/input.txt,input_output/p04004/output.txt,llvm-clang-14,O0,True,OLLVM_Heroims_NewPass,"[""BCF"", ""FLA"", ""INSTSUB""]",SUCCESS,3,69,13,8,10,14.492753623188406,short,simple,short_simple,0.6603680937253745,730,184,
p04005,s642789710,435,1295,clean_src/p04005/s642789710.c,obfuscated_bin/p04005/s642789710_fla_bcf_instsub.elf,input_output/p04005/input.txt,input_output/p04005/output.txt,llvm-clang-14,O0,True,OLLVM_Heroims_NewPass,"[""BCF"", ""FLA"", ""INSTSUB""]",SUCCESS,5,67,15,7,10,14.925373134328357,short,simple,short_simple,0.8897254536222399,650,200,
p04006,s598233661,523,1189,clean_src/p04006/s598233661.c,obfuscated_bin/p04006/s598233661_fla_bcf_instsub.elf,input_output/p04006/input.txt,input_output/p04006/output.txt,llvm-clang-14,O0,True,OLLVM_Heroims_NewPass,"[""BCF"", ""FLA"", ""INSTSUB""]",SUCCESS,6,62,18,6,12,19.35483870967742,short,simple,short_simple,0.9482800190554859,881,400,
p04008,s794194458,1154,3703,clean_src/p04008/s794194458.c,obfuscated_bin/p04008/s794194458_fla_bcf_instsub.elf,input_output/p04008/input.txt,input_output/p04008/output.txt,llvm-clang-14,O0,True,OLLVM_Heroims_NewPass,"[""BCF"", ""FLA"", ""INSTSUB""]",SUCCESS,5,137,17,6,12,8.75912408759124,long,simple,long_simple,0.8771189940070837,1881,62,
p04009,s554543210,1070,2253,clean_src/p04009/s554543210.c,obfuscated_bin/p04009/s554543210_fla_bcf_instsub.elf,input_output/p04009/input.txt,input_output/p04009/output.txt,llvm-clang-14,O0,True,OLLVM_Heroims_NewPass,"[""BCF"", ""FLA"", ""INSTSUB""]",SUCCESS,1,42,23,23,22,52.38095238095239,long,complex,long_complex,0.6011788439526018,1798,1172,
p04011,s071170407,805,2769,clean_src/p04011/s071170407.c,obfuscated_bin/p04011/s071170407_fla_bcf_instsub.elf,input_output/p04011/input.txt,input_output/p04011/output.txt,llvm-clang-14,O0,True,OLLVM_Heroims_NewPass,"[""BCF"", ""FLA"", ""INSTSUB""]",SUCCESS,13,153,31,4,18,11.76470588235294,long,simple,long_simple,0.8932264982491794,1484,115,
p04012,s735384500,1358,4667,clean_src/p04012/s735384500.c,obfuscated_bin/p04012/s735384500_fla_bcf_instsub.elf,input_output/p04012/input.txt,input_output/p04012/output.txt,llvm-clang-14,O0,True,OLLVM_Heroims_NewPass,"[""BCF"", ""FLA"", ""INSTSUB""]",SUCCESS,24,264,39,2,15,5.681818181818182,long,simple,long_simple,0.9591975002099161,2002,14,
p04013,s188027577,1219,8071,clean_src/p04013/s188027577.c,obfuscated_bin/p04013/s188027577_fla_bcf_instsub.elf,input_output/p04013/input.txt,input_output/p04013/output.txt,llvm-clang-14,O0,True,OLLVM_Heroims_NewPass,"[""BCF"", ""FLA"", ""INSTSUB""]",SUCCESS,10,225,38,16,28,12.444444444444445,long,simple,long_simple,0.7776127792505421,1919,134,
p04014,s439927033,1436,3225,clean_src/p04014/s439927033.c,obfuscated_bin/p04014/s439927033_fla_bcf_instsub.elf,input_output/p04014/input.txt,input_output/p04014/output.txt,llvm-clang-14,O0,True,OLLVM_Heroims_NewPass,"[""BCF"", ""FLA"", ""INSTSUB""]",SUCCESS,30,58,70,11,40,68.96551724137932,long,complex,long_complex,0.9604994499757658,2048,1230,
p04017,s959220791,1769,9316,clean_src/p04017/s959220791.c,obfuscated_bin/p04017/s959220791_fla_bcf_instsub.elf,input_output/p04017/input.txt,input_output/p04017/output.txt,llvm-clang-14,O0,True,OLLVM_Heroims_NewPass,"[""BCF"", ""FLA"", ""INSTSUB""]",SUCCESS,22,310,63,12,41,13.225806451612904,long,simple,long_simple,0.2265965002924052,2178,162,
p04018,s208526378,2941,6535,clean_src/p04018/s208526378.c,obfuscated_bin/p04018/s208526378_fla_bcf_instsub.elf,input_output/p04018/input.txt,input_output/p04018/output.txt,llvm-clang-14,O0,True,OLLVM_Heroims_NewPass,"[""BCF"", ""FLA"", ""INSTSUB""]",SUCCESS,54,176,125,14,71,40.340909090909086,long,complex,long_complex,0.7898495053515214,2508,960,
p04019,s631850302,894,6822,clean_src/p04019/s631850302.c,obfuscated_bin/p04019/s631850302_fla_bcf_instsub.elf,input_output/p04019/input.txt,input_output/p04019/output.txt,llvm-clang-14,O0,True,OLLVM_Heroims_NewPass,"[""BCF"", ""FLA"", ""INSTSUB""]",SUCCESS,13,122,47,22,34,27.86885245901639,long,complex,long_complex,0.8188379702724533,1621,700,
p04020,s607492204,1264,4632,clean_src/p04020/s607492204.c,obfuscated_bin/p04020/s607492204_fla_bcf_instsub.elf,input_output/p04020/input.txt,input_output/p04020/output.txt,llvm-clang-14,O0,True,OLLVM_Heroims_NewPass,"[""BCF"", ""FLA"", ""INSTSUB""]",SUCCESS,27,179,40,4,13,7.262569832402235,long,simple,long_simple,0.6934120871584998,1950,42,
p04021,s103578860,1049,3414,clean_src/p04021/s103578860.c,obfuscated_bin/p04021/s103578860_fla_bcf_instsub.elf,input_output/p04021/input.txt,input_output/p04021/output.txt,llvm-clang-14,O0,True,OLLVM_Heroims_NewPass,"[""BCF"", ""FLA"", ""INSTSUB""]",SUCCESS,12,170,38,11,26,15.294117647058824,long,simple,long_simple,0.8766228927928298,1777,246,
p04022,s661383493,3009,6678,clean_src/p04022/s661383493.c,obfuscated_bin/p04022/s661383493_fla_bcf_instsub.elf,input_output/p04022/input.txt,input_output/p04022/output.txt,llvm-clang-14,O0,True,OLLVM_Heroims_NewPass,"[""BCF"", ""FLA"", ""INSTSUB""]",SUCCESS,48,202,128,29,80,39.603960396039604,long,complex,long_complex,0.6935397648428122,2516,946,
p04024,s323084503,781,2273,clean_src/p04024/s323084503.c,obfuscated_bin/p04024/s323084503_fla_bcf_instsub.elf,input_output/p04024/input.txt,input_output/p04024/output.txt,llvm-clang-14,O0,True,OLLVM_Heroims_NewPass,"[""BCF"", ""FLA"", ""INSTSUB""]",SUCCESS,5,105,37,29,32,30.476190476190478,long,complex,long_complex,0.6720879249977116,1448,769,
p04025,s398257357,820,5151,clean_src/p04025/s398257357.c,obfuscated_bin/p04025/s398257357_fla_bcf_instsub.elf,input_output/p04025/input.txt,input_output/p04025/output.txt,llvm-clang-14,O0,True,OLLVM_Heroims_NewPass,"[""BCF"", ""FLA"", ""INSTSUB""]",SUCCESS,15,103,26,4,11,10.679611650485436,long,simple,long_simple,0.4881548761355107,1509,88,
p04027,s401277988,451,868,clean_src/p04027/s401277988.c,obfuscated_bin/p04027/s401277988_fla_bcf_instsub.elf,input_output/p04027/input.txt,input_output/p04027/output.txt,llvm-clang-14,O0,True,OLLVM_Heroims_NewPass,"[""BCF"", ""FLA"", ""INSTSUB""]",SUCCESS,1,28,11,11,10,35.714285714285715,short,complex,short_complex,0.45302156405083205,693,1080,
p04028,s626776881,442,1320,clean_src/p04028/s626776881.c,obfuscated_bin/p04028/s626776881_fla_bcf_instsub.elf,input_output/p04028/input.txt,input_output/p04028/output.txt,llvm-clang-14,O0,True,OLLVM_Heroims_NewPass,"[""BCF"", ""FLA"", ""INSTSUB""]",SUCCESS,4,48,8,3,4,8.333333333333332,short,simple,short_simple,0.8743846209931994,665,32,
p04029,s220768989,335,1236,clean_src/p04029/s220768989.c,obfuscated_bin/p04029/s220768989_fla_bcf_instsub.elf,input_output/p04029/input.txt,input_output/p04029/output.txt,llvm-clang-14,O0,True,OLLVM_Heroims_NewPass,"[""BCF"", ""FLA"", ""INSTSUB""]",SUCCESS,15,57,19,2,4,7.017543859649122,short,simple,short_simple,0.9485890684969102,325,19,
p04030,s932643734,2379,10333,clean_src/p04030/s932643734.c,obfuscated_bin/p04030/s932643734_fla_bcf_instsub.elf,input_output/p04030/input.txt,input_output/p04030/output.txt,llvm-clang-14,O0,True,OLLVM_Heroims_NewPass,"[""BCF"", ""FLA"", ""INSTSUB""]",SUCCESS,40,364,94,8,54,14.835164835164836,long,simple,long_simple,0.976411359574541,2346,220,
p04033,s509127352,1608,3672,clean_src/p04033/s509127352.c,obfuscated_bin/p04033/s509127352_fla_bcf_instsub.elf,input_output/p04033/input.txt,input_output/p04033/output.txt,llvm-clang-14,O0,True,OLLVM_Heroims_NewPass,"[""BCF"", ""FLA"", ""INSTSUB""]",SUCCESS,40,56,77,4,37,66.07142857142857,long,complex,long_complex,0.7833296324500358,2111,1219,
p04034,s562910177,884,2345,clean_src/p04034/s562910177.c,obfuscated_bin/p04034/s562910177_fla_bcf_instsub.elf,input_output/p04034/input.txt,input_output/p04034/output.txt,llvm-clang-14,O0,True,OLLVM_Heroims_NewPass,"[""BCF"", ""FLA"", ""INSTSUB""]",SUCCESS,21,52,39,4,18,34.61538461538461,long,complex,long_complex,0.9504324152140989,1608,857,
p04035,s283473144,1080,3299,clean_src/p04035/s283473144.c,obfuscated_bin/p04035/s283473144_fla_bcf_instsub.elf,input_output/p04035/input.txt,input_output/p04035/output.txt,llvm-clang-14,O0,True,OLLVM_Heroims_NewPass,"[""BCF"", ""FLA"", ""INSTSUB""]",SUCCESS,19,73,51,10,32,43.83561643835616,long,complex,long_complex,0.927396304589687,1810,1038,
p04037,s022197031,2618,5600,clean_src/p04037/s022197031.c,obfuscated_bin/p04037/s022197031_fla_bcf_instsub.elf,input_output/p04037/input.txt,input_output/p04037/output.txt,llvm-clang-14,O0,True,OLLVM_Heroims_NewPass,"[""BCF"", ""FLA"", ""INSTSUB""]",SUCCESS,52,137,110,7,58,42.33576642335766,long,complex,long_complex,0.2451815689168354,2438,1003,
p04038,s636941537,2900,6892,clean_src/p04038/s636941537.c,obfuscated_bin/p04038/s636941537_fla_bcf_instsub.elf,input_output/p04038/input.txt,input_output/p04038/output.txt,llvm-clang-14,O0,True,OLLVM_Heroims_NewPass,"[""BCF"", ""FLA"", ""INSTSUB""]",SUCCESS,56,173,118,5,62,35.83815028901734,long,complex,long_complex,0.6735312135235488,2504,886,
p04039,s189686083,2778,6952,clean_src/p04039/s189686083.c,obfuscated_bin/p04039/s189686083_fla_bcf_instsub.elf,input_output/p04039/input.txt,input_output/p04039/output.txt,llvm-clang-14,O0,True,OLLVM_Heroims_NewPass,"[""BCF"", ""FLA"", ""INSTSUB""]",SUCCESS,51,89,118,8,67,75.28089887640449,long,complex,long_complex,0.9347940442998166,2473,1255,
p04040,s509245446,4509,14410,clean_src/p04040/s509245446.c,obfuscated_bin/p04040/s509245446_fla_bcf_instsub.elf,input_output/p04040/input.txt,input_output/p04040/output.txt,llvm-clang-14,O0,True,OLLVM_Heroims_NewPass,"[""BCF"", ""FLA"", ""INSTSUB""]",SUCCESS,71,242,190,24,119,49.17355371900827,long,complex,long_complex,0.5909103463913495,2574,1150,
p04041,s677819457,1877,7581,clean_src/p04041/s677819457.c,obfuscated_bin/p04041/s677819457_fla_bcf_instsub.elf,input_output/p04041/input.txt,input_output/p04041/output.txt,llvm-clang-14,O0,True,OLLVM_Heroims_NewPass,"[""BCF"", ""FLA"", ""INSTSUB""]",SUCCESS,23,300,63,9,40,13.333333333333334,long,simple,long_simple,0.972131560483278,2208,168,
p04043,s216881603,1260,2780,clean_src/p04043/s216881603.c,obfuscated_bin/p04043/s216881603_fla_bcf_instsub.elf,input_output/p04043/input.txt,input_output/p04043/output.txt,llvm-clang-14,O0,True,OLLVM_Heroims_NewPass,"[""BCF"", ""FLA"", ""INSTSUB""]",SUCCESS,30,38,69,10,39,102.63157894736842,long,complex,long_complex,0.9107483161189527,1948,1295,
p04044,s564495840,686,1870,clean_src/p04044/s564495840.c,obfuscated_bin/p04044/s564495840_fla_bcf_instsub.elf,input_output/p04044/input.txt,input_output/p04044/output.txt,llvm-clang-14,O0,True,OLLVM_Heroims_NewPass,"[""BCF"", ""FLA"", ""INSTSUB""]",SUCCESS,1,86,19,19,18,20.930232558139537,short,simple,short_simple,0.850504247604227,1275,487,
p04047,s849149755,950,2867,clean_src/p04047/s849149755.c,obfuscated_bin/p04047/s849149755_fla_bcf_instsub.elf,input_output/p04047/input.txt,input_output/p04047/output.txt,llvm-clang-14,O0,True,OLLVM_Heroims_NewPass,"[""BCF"", ""FLA"", ""INSTSUB""]",SUCCESS,19,55,43,4,24,43.63636363636363,long,complex,long_complex,0.8516239046589738,1688,1032,
p04048,s026480056,903,3047,clean_src/p04048/s026480056.c,obfuscated_bin/p04048/s026480056_fla_bcf_instsub.elf,input_output/p04048/input.txt,input_output/p04048/output.txt,llvm-clang-14,O0,True,OLLVM_Heroims_NewPass,"[""BCF"", ""FLA"", ""INSTSUB""]",SUCCESS,3,108,50,40,47,43.51851851851852,long,complex,long_complex,0.7435911452709855,1631,1030,
p04049,s073082358,385,946,clean_src/p04049/s073082358.c,obfuscated_bin/p04049/s073082358_fla_bcf_instsub.elf,input_output/p04049/input.txt,input_output/p04049/output.txt,llvm-clang-14,O0,True,OLLVM_Heroims_NewPass,"[""BCF"", ""FLA"", ""INSTSUB""]",SUCCESS,2,55,12,8,10,18.181818181818183,short,simple,short_simple,0.9085073509027037,498,356,
