problem_id,representative_problem_id,submission_id,token_count,file_size_bytes
p00001,p00001,s637528533,691,2866
p00001,p00001,s021326844,614,1761
p00001,p00001,s232283537,555,2337
p00001,p00001,s695986174,539,1064
p00001,p00001,s092364643,405,1953
p00002,p00002,s312528849,337,807
p00002,p00002,s456363845,331,880
p00002,p00002,s957561982,262,665
p00002,p00002,s611861030,257,537
p00003,p00003,s455061043,474,1033
p00003,p00003,s886858979,428,898
p00003,p00003,s783809535,422,691
p00003,p00003,s522109777,410,928
p00003,p00003,s246661075,395,1981
p00004,p00004,s924317865,636,1262
p00004,p00004,s797994698,560,1498
p00004,p00004,s150834821,551,1047
p00004,p00004,s584934011,540,1053
p00004,p00004,s660849316,537,1033
p00005,p00005,s130508500,386,1042
p00005,p00005,s024244245,351,984
p00005,p00005,s928824268,332,570
p00005,p00005,s148475328,302,625
p00005,p00005,s144446918,302,725
p00006,p00006,s902645997,307,663
p00007,p00007,s989159370,352,1549
p00008,p00008,s178043981,326,865
p00008,p00008,s343320270,286,708
p00008,p00008,s771404612,261,643
p00009,p00009,s308363767,552,2224
p00009,p00009,s020727750,534,1169
p00009,p00009,s593102800,506,1189
p00009,p00009,s301984372,487,1240
p00009,p00009,s825821271,462,1272
p00010,p00010,s791455576,1290,1852
p00010,p00010,s521433370,941,1323
p00010,p00010,s730850928,894,3044
p00010,p00010,s493138618,894,3044
p00010,p00010,s578242708,894,2242
p00011,p00011,s431059580,333,950
p00011,p00011,s765737364,327,787
p00011,p00011,s173137374,318,567
p00011,p00011,s206707889,313,711
p00012,p00012,s211230492,1459,5106
p00012,p00012,s471300936,1126,2473
p00012,p00012,s536324139,1072,4498
p00012,p00012,s988078153,969,1541
p00012,p00012,s841989467,785,1497
p00013,p00013,s809983073,384,1422
p00013,p00013,s723997225,356,1497
p00013,p00013,s139700365,305,1562
p00013,p00013,s651885674,272,1834
p00013,p00013,s699322029,269,1020
p00015,p00015,s964624254,987,3905
p00015,p00015,s344000843,855,2125
p00015,p00015,s956022869,817,2054
p00015,p00015,s264496287,812,2338
p00015,p00015,s205754103,811,2020
p00016,p00016,s150561866,476,1286
p00016,p00016,s276621313,434,1502
p00016,p00016,s594333826,401,3436
p00017,p00017,s343488847,1569,10287
p00017,p00017,s108794177,1079,2370
p00017,p00017,s368736608,777,1862
p00017,p00017,s458760667,752,1579
p00017,p00017,s200924397,711,1954
p00018,p00018,s321801380,381,976
p00018,p00018,s828236673,337,1898
p00018,p00018,s436793592,304,730
p00018,p00018,s920138720,293,1164
p00018,p00018,s646629434,266,1195
p00019,p00019,s218277732,474,1408
p00019,p00019,s713366466,460,1439
p00019,p00019,s575210285,458,1047
p00019,p00019,s775123818,407,948
p00019,p00019,s989286805,406,1183
p00020,p00020,s073988155,440,1473
p00020,p00020,s495651444,283,728
p00021,p00021,s400485372,520,2286
p00021,p00021,s728205977,446,1057
p00021,p00021,s352555327,421,795
p00021,p00021,s841961918,385,1195
p00021,p00021,s110648550,375,1091
p00022,p00022,s784405337,598,1745
p00022,p00022,s121425519,558,1465
p00022,p00022,s647646143,558,1465
p00022,p00022,s698347648,352,796
p00022,p00022,s082890940,345,784
p00023,p00023,s844855015,350,570
p00023,p00023,s839831852,350,540
p00023,p00023,s500411255,347,1055
p00023,p00023,s470057551,331,2032
p00023,p00023,s916452470,305,798
p00025,p00025,s584799524,527,1072
p00025,p00025,s858340992,404,1406
p00025,p00025,s827414762,399,850
p00025,p00025,s530032297,353,585
p00025,p00025,s470613980,341,593
p00026,p00026,s029488385,1306,3797
p00026,p00026,s713592901,1147,2068
p00026,p00026,s747731514,1131,3186
p00026,p00026,s629296213,1085,3004
p00026,p00026,s671313252,968,1724
p00027,p00027,s928759321,1589,5133
p00027,p00027,s979077103,1441,4813
p00027,p00027,s012293959,1426,3768
p00027,p00027,s640534537,899,3001
p00027,p00027,s367314106,853,3034
p00028,p00028,s843829216,431,1043
p00028,p00028,s383545705,426,1374
p00028,p00028,s448287610,372,1677
p00028,p00028,s448022029,367,791
p00028,p00028,s266298309,362,745
p00029,p00029,s160328877,1423,3051
p00029,p00029,s835718985,1197,2768
p00029,p00029,s217436628,1073,2123
p00029,p00029,s860581492,1054,2106
p00029,p00029,s274683091,1054,2106
p00030,p00030,s814142554,1545,3707
p00030,p00030,s669952075,1310,4086
p00030,p00030,s735395313,1310,4086
p00030,p00030,s443115562,1072,2200
p00030,p00030,s572690997,1056,2435
p00031,p00031,s904097388,898,2089
p00031,p00031,s957232067,376,955
p00031,p00031,s203290392,376,987
p00031,p00031,s531265224,333,1200
p00031,p00031,s272071590,331,1382
p00033,p00033,s683314511,599,2493
p00033,p00033,s508326896,575,1364
p00033,p00033,s763935897,492,1307
p00033,p00033,s647817395,486,1044
p00033,p00033,s955131703,453,2911
p00034,p00034,s976675538,575,1451
p00034,p00034,s932856404,470,1981
p00034,p00034,s369348180,291,1256
p00034,p00034,s358382500,280,669
p00034,p00034,s830855649,276,893
p00035,p00035,s591874935,1609,4788
p00035,p00035,s090864733,1007,2729
p00035,p00035,s534314134,898,1962
p00035,p00035,s256672645,811,2415
p00035,p00035,s450300411,811,2414
p00036,p00036,s424881865,2056,3522
p00036,p00036,s944092745,1123,4996
p00036,p00036,s609290143,747,2664
p00036,p00036,s637995610,675,1116
p00036,p00036,s238810058,672,2075
p00037,p00037,s866901903,1117,2658
p00037,p00037,s432188307,1088,2627
p00037,p00037,s206434186,987,2213
p00037,p00037,s562720613,961,3484
p00038,p00038,s475682117,922,5041
p00038,p00038,s147837302,900,2254
p00038,p00038,s840519013,878,2177
p00038,p00038,s850433930,786,1707
p00038,p00038,s752996738,774,1890
p00039,p00039,s635635196,662,2052
p00039,p00039,s196371762,512,849
p00039,p00039,s245746383,504,1460
p00039,p00039,s156360448,479,1918
p00039,p00039,s207177908,393,1074
p00040,p00040,s634263401,1174,4236
p00040,p00040,s976646841,802,1950
p00040,p00040,s742404399,672,2227
p00040,p00040,s182746020,662,1647
p00040,p00040,s238318805,602,1890
p00042,p00042,s820883994,754,1771
p00042,p00042,s614591859,586,1705
p00042,p00042,s899955229,570,1221
p00042,p00042,s874457063,542,1084
p00042,p00042,s139038991,530,1364
p00043,p00043,s121978868,1067,4115
p00043,p00043,s588027939,915,1808
p00043,p00043,s788792009,913,2044
p00043,p00043,s044260908,899,2004
p00044,p00044,s036287486,446,889
p00044,p00044,s238870280,354,953
p00044,p00044,s814312603,334,1203
p00044,p00044,s271199747,314,976
p00047,p00047,s008820953,380,943
p00047,p00047,s259056112,360,919
p00047,p00047,s500238894,347,1084
p00047,p00047,s875089603,323,748
p00048,p00048,s152296679,389,1207
p00048,p00048,s122504936,382,1127
p00048,p00048,s431004876,351,998
p00048,p00048,s455531561,328,953
p00048,p00048,s577436523,303,744
p00049,p00049,s001267633,277,774
p00050,p00050,s586984127,514,1789
p00050,p00050,s602099398,392,1781
p00050,p00050,s841361140,347,957
p00050,p00050,s456092314,322,799
p00050,p00050,s428579599,310,818
p00051,p00051,s984481643,586,1469
p00051,p00051,s592990717,495,1062
p00051,p00051,s256259983,421,1132
p00051,p00051,s916566070,416,821
p00051,p00051,s654273173,402,862
p00052,p00052,s040278992,257,706
p00053,p00053,s597120666,1102,2906
p00053,p00053,s450684682,325,724
p00053,p00053,s698589934,298,942
p00056,p00056,s237479322,512,1698
p00056,p00056,s669076348,464,1716
p00056,p00056,s249695711,448,1236
p00056,p00056,s332968950,371,1034
p00058,p00058,s451829690,404,1187
p00058,p00058,s804080088,404,1187
p00058,p00058,s196585088,360,1147
p00058,p00058,s587276761,360,1145
p00058,p00058,s463848008,342,730
p00059,p00059,s881881046,818,1819
p00059,p00059,s254949588,762,1801
p00059,p00059,s429610687,594,1776
p00059,p00059,s949201500,428,1077
p00059,p00059,s965666677,390,740
p00060,p00060,s294778522,273,713
p00060,p00060,s685139812,271,533
p00061,p00061,s910067156,588,1809
p00061,p00061,s165002507,548,1445
p00061,p00061,s661668495,479,1324
p00061,p00061,s627146937,452,1319
p00061,p00061,s816612644,402,1108
p00062,p00062,s066920403,937,1504
p00062,p00062,s631879115,548,1324
p00062,p00062,s810856102,529,1390
p00062,p00062,s865974563,434,882
p00062,p00062,s294155738,311,636
p00063,p00063,s024095496,317,1314
p00063,p00063,s547408991,308,683
p00064,p00064,s221961325,413,1012
p00064,p00064,s610762259,263,638
p00065,p00065,s635507512,992,2119
p00065,p00065,s680269630,603,2240
p00065,p00065,s464189187,562,1491
p00065,p00065,s666413231,527,1489
p00065,p00065,s074140583,508,1359
p00066,p00066,s912456380,763,1828
p00066,p00066,s596790147,703,1336
p00066,p00066,s727169731,649,1669
p00066,p00066,s618462126,637,969
p00066,p00066,s966110623,632,1551
p00067,p00067,s800330146,687,1499
p00067,p00067,s103612726,650,1707
p00067,p00067,s526042098,650,1664
p00067,p00067,s607314345,565,1185
p00067,p00067,s597075810,534,1538
p00068,p00068,s891234924,1119,3263
p00068,p00068,s544538075,1059,5209
p00068,p00068,s017345147,944,2793
p00068,p00068,s574209951,800,2579
p00068,p00068,s280471130,723,2080
p00069,p00069,s897184188,698,1863
p00069,p00069,s995079066,568,1007
p00069,p00069,s867581379,564,1246
p00069,p00069,s253127644,557,1268
p00070,p00070,s313049512,7094,9886
p00070,p00070,s946173372,1075,3007
p00070,p00070,s664401973,491,981
p00070,p00070,s753004970,490,1031
p00070,p00070,s740299468,486,967
p00071,p00071,s442421698,671,2014
p00071,p00071,s432606850,657,2153
p00071,p00071,s118444218,606,2402
p00071,p00071,s238966184,606,2531
p00071,p00071,s899955766,606,2531
p00072,p00072,s273807530,937,2630
p00072,p00072,s623243456,755,3778
p00072,p00072,s598676162,645,1236
p00072,p00072,s371131570,629,2419
p00072,p00072,s636897136,543,1847
p00074,p00074,s312259271,769,1734
p00074,p00074,s715052644,409,942
p00074,p00074,s909301480,324,833
p00074,p00074,s455477554,322,663
p00074,p00074,s879938756,289,868
p00076,p00076,s782404161,277,792
p00078,p00078,s110225054,507,999
p00078,p00078,s484191228,484,1448
p00078,p00078,s368276664,478,2383
p00078,p00078,s077381374,471,2957
p00078,p00078,s183897063,469,2968
p00079,p00079,s879607193,392,756
p00079,p00079,s102423402,349,578
p00079,p00079,s714549826,346,688
p00079,p00079,s069512152,339,606
p00079,p00079,s111836529,338,788
p00081,p00081,s420155514,410,1088
p00081,p00081,s008387957,330,629
p00081,p00081,s276192403,298,689
p00081,p00081,s946990528,266,587
p00082,p00082,s751405445,656,1766
p00082,p00082,s121602239,625,1340
p00082,p00082,s221474024,572,1207
p00082,p00082,s793501580,519,1784
p00082,p00082,s335261817,491,1561
p00083,p00083,s383441120,654,2253
p00083,p00083,s658284027,551,1453
p00083,p00083,s960497304,526,4601
p00083,p00083,s412248888,522,1809
p00083,p00083,s028338953,468,1207
p00084,p00084,s644539364,440,1295
p00084,p00084,s913937531,351,1254
p00084,p00084,s626602931,285,801
p00084,p00084,s322113492,284,696
p00084,p00084,s896181331,278,924
p00085,p00085,s080629636,539,1879
p00085,p00085,s669734613,272,564
p00085,p00085,s921126418,257,566
p00086,p00086,s694945423,258,654
p00087,p00087,s200375167,539,2658
p00087,p00087,s782945144,530,1679
p00087,p00087,s567537582,513,1327
p00087,p00087,s624343626,423,1335
p00087,p00087,s304186393,420,2912
p00088,p00088,s886412419,2714,5356
p00088,p00088,s092721051,947,3058
p00088,p00088,s790983190,935,1793
p00088,p00088,s899117048,858,3245
p00088,p00088,s726285816,858,2910
p00089,p00089,s065901669,804,1617
p00089,p00089,s206433867,737,2606
p00089,p00089,s466656427,590,4228
p00089,p00089,s518449809,536,1172
p00089,p00089,s679770646,507,4523
p00090,p00090,s333249805,641,4230
p00090,p00090,s079425617,613,2434
p00090,p00090,s779936951,572,1011
p00090,p00090,s128795252,542,977
p00090,p00090,s857669537,515,1760
p00091,p00091,s235008502,1344,2171
p00091,p00091,s779500972,1337,2796
p00091,p00091,s433480171,1334,4588
p00091,p00091,s447884742,1329,2198
p00092,p00092,s182477967,2113,4135
p00092,p00092,s632782636,485,1010
p00092,p00092,s021283471,469,1359
p00092,p00092,s892802247,446,726
p00092,p00092,s834611190,421,767
p00093,p00093,s139138163,277,679
p00093,p00093,s983704241,259,1682
p00095,p00095,s392917255,338,906
p00095,p00095,s082864525,276,600
p00095,p00095,s958207575,267,420
p00095,p00095,s222728461,260,615
p00096,p00096,s443208879,4060,19081
p00097,p00097,s309579140,560,1120
p00097,p00097,s492978249,504,1009
p00097,p00097,s853748874,413,714
p00097,p00097,s461041304,411,712
p00097,p00097,s564460833,409,711
p00098,p00098,s648381614,562,1006
p00098,p00098,s152815302,495,1273
p00098,p00098,s287401602,495,1273
p00098,p00098,s696068828,463,1108
p00098,p00098,s932326920,424,1148
p00099,p00099,s092939679,2381,8935
p00099,p00099,s913936764,1151,3833
p00099,p00099,s421696244,855,2539
p00099,p00099,s118038451,631,1780
p00099,p00099,s242223027,622,1685
p00100,p00100,s475375811,531,3061
p00100,p00100,s120741397,481,1629
p00100,p00100,s748296328,394,1015
p00100,p00100,s986311071,377,1240
p00101,p00101,s853586898,295,847
p00101,p00101,s328339307,275,665
p00102,p00102,s010881584,872,1791
p00102,p00102,s431742059,514,1033
p00102,p00102,s653480879,487,2012
p00102,p00102,s880328411,436,803
p00102,p00102,s940767530,422,684
p00103,p00103,s955807760,473,2298
p00103,p00103,s543785216,422,1517
p00103,p00103,s836656268,359,951
p00103,p00103,s746837443,357,4669
p00103,p00103,s107127005,344,691
p00105,p00105,s511975302,942,2971
p00105,p00105,s512737139,678,1611
p00105,p00105,s334581635,642,1575
p00105,p00105,s609362638,588,1464
p00105,p00105,s751844233,557,1889
p00106,p00106,s428494792,623,904
p00106,p00106,s621846842,445,1433
p00106,p00106,s424119213,355,1096
p00106,p00106,s988965576,350,818
p00106,p00106,s644935279,348,882
p00107,p00107,s897993457,490,1336
p00107,p00107,s096025788,321,714
p00107,p00107,s823905619,316,768
p00107,p00107,s247640001,293,744
p00107,p00107,s605278849,289,2549
p00108,p00108,s676924937,527,1635
p00108,p00108,s613621014,517,1535
p00108,p00108,s215918411,418,1481
p00108,p00108,s515477613,403,1111
p00108,p00108,s005163544,387,1129
p00109,p00109,s661798596,814,2762
p00109,p00109,s591323674,794,2885
p00109,p00109,s096783516,603,1934
p00109,p00109,s886661069,593,1850
p00110,p00110,s689311635,886,2985
p00110,p00110,s545000275,750,1862
p00110,p00110,s154577070,631,2156
p00110,p00110,s256634733,619,1650
p00110,p00110,s505819103,586,1568
p00111,p00111,s236164177,1229,4447
p00111,p00111,s647503456,1053,3637
p00111,p00111,s606436251,1052,3536
p00111,p00111,s502625281,1043,3528
p00111,p00111,s402433051,849,2363
p00112,p00112,s938072748,436,1335
p00112,p00112,s563209881,393,1112
p00112,p00112,s465851469,392,1014
p00112,p00112,s291444790,305,913
p00113,p00113,s201981787,319,1182
p00113,p00113,s022038326,308,832
p00113,p00113,s066494768,290,795
p00113,p00113,s023775227,290,1223
p00113,p00113,s141267996,285,685
p00114,p00114,s857270313,436,851
p00114,p00114,s518102121,352,920
p00114,p00114,s294776349,342,817
p00114,p00114,s225820801,338,974
p00114,p00114,s718422266,327,907
p00115,p00115,s355400328,886,1836
p00115,p00115,s076397453,857,2421
p00115,p00115,s131961146,469,1018
p00116,p00116,s215388555,2152,4426
p00116,p00116,s622093476,661,2310
p00116,p00116,s231865043,612,2114
p00116,p00116,s776987641,595,1872
p00116,p00116,s593726427,593,1862
p00117,p00117,s690544487,914,3563
p00117,p00117,s163982962,687,1314
p00117,p00117,s898380216,675,1301
p00117,p00117,s816805709,607,1636
p00117,p00117,s296537554,574,1404
p00118,p00118,s222595378,1106,3548
p00118,p00118,s998810592,665,1486
p00118,p00118,s996639179,655,1642
p00118,p00118,s294207147,596,1236
p00118,p00118,s452211139,550,1480
p00119,p00119,s291051547,365,1094
p00119,p00119,s186439701,292,781
p00120,p00120,s736900082,744,2175
p00120,p00120,s807805154,575,1383
p00120,p00120,s188628701,568,1374
p00120,p00120,s040910150,505,1363
p00120,p00120,s390103180,502,1464
p00121,p00121,s172186526,878,1386
p00121,p00121,s449855666,828,2149
p00121,p00121,s943967179,815,1192
p00121,p00121,s530080844,815,1191
p00122,p00122,s858468816,583,2486
p00122,p00122,s010545365,552,1538
p00122,p00122,s306044175,550,1524
p00122,p00122,s591162035,501,1291
p00122,p00122,s470090736,493,1213
p00123,p00123,s071285754,651,2648
p00123,p00123,s743102352,505,1757
p00123,p00123,s676350433,448,1380
p00123,p00123,s037940006,362,1011
p00123,p00123,s061492901,330,847
p00124,p00124,s277442663,829,1858
p00124,p00124,s371697075,642,2923
p00124,p00124,s293091550,502,1227
p00124,p00124,s421180998,366,823
p00124,p00124,s541985585,366,613
p00125,p00125,s952179291,1003,1957
p00125,p00125,s961733652,698,2285
p00125,p00125,s895723671,567,1466
p00125,p00125,s992068120,537,867
p00126,p00126,s845497263,948,2397
p00126,p00126,s672348499,775,1884
p00126,p00126,s673920581,773,1089
p00126,p00126,s216487413,766,2100
p00126,p00126,s281025523,748,2058
p00127,p00127,s100684151,1057,5929
p00127,p00127,s037350619,445,1216
p00127,p00127,s935413732,441,1098
p00127,p00127,s325832166,376,1022
p00127,p00127,s814316486,365,899
p00128,p00128,s570235998,500,1566
p00128,p00128,s795067299,430,2026
p00128,p00128,s045356086,414,1131
p00128,p00128,s348367890,375,1096
p00128,p00128,s323416470,360,792
p00129,p00129,s016467139,904,1923
p00129,p00129,s185791597,593,1636
p00129,p00129,s174215963,572,1880
p00129,p00129,s987799952,449,6107
p00129,p00129,s297379305,448,867
p00131,p00131,s213760696,634,1572
p00131,p00131,s731913949,506,1868
p00131,p00131,s976133241,503,1482
p00131,p00131,s600450080,479,924
p00131,p00131,s187537399,478,873
p00132,p00132,s870471296,2526,6082
p00132,p00132,s335226172,2526,4576
p00132,p00132,s367979995,2499,6224
p00132,p00132,s803050218,2485,4653
p00132,p00132,s664627612,2485,4575
p00133,p00133,s399944610,418,1041
p00133,p00133,s347764683,408,991
p00133,p00133,s958849564,398,1002
p00133,p00133,s935084533,341,607
p00133,p00133,s402250654,339,779
p00135,p00135,s849725848,656,2777
p00135,p00135,s559061531,281,1009
p00135,p00135,s479069874,269,520
p00136,p00136,s647331243,451,1113
p00136,p00136,s324546445,451,1113
p00136,p00136,s527788282,400,975
p00136,p00136,s719358751,357,1017
p00137,p00137,s359649794,273,680
p00138,p00138,s869738653,786,1873
p00138,p00138,s952612672,762,1591
p00138,p00138,s391294403,759,1784
p00138,p00138,s669027046,753,1133
p00138,p00138,s907167165,718,2718
p00139,p00139,s635928089,553,2230
p00139,p00139,s430450003,484,1189
p00139,p00139,s592485646,473,2258
p00139,p00139,s549048180,433,1336
p00139,p00139,s455531248,408,1397
p00140,p00140,s186486960,583,956
p00140,p00140,s272592702,477,1499
p00140,p00140,s142665853,470,2005
p00140,p00140,s128656969,420,1056
p00140,p00140,s130521084,395,1127
p00141,p00141,s943940882,1189,2299
p00141,p00141,s919245266,693,1758
p00141,p00141,s406451674,692,1998
p00141,p00141,s153285126,625,1038
p00141,p00141,s005130869,565,1335
p00142,p00142,s634430882,654,1786
p00142,p00142,s752336505,515,1376
p00142,p00142,s945078077,502,1349
p00142,p00142,s823555381,495,1328
p00142,p00142,s562603267,453,1231
p00143,p00143,s617427127,997,2292
p00143,p00143,s309601684,610,1349
p00143,p00143,s573846044,609,1909
p00143,p00143,s120974260,503,1077
p00143,p00143,s566634822,496,1383
p00144,p00144,s193188107,490,975
p00144,p00144,s114310376,487,1175
p00144,p00144,s774764731,487,1347
p00144,p00144,s825184464,487,1221
p00144,p00144,s210259371,487,1221
p00145,p00145,s434533043,412,1302
p00145,p00145,s188707372,358,914
p00145,p00145,s123261199,349,709
p00145,p00145,s443268030,300,585
p00145,p00145,s716693115,290,653
p00146,p00146,s177053550,622,1664
p00146,p00146,s175659993,620,1650
p00146,p00146,s236905606,619,1120
p00146,p00146,s528557985,611,1667
p00146,p00146,s837369903,609,1353
p00147,p00147,s977804032,535,1589
p00147,p00147,s146906464,419,1151
p00147,p00147,s721124327,407,1201
p00147,p00147,s311415438,395,903
p00147,p00147,s277270182,372,712
p00149,p00149,s599714365,361,982
p00149,p00149,s913112484,318,925
p00149,p00149,s568845307,309,678
p00149,p00149,s020655025,304,819
p00149,p00149,s863740743,288,737
p00150,p00150,s076940374,340,919
p00150,p00150,s257989731,303,971
p00150,p00150,s698551814,289,858
p00150,p00150,s577977873,279,721
p00150,p00150,s979234956,273,572
p00151,p00151,s090175496,1004,3676
p00151,p00151,s789029029,997,3637
p00151,p00151,s515879317,710,1634
p00151,p00151,s238917974,641,1537
p00151,p00151,s150838119,618,1943
p00152,p00152,s769753003,674,1934
p00152,p00152,s079225112,601,1301
p00152,p00152,s840548006,588,1364
p00152,p00152,s057538255,587,1305
p00152,p00152,s249049366,547,1638
p00153,p00153,s290205827,914,3339
p00153,p00153,s783326900,910,2077
p00153,p00153,s532833067,886,2026
p00153,p00153,s036147723,878,2065
p00153,p00153,s313175792,735,1651
p00154,p00154,s655133986,309,824
p00154,p00154,s308071867,309,825
p00155,p00155,s727747597,1419,5304
p00155,p00155,s015962530,1087,6867
p00155,p00155,s756360702,1087,6867
p00155,p00155,s987846679,700,1459
p00155,p00155,s030179646,700,1458
p00156,p00156,s635482760,1819,4551
p00156,p00156,s735309060,766,2338
p00156,p00156,s090798871,766,2339
p00156,p00156,s956153303,695,1388
p00156,p00156,s377349703,612,1148
p00157,p00157,s155896216,687,1651
p00157,p00157,s076925094,682,1953
p00157,p00157,s550405509,677,1930
p00157,p00157,s430907372,644,1969
p00157,p00157,s763310428,604,1505
p00159,p00159,s452596669,305,869
p00159,p00159,s480511135,271,865
p00159,p00159,s710009211,266,779
p00160,p00160,s483649382,555,1872
p00160,p00160,s646389988,340,639
p00160,p00160,s969899094,339,666
p00160,p00160,s583740589,336,1787
p00160,p00160,s263081789,315,837
p00161,p00161,s860374607,473,1370
p00161,p00161,s244145212,470,870
p00161,p00161,s747360464,468,799
p00161,p00161,s270690835,468,799
p00161,p00161,s490040394,467,793
p00162,p00162,s978592491,280,810
p00162,p00162,s421434632,280,881
p00162,p00162,s461288878,275,621
p00163,p00163,s588947596,962,2399
p00163,p00163,s678583294,640,1163
p00163,p00163,s902556078,634,1074
p00163,p00163,s714317103,482,1428
p00163,p00163,s257430211,479,1281
p00165,p00165,s349071472,462,1442
p00165,p00165,s571769376,344,941
p00165,p00165,s722254321,282,816
p00165,p00165,s661905166,281,842
p00166,p00166,s728562969,323,1105
p00167,p00167,s023167194,382,1253
p00167,p00167,s821628192,379,932
p00168,p00168,s119512947,994,2614
p00168,p00168,s921609570,422,1056
p00170,p00170,s705711599,627,1998
p00170,p00170,s582978733,548,1078
p00170,p00170,s194097771,427,850
p00170,p00170,s523345177,427,850
p00170,p00170,s945171569,386,1470
p00171,p00171,s837373640,1284,2401
p00171,p00171,s711337802,1272,3315
p00171,p00171,s080186915,1272,2517
p00171,p00171,s423992007,1245,2179
p00171,p00171,s509128638,1237,2149
p00172,p00172,s356148817,1870,7066
p00172,p00172,s072455748,942,2165
p00172,p00172,s748210268,942,2055
p00172,p00172,s079010412,931,2508
p00172,p00172,s978400172,931,2472
p00173,p00173,s592521089,721,1795
p00173,p00173,s799547761,383,1033
p00174,p00174,s094920254,313,684
p00174,p00174,s799041622,285,702
p00175,p00175,s763897135,310,1021
p00176,p00176,s155750320,817,2241
p00176,p00176,s680844859,792,2343
p00176,p00176,s784848908,678,1611
p00176,p00176,s646570208,594,1108
p00176,p00176,s079349209,550,1382
p00177,p00177,s656425202,289,879
p00177,p00177,s213221663,257,751
p00178,p00178,s505746898,631,1405
p00178,p00178,s826762614,590,1413
p00178,p00178,s964905251,581,2820
p00178,p00178,s752100139,565,1166
p00178,p00178,s447075771,555,1127
p00179,p00179,s984589084,1089,1668
p00179,p00179,s497222415,998,3167
p00179,p00179,s132107968,768,1937
p00179,p00179,s820840388,709,1818
p00180,p00180,s259084242,771,2021
p00180,p00180,s384032291,615,1771
p00180,p00180,s977023044,431,829
p00180,p00180,s964210275,425,869
p00180,p00180,s536837035,392,1183
p00181,p00181,s939362993,393,856
p00181,p00181,s143213968,336,1020
p00181,p00181,s635216777,311,811
p00181,p00181,s020606533,303,1013
p00182,p00182,s272499065,479,1309
p00182,p00182,s137376889,479,1051
p00182,p00182,s995805311,464,1078
p00182,p00182,s121159269,453,1034
p00182,p00182,s175978404,452,1012
p00183,p00183,s868256135,769,1819
p00183,p00183,s767609841,723,1748
p00183,p00183,s877029336,607,907
p00183,p00183,s078867204,557,1097
p00184,p00184,s047143573,352,998
p00184,p00184,s406112020,317,892
p00184,p00184,s882284927,312,920
p00184,p00184,s355423838,308,873
p00184,p00184,s639678982,295,697
p00185,p00185,s751503559,300,1221
p00185,p00185,s074549539,274,830
p00186,p00186,s226979652,369,2369
p00186,p00186,s702961250,361,1126
p00186,p00186,s633470670,295,854
p00186,p00186,s236485058,288,920
p00186,p00186,s887729583,286,765
p00187,p00187,s092944415,1255,2802
p00187,p00187,s241378502,1211,2797
p00187,p00187,s445066623,615,1262
p00187,p00187,s333255083,592,1282
p00187,p00187,s353931614,586,1139
p00189,p00189,s485779555,599,1882
p00189,p00189,s724049372,558,1702
p00189,p00189,s351882804,554,1731
p00189,p00189,s798807796,495,936
p00189,p00189,s941081003,471,871
p00190,p00190,s964695910,1192,2300
p00190,p00190,s131550664,1132,2242
p00190,p00190,s761197141,1132,2526
p00190,p00190,s247348264,1132,2528
p00190,p00190,s363833635,1132,2527
p00191,p00191,s961207333,410,779
p00191,p00191,s880713388,371,904
p00191,p00191,s035640484,357,1287
p00191,p00191,s371364955,339,676
p00191,p00191,s137938123,335,953
p00192,p00192,s535301349,894,2582
p00192,p00192,s398985917,794,2038
p00192,p00192,s594228704,793,2040
p00192,p00192,s922830728,504,2029
p00192,p00192,s949302951,497,1375
p00193,p00193,s471389141,923,1932
p00193,p00193,s321906950,834,2918
p00193,p00193,s479885659,751,1519
p00193,p00193,s288739136,751,1359
p00193,p00193,s491986026,734,2198
p00194,p00194,s427903517,1206,3882
p00194,p00194,s450626316,1060,2536
p00194,p00194,s934953910,1030,2487
p00194,p00194,s405545824,982,2481
p00194,p00194,s413843004,982,1886
p00195,p00195,s092244741,334,633
p00195,p00195,s826650025,314,608
p00195,p00195,s577474500,273,808
p00195,p00195,s033353208,259,704
p00195,p00195,s431638713,257,571
p00196,p00196,s212455570,486,1075
p00196,p00196,s581695011,463,1197
p00196,p00196,s009699681,432,1161
p00196,p00196,s488174025,381,841
p00196,p00196,s693063869,367,926
p00198,p00198,s351829692,1034,2606
p00198,p00198,s555941748,742,1394
p00198,p00198,s762215733,688,1214
p00198,p00198,s413810658,574,1261
p00198,p00198,s626757123,473,869
p00199,p00199,s375850968,734,1808
p00199,p00199,s284779305,673,1985
p00199,p00199,s877547423,665,1932
p00199,p00199,s752612240,557,1273
p00199,p00199,s735686745,516,1389
p00200,p00200,s958104051,809,3167
p00200,p00200,s234954385,640,1470
p00200,p00200,s045660277,610,4966
p00200,p00200,s094551085,604,1289
p00200,p00200,s368309337,572,2533
p00201,p00201,s906955638,928,2311
p00201,p00201,s361000014,708,2045
p00201,p00201,s006626719,705,1823
p00201,p00201,s876279045,519,1518
p00201,p00201,s883862104,506,1639
p00202,p00202,s810512761,459,3159
p00202,p00202,s371841450,361,807
p00202,p00202,s073537945,346,1159
p00202,p00202,s819365197,337,1130
p00202,p00202,s531390838,325,1047
p00203,p00203,s149402218,743,1896
p00203,p00203,s528943562,728,1652
p00203,p00203,s680384388,541,2454
p00203,p00203,s178343318,473,1066
p00203,p00203,s885308827,470,848
p00204,p00204,s156760799,695,1786
p00204,p00204,s978297714,458,849
p00205,p00205,s202037324,492,1438
p00205,p00205,s058578783,473,1312
p00205,p00205,s389528508,459,995
p00205,p00205,s280254112,444,1025
p00206,p00206,s593869859,269,1117
p00207,p00207,s580399766,870,2488
p00207,p00207,s153553879,789,1866
p00207,p00207,s552172195,696,2011
p00207,p00207,s268365950,634,1309
p00208,p00208,s071054514,320,672
p00208,p00208,s024395153,287,742
p00208,p00208,s880647168,278,953
p00209,p00209,s755208042,739,2019
p00209,p00209,s654551240,706,1547
p00209,p00209,s892399640,697,1221
p00209,p00209,s309936322,611,1564
p00209,p00209,s311319491,575,1025
p00210,p00210,s152046467,1287,3092
p00210,p00210,s436558351,1126,4666
p00210,p00210,s512074497,896,2011
p00210,p00210,s811794798,752,1395
p00210,p00210,s743696430,431,1138
p00211,p00211,s885361226,2342,7115
p00211,p00211,s443638954,413,1234
p00211,p00211,s393026732,405,927
p00211,p00211,s055152594,365,873
p00211,p00211,s818226473,320,605
p00212,p00212,s442622258,904,3928
p00212,p00212,s286523912,904,3928
p00212,p00212,s632690731,850,2231
p00212,p00212,s860341108,775,2039
p00212,p00212,s445850211,617,1463
p00213,p00213,s544926995,1055,2466
p00213,p00213,s528467147,771,2492
p00214,p00214,s716360118,1465,3339
p00214,p00214,s509766898,967,2289
p00214,p00214,s515279746,749,2342
p00214,p00214,s635284888,744,944
p00215,p00215,s835699526,1142,2827
p00215,p00215,s093115270,1079,2723
p00215,p00215,s775226416,731,1372
p00215,p00215,s855714207,596,1088
p00215,p00215,s317069460,553,1143
p00216,p00216,s347366025,282,886
p00218,p00218,s003986748,402,1596
p00218,p00218,s336052888,377,1435
p00218,p00218,s747277533,338,733
p00218,p00218,s153306650,334,795
p00218,p00218,s264004036,323,765
p00219,p00219,s456152775,656,1638
p00219,p00219,s357608718,622,1599
p00219,p00219,s772861353,591,2295
p00219,p00219,s019367394,272,735
p00219,p00219,s499223957,266,959
p00220,p00220,s074428543,473,1004
p00220,p00220,s253618416,447,1193
p00220,p00220,s988207197,387,997
p00220,p00220,s375199323,361,1066
p00220,p00220,s530062994,310,784
p00221,p00221,s894205219,543,1873
p00221,p00221,s613759856,499,1187
p00221,p00221,s230644752,476,1426
p00221,p00221,s148893716,436,1401
p00221,p00221,s394668843,424,1908
p00222,p00222,s701795888,2022,4360
p00222,p00222,s843516126,439,1560
p00222,p00222,s513179329,399,1024
p00223,p00223,s454965954,1031,3219
p00223,p00223,s388155009,755,1758
p00223,p00223,s703313098,733,2221
p00223,p00223,s954247612,712,2451
p00223,p00223,s273329700,681,2341
p00224,p00224,s761325339,749,1736
p00224,p00224,s481710719,749,1788
p00224,p00224,s311989533,690,933
p00224,p00224,s540743956,638,1446
p00225,p00225,s166576559,520,1563
p00225,p00225,s564988663,484,2873
p00225,p00225,s513592981,462,1194
p00225,p00225,s490121059,434,1563
p00225,p00225,s756357464,365,676
p00226,p00226,s890944762,272,896
p00226,p00226,s796954101,259,800
p00226,p00226,s708315076,259,466
p00227,p00227,s464911929,324,881
p00227,p00227,s534870062,271,661
p00227,p00227,s290410043,260,691
p00228,p00228,s027727208,3064,6224
p00228,p00228,s070277512,366,721
p00228,p00228,s302971963,352,770
p00228,p00228,s792237317,344,723
p00228,p00228,s900534942,341,746
p00230,p00230,s380322669,790,1966
p00230,p00230,s002970081,767,2959
p00230,p00230,s048209620,523,1225
p00230,p00230,s010957343,507,1182
p00230,p00230,s891230919,472,1002
p00231,p00231,s811909424,941,3159
p00231,p00231,s442939450,402,1104
p00231,p00231,s317166025,352,744
p00231,p00231,s964422089,330,1442
p00231,p00231,s686830440,321,636
p00232,p00232,s880769791,488,1473
p00232,p00232,s657303511,462,678
p00232,p00232,s632352414,432,1022
p00232,p00232,s704991565,375,772
p00233,p00233,s713471556,313,1174
p00234,p00234,s802623999,986,2444
p00234,p00234,s568827194,978,2442
p00234,p00234,s936947406,957,1804
p00234,p00234,s610766911,938,2593
p00234,p00234,s320134010,929,2300
p00235,p00235,s478751282,490,1116
p00235,p00235,s872363622,477,827
p00235,p00235,s768196852,476,1084
p00235,p00235,s386143667,422,964
p00235,p00235,s058372694,408,967
p00236,p00236,s430002473,1683,7484
p00236,p00236,s048628824,1334,3946
p00236,p00236,s787530905,709,1537
p00237,p00237,s027640961,1730,3873
p00238,p00238,s424404775,392,1319
p00238,p00238,s082685241,323,1137
p00239,p00239,s710075625,457,1031
p00239,p00239,s384691551,416,1259
p00239,p00239,s457042685,373,727
p00239,p00239,s830647080,368,1271
p00239,p00239,s125612935,349,1062
p00240,p00240,s688489882,362,796
p00240,p00240,s714924268,361,1240
p00240,p00240,s012203872,305,656
p00240,p00240,s346443319,261,726
p00241,p00241,s241954296,419,1046
p00241,p00241,s277148901,358,526
p00241,p00241,s029649395,340,608
p00241,p00241,s420228858,340,608
p00241,p00241,s770396550,329,550
p00242,p00242,s997632999,1071,4913
p00242,p00242,s716804833,755,1974
p00242,p00242,s162821518,615,1829
p00242,p00242,s489763743,506,1857
p00242,p00242,s137297198,482,1640
p00243,p00243,s469076758,736,2008
p00243,p00243,s234050520,688,1906
p00243,p00243,s629285613,618,1475
p00243,p00243,s042366010,613,1659
p00243,p00243,s795377680,609,1645
p00244,p00244,s473389136,849,2232
p00244,p00244,s731023088,505,1236
p00244,p00244,s764629750,502,1057
p00244,p00244,s407070546,469,895
p00244,p00244,s586741248,446,886
p00245,p00245,s626181358,977,2138
p00245,p00245,s387508473,881,1971
p00245,p00245,s624139296,881,1971
p00245,p00245,s150094865,866,1965
p00245,p00245,s229988495,854,1935
p00246,p00246,s060165446,1417,2357
p00246,p00246,s987111358,1050,1672
p00247,p00247,s691017912,1926,4748
p00247,p00247,s675532988,1911,4677
p00247,p00247,s378230897,1865,4667
p00248,p00248,s408076091,437,985
p00248,p00248,s464922021,420,1083
p00248,p00248,s796610809,400,1064
p00248,p00248,s773670897,391,1120
p00248,p00248,s802622492,389,1027
p00250,p00250,s165493524,449,1073
p00250,p00250,s644226812,379,980
p00250,p00250,s946439053,373,960
p00250,p00250,s891751430,293,965
p00250,p00250,s677553012,288,743
p00253,p00253,s290484179,424,1315
p00253,p00253,s457813581,408,964
p00253,p00253,s922681347,360,884
p00254,p00254,s439829247,655,2431
p00254,p00254,s089632041,639,2024
p00254,p00254,s503419895,600,1759
p00254,p00254,s260934166,567,1859
p00254,p00254,s977291447,537,981
p00255,p00255,s998079812,426,1923
p00255,p00255,s783127164,380,1064
p00255,p00255,s810782062,336,1301
p00255,p00255,s465913387,331,1709
p00255,p00255,s529507320,291,812
p00256,p00256,s600726457,929,2996
p00256,p00256,s810574963,671,1703
p00256,p00256,s376857486,601,1657
p00257,p00257,s401187501,562,1312
p00257,p00257,s589361079,387,1029
p00257,p00257,s860045387,301,704
p00258,p00258,s706272460,525,1049
p00258,p00258,s382840684,496,936
p00258,p00258,s394514126,465,1042
p00258,p00258,s175903758,455,1497
p00258,p00258,s000537504,432,1414
p00259,p00259,s114231266,1050,3849
p00259,p00259,s745947488,725,1845
p00259,p00259,s265100665,649,2329
p00260,p00260,s706670437,1943,4606
p00261,p00261,s985433781,469,1044
p00261,p00261,s883661090,324,1479
p00261,p00261,s915811932,312,1079
p00261,p00261,s447555983,303,1404
p00261,p00261,s864759825,283,687
p00262,p00262,s883985252,400,1079
p00262,p00262,s725795659,340,928
p00262,p00262,s653856406,336,1419
p00262,p00262,s290956501,336,1421
p00263,p00263,s234861403,602,1245
p00263,p00263,s219802676,399,1144
p00263,p00263,s975928778,370,1054
p00263,p00263,s667825734,314,867
p00263,p00263,s761533020,289,767
p00264,p00264,s268370488,742,1771
p00264,p00264,s993736585,728,1759
p00265,p00265,s381939351,381,969
p00265,p00265,s076060599,316,1055
p00265,p00265,s613184321,279,748
p00266,p00266,s012240034,428,1189
p00266,p00266,s484545471,344,881
p00266,p00266,s123968899,325,867
p00267,p00267,s108402056,379,989
p00267,p00267,s454979508,356,948
p00267,p00267,s143612837,352,941
p00267,p00267,s622186152,304,845
p00267,p00267,s741530461,301,855
p00269,p00269,s182817576,1599,3872
p00269,p00269,s259774055,1589,3854
p00269,p00269,s140570323,1586,3830
p00270,p00270,s564167440,1372,3246
p00270,p00270,s870165131,1363,3223
p00270,p00270,s453791997,1334,3142
p00270,p00270,s781300189,1331,3190
p00270,p00270,s451145618,1317,3168
p00272,p00272,s737032661,356,1052
p00272,p00272,s680516273,322,944
p00272,p00272,s246715601,296,691
p00272,p00272,s958629521,296,691
p00273,p00273,s930406220,653,1112
p00273,p00273,s376849274,615,1270
p00273,p00273,s867013108,519,3718
p00273,p00273,s739362756,457,1050
p00273,p00273,s190229560,442,689
p00274,p00274,s835061735,284,983
p00275,p00275,s441079420,383,852
p00275,p00275,s572553768,367,911
p00275,p00275,s555942753,348,829
p00275,p00275,s535846988,345,1143
p00276,p00276,s083806698,296,1607
p00276,p00276,s722200796,289,964
p00276,p00276,s756304929,269,585
p00277,p00277,s283633796,2477,9144
p00277,p00277,s324136080,896,2576
p00277,p00277,s964750407,777,1950
p00277,p00277,s048326247,740,1882
p00277,p00277,s890203970,667,1756
p00278,p00278,s294903375,661,1799
p00278,p00278,s587212462,654,2739
p00278,p00278,s734774028,622,1719
p00278,p00278,s542176362,616,1720
p00279,p00279,s981814938,1024,2209
p00280,p00280,s443291048,361,1009
p00280,p00280,s340950052,330,682
p00280,p00280,s725889212,327,663
p00280,p00280,s059563388,313,1288
p00281,p00281,s721604568,513,1309
p00281,p00281,s952476244,513,1306
p00281,p00281,s374454704,510,1303
p00281,p00281,s901417316,502,1293
p00281,p00281,s494454536,480,1271
p00282,p00282,s731742994,844,2004
p00282,p00282,s386468927,564,1275
p00282,p00282,s105548126,256,842
p00283,p00283,s873704215,553,1187
p00283,p00283,s415892357,388,945
p00283,p00283,s668628005,353,877
p00283,p00283,s707580463,350,872
p00283,p00283,s081131268,341,809
p00284,p00284,s118760076,300,773
p00284,p00284,s850612658,284,941
p00285,p00285,s039207480,443,992
p00285,p00285,s682252596,351,730
p00286,p00286,s834825741,827,1961
p00286,p00286,s174532225,702,1648
p00287,p00287,s493179389,1933,4470
p00287,p00287,s087188774,1907,4406
p00288,p00288,s017316805,1562,4016
p00288,p00288,s927961714,1485,3909
p00288,p00288,s012658010,1475,3847
p00289,p00289,s755655002,1083,2561
p00289,p00289,s159680113,1078,2575
p00289,p00289,s812606899,1017,2476
p00289,p00289,s881648920,983,2410
p00293,p00293,s918549404,554,2014
p00293,p00293,s930985124,514,934
p00293,p00293,s971996239,434,772
p00293,p00293,s193903805,404,856
p00293,p00293,s153561591,403,983
p00294,p00294,s153682053,467,1218
p00294,p00294,s401887235,400,948
p00294,p00294,s556214389,324,577
p00294,p00294,s936119904,320,760
p00295,p00295,s274331172,956,2577
p00295,p00295,s596278362,658,1316
p00295,p00295,s493224295,574,1178
p00295,p00295,s049273868,574,1181
p00295,p00295,s240683071,547,2197
p00296,p00296,s085043997,734,1711
p00296,p00296,s126569040,420,1398
p00296,p00296,s571159386,414,1003
p00296,p00296,s072323606,398,1027
p00296,p00296,s178940147,373,984
p00297,p00297,s918039265,861,2151
p00297,p00297,s171782630,778,1928
p00298,p00298,s434605871,498,1061
p00298,p00298,s109541423,405,672
p00300,p00300,s438102053,320,902
p00300,p00300,s402843998,294,914
p00300,p00300,s539310321,292,748
p00300,p00300,s003182555,282,807
p00301,p00301,s195718493,293,839
p00302,p00302,s799365021,265,637
p00303,p00303,s902213044,327,973
p00303,p00303,s334442718,307,883
p00304,p00304,s247863502,448,1269
p00304,p00304,s851660239,428,1208
p00304,p00304,s982975147,419,1049
p00304,p00304,s130443014,391,956
p00305,p00305,s970587215,538,1127
p00307,p00307,s389981184,591,1388
p00307,p00307,s684519960,578,1355
p00307,p00307,s483100745,559,1310
p00311,p00311,s491565889,279,916
p00311,p00311,s552103765,275,641
p00313,p00313,s852342213,305,3027
p00313,p00313,s529555775,298,516
p00313,p00313,s006070205,294,501
p00313,p00313,s514257424,273,466
p00313,p00313,s855502352,269,516
p00315,p00315,s809527717,595,1105
p00315,p00315,s977609136,594,5579
p00315,p00315,s734082848,578,1445
p00315,p00315,s790090436,447,1034
p00315,p00315,s893995275,420,1029
p00316,p00316,s986033280,555,2428
p00316,p00316,s584832548,518,1405
p00316,p00316,s357400032,430,1180
p00317,p00317,s324459900,784,2117
p00317,p00317,s993421512,679,2699
p00320,p00320,s915457866,580,1437
p00320,p00320,s773884591,380,833
p00320,p00320,s771045106,349,1162
p00320,p00320,s526765658,334,717
p00320,p00320,s961466106,276,669
p00321,p00321,s944141371,993,2298
p00321,p00321,s468129834,830,2574
p00321,p00321,s982269965,653,1693
p00322,p00322,s827846966,414,1223
p00322,p00322,s533211705,314,745
p00322,p00322,s594741460,286,918
p00324,p00324,s765944771,334,1185
p00325,p00325,s019699119,979,2585
p00325,p00325,s150771614,886,2357
p00325,p00325,s512637648,886,2359
p00326,p00326,s278885582,1777,3804
p00326,p00326,s002967701,1763,3835
p00326,p00326,s777566600,1688,3701
p00327,p00327,s356526576,364,723
p00329,p00329,s126912713,558,1611
p00330,p00330,s593837769,301,1054
p00331,p00331,s323514476,346,1138
p00331,p00331,s113924825,275,779
p00332,p00332,s219463671,374,1085
p00332,p00332,s339926191,278,964
p00333,p00333,s675028832,324,891
p00334,p00334,s732913015,620,1019
p00334,p00334,s790975362,452,1152
p00334,p00334,s241843115,390,927
p00334,p00334,s300832104,368,1016
p00334,p00334,s288162738,364,733
p00335,p00335,s005302854,2302,4939
p00335,p00335,s626254359,413,3777
p00335,p00335,s252266680,263,1203
p00338,p00338,s623665827,1128,4289
p00343,p00343,s356324904,451,1268
p00343,p00343,s957332654,365,945
p00344,p00344,s786480048,295,1012
p00344,p00344,s466793343,258,678
p00345,p00345,s895199143,339,1159
p00345,p00345,s832769266,288,813
p00345,p00345,s360048945,273,787
p00346,p00346,s978758991,1153,2850
p00346,p00346,s416964330,1144,2823
p00347,p00347,s942627181,408,1042
p00347,p00347,s442150064,328,759
p00352,p00352,s039385140,339,1281
p00353,p00353,s261462768,372,1349
p00354,p00354,s135430978,356,1331
p00355,p00355,s497485517,437,1453
p00356,p00356,s589702978,382,1354
p00356,p00356,s451945182,382,1354
p00357,p00357,s431182744,309,708
p00357,p00357,s049920122,309,660
p00357,p00357,s541357259,263,657
p00357,p00357,s518963169,262,893
p00358,p00358,s613861063,686,1871
p00358,p00358,s957530684,404,916
p00360,p00360,s006666623,353,903
p00361,p00361,s791095192,849,2894
p00363,p00363,s414227134,396,1350
p00363,p00363,s542185265,265,614
p00363,p00363,s300800015,260,785
p00364,p00364,s863768787,297,1040
p00365,p00365,s007451502,425,1172
p00365,p00365,s932501486,392,1082
p00366,p00366,s293618306,530,1641
p00366,p00366,s360094516,428,1276
p00366,p00366,s747029819,288,732
p00367,p00367,s327268392,863,2069
p00367,p00367,s550255168,857,2043
p00367,p00367,s134788170,772,1954
p00367,p00367,s620121607,763,1879
p00367,p00367,s443417920,696,1928
p00368,p00368,s213628550,371,851
p00369,p00369,s249867047,542,1400
p00369,p00369,s874908913,513,1902
p00380,p00380,s640626283,629,1641
p00380,p00380,s582167258,566,2633
p00380,p00380,s727056613,545,1550
p00380,p00380,s204890965,501,1751
p00380,p00380,s373189630,402,912
p00382,p00382,s417891143,445,1484
p00382,p00382,s952042420,445,1406
p00382,p00382,s728261009,445,1483
p00382,p00382,s728484809,418,2368
p00382,p00382,s719060559,411,1324
p00383,p00383,s669649670,552,1843
p00383,p00383,s384677703,552,1842
p00383,p00383,s722638108,476,1843
p00385,p00385,s193230938,553,2011
p00385,p00385,s462313398,545,1889
p00385,p00385,s616064164,545,1888
p00385,p00385,s206458995,545,1823
p00390,p00390,s773079333,458,1195
p00390,p00390,s970549199,301,973
p00391,p00391,s926885206,733,1931
p00391,p00391,s926512212,388,1212
p00391,p00391,s729453118,302,1114
p00391,p00391,s470595569,293,921
p00391,p00391,s749993086,288,754
p00392,p00392,s916054367,395,1094
p00392,p00392,s137837328,355,867
p00399,p00399,s890150915,278,1009
p00400,p00400,s928950339,318,1170
p00401,p00401,s750823745,284,1017
p00402,p00402,s298693407,332,1082
p00403,p00403,s456631314,389,1337
p00403,p00403,s160705713,304,1139
p00404,p00404,s727853895,590,1341
p00404,p00404,s998032672,403,720
p00404,p00404,s230032683,364,980
p00405,p00405,s260608239,1059,3069
p00405,p00405,s337701883,307,833
p00405,p00405,s941074177,265,920
p00409,p00409,s707954509,368,867
p00412,p00412,s510901257,494,1204
p00412,p00412,s664775062,469,1607
p00412,p00412,s843708658,282,865
p00412,p00412,s831169975,266,761
p00413,p00413,s714440249,756,1558
p00413,p00413,s276717676,269,619
p00415,p00415,s387362908,466,1348
p00415,p00415,s994647991,422,1083
p00423,p00423,s249499706,575,1507
p00423,p00423,s948590063,575,1438
p00423,p00423,s974010309,394,1222
p00423,p00423,s067829578,301,667
p00423,p00423,s701950825,269,966
p00424,p00424,s202272128,541,1572
p00424,p00424,s150827465,408,1441
p00424,p00424,s297288211,333,775
p00424,p00424,s327047361,330,1355
p00425,p00425,s893528634,1035,3101
p00425,p00425,s962289556,1016,2484
p00425,p00425,s218526499,995,2719
p00425,p00425,s250872118,761,1052
p00425,p00425,s263546119,723,4332
p00426,p00426,s703699128,1638,4346
p00426,p00426,s943038596,1626,7028
p00426,p00426,s243622659,1548,4029
p00426,p00426,s829360748,1129,2431
p00427,p00427,s435585120,471,1141
p00427,p00427,s971013628,377,867
p00427,p00427,s880588474,373,1538
p00427,p00427,s324665298,361,882
p00427,p00427,s347306770,355,1664
p00428,p00428,s155947456,560,1915
p00428,p00428,s934886324,466,1279
p00428,p00428,s018527500,440,740
p00428,p00428,s913166059,438,1085
p00428,p00428,s908657949,420,1278
p00429,p00429,s479751334,441,1265
p00429,p00429,s156255746,439,1618
p00429,p00429,s432093716,429,1744
p00429,p00429,s260919520,377,1196
p00429,p00429,s179225881,356,1458
p00430,p00430,s179090166,554,1621
p00430,p00430,s717983291,488,1386
p00430,p00430,s485301215,289,580
p00430,p00430,s874528106,264,797
p00431,p00431,s326042785,477,1684
p00431,p00431,s450839926,470,1780
p00431,p00431,s661791913,461,1723
p00431,p00431,s261394903,441,967
p00432,p00432,s498684288,1116,3068
p00432,p00432,s417568115,1086,2305
p00432,p00432,s686978148,902,2951
p00432,p00432,s668001271,632,1444
p00434,p00434,s264410829,1155,2373
p00434,p00434,s809574497,297,551
p00435,p00435,s262341890,608,1526
p00435,p00435,s411577461,378,1110
p00436,p00436,s641335170,549,1498
p00436,p00436,s407587279,503,934
p00436,p00436,s535725317,474,1089
p00436,p00436,s622769647,457,1291
p00436,p00436,s333381579,447,940
p00437,p00437,s623399146,637,1246
p00437,p00437,s209789427,514,1203
p00437,p00437,s332301989,511,1089
p00437,p00437,s529166714,481,940
p00438,p00438,s387462099,666,1580
p00438,p00438,s216566691,570,894
p00438,p00438,s271999318,467,891
p00438,p00438,s619078104,428,905
p00438,p00438,s079841774,415,949
p00439,p00439,s207395196,319,777
p00439,p00439,s663139317,284,860
p00440,p00440,s823597386,578,1412
p00440,p00440,s628696809,509,1655
p00440,p00440,s436776280,447,1355
p00440,p00440,s753104450,411,626
p00441,p00441,s201358209,1347,4520
p00441,p00441,s570124406,1048,2580
p00441,p00441,s794447536,1042,2566
p00441,p00441,s222310441,952,2326
p00441,p00441,s150635418,610,1087
p00442,p00442,s471807111,2320,7487
p00442,p00442,s654721970,397,1113
p00442,p00442,s679935204,344,957
p00442,p00442,s602986780,313,606
p00442,p00442,s152972495,313,964
p00443,p00443,s247758563,938,2645
p00443,p00443,s179191912,527,945
p00443,p00443,s683740310,501,1708
p00443,p00443,s095395710,477,1673
p00443,p00443,s605298081,475,1069
p00444,p00444,s883583415,347,1332
p00444,p00444,s113897570,330,776
p00444,p00444,s668001249,291,818
p00444,p00444,s205372403,284,808
p00444,p00444,s776136757,281,493
p00446,p00446,s307504585,884,3219
p00446,p00446,s214991243,720,2887
p00446,p00446,s923907683,720,1902
p00446,p00446,s575285296,712,2640
p00446,p00446,s390471685,611,1782
p00447,p00447,s864849619,742,2421
p00447,p00447,s264623722,691,1342
p00447,p00447,s698406776,589,2142
p00447,p00447,s246628406,515,1210
p00447,p00447,s664495587,459,1020
p00448,p00448,s697855930,716,5459
p00448,p00448,s835471992,477,1245
p00448,p00448,s081414904,436,3800
p00448,p00448,s192470942,420,1148
p00448,p00448,s284243553,414,1115
p00449,p00449,s497765178,741,1979
p00449,p00449,s070485100,729,1944
p00449,p00449,s484918037,723,2027
p00449,p00449,s366311893,535,1856
p00449,p00449,s884243239,529,1616
p00450,p00450,s632487015,359,1599
p00450,p00450,s339491086,349,1341
p00450,p00450,s582494974,334,802
p00450,p00450,s432443582,303,789
p00450,p00450,s603400856,284,1222
p00451,p00451,s533115747,627,1644
p00451,p00451,s204364017,353,983
p00451,p00451,s524552617,297,1199
p00451,p00451,s731536171,296,742
p00451,p00451,s069280564,281,845
p00452,p00452,s194932021,670,2425
p00452,p00452,s957866606,610,2355
p00452,p00452,s658960048,592,2308
p00452,p00452,s552378306,561,2185
p00452,p00452,s262990585,533,1310
p00453,p00453,s925898360,1430,3176
p00453,p00453,s945811055,876,1716
p00453,p00453,s599524546,838,2568
p00453,p00453,s463841080,794,1647
p00453,p00453,s542659644,764,1851
p00454,p00454,s998057783,1156,2593
p00454,p00454,s282022162,1102,3320
p00454,p00454,s519511016,1001,2051
p00454,p00454,s026151287,998,2317
p00454,p00454,s705598652,974,2040
p00455,p00455,s792786585,769,1519
p00455,p00455,s145089419,642,1039
p00455,p00455,s413873051,585,1137
p00455,p00455,s349231282,575,963
p00455,p00455,s736528938,541,919
p00456,p00456,s800936368,558,868
p00456,p00456,s683544084,315,508
p00456,p00456,s102152218,312,702
p00456,p00456,s863404176,306,987
p00457,p00457,s352206584,1032,5622
p00457,p00457,s336145231,893,2734
p00457,p00457,s886997517,789,3089
p00457,p00457,s384870935,689,1511
p00457,p00457,s905557267,666,1731
p00458,p00458,s274057476,824,1703
p00458,p00458,s454468129,753,2332
p00458,p00458,s208940772,540,1123
p00458,p00458,s916566911,491,1034
p00458,p00458,s163412887,485,1114
p00459,p00459,s982699600,1117,3638
p00459,p00459,s439911036,1113,3635
p00459,p00459,s775654285,898,2344
p00459,p00459,s981440225,887,2882
p00459,p00459,s624741205,806,1886
p00460,p00460,s426470214,394,1048
p00460,p00460,s760567672,296,845
p00461,p00461,s952104016,312,1052
p00461,p00461,s930112466,259,1128
p00462,p00462,s099492999,764,1924
p00462,p00462,s989762945,524,1620
p00462,p00462,s579519037,524,1620
p00462,p00462,s459276248,524,1623
p00462,p00462,s885542216,510,1566
p00463,p00463,s453976751,784,1619
p00463,p00463,s375643596,645,1181
p00463,p00463,s451885063,490,1117
p00463,p00463,s607115930,484,1662
p00464,p00464,s729878501,588,1226
p00464,p00464,s634448151,538,1830
p00464,p00464,s529671220,507,1309
p00464,p00464,s499124303,441,1060
p00464,p00464,s502859203,429,908
p00465,p00465,s979916124,1251,4204
p00465,p00465,s940170526,850,2249
p00465,p00465,s032767320,825,2193
p00467,p00467,s265043494,262,557
p00467,p00467,s877713481,257,536
p00468,p00468,s325129988,479,1057
p00468,p00468,s744393826,378,1048
p00468,p00468,s823604690,369,864
p00468,p00468,s440042993,347,718
p00468,p00468,s612297776,344,1011
p00469,p00469,s205179672,2116,5971
p00469,p00469,s604268431,854,2747
p00469,p00469,s670792149,592,1767
p00469,p00469,s378023515,465,1407
p00469,p00469,s027835984,464,1460
p00470,p00470,s626858734,565,1276
p00470,p00470,s229966142,528,1946
p00470,p00470,s590814605,504,2094
p00470,p00470,s030759367,459,824
p00470,p00470,s034104254,439,973
p00471,p00471,s306249200,746,2410
p00471,p00471,s780007658,746,2444
p00471,p00471,s486527677,655,2370
p00471,p00471,s516750821,402,1034
p00472,p00472,s372703386,1391,4892
p00472,p00472,s020829576,258,740
p00472,p00472,s406370465,258,790
p00473,p00473,s167809686,573,1307
p00473,p00473,s357748873,558,1146
p00473,p00473,s743623744,477,986
p00473,p00473,s000261905,464,797
p00473,p00473,s468964332,460,1134
p00474,p00474,s766511669,704,2003
p00474,p00474,s324634195,646,1787
p00474,p00474,s093211644,639,1637
p00474,p00474,s362086919,625,1614
p00474,p00474,s025350764,503,1358
p00475,p00475,s498594400,745,2274
p00475,p00475,s067067824,714,2242
p00475,p00475,s256835953,507,1309
p00476,p00476,s601322706,375,989
p00479,p00479,s477832697,587,2021
p00479,p00479,s118416032,575,1805
p00479,p00479,s815120427,575,1805
p00479,p00479,s883766880,575,2009
p00479,p00479,s073949882,487,2396
p00480,p00480,s280199340,708,1773
p00480,p00480,s918993716,412,1210
p00480,p00480,s213320375,314,838
p00480,p00480,s015748374,314,1162
p00480,p00480,s591876815,283,757
p00481,p00481,s513615883,1122,3033
p00481,p00481,s012970256,1072,2437
p00481,p00481,s245183084,907,2550
p00481,p00481,s317860872,683,1606
p00481,p00481,s909593042,674,1757
p00482,p00482,s679164229,887,2765
p00482,p00482,s592579736,762,1900
p00482,p00482,s402575271,641,2834
p00482,p00482,s868027075,632,2972
p00482,p00482,s141106294,455,1015
p00483,p00483,s559388410,849,1850
p00483,p00483,s203750081,694,1502
p00483,p00483,s891026055,592,1139
p00483,p00483,s355603499,592,1139
p00483,p00483,s869265490,539,1212
p00484,p00484,s024472196,772,1766
p00484,p00484,s631327462,687,1513
p00484,p00484,s236277670,536,2261
p00484,p00484,s293514866,463,1062
p00484,p00484,s351504402,424,1005
p00485,p00485,s856315369,1363,4257
p00485,p00485,s597598067,859,1917
p00485,p00485,s663069093,778,1935
p00485,p00485,s080346625,699,2110
p00485,p00485,s634436092,572,1676
p00486,p00486,s152931786,1021,2515
p00486,p00486,s189060582,746,1819
p00486,p00486,s176406322,740,1697
p00486,p00486,s149516762,707,1676
p00486,p00486,s737328298,638,1575
p00487,p00487,s032279402,678,2505
p00487,p00487,s795233884,669,1769
p00487,p00487,s075208502,651,2086
p00487,p00487,s494500714,646,1736
p00487,p00487,s097702047,644,2050
p00489,p00489,s458763493,600,1646
p00489,p00489,s316732898,548,1181
p00489,p00489,s638981631,518,1317
p00489,p00489,s991222299,511,1236
p00489,p00489,s509000208,504,1402
p00490,p00490,s697550900,378,1149
p00490,p00490,s106330434,345,1394
p00490,p00490,s836706510,325,706
p00490,p00490,s443690041,317,843
p00490,p00490,s179444467,303,910
p00491,p00491,s463240671,1325,2940
p00491,p00491,s490596131,1020,1778
p00491,p00491,s638383898,1015,2806
p00491,p00491,s538693190,855,1330
p00491,p00491,s519159102,805,1512
p00492,p00492,s938353724,1045,2221
p00492,p00492,s464895969,986,2387
p00492,p00492,s636049459,709,1297
p00492,p00492,s862446701,579,1198
p00492,p00492,s357505661,492,1168
p00493,p00493,s043884837,1083,2899
p00493,p00493,s884100524,1030,2064
p00493,p00493,s788380203,809,2702
p00493,p00493,s106510634,797,2577
p00494,p00494,s134477126,377,1880
p00494,p00494,s776845568,308,796
p00494,p00494,s758562622,265,1433
p00494,p00494,s471338174,258,1169
p00495,p00495,s629787318,316,1135
p00495,p00495,s757867544,308,1133
p00495,p00495,s880534817,272,953
p00495,p00495,s876922362,272,683
p00495,p00495,s588403687,271,678
p00496,p00496,s538018166,3001,11857
p00496,p00496,s657187381,455,714
p00496,p00496,s076016227,402,722
p00496,p00496,s700056700,322,774
p00496,p00496,s284473474,297,1101
p00497,p00497,s563417187,435,926
p00497,p00497,s725937486,407,895
p00497,p00497,s800573920,323,1003
p00497,p00497,s170721799,309,670
p00497,p00497,s791702311,305,710
p00498,p00498,s109411230,2433,7924
p00498,p00498,s885440915,1706,3874
p00498,p00498,s594291598,1677,3822
p00498,p00498,s402462082,1677,3794
p00498,p00498,s861760522,1670,3810
p00500,p00500,s592647511,487,1199
p00500,p00500,s445707482,462,1431
p00500,p00500,s286984907,431,1488
p00500,p00500,s101889353,397,936
p00500,p00500,s558216706,392,1279
p00501,p00501,s771315375,383,2526
p00501,p00501,s363154818,309,1162
p00501,p00501,s800837931,284,992
p00501,p00501,s754334606,276,731
p00501,p00501,s080589966,270,730
p00502,p00502,s309214800,581,1010
p00502,p00502,s088661526,482,834
p00502,p00502,s935901253,451,1364
p00502,p00502,s201232359,448,842
p00502,p00502,s093142280,441,931
p00503,p00503,s461068773,1603,3417
p00503,p00503,s559724925,1026,2198
p00503,p00503,s849617341,787,1724
p00503,p00503,s433072755,739,1035
p00503,p00503,s373233642,718,1323
p00506,p00506,s714196325,570,1562
p00506,p00506,s127010243,392,810
p00506,p00506,s036087688,330,1409
p00506,p00506,s941551336,330,1272
p00507,p00507,s086444994,548,1557
p00507,p00507,s723228800,510,2071
p00507,p00507,s945424656,387,1181
p00507,p00507,s096855764,369,877
p00508,p00508,s863169908,1279,3498
p00508,p00508,s776843590,826,2214
p00508,p00508,s542624646,715,1818
p00508,p00508,s632408937,627,1634
p00508,p00508,s997788007,625,1611
p00509,p00509,s796541698,340,1191
p00510,p00510,s389610699,257,829
p00512,p00512,s649665761,471,1541
p00512,p00512,s096188436,419,1174
p00512,p00512,s967425141,395,1096
p00512,p00512,s196380898,394,868
p00512,p00512,s031935538,378,1325
p00513,p00513,s556663881,334,1113
p00514,p00514,s816556926,1943,5584
p00514,p00514,s780263580,1727,4965
p00514,p00514,s605471127,941,2506
p00514,p00514,s123310428,414,1367
p00516,p00516,s502646720,335,798
p00516,p00516,s649886520,269,665
p00516,p00516,s669253790,268,1035
p00516,p00516,s088500150,264,790
p00516,p00516,s274922611,264,756
p00517,p00517,s091355397,730,2293
p00517,p00517,s795928142,403,1047
p00517,p00517,s238773324,380,757
p00517,p00517,s974288014,358,706
p00517,p00517,s868742280,356,770
p00518,p00518,s855878292,1855,3961
p00518,p00518,s589872282,755,1070
p00518,p00518,s648573794,621,1254
p00518,p00518,s700633860,476,998
p00518,p00518,s376296871,420,1075
p00519,p00519,s184459529,915,3096
p00519,p00519,s198704969,835,2122
p00519,p00519,s585814483,533,1102
p00521,p00521,s497721827,798,2017
p00521,p00521,s999492253,739,1376
p00521,p00521,s943654584,654,1247
p00521,p00521,s123336873,476,1105
p00521,p00521,s232797748,450,949
p00522,p00522,s578258187,499,1084
p00522,p00522,s104235394,427,980
p00522,p00522,s742364515,426,984
p00522,p00522,s622118075,288,575
p00523,p00523,s224448187,2017,5615
p00523,p00523,s979093616,779,2469
p00523,p00523,s516709607,511,1171
p00523,p00523,s269899527,425,2206
p00523,p00523,s876177191,380,920
p00524,p00524,s795020921,870,2164
p00524,p00524,s225934214,864,2145
p00524,p00524,s458637032,860,2166
p00527,p00527,s732810922,606,1105
p00527,p00527,s795713665,602,1101
p00527,p00527,s725392167,511,1727
p00527,p00527,s486570641,407,842
p00527,p00527,s831823708,381,791
p00528,p00528,s452570178,1538,4655
p00528,p00528,s823304640,1354,3065
p00529,p00529,s724597907,417,1165
p00529,p00529,s756122992,413,1161
p00529,p00529,s862080484,410,1125
p00529,p00529,s732264265,380,1047
p00529,p00529,s203333208,347,965
p00532,p00532,s330625292,378,849
p00532,p00532,s300017474,297,679
p00532,p00532,s880924459,269,605
p00532,p00532,s512630513,269,676
p00532,p00532,s431325296,266,597
p00533,p00533,s973911320,381,868
p00533,p00533,s101590583,330,668
p00533,p00533,s581961742,292,599
p00533,p00533,s692894684,278,542
p00533,p00533,s103011303,278,631
p00534,p00534,s688160761,466,766
p00534,p00534,s299724868,365,770
p00534,p00534,s705691249,351,719
p00534,p00534,s849547337,350,704
p00534,p00534,s372542690,350,1102
p00535,p00535,s096906974,797,2716
p00535,p00535,s895460067,797,2282
p00535,p00535,s139567857,718,2092
p00535,p00535,s150918983,597,1253
p00535,p00535,s576470513,593,1237
p00537,p00537,s046532199,395,945
p00537,p00537,s875985835,392,1381
p00537,p00537,s444945513,329,898
p00537,p00537,s816859517,289,541
p00537,p00537,s020851145,289,541
p00538,p00538,s776415841,521,1794
p00538,p00538,s732332059,442,1093
p00538,p00538,s395337138,401,977
p00538,p00538,s379775378,398,957
p00538,p00538,s866591631,392,950
p00539,p00539,s336293160,924,2368
p00540,p00540,s491548143,559,1377
p00542,p00542,s292379309,342,728
p00542,p00542,s199807506,259,459
p00543,p00543,s829894682,286,1033
p00543,p00543,s043366911,258,834
p00544,p00544,s919678687,428,663
p00544,p00544,s467049639,391,609
p00544,p00544,s721729299,367,717
p00544,p00544,s291999261,367,1254
p00544,p00544,s952207153,358,932
p00545,p00545,s684272136,543,1614
p00545,p00545,s120906343,541,1003
p00545,p00545,s149294408,527,1464
p00545,p00545,s943787834,443,1789
p00545,p00545,s133290677,430,922
p00546,p00546,s137193238,1761,6711
p00546,p00546,s466723252,948,3080
p00546,p00546,s901481078,929,2486
p00546,p00546,s664967421,928,2490
p00546,p00546,s892427810,908,2430
p00548,p00548,s263160790,344,900
p00548,p00548,s835934524,275,749
p00548,p00548,s114847116,275,1045
p00549,p00549,s063098075,490,1472
p00549,p00549,s461267020,361,601
p00549,p00549,s295786878,293,683
p00550,p00550,s656488191,960,1810
p00550,p00550,s274532678,857,1431
p00554,p00554,s181433649,272,505
p00554,p00554,s468167171,262,558
p00555,p00555,s864209995,415,1361
p00555,p00555,s718838978,377,891
p00555,p00555,s976194806,327,520
p00555,p00555,s116268119,289,641
p00555,p00555,s011242750,278,1011
p00556,p00556,s722912543,396,869
p00556,p00556,s086706760,348,947
p00556,p00556,s723032063,303,792
p00557,p00557,s686282362,611,1591
p00557,p00557,s277378416,417,1280
p00557,p00557,s663262668,416,1471
p00558,p00558,s871110764,874,2146
p00558,p00558,s727628635,868,2234
p00559,p00559,s028988606,810,2451
p00559,p00559,s162862122,504,1208
p00559,p00559,s890485464,431,1097
p00560,p00560,s755427234,497,1299
p00561,p00561,s100207335,614,1449
p00571,p00571,s632951192,496,1541
p00571,p00571,s731090944,350,1054
p00571,p00571,s638290351,346,1046
p00571,p00571,s930392574,343,1031
p00571,p00571,s635330528,339,1044
p00575,p00575,s300670073,296,1026
p00576,p00576,s283608807,377,1209
p00576,p00576,s813506531,317,5260
p00576,p00576,s123244092,265,784
p00576,p00576,s320259648,264,1218
p00577,p00577,s434486405,313,1074
p00578,p00578,s446335375,1023,5121
p00578,p00578,s869050072,835,3763
p00578,p00578,s158019337,503,1527
p00578,p00578,s560955031,350,1341
p00578,p00578,s993594951,350,1095
p00580,p00580,s975704389,617,1325
p00581,p00581,s454438346,367,804
p00581,p00581,s567247491,322,983
p00582,p00582,s493156471,358,1111
p00584,p00584,s542570843,380,1200
p00587,p00587,s547138676,1229,4351
p00587,p00587,s594619031,434,1567
p00587,p00587,s754157939,413,1560
p00587,p00587,s789416613,391,970
p00587,p00587,s848079791,391,970
p00588,p00588,s350178940,718,1590
p00588,p00588,s897173515,487,996
p00588,p00588,s471601385,444,695
p00589,p00589,s808106643,359,1345
p00589,p00589,s120702238,321,1164
p00589,p00589,s447420865,312,958
p00589,p00589,s304349279,296,776
p00590,p00590,s107791301,356,843
p00591,p00591,s916394839,404,853
p00591,p00591,s372886517,349,870
p00591,p00591,s295199757,326,883
p00591,p00591,s183380523,301,815
p00591,p00591,s114268886,293,977
p00592,p00592,s381526101,780,2577
p00592,p00592,s396160866,397,738
p00592,p00592,s201378757,359,1298
p00592,p00592,s357721470,337,900
p00592,p00592,s251477429,263,708
p00593,p00593,s927853067,529,1997
p00593,p00593,s658390246,529,1302
p00593,p00593,s156388087,529,1483
p00593,p00593,s401204458,427,2294
p00593,p00593,s516682576,417,1484
p00594,p00594,s139913712,292,871
p00594,p00594,s930845242,288,897
p00596,p00596,s631850623,486,1279
p00596,p00596,s636602187,370,1112
p00596,p00596,s396883123,288,528
p00598,p00598,s438211404,1639,6206
p00598,p00598,s323555302,1567,5063
p00598,p00598,s826193728,1096,2728
p00600,p00600,s967768124,774,1982
p00600,p00600,s424008511,774,1962
p00600,p00600,s317639135,772,1934
p00600,p00600,s821442653,417,1126
p00600,p00600,s385520964,409,2160
p00601,p00601,s175707425,479,1266
p00601,p00601,s662134595,339,948
p00601,p00601,s527126449,313,759
p00602,p00602,s050472706,387,1111
p00602,p00602,s026731712,367,933
p00602,p00602,s782136448,339,826
p00602,p00602,s694237804,269,677
p00602,p00602,s222965254,259,550
p00603,p00603,s232433044,644,1457
p00603,p00603,s045485066,466,1370
p00603,p00603,s599028440,357,1156
p00603,p00603,s691629918,319,1835
p00603,p00603,s829893771,269,719
p00604,p00604,s696568962,339,842
p00604,p00604,s816780025,278,986
p00605,p00605,s830182558,299,607
p00605,p00605,s948442801,273,553
p00606,p00606,s520363779,618,1994
p00607,p00607,s752881071,974,4322
p00607,p00607,s330098609,917,2146
p00607,p00607,s047437345,849,2175
p00607,p00607,s165501538,363,809
p00607,p00607,s986191181,335,557
p00609,p00609,s640364591,478,1142
p00609,p00609,s292626418,447,1591
p00609,p00609,s943167480,414,947
p00609,p00609,s771113143,372,874
p00610,p00610,s608837976,378,906
p00614,p00614,s779112353,540,1408
p00614,p00614,s962207984,538,1421
p00614,p00614,s012946693,450,763
p00614,p00614,s679662234,408,1281
p00614,p00614,s129911149,327,1216
p00615,p00615,s520009663,413,1029
p00615,p00615,s203269917,332,1110
p00615,p00615,s409610136,308,840
p00615,p00615,s533985760,308,810
p00615,p00615,s021321541,305,1194
p00616,p00616,s799987834,971,1975
p00616,p00616,s663647076,913,2306
p00616,p00616,s162914711,571,1212
p00616,p00616,s374300907,490,1249
p00616,p00616,s897365494,441,1039
p00617,p00617,s112295285,829,3013
p00617,p00617,s631958279,534,1940
p00617,p00617,s423809779,436,1297
p00618,p00618,s936920801,558,1917
p00618,p00618,s774370350,557,1547
p00618,p00618,s357574512,455,1313
p00618,p00618,s389825980,449,1307
p00620,p00620,s407422874,1163,3309
p00620,p00620,s594825546,851,1913
p00621,p00621,s995281876,481,1305
p00621,p00621,s863323702,416,1258
p00621,p00621,s573625918,394,1248
p00621,p00621,s788516969,337,934
p00621,p00621,s346194349,326,893
p00623,p00623,s739525999,792,2946
p00623,p00623,s411922562,546,1605
p00623,p00623,s688734509,428,931
p00623,p00623,s800298393,346,897
p00623,p00623,s044279753,304,574
p00624,p00624,s760639333,980,2823
p00624,p00624,s783605925,592,1513
p00625,p00625,s608978015,1281,4305
p00625,p00625,s029368887,700,1799
p00626,p00626,s701965923,881,2325
p00626,p00626,s888528764,811,1844
p00626,p00626,s746213366,800,1825
p00626,p00626,s213625695,800,1838
p00627,p00627,s116113682,316,1112
p00628,p00628,s797073215,322,856
p00629,p00629,s322632797,534,1059
p00629,p00629,s922971846,528,1156
p00629,p00629,s795933272,486,1181
p00629,p00629,s746686981,483,1525
p00629,p00629,s101899661,466,1386
p00630,p00630,s207590219,426,1302
p00630,p00630,s797440672,424,1562
p00630,p00630,s412046634,416,1073
p00630,p00630,s118020154,404,1119
p00630,p00630,s364966596,394,1163
p00631,p00631,s579887222,405,1159
p00631,p00631,s761250042,294,708
p00631,p00631,s384135537,285,750
p00632,p00632,s348996372,983,2753
p00632,p00632,s108938540,925,3527
p00632,p00632,s635513385,794,1867
p00632,p00632,s195688315,772,3259
p00632,p00632,s575205203,693,1873
p00633,p00633,s584590343,1244,2766
p00634,p00634,s333705813,1619,3999
p00635,p00635,s171650485,489,1175
p00636,p00636,s203955946,1883,4501
p00637,p00637,s556838359,301,590
p00638,p00638,s460567017,364,864
p00638,p00638,s789419611,358,715
p00638,p00638,s201020124,339,1144
p00638,p00638,s451951423,330,878
p00638,p00638,s879630043,273,881
p00640,p00640,s212269736,620,1679
p00640,p00640,s973317424,555,1444
p00640,p00640,s260834159,547,1738
p00640,p00640,s882656071,438,1038
p00640,p00640,s916622346,368,563
p00641,p00641,s714111875,535,1368
p00643,p00643,s895640513,919,2232
p00645,p00645,s620955193,529,1348
p00645,p00645,s041148593,520,1639
p00645,p00645,s206172052,515,1314
p00645,p00645,s861006248,513,1310
p00645,p00645,s746268055,505,1289
p00646,p00646,s951183552,870,2443
p00646,p00646,s666450927,788,2182
p00646,p00646,s441627240,699,1992
p00646,p00646,s023456384,696,2034
p00646,p00646,s475589535,324,1174
p00647,p00647,s626872881,387,885
p00647,p00647,s618984191,366,1481
p00647,p00647,s277023342,339,821
p00647,p00647,s594172766,305,867
p00647,p00647,s486462025,303,901
p00648,p00648,s304200307,779,1961
p00649,p00649,s499257925,625,1515
p00650,p00650,s165088872,548,1457
p00651,p00651,s022628707,1452,3659
p00651,p00651,s725288991,1367,3658
p00651,p00651,s492678919,1367,3660
p00651,p00651,s929679645,1360,3420
p00652,p00652,s995681419,920,2362
p00652,p00652,s401408650,830,2172
p00652,p00652,s255286125,830,2181
p00652,p00652,s059391200,820,2162
p00653,p00653,s640140318,780,2043
p00653,p00653,s528018355,776,2034
p00653,p00653,s520565774,768,2045
p00653,p00653,s033682913,684,1791
p00654,p00654,s239077335,458,1314
p00654,p00654,s287811369,447,1366
p00654,p00654,s744203813,437,1224
p00654,p00654,s431742214,322,1111
p00655,p00655,s726803740,945,2426
p00658,p00658,s807136463,2302,5997
p00658,p00658,s751467982,2298,5982
p00659,p00659,s566995415,395,1139
p00659,p00659,s011341091,343,857
p00659,p00659,s938853803,330,1131
p00659,p00659,s013851689,322,920
p00659,p00659,s245833051,308,749
p00660,p00660,s884213822,1342,3552
p00660,p00660,s249490402,956,2026
p00661,p00661,s732944217,356,957
p00662,p00662,s138608097,280,653
p00662,p00662,s854889975,276,680
p00662,p00662,s504878763,276,852
p00663,p00663,s426395476,404,1712
p00664,p00664,s838750401,494,1757
p00664,p00664,s105384571,330,902
p00664,p00664,s639001539,325,894
p00664,p00664,s468312722,301,895
p00664,p00664,s892456964,297,1000
p00665,p00665,s169054715,932,3260
p00665,p00665,s428782056,907,2398
p00665,p00665,s952025843,906,2436
p00665,p00665,s759433661,881,2332
p00665,p00665,s709440641,859,2258
p00667,p00667,s824193201,387,1254
p00667,p00667,s239968257,296,712
p00668,p00668,s175411163,1390,4918
p00668,p00668,s702718352,930,4586
p00669,p00669,s477683030,342,1076
p00669,p00669,s124823669,335,845
p00669,p00669,s893838951,307,702
p00670,p00670,s947164218,321,650
p00670,p00670,s645981071,284,727
p00670,p00670,s884723922,275,743
p00670,p00670,s572284917,272,703
p00671,p00671,s180500470,758,1995
p00671,p00671,s847051475,645,1847
p00671,p00671,s372722031,593,1261
p00671,p00671,s513166447,566,1259
p00672,p00672,s657381439,1275,3464
p00672,p00672,s503711314,1219,4778
p00672,p00672,s154348449,1127,3056
p00673,p00673,s358094490,1489,3880
p00673,p00673,s164754738,1489,3881
p00677,p00677,s783278731,481,1402
p00677,p00677,s311909898,470,815
p00677,p00677,s628961975,408,992
p00678,p00678,s985697221,398,1059
p00678,p00678,s961523709,398,1059
p00680,p00680,s264256608,1730,4372
p00680,p00680,s076121731,1622,4395
p00682,p00682,s265952941,1397,3489
p00682,p00682,s488651134,272,1225
p00682,p00682,s863485159,270,979
p00684,p00684,s170937464,1100,4532
p00684,p00684,s879652265,756,2837
p00684,p00684,s770444629,580,1672
p00684,p00684,s983534407,518,1427
p00684,p00684,s534350823,407,559
p00686,p00686,s179762978,832,5948
p00686,p00686,s979012754,530,1574
p00686,p00686,s679300982,458,1343
p00686,p00686,s117839012,441,1050
p00686,p00686,s120350577,438,1466
p00687,p00687,s215221386,412,1219
p00687,p00687,s456762660,405,1301
p00687,p00687,s640726817,393,1075
p00688,p00688,s547350056,1624,6289
p00688,p00688,s279907901,664,1852
p00688,p00688,s637977562,563,1510
p00688,p00688,s959647496,496,1129
p00688,p00688,s832574067,460,1151
p00689,p00689,s991194448,846,2877
p00689,p00689,s775882441,695,2074
p00689,p00689,s871966077,691,3241
p00689,p00689,s559253277,586,1927
p00690,p00690,s859821803,501,1180
p00692,p00692,s990316902,595,1493
p00692,p00692,s500353100,521,1082
p00692,p00692,s236202978,318,687
p00693,p00693,s623584365,532,2670
p00693,p00693,s320970531,501,1283
p00693,p00693,s110610238,468,1057
p00693,p00693,s746355550,433,1343
p00695,p00695,s620498714,1281,2662
p00695,p00695,s952876907,400,1011
p00695,p00695,s833408883,380,2157
p00695,p00695,s696225412,357,811
p00695,p00695,s935661061,357,906
p00697,p00697,s364169311,610,1521
p00697,p00697,s252177585,504,1244
p00697,p00697,s903571907,475,1017
p00697,p00697,s801986132,355,779
p00698,p00698,s003520406,665,1392
p00698,p00698,s872588450,625,1665
p00698,p00698,s910759057,624,1951
p00698,p00698,s624127710,586,1052
p00699,p00699,s696757465,1185,2135
p00699,p00699,s009992651,755,2131
p00699,p00699,s065019425,648,1451
p00700,p00700,s408979676,309,859
p00701,p00701,s265591716,798,2193
p00701,p00701,s926758009,765,1849
p00701,p00701,s729909525,662,2052
p00701,p00701,s663231425,412,966
p00702,p00702,s532087791,1429,3625
p00702,p00702,s708771175,665,3087
p00702,p00702,s986924418,663,1725
p00702,p00702,s050595522,579,1418
p00702,p00702,s375904261,461,1299
p00703,p00703,s147866941,656,2284
p00705,p00705,s676580734,471,1213
p00705,p00705,s501167531,342,947
p00705,p00705,s149404747,295,731
p00705,p00705,s980905692,267,664
p00706,p00706,s537057082,650,1448
p00706,p00706,s173366810,395,1582
p00706,p00706,s435513917,367,696
p00706,p00706,s199654271,360,913
p00707,p00707,s265349019,1173,4350
p00707,p00707,s938913864,929,3062
p00707,p00707,s879961991,919,3513
p00707,p00707,s300436087,804,2174
p00708,p00708,s797754666,985,4156
p00708,p00708,s630212045,767,1892
p00708,p00708,s750242335,669,1897
p00708,p00708,s064337256,669,1897
p00708,p00708,s895848072,659,1882
p00710,p00710,s855911334,664,2886
p00710,p00710,s391539286,664,2886
p00710,p00710,s878967348,409,1602
p00710,p00710,s567565737,392,1175
p00710,p00710,s477169618,381,1145
p00711,p00711,s246970522,875,4034
p00711,p00711,s804279347,827,1683
p00711,p00711,s916812587,774,3712
p00711,p00711,s276919313,711,2456
p00711,p00711,s799657593,705,3033
p00712,p00712,s681712997,648,1776
p00712,p00712,s982059569,615,1705
p00712,p00712,s821461234,539,1721
p00712,p00712,s552889646,539,1721
p00712,p00712,s587943954,534,1703
p00713,p00713,s037819982,699,1663
p00713,p00713,s231810484,546,1241
p00713,p00713,s546699281,515,1761
p00713,p00713,s908734232,366,739
p00715,p00715,s170424500,1049,2535
p00715,p00715,s402350283,1033,2501
p00715,p00715,s666919572,895,2190
p00715,p00715,s961423203,881,2176
p00716,p00716,s701325086,595,2424
p00716,p00716,s031936224,353,1198
p00716,p00716,s054501642,343,980
p00716,p00716,s112778312,331,1825
p00716,p00716,s418428200,329,890
p00717,p00717,s382754752,1765,7249
p00717,p00717,s911963668,1246,4806
p00717,p00717,s294556295,876,1343
p00717,p00717,s255882558,849,2955
p00718,p00718,s741428860,1103,3304
p00718,p00718,s779722237,792,2000
p00718,p00718,s237960896,784,3317
p00718,p00718,s317092329,784,1901
p00718,p00718,s320897622,733,2388
p00721,p00721,s139983841,1048,2170
p00721,p00721,s715531660,801,2602
p00721,p00721,s406139868,798,1925
p00721,p00721,s163482518,787,1359
p00721,p00721,s195405034,783,1728
p00722,p00722,s417995732,596,1768
p00722,p00722,s355763697,552,2199
p00722,p00722,s048184878,347,1537
p00722,p00722,s223186297,332,1458
p00722,p00722,s927659105,324,830
p00723,p00723,s706969186,1292,4414
p00723,p00723,s003419138,972,2077
p00723,p00723,s160238695,932,3298
p00723,p00723,s654003061,882,3537
p00723,p00723,s770378491,877,2617
p00725,p00725,s186517996,724,1698
p00725,p00725,s392254006,705,1673
p00725,p00725,s673740539,660,1418
p00725,p00725,s454489187,569,1589
p00725,p00725,s785448815,508,1680
p00726,p00726,s618251700,1661,7969
p00726,p00726,s679661071,416,1522
p00726,p00726,s067723059,416,1521
p00726,p00726,s197324914,364,1031
p00726,p00726,s208922020,338,1056
p00728,p00728,s296992460,529,1994
p00728,p00728,s468369699,514,2005
p00728,p00728,s217118623,430,1085
p00728,p00728,s465902201,322,784
p00728,p00728,s049645259,309,648
p00729,p00729,s440768472,679,2498
p00729,p00729,s229405053,631,2385
p00729,p00729,s479112910,594,1516
p00729,p00729,s108308170,569,2369
p00730,p00730,s484216992,1104,4373
p00730,p00730,s199904038,956,3463
p00730,p00730,s666996471,830,3156
p00730,p00730,s600661459,754,3164
p00730,p00730,s224915152,700,2322
p00731,p00731,s010880471,1752,6354
p00731,p00731,s346786453,1392,4324
p00731,p00731,s831275014,1392,3845
p00731,p00731,s900493629,1161,3084
p00734,p00734,s314913905,687,2393
p00734,p00734,s085262836,645,2359
p00734,p00734,s744640083,621,2464
p00734,p00734,s767325064,590,1561
p00734,p00734,s888620935,581,2092
p00735,p00735,s690041970,665,2367
p00735,p00735,s560628414,574,2484
p00735,p00735,s469128385,398,1203
p00736,p00736,s304057728,1055,6434
p00736,p00736,s919848519,981,3479
p00736,p00736,s431513148,689,3470
p00736,p00736,s534975940,675,2565
p00736,p00736,s578789912,590,1260
p00737,p00737,s691049015,1133,3439
p00740,p00740,s618373830,576,2457
p00740,p00740,s463784739,413,1662
p00740,p00740,s248429054,310,858
p00740,p00740,s802610537,305,924
p00740,p00740,s529383107,288,761
p00741,p00741,s007369827,4726,14916
p00741,p00741,s242252238,830,3678
p00741,p00741,s820071138,821,2633
p00741,p00741,s963981633,729,2540
p00741,p00741,s560722187,624,1904
p00743,p00743,s195479129,1407,5384
p00744,p00744,s373672217,681,1383
p00744,p00744,s687622290,678,1822
p00744,p00744,s426857376,666,1836
p00744,p00744,s098934139,570,1455
p00744,p00744,s107709748,491,1261
p00746,p00746,s898241544,745,2495
p00746,p00746,s439194350,732,1543
p00746,p00746,s530103304,708,2514
p00746,p00746,s757414763,665,2371
p00746,p00746,s597071844,616,2403
p00748,p00748,s111448647,3224,8320
p00749,p00749,s344126314,1168,2743
p00749,p00749,s184151911,645,1728
p00750,p00750,s040344759,984,2436
p00750,p00750,s099015326,962,2411
p00760,p00760,s224806343,558,1532
p00760,p00760,s796595460,549,2035
p00760,p00760,s896877146,425,1479
p00760,p00760,s856349045,425,1479
p00760,p00760,s930383766,404,862
p00761,p00761,s370576553,840,1994
p00761,p00761,s853281704,655,2332
p00761,p00761,s500328594,604,1153
p00761,p00761,s202209369,597,1561
p00762,p00762,s232203836,1235,3512
p00762,p00762,s261739519,1208,2910
p00762,p00762,s799120583,1138,3112
p00762,p00762,s111409243,1003,1738
p00763,p00763,s077226489,1347,3032
p00763,p00763,s842141370,1306,4661
p00763,p00763,s449469667,1283,2878
p00763,p00763,s045440657,1283,2877
p00763,p00763,s681948087,1250,2837
p00767,p00767,s008621195,683,2457
p00767,p00767,s159944230,437,986
p00767,p00767,s598904961,351,838
p00768,p00768,s685525042,887,3136
p00768,p00768,s796501394,852,2904
p00768,p00768,s318094036,728,2356
p00768,p00768,s601415289,662,2162
p00768,p00768,s171918671,658,3209
p00769,p00769,s855461355,641,3516
p00769,p00769,s346266173,619,2278
p00769,p00769,s921599285,597,2183
p00769,p00769,s555628591,582,2548
p00769,p00769,s631850559,516,1655
p00773,p00773,s475921898,575,2122
p00773,p00773,s238718422,573,2120
p00773,p00773,s685969481,560,2168
p00773,p00773,s723100580,480,1107
p00773,p00773,s351934398,295,639
p00774,p00774,s537044984,971,1653
p00774,p00774,s985716563,861,2370
p00774,p00774,s643775818,827,1491
p00774,p00774,s304322469,716,1884
p00774,p00774,s516309069,690,1428
p00775,p00775,s927450532,457,1552
p00775,p00775,s983634384,457,1408
p00775,p00775,s134200286,402,960
p00775,p00775,s035201019,349,923
p00776,p00776,s287885425,609,1876
p00776,p00776,s135858550,455,1464
p00776,p00776,s077942152,373,1806
p00776,p00776,s015415524,341,811
p00777,p00777,s549274606,1397,4479
p00777,p00777,s238312193,1115,4958
p00777,p00777,s824497746,947,2746
p00777,p00777,s851837640,772,3405
p00778,p00778,s195286207,1091,3373
p00780,p00780,s020231486,477,3565
p00780,p00780,s112808393,477,3477
p00780,p00780,s658202882,477,3476
p00780,p00780,s473439730,351,839
p00780,p00780,s498071881,284,595
p00781,p00781,s583156331,482,1118
p00781,p00781,s762701264,482,1118
p00781,p00781,s305964760,457,1057
p00781,p00781,s003547988,457,1262
p00782,p00782,s935031171,808,1935
p00782,p00782,s269730300,756,1931
p00782,p00782,s934241372,489,1247
p00784,p00784,s736855898,271,709
p00784,p00784,s101944790,265,705
p00788,p00788,s959128486,368,912
p00788,p00788,s998194081,344,1303
p00788,p00788,s935450479,322,1584
p00790,p00790,s753340381,288,622
p00790,p00790,s529167272,270,976
p00790,p00790,s813139840,261,1031
p00790,p00790,s845586816,258,1036
p00791,p00791,s931350440,1300,5146
p00791,p00791,s950950699,850,1879
p00791,p00791,s124203700,641,1352
p00792,p00792,s293932614,442,975
p00793,p00793,s729150918,991,2198
p00794,p00794,s819440181,538,1176
p00796,p00796,s260377898,523,1032
p00797,p00797,s368870688,979,3195
p00797,p00797,s755085529,932,2469
p00797,p00797,s258819850,471,1254
p00797,p00797,s618986535,471,1254
p00798,p00798,s043762061,729,1642
p00799,p00799,s298514568,757,2012
p00799,p00799,s995278111,444,1220
p00801,p00801,s394851581,833,2354
p00802,p00802,s441975194,463,1061
p00804,p00804,s521398605,980,2562
p00805,p00805,s279987277,814,1544
p00806,p00806,s477452406,513,1222
p00806,p00806,s921867204,511,2411
p00807,p00807,s294267720,444,1073
p00808,p00808,s915623977,1586,3987
p00808,p00808,s208242003,1549,3887
p00808,p00808,s551236379,1546,3901
p00808,p00808,s498905513,1545,3904
p00808,p00808,s357309389,1524,5045
p00810,p00810,s234829106,446,1443
p00810,p00810,s533287662,338,899
p00810,p00810,s664717662,285,576
p00811,p00811,s645202675,374,812
p00811,p00811,s451804895,363,1345
p00812,p00812,s185171764,1890,4665
p00814,p00814,s894255267,642,1357
p00815,p00815,s120996167,481,1245
p00816,p00816,s881522904,507,1598
p00816,p00816,s734530791,338,908
p00816,p00816,s708180980,322,708
p00816,p00816,s774752493,320,572
p00816,p00816,s686238234,316,1065
p00817,p00817,s642445379,1373,3794
p00817,p00817,s581843772,1167,2743
p00818,p00818,s818780493,924,2187
p00819,p00819,s820777703,921,3657
p00819,p00819,s198422331,713,2701
p00819,p00819,s081275833,679,1609
p00819,p00819,s419699292,677,2536
p00819,p00819,s830709684,676,2173
p00820,p00820,s586270528,390,1209
p00820,p00820,s187749008,347,820
p00820,p00820,s181582605,259,480
p00821,p00821,s142677561,751,1732
p00821,p00821,s928350413,614,1410
p00822,p00822,s480409295,1021,3817
p00822,p00822,s206968717,818,1703
p00822,p00822,s849121484,782,1635
p00822,p00822,s382449569,779,1660
p00822,p00822,s560373819,777,1629
p00823,p00823,s804057070,575,1465
p00823,p00823,s497122017,568,1584
p00823,p00823,s900587309,540,1134
p00824,p00824,s864776233,831,2113
p00825,p00825,s274423474,843,2347
p00825,p00825,s670925331,429,1040
p00825,p00825,s103750764,386,921
p00827,p00827,s890838253,348,891
p00827,p00827,s784613046,262,492
p00828,p00828,s859639912,2127,5428
p00828,p00828,s345600061,1713,3495
p00828,p00828,s553129988,897,1331
p00828,p00828,s333021544,617,1769
p00828,p00828,s687079356,611,1384
p00829,p00829,s099852042,360,730
p00829,p00829,s218110223,267,1137
p00830,p00830,s416532650,846,2133
p00830,p00830,s531426300,836,2238
p00831,p00831,s341324791,1010,2398
p00831,p00831,s022211699,982,2339
p00831,p00831,s888931187,973,2381
p00832,p00832,s698287859,1117,2010
p00833,p00833,s052284859,1823,5085
p00836,p00836,s124719624,364,1502
p00836,p00836,s104413654,345,914
p00836,p00836,s706278147,341,985
p00836,p00836,s429740201,340,702
p00836,p00836,s161613396,317,1242
p00837,p00837,s442031469,735,2307
p00837,p00837,s695156462,688,1668
p00838,p00838,s077698313,1090,2213
p00838,p00838,s995510805,681,1657
p00845,p00845,s260987755,439,1447
p00845,p00845,s825494697,339,865
p00845,p00845,s827102863,324,788
p00846,p00846,s754188909,744,1723
p00848,p00848,s735607817,368,1030
p00848,p00848,s894791078,302,1019
p00850,p00850,s398716739,2047,4004
p00854,p00854,s619579719,427,1164
p00855,p00855,s898145854,965,3029
p00855,p00855,s615675161,397,1582
p00855,p00855,s602862476,338,1025
p00855,p00855,s432272146,295,881
p00856,p00856,s931853007,482,2949
p00856,p00856,s462261427,456,1411
p00856,p00856,s413597145,421,1264
p00856,p00856,s356570828,420,1416
p00856,p00856,s165046600,358,875
p00858,p00858,s497600048,2517,6133
p00858,p00858,s843594199,2488,6074
p00859,p00859,s468902728,1006,2726
p00859,p00859,s799300371,721,1934
p00859,p00859,s379654297,708,2086
p00859,p00859,s181831111,639,1943
p00859,p00859,s595927985,596,1581
p00861,p00861,s960782657,1914,6065
p00861,p00861,s616389006,556,1566
p00862,p00862,s818315518,1517,3604
p00865,p00865,s468269320,313,748
p00865,p00865,s600355931,292,911
p00866,p00866,s671422703,601,1329
p00867,p00867,s333068212,2108,4363
p00869,p00869,s683298538,889,2144
p00870,p00870,s580108339,462,1158
p00870,p00870,s651919810,412,1077
p00872,p00872,s902172523,1393,3266
p00874,p00874,s801749796,297,1069
p00875,p00875,s752836403,499,1181
p00876,p00876,s802330914,679,1493
p00876,p00876,s448125070,548,1241
p00876,p00876,s778849252,542,1236
p00877,p00877,s358403986,2125,5775
p00880,p00880,s448611687,1083,2898
p00880,p00880,s772311297,604,1469
p00880,p00880,s220681148,419,1057
p00881,p00881,s291262720,392,1036
p00884,p00884,s897782700,610,1668
p00884,p00884,s449422601,551,2745
p00884,p00884,s570539710,499,1329
p00884,p00884,s953181439,492,1919
p00884,p00884,s244698300,465,1683
p00885,p00885,s143602561,825,2806
p00885,p00885,s343902066,479,1422
p00885,p00885,s097024475,467,1104
p00885,p00885,s503058545,453,849
p00886,p00886,s002647541,758,2118
p00887,p00887,s632577312,679,1586
p00887,p00887,s165626835,529,1567
p00887,p00887,s373011492,527,1501
p00889,p00889,s220934181,529,1304
p00890,p00890,s753573426,789,1989
p00890,p00890,s445768044,697,1817
p00891,p00891,s612917956,854,1972
p00893,p00893,s741438337,1880,4171
p00894,p00894,s553163269,469,1495
p00894,p00894,s455697012,416,1744
p00894,p00894,s631571771,374,667
p00894,p00894,s745766772,354,520
p00894,p00894,s140557333,354,492
p00895,p00895,s423521037,651,2516
p00897,p00897,s984341390,1313,3790
p00897,p00897,s841613173,1288,3268
p00897,p00897,s334461128,1286,3252
p00897,p00897,s685914827,1286,3252
p00897,p00897,s018575313,1271,3695
p00898,p00898,s927445083,1129,2324
p00898,p00898,s145880237,1116,2278
p00898,p00898,s225015929,1111,2326
p00901,p00901,s560750563,801,2023
p00904,p00904,s490252653,463,1914
p00904,p00904,s784404313,366,654
p00904,p00904,s026376535,362,1170
p00904,p00904,s065965258,285,551
p00905,p00905,s690737796,1060,1853
p00905,p00905,s976040819,1017,2923
p00905,p00905,s676330351,1017,4326
p00905,p00905,s910755745,1017,4326
p00905,p00905,s190162457,751,1822
p00906,p00906,s671818577,791,1811
p00906,p00906,s639217125,764,1804
p00906,p00906,s467733988,687,2022
p00906,p00906,s040988507,537,1175
p00906,p00906,s810554597,537,1177
p00907,p00907,s235316349,261,687
p00909,p00909,s428956218,2209,5762
p00909,p00909,s273922369,732,1503
p00909,p00909,s441055645,730,1482
p00909,p00909,s482733699,730,1482
p00909,p00909,s019930273,726,1478
p00912,p00912,s102099520,325,864
p00915,p00915,s494200510,482,1117
p00915,p00915,s152084553,482,1111
p00915,p00915,s104501586,407,1133
p00915,p00915,s061168271,315,751
p00916,p00916,s448872249,1180,3282
p00916,p00916,s454019170,947,2455
p00916,p00916,s223534660,940,2201
p00917,p00917,s570204236,329,1076
p00917,p00917,s757535261,320,1084
p00919,p00919,s845436225,938,2173
p00920,p00920,s991728840,1065,2454
p00924,p00924,s930678486,659,1494
p00924,p00924,s107121972,523,1551
p00924,p00924,s842121960,466,1606
p00924,p00924,s872004366,427,1226
p00924,p00924,s299490596,299,764
p00925,p00925,s022209310,426,787
p00925,p00925,s317257772,387,1540
p00925,p00925,s866697984,337,1156
p00925,p00925,s459856212,321,737
p00925,p00925,s167968106,319,1068
p00926,p00926,s266111625,399,656
p00926,p00926,s441392585,384,1035
p00927,p00927,s098092049,445,1181
p00929,p00929,s701704435,772,1820
p00929,p00929,s816538302,701,1650
p00929,p00929,s654033152,693,1632
p00929,p00929,s610377734,672,4636
p00929,p00929,s660508524,672,4668
p00935,p00935,s311034299,316,796
p00935,p00935,s457041531,309,982
p00935,p00935,s896132122,301,1042
p00938,p00938,s691245832,559,1302
p00943,p00943,s492185853,766,1865
p00945,p00945,s327921634,344,968
p00945,p00945,s424464589,341,932
p00946,p00946,s731523773,326,978
p00946,p00946,s003737360,304,855
p00946,p00946,s472309394,263,767
p00947,p00947,s109795938,920,1986
p00947,p00947,s268837874,594,1361
p00947,p00947,s771150380,414,1184
p00947,p00947,s406772121,374,835
p00947,p00947,s076022222,357,808
p00948,p00948,s806542592,648,2292
p00948,p00948,s337677545,488,1180
p00948,p00948,s839196966,427,1252
p00948,p00948,s129881740,404,1006
p00948,p00948,s755396734,374,929
p00949,p00949,s184138403,674,1708
p00949,p00949,s214230660,614,1560
p00949,p00949,s261109502,614,1560
p00950,p00950,s538812874,815,2167
p00950,p00950,s637948149,810,2238
p00952,p00952,s035959120,342,962
p00952,p00952,s921664209,321,908
p00958,p00958,s174515691,627,1505
p00965,p00965,s341143621,317,892
p00968,p00968,s128829496,422,1285
p00968,p00968,s210509398,277,1090
p00971,p00971,s622210708,664,1725
p00971,p00971,s782497218,537,2504
p00974,p00974,s307740625,352,1094
p00979,p00979,s315323919,300,891
p00990,p00990,s089615778,797,2111
p00990,p00990,s961969791,599,1792
p00990,p00990,s002078126,445,1185
p00990,p00990,s860241332,379,848
p00990,p00990,s544369925,266,560
p00991,p00991,s485493751,475,747
p00991,p00991,s476162348,442,1278
p00991,p00991,s606083392,439,887
p00991,p00991,s146338250,435,832
p00991,p00991,s689229197,427,981
p00993,p00993,s037753951,729,2139
p00997,p00997,s005708263,471,1283
p00998,p00998,s059115605,994,3332
p00999,p00999,s874681100,385,760
p00999,p00999,s129716806,277,740
p00999,p00999,s310465381,259,601
p01000,p01000,s240467006,890,2087
p01000,p01000,s048168981,750,1443
p01000,p01000,s996005919,646,1120
p01000,p01000,s266731976,554,1302
p01002,p01002,s376076755,1006,2299
p01005,p01005,s879755396,1307,4822
p01005,p01005,s292895558,750,2937
p01007,p01007,s790681550,957,2036
p01007,p01007,s142940893,883,1824
p01007,p01007,s921371811,841,1437
p01007,p01007,s503035339,809,1723
p01007,p01007,s120894369,764,1406
p01009,p01009,s645657673,532,1622
p01009,p01009,s854693016,503,1466
p01010,p01010,s396298118,1690,4621
p01013,p01013,s762634060,1134,2906
p01014,p01014,s108323444,1208,3007
p01017,p01017,s961236373,514,1206
p01017,p01017,s836024470,422,1395
p01017,p01017,s749256499,398,950
p01017,p01017,s859016653,378,658
p01017,p01017,s561476214,369,946
p01018,p01018,s350746009,753,2134
p01018,p01018,s824464216,677,1697
p01020,p01020,s053388276,288,734
p01020,p01020,s955242988,280,878
p01021,p01021,s581865519,930,2627
p01021,p01021,s116298580,411,1238
p01022,p01022,s677464144,537,1672
p01023,p01023,s818621334,1132,2922
p01023,p01023,s731183671,1131,2921
p01024,p01024,s387719499,296,1066
p01029,p01029,s455839483,549,1435
p01030,p01030,s165588383,911,2456
p01037,p01037,s065071538,352,1411
p01037,p01037,s623652489,323,821
p01038,p01038,s232138613,433,1244
p01038,p01038,s433819114,310,868
p01039,p01039,s522310856,634,1652
p01040,p01040,s899044917,291,1001
p01049,p01049,s116298191,332,928
p01050,p01050,s141367384,355,1042
p01050,p01050,s215733293,308,1210
p01051,p01051,s700046621,909,2287
p01052,p01052,s491671104,296,804
p01053,p01053,s500018331,509,1362
p01054,p01054,s490568092,274,803
p01061,p01061,s396349881,319,846
p01063,p01063,s461562122,948,1804
p01064,p01064,s574273233,351,1187
p01065,p01065,s985142020,476,1053
p01066,p01066,s972989042,1773,4444
p01070,p01070,s223048616,987,2866
p01070,p01070,s690755425,965,2814
p01070,p01070,s168119686,854,2458
p01072,p01072,s230147177,277,567
p01073,p01073,s895491223,406,990
p01074,p01074,s763753836,348,840
p01074,p01074,s034695649,291,571
p01075,p01075,s219766004,826,2226
p01075,p01075,s763432701,795,2148
p01075,p01075,s284902435,753,2052
p01075,p01075,s709994169,753,2052
p01075,p01075,s406935172,724,1547
p01080,p01080,s171255836,741,2043
p01080,p01080,s666381191,652,1589
p01085,p01085,s172230372,583,2186
p01085,p01085,s513948845,548,2126
p01085,p01085,s063113316,299,722
p01085,p01085,s956533937,263,689
p01086,p01086,s079658692,611,2351
p01086,p01086,s958877003,417,1183
p01086,p01086,s794795311,417,1183
p01086,p01086,s340664109,399,2055
p01086,p01086,s467613246,396,2562
p01087,p01087,s899970172,944,2968
p01087,p01087,s326320619,583,1273
p01087,p01087,s383237586,453,1036
p01087,p01087,s335109819,412,1508
p01087,p01087,s872370664,334,1020
p01088,p01088,s725504443,1107,4643
p01088,p01088,s059997990,1101,3370
p01088,p01088,s575611049,587,1275
p01088,p01088,s464595632,498,1209
p01089,p01089,s131317181,353,900
p01093,p01093,s931786460,526,2080
p01093,p01093,s778845909,507,1969
p01093,p01093,s024771374,348,1139
p01093,p01093,s837774515,343,1431
p01093,p01093,s116779649,317,1305
p01094,p01094,s239868622,969,3262
p01094,p01094,s543196180,966,3920
p01094,p01094,s009738848,629,2404
p01094,p01094,s688145217,415,1916
p01094,p01094,s630694455,318,1261
p01096,p01096,s623048923,478,1075
p01096,p01096,s456104730,477,2326
p01096,p01096,s742272474,389,921
p01096,p01096,s530942985,371,867
p01096,p01096,s944084611,347,1089
p01097,p01097,s439701276,538,1679
p01100,p01100,s632563146,1275,3302
p01100,p01100,s936082528,1257,3266
p01100,p01100,s194882718,1248,3269
p01101,p01101,s704189454,568,2160
p01101,p01101,s423613829,564,2145
p01101,p01101,s923791937,433,1308
p01101,p01101,s859842977,380,933
p01101,p01101,s920001602,327,1733
p01102,p01102,s528051612,832,3251
p01102,p01102,s851897445,551,2554
p01102,p01102,s071044930,545,1476
p01102,p01102,s368469763,475,1412
p01102,p01102,s125612378,458,1148
p01103,p01103,s567991739,694,1936
p01103,p01103,s704341281,604,1485
p01103,p01103,s096922753,498,3069
p01103,p01103,s535490740,496,1079
p01103,p01103,s586602401,493,1238
p01104,p01104,s017474940,790,2014
p01104,p01104,s484177839,779,1984
p01104,p01104,s608180521,615,2576
p01104,p01104,s919969059,615,2576
p01104,p01104,s731407045,615,2576
p01105,p01105,s992013783,822,7602
p01107,p01107,s028658018,887,2676
p01107,p01107,s935047903,762,1652
p01107,p01107,s244994189,719,1593
p01107,p01107,s557881752,715,1578
p01107,p01107,s028762207,573,1259
p01110,p01110,s307889972,560,2378
p01110,p01110,s521484250,541,1405
p01110,p01110,s688653278,378,982
p01110,p01110,s544040774,376,1317
p01110,p01110,s030997631,356,1982
p01111,p01111,s579328243,307,1389
p01117,p01117,s743066797,271,916
p01118,p01118,s896490920,344,1119
p01118,p01118,s560710676,279,714
p01118,p01118,s848481472,277,771
p01119,p01119,s795481102,834,2401
p01125,p01125,s827752550,684,2322
p01125,p01125,s335470448,637,3552
p01125,p01125,s731485904,602,2871
p01125,p01125,s686250523,595,1329
p01125,p01125,s514661445,531,1228
p01126,p01126,s056654307,682,2412
p01126,p01126,s418852701,565,1387
p01126,p01126,s151457415,464,1169
p01126,p01126,s028989099,398,1851
p01126,p01126,s858785814,381,891
p01127,p01127,s079456733,1135,2876
p01127,p01127,s031241412,1100,3295
p01127,p01127,s597372170,820,1450
p01127,p01127,s317609309,736,1976
p01127,p01127,s961320227,644,2601
p01128,p01128,s871477904,952,2554
p01128,p01128,s733756923,855,2063
p01128,p01128,s684164776,627,1202
p01130,p01130,s518855192,399,1047
p01130,p01130,s103715643,383,997
p01130,p01130,s446310429,341,1472
p01130,p01130,s611017570,326,956
p01130,p01130,s785816562,325,685
p01131,p01131,s171628560,985,3484
p01131,p01131,s867093135,758,1742
p01131,p01131,s678630436,709,2423
p01131,p01131,s315083320,707,2418
p01131,p01131,s602265655,707,2418
p01132,p01132,s870377175,1066,7235
p01132,p01132,s104489706,615,1330
p01132,p01132,s578382976,615,1330
p01132,p01132,s668934335,524,1179
p01132,p01132,s946903001,516,1512
p01133,p01133,s627541300,493,1146
p01133,p01133,s812091091,471,1042
p01133,p01133,s961478607,449,1000
p01133,p01133,s667223867,422,1053
p01133,p01133,s702236494,417,997
p01134,p01134,s939681809,804,1736
p01134,p01134,s125081028,783,1675
p01134,p01134,s630341446,711,1540
p01136,p01136,s614515814,420,937
p01136,p01136,s756093450,418,803
p01136,p01136,s757088569,376,945
p01136,p01136,s873666549,372,906
p01136,p01136,s267257225,291,1030
p01137,p01137,s780878017,433,947
p01137,p01137,s419583639,330,1234
p01137,p01137,s707316262,267,682
p01138,p01138,s392250402,1820,4520
p01138,p01138,s121581833,838,1923
p01138,p01138,s072152672,838,2956
p01138,p01138,s517476790,663,3817
p01138,p01138,s934758679,641,2073
p01139,p01139,s882838675,954,1943
p01139,p01139,s306804104,904,1817
p01139,p01139,s235587746,858,2516
p01139,p01139,s488200803,843,2254
p01139,p01139,s264042390,735,2426
p01140,p01140,s586519943,698,1658
p01140,p01140,s162457873,695,2466
p01140,p01140,s574037581,563,1429
p01140,p01140,s391955391,563,1807
p01140,p01140,s539611760,420,996
p01142,p01142,s370337674,915,2226
p01143,p01143,s040811723,272,2448
p01144,p01144,s335277831,634,2428
p01144,p01144,s434895158,381,2123
p01144,p01144,s185939546,348,719
p01144,p01144,s061489857,346,1247
p01144,p01144,s229834464,335,840
p01145,p01145,s886351077,389,1016
p01146,p01146,s859317762,1175,4321
p01146,p01146,s110956533,990,2471
p01146,p01146,s835774646,981,2438
p01146,p01146,s096472456,978,2456
p01146,p01146,s912751457,955,2437
p01147,p01147,s590447842,1019,3259
p01147,p01147,s258229432,798,2140
p01149,p01149,s759450753,411,1335
p01149,p01149,s857095681,317,718
p01149,p01149,s319070793,314,858
p01149,p01149,s372573667,265,713
p01150,p01150,s637712701,1204,3682
p01150,p01150,s737085626,574,1027
p01151,p01151,s385014400,480,1392
p01151,p01151,s428814930,404,1265
p01151,p01151,s427958854,350,1026
p01151,p01151,s068901728,341,858
p01153,p01153,s215111834,278,649
p01153,p01153,s420514019,273,637
p01155,p01155,s702468449,599,1220
p01156,p01156,s961911770,555,1628
p01156,p01156,s811628424,554,1514
p01156,p01156,s259473316,333,978
p01158,p01158,s103755222,1295,3561
p01163,p01163,s555494380,523,1451
p01163,p01163,s935725940,520,1458
p01163,p01163,s407576914,509,1466
p01163,p01163,s068230808,503,1527
p01163,p01163,s400054431,494,1499
p01164,p01164,s230317767,869,2229
p01164,p01164,s165618392,844,2167
p01164,p01164,s334762442,844,2201
p01168,p01168,s946792217,538,1689
p01168,p01168,s375857371,405,1139
p01168,p01168,s504312290,394,1109
p01171,p01171,s899646685,731,2013
p01171,p01171,s074210113,314,853
p01172,p01172,s786666774,277,766
p01173,p01173,s053374278,1499,3599
p01181,p01181,s815170085,810,1873
p01181,p01181,s654025475,465,1153
p01184,p01184,s507959431,813,2177
p01187,p01187,s008498930,587,1644
p01187,p01187,s792166978,499,1433
p01192,p01192,s580358651,616,1745
p01192,p01192,s694565375,469,1314
p01192,p01192,s557203517,464,1291
p01192,p01192,s734705289,449,1718
p01192,p01192,s429406133,437,1234
p01193,p01193,s980628171,364,1188
p01199,p01199,s431562047,1002,2617
p01201,p01201,s967715312,2467,5123
p01201,p01201,s474867793,2442,8093
p01201,p01201,s028503480,2274,4728
p01202,p01202,s921465927,456,1202
p01202,p01202,s051418359,343,857
p01202,p01202,s215844388,273,774
p01205,p01205,s067911650,344,863
p01206,p01206,s691108801,779,1789
p01207,p01207,s937731744,910,2492
p01207,p01207,s789256226,638,1645
p01207,p01207,s508631277,619,1676
p01208,p01208,s008573704,1628,4089
p01209,p01209,s504788235,446,1515
p01209,p01209,s004547421,293,794
p01212,p01212,s983539779,926,2083
p01212,p01212,s929313481,833,3012
p01212,p01212,s743361961,769,1724
p01213,p01213,s601359332,775,2247
p01213,p01213,s459439348,486,1063
p01213,p01213,s832402163,442,978
p01219,p01219,s205511754,514,1386
p01223,p01223,s457671161,306,564
p01223,p01223,s856047456,296,707
p01224,p01224,s511653146,701,1883
p01225,p01225,s800486446,1412,3045
p01225,p01225,s713329657,1116,1741
p01226,p01226,s388651644,1217,7336
p01226,p01226,s960691467,1054,3880
p01226,p01226,s574421245,1019,2360
p01226,p01226,s024783436,873,3016
p01227,p01227,s454373609,402,1073
p01227,p01227,s897415475,356,712
p01227,p01227,s997498789,338,879
p01227,p01227,s502683835,334,905
p01227,p01227,s743214715,334,873
p01228,p01228,s761695654,820,2344
p01228,p01228,s466634265,678,1477
p01228,p01228,s021858278,564,1585
p01228,p01228,s927217660,536,1225
p01228,p01228,s465566784,468,1215
p01229,p01229,s278447462,425,1069
p01231,p01231,s276739722,484,1199
p01231,p01231,s944873471,460,1142
p01231,p01231,s554179881,460,1145
p01232,p01232,s955876160,819,1999
p01232,p01232,s684685089,816,3065
p01232,p01232,s432807517,809,1963
p01233,p01233,s352240446,842,2010
p01235,p01235,s438730653,2458,5894
p01235,p01235,s605175216,2458,5894
p01235,p01235,s010046610,2446,5869
p01235,p01235,s333536073,2419,5807
p01235,p01235,s030057240,2402,5753
p01236,p01236,s603574654,1199,3437
p01238,p01238,s432341294,325,1003
p01240,p01240,s676084672,1134,3016
p01244,p01244,s521563775,490,2199
p01248,p01248,s283895130,351,869
p01249,p01249,s519103159,598,1803
p01249,p01249,s926156409,430,1481
p01249,p01249,s960804015,404,992
p01251,p01251,s774919533,793,1915
p01254,p01254,s317142708,1163,2707
p01254,p01254,s528541355,1153,2670
p01254,p01254,s274754016,1088,2555
p01254,p01254,s362064839,990,2336
p01254,p01254,s346448870,983,2336
p01255,p01255,s700524496,2291,6025
p01256,p01256,s817531765,966,2553
p01257,p01257,s569912357,594,1730
p01257,p01257,s901375271,345,948
p01258,p01258,s767713575,315,778
p01260,p01260,s062043128,406,2013
p01261,p01261,s232179435,631,1671
p01261,p01261,s422010754,354,783
p01263,p01263,s703663253,1671,5238
p01267,p01267,s838654601,311,1010
p01267,p01267,s931923287,311,701
p01267,p01267,s342136644,291,1275
p01268,p01268,s984208929,678,1936
p01268,p01268,s377175975,678,1936
p01268,p01268,s787662529,673,2021
p01268,p01268,s664737092,673,2021
p01268,p01268,s693086318,643,1968
p01269,p01269,s873227942,1112,4176
p01269,p01269,s659542485,949,2429
p01269,p01269,s100882465,934,2458
p01269,p01269,s805018183,908,2218
p01269,p01269,s519103734,884,2098
p01270,p01270,s117114214,477,1365
p01270,p01270,s400706901,460,1358
p01271,p01271,s562298011,1198,2713
p01271,p01271,s245744682,871,2004
p01271,p01271,s000151398,852,1955
p01271,p01271,s677635907,816,1913
p01271,p01271,s389146178,747,2074
p01273,p01273,s795073829,596,1531
p01273,p01273,s565300988,590,1565
p01273,p01273,s065185394,374,1032
p01273,p01273,s748981493,330,926
p01273,p01273,s180856045,319,834
p01274,p01274,s869782785,469,844
p01275,p01275,s066375816,494,1266
p01275,p01275,s979476593,438,1322
p01275,p01275,s058395007,373,822
p01275,p01275,s584418759,267,609
p01280,p01280,s214618024,664,1604
p01280,p01280,s898008349,633,1569
p01280,p01280,s081363217,563,1399
p01281,p01281,s566246268,605,1419
p01281,p01281,s764457023,488,1136
p01281,p01281,s796818461,478,716
p01282,p01282,s199662914,1050,2606
p01282,p01282,s317196681,715,1788
p01282,p01282,s792789288,710,1783
p01283,p01283,s505135490,653,2400
p01283,p01283,s804694939,311,656
p01283,p01283,s426068528,293,677
p01283,p01283,s893722918,288,783
p01283,p01283,s030159889,267,786
p01284,p01284,s438095024,364,954
p01284,p01284,s283760131,326,887
p01284,p01284,s622542596,282,594
p01286,p01286,s044312968,1123,2911
p01287,p01287,s646962695,1035,1894
p01287,p01287,s126629937,1012,1868
p01287,p01287,s981763340,972,1808
p01288,p01288,s585875180,561,1728
p01288,p01288,s098041571,561,1728
p01288,p01288,s718025174,553,1799
p01288,p01288,s580127711,547,1732
p01288,p01288,s594445784,541,2102
p01293,p01293,s823915406,646,2525
p01293,p01293,s768066357,419,1393
p01293,p01293,s653651407,390,814
p01293,p01293,s589908347,387,985
p01293,p01293,s354615297,387,981
p01294,p01294,s096417590,500,1250
p01295,p01295,s937939901,316,803
p01295,p01295,s077033019,268,1035
p01296,p01296,s236329906,1301,3532
p01296,p01296,s077314395,976,3795
p01300,p01300,s203033725,376,713
p01300,p01300,s391664865,274,627
p01300,p01300,s453445433,269,708
p01304,p01304,s581016875,506,1415
p01304,p01304,s528177197,447,1234
p01304,p01304,s914734989,447,1234
p01304,p01304,s460403552,447,1234
p01304,p01304,s050470565,447,1234
p01305,p01305,s402972043,563,1335
p01305,p01305,s732834438,413,1106
p01305,p01305,s543465938,296,890
p01306,p01306,s384605135,541,1403
p01306,p01306,s730195956,532,1605
p01306,p01306,s625628462,517,1001
p01306,p01306,s418171392,514,947
p01306,p01306,s456658634,458,1462
p01308,p01308,s996195452,689,1787
p01308,p01308,s374789022,572,1426
p01308,p01308,s653131205,444,981
p01308,p01308,s678868104,413,1554
p01309,p01309,s778986042,777,2046
p01309,p01309,s658288651,622,1609
p01309,p01309,s189308766,560,1442
p01311,p01311,s332586100,1037,2933
p01311,p01311,s472467422,1000,3052
p01313,p01313,s749985975,1236,2448
p01313,p01313,s454185481,1219,2444
p01314,p01314,s706224864,611,1698
p01315,p01315,s630589259,760,2640
p01315,p01315,s747554218,627,1277
p01315,p01315,s759831637,486,987
p01315,p01315,s212409236,461,980
p01315,p01315,s623164339,454,1648
p01316,p01316,s644210267,682,2346
p01316,p01316,s251444774,591,1440
p01316,p01316,s915692104,575,1537
p01316,p01316,s140450870,557,1386
p01316,p01316,s304548479,530,1334
p01317,p01317,s327420281,706,1539
p01317,p01317,s256164380,704,1225
p01317,p01317,s900148452,682,1465
p01317,p01317,s917585839,627,1259
p01318,p01318,s910926229,1848,4448
p01318,p01318,s432810881,1846,4446
p01318,p01318,s920416173,462,1122
p01321,p01321,s084827695,274,815
p01321,p01321,s411317848,268,738
p01321,p01321,s161171572,268,738
p01321,p01321,s799447321,268,738
p01322,p01322,s919314248,301,691
p01322,p01322,s024319419,283,833
p01322,p01322,s280645784,269,706
p01322,p01322,s389517783,261,600
p01323,p01323,s759224119,1174,3144
p01323,p01323,s466554589,1152,3879
p01323,p01323,s697686810,1083,2191
p01323,p01323,s010177908,1067,2654
p01323,p01323,s772086288,971,3147
p01324,p01324,s326670648,693,1995
p01324,p01324,s612063385,575,1422
p01324,p01324,s994835807,572,1758
p01325,p01325,s801978906,594,1648
p01325,p01325,s917761971,488,1272
p01325,p01325,s338658554,424,1054
p01325,p01325,s918878507,400,1119
p01325,p01325,s846241080,400,1119
p01326,p01326,s154010252,1728,5088
p01326,p01326,s811652513,1138,2922
p01326,p01326,s324989160,487,1311
p01327,p01327,s276572277,528,1376
p01329,p01329,s583577926,1329,3069
p01331,p01331,s517265538,727,1755
p01331,p01331,s169788379,709,1726
p01333,p01333,s489298968,362,833
p01334,p01334,s614746732,504,1180
p01334,p01334,s641014899,411,1301
p01334,p01334,s800378698,370,1000
p01334,p01334,s353743183,336,807
p01334,p01334,s640971949,298,694
p01335,p01335,s162011902,798,2918
p01335,p01335,s757024988,686,1288
p01335,p01335,s258004713,504,975
p01336,p01336,s427000151,346,960
p01336,p01336,s383699505,299,765
p01337,p01337,s509950071,671,1603
p01337,p01337,s127044955,526,1311
p01337,p01337,s777420699,524,1429
p01339,p01339,s625856414,989,2629
p01340,p01340,s733154730,541,1257
p01347,p01347,s597653329,1143,3051
p01349,p01349,s263305552,1177,5570
p01349,p01349,s190149120,1032,1859
p01349,p01349,s244256357,736,1547
p01349,p01349,s649749958,675,1628
p01349,p01349,s019508080,634,1308
p01350,p01350,s841098625,873,1881
p01350,p01350,s028781808,851,1826
p01351,p01351,s819657375,612,1465
p01352,p01352,s955126250,1969,5590
p01353,p01353,s505187468,425,1045
p01353,p01353,s907953827,422,1052
p01354,p01354,s659006695,270,780
p01356,p01356,s382133146,529,1441
p01358,p01358,s362827730,1052,2536
p01358,p01358,s393651768,577,1426
p01358,p01358,s367470216,573,1357
p01358,p01358,s036233132,569,1454
p01358,p01358,s320106848,524,886
p01359,p01359,s740548954,295,996
p01359,p01359,s298343381,256,1144
p01360,p01360,s272273816,578,1169
p01360,p01360,s990778090,397,1862
p01360,p01360,s896886605,300,909
p01360,p01360,s331973469,264,814
p01362,p01362,s647032807,800,1611
p01362,p01362,s654835665,732,1316
p01362,p01362,s757663623,633,1269
p01362,p01362,s830424652,624,1140
p01362,p01362,s936170960,381,1148
p01366,p01366,s600810591,1170,3040
p01366,p01366,s607436737,1141,2883
p01366,p01366,s729630090,1131,2883
p01366,p01366,s761653613,936,2393
p01366,p01366,s203118182,904,2385
p01367,p01367,s660407400,407,1060
p01368,p01368,s777713783,687,1677
p01368,p01368,s073168698,670,1625
p01368,p01368,s259938050,616,1483
p01368,p01368,s235718626,532,764
p01368,p01368,s589410552,532,835
p01388,p01388,s063131303,303,1040
p01389,p01389,s483024170,578,1229
p01389,p01389,s062885022,425,734
p01389,p01389,s563141235,362,1663
p01389,p01389,s763740801,356,604
p01389,p01389,s201714381,349,896
p01392,p01392,s400349607,1203,3325
p01392,p01392,s790133766,1200,3312
p01392,p01392,s019421829,1120,3191
p01392,p01392,s514133332,817,2166
p01392,p01392,s139677125,805,2153
p01398,p01398,s149549056,320,768
p01398,p01398,s551145736,291,698
p01398,p01398,s816166603,267,576
p01398,p01398,s021154533,260,469
p01400,p01400,s913185739,983,2565
p01400,p01400,s152834643,789,1992
p01400,p01400,s251960702,380,694
p01401,p01401,s905113323,884,2134
p01401,p01401,s694164582,547,1294
p01401,p01401,s247905566,462,954
p01402,p01402,s289406488,437,1265
p01403,p01403,s950583345,325,1128
p01403,p01403,s600130886,259,964
p01407,p01407,s072172154,1644,4101
p01407,p01407,s101948412,1465,3502
p01407,p01407,s572419465,1406,3352
p01409,p01409,s894018418,1864,5590
p01409,p01409,s405794424,681,2051
p01410,p01410,s949100696,1362,3554
p01410,p01410,s508001491,1331,3446
p01410,p01410,s287915244,1280,3386
p01410,p01410,s611166951,1219,3242
p01410,p01410,s417906091,1215,3222
p01412,p01412,s914278635,372,895
p01416,p01416,s941896005,845,1710
p01416,p01416,s280137267,553,1401
p01416,p01416,s474160240,549,1398
p01416,p01416,s682833506,522,1334
p01416,p01416,s018286241,486,1251
p01417,p01417,s073636610,578,1329
p01418,p01418,s212806323,259,712
p01419,p01419,s080482433,936,2041
p01419,p01419,s255812028,906,1966
p01420,p01420,s303475616,638,1458
p01421,p01421,s689448174,859,2405
p01422,p01422,s240119830,282,705
p01423,p01423,s295924305,422,1027
p01425,p01425,s301634045,688,1803
p01427,p01427,s304775272,438,968
p01428,p01428,s806503360,1044,3695
p01428,p01428,s855223113,926,2822
p01428,p01428,s598642716,919,4703
p01428,p01428,s524005912,917,3353
p01428,p01428,s694849998,810,1805
p01429,p01429,s886087868,492,1213
p01430,p01430,s221673264,843,1952
p01430,p01430,s091412977,782,1612
p01430,p01430,s389413171,782,1612
p01430,p01430,s658818379,779,1611
p01430,p01430,s315375339,744,2297
p01434,p01434,s046858932,762,2032
p01434,p01434,s406817332,744,1999
p01434,p01434,s781366822,672,2016
p01437,p01437,s902858144,612,1563
p01437,p01437,s857429601,560,5238
p01437,p01437,s295084133,458,1058
p01437,p01437,s531185004,443,836
p01438,p01438,s659557603,314,586
p01438,p01438,s864123412,287,881
p01438,p01438,s730417221,257,515
p01439,p01439,s372982268,636,2047
p01443,p01443,s265122236,448,1193
p01444,p01444,s075084171,524,1313
p01445,p01445,s093483454,1778,4257
p01445,p01445,s689301322,1768,4203
p01445,p01445,s966005333,1724,4239
p01448,p01448,s694237184,557,2181
p01449,p01449,s247417691,743,2103
p01449,p01449,s192200026,427,1533
p01450,p01450,s181338346,874,2984
p01450,p01450,s376823462,444,989
p01451,p01451,s599159269,1007,2396
p01451,p01451,s097972942,1004,2442
p01451,p01451,s905720547,978,2367
p01452,p01452,s424034086,658,1940
p01452,p01452,s471476545,487,1010
p01452,p01452,s914618577,487,1010
p01452,p01452,s877402356,422,1097
p01457,p01457,s819120279,287,908
p01459,p01459,s741867686,990,2017
p01459,p01459,s016114786,976,2041
p01460,p01460,s590932965,2206,7160
p01461,p01461,s012685448,356,767
p01462,p01462,s164451271,282,650
p01465,p01465,s218548683,700,2036
p01467,p01467,s659766147,519,1206
p01467,p01467,s278954673,429,992
p01467,p01467,s596632647,333,602
p01467,p01467,s643285605,322,718
p01467,p01467,s699010723,267,543
p01468,p01468,s618646348,1074,2920
p01468,p01468,s725036643,1074,2919
p01468,p01468,s251966432,1074,2919
p01469,p01469,s571010683,865,3319
p01469,p01469,s648349594,798,3147
p01469,p01469,s364411649,798,3108
p01469,p01469,s774479973,739,2952
p01470,p01470,s095975534,443,1446
p01470,p01470,s995624356,428,1329
p01471,p01471,s062749348,400,1142
p01473,p01473,s607813294,373,946
p01473,p01473,s475622356,368,948
p01473,p01473,s477215725,265,1068
p01478,p01478,s273640000,1595,5385
p01478,p01478,s205969860,715,1842
p01478,p01478,s885249315,699,1795
p01478,p01478,s955382506,658,1917
p01480,p01480,s771964989,435,884
p01481,p01481,s243202930,840,2030
p01481,p01481,s368280837,829,2492
p01481,p01481,s153273441,825,1788
p01481,p01481,s321034276,720,1528
p01481,p01481,s954203580,687,1544
p01482,p01482,s959242667,695,2928
p01484,p01484,s124781613,740,2561
p01484,p01484,s784362350,709,2467
p01486,p01486,s518256125,317,870
p01486,p01486,s528854793,309,687
p01486,p01486,s858058620,289,1839
p01488,p01488,s303057574,1626,4083
p01488,p01488,s463586367,1615,4052
p01489,p01489,s922126147,643,1378
p01493,p01493,s510160334,283,690
p01497,p01497,s654764559,785,2184
p01498,p01498,s018449183,489,1277
p01499,p01499,s655264261,369,984
p01499,p01499,s947551948,279,781
p01501,p01501,s288468547,1367,3461
p01511,p01511,s429598632,933,2249
p01522,p01522,s113042838,349,871
p01522,p01522,s810344884,314,790
p01522,p01522,s986731688,313,664
p01522,p01522,s054894021,304,959
p01522,p01522,s127633491,297,839
p01523,p01523,s364795500,575,1648
p01523,p01523,s880495993,366,1013
p01523,p01523,s204118501,353,1032
p01523,p01523,s142397418,315,560
p01523,p01523,s343192219,266,678
p01526,p01526,s098069021,623,1554
p01526,p01526,s949908897,623,1554
p01526,p01526,s921653131,550,1485
p01526,p01526,s412117474,542,1606
p01527,p01527,s991684795,284,664
p01527,p01527,s840441245,283,666
p01529,p01529,s530492428,373,842
p01531,p01531,s535824277,626,1440
p01531,p01531,s425975579,552,1721
p01531,p01531,s989081216,552,1721
p01531,p01531,s740648816,432,2931
p01532,p01532,s065699889,336,2162
p01532,p01532,s263359593,310,1276
p01532,p01532,s366570583,270,710
p01533,p01533,s331511539,1858,5888
p01533,p01533,s702232631,1025,2489
p01533,p01533,s852281491,1017,2486
p01534,p01534,s294408574,485,1550
p01534,p01534,s273107233,465,934
p01534,p01534,s159682396,384,1011
p01535,p01535,s136732255,2298,7067
p01536,p01536,s477078312,1769,8265
p01537,p01537,s763505047,965,2397
p01537,p01537,s598529939,965,2399
p01537,p01537,s877582066,956,2411
p01538,p01538,s648721626,665,2402
p01538,p01538,s194164592,349,1104
p01538,p01538,s017286129,295,672
p01538,p01538,s261794853,290,858
p01538,p01538,s553916406,281,665
p01539,p01539,s229464272,1108,2584
p01539,p01539,s920540782,1098,2588
p01539,p01539,s908680175,1090,2601
p01540,p01540,s343452216,893,2352
p01540,p01540,s707360279,887,2035
p01540,p01540,s036540747,882,1988
p01540,p01540,s352633360,617,1477
p01540,p01540,s517754857,296,1065
p01542,p01542,s657846958,1167,3792
p01542,p01542,s498376780,968,2286
p01542,p01542,s231123056,855,3026
p01543,p01543,s188421439,1615,4081
p01544,p01544,s377159039,681,1813
p01545,p01545,s921980217,416,1130
p01545,p01545,s864906859,258,678
p01549,p01549,s968437222,935,2831
p01549,p01549,s018980494,805,2218
p01549,p01549,s913865987,603,1671
p01551,p01551,s562293148,1379,3232
p01551,p01551,s842899508,1202,2701
p01552,p01552,s116110150,468,1667
p01552,p01552,s890542713,382,1082
p01552,p01552,s394153050,377,958
p01552,p01552,s821325794,377,958
p01552,p01552,s380729274,377,955
p01553,p01553,s377258772,382,922
p01553,p01553,s083517235,380,730
p01553,p01553,s719070572,303,664
p01554,p01554,s596651615,456,1309
p01554,p01554,s609812303,407,987
p01554,p01554,s773151550,382,985
p01554,p01554,s034882037,382,985
p01554,p01554,s607907568,308,1058
p01555,p01555,s970490103,1300,3849
p01555,p01555,s917013497,629,1717
p01555,p01555,s873225571,611,2090
p01555,p01555,s265408549,357,1180
p01555,p01555,s794686698,355,901
p01557,p01557,s130645915,572,1608
p01557,p01557,s772499203,561,1554
p01557,p01557,s146715182,548,1508
p01557,p01557,s831746510,548,1507
p01558,p01558,s153490546,1268,4538
p01558,p01558,s557137827,844,1843
p01558,p01558,s366278649,844,1849
p01558,p01558,s887559149,843,1821
p01558,p01558,s190224190,840,1809
p01561,p01561,s675240887,966,2195
p01561,p01561,s706861073,959,2180
p01561,p01561,s992659220,925,2050
p01561,p01561,s581122897,892,1999
p01563,p01563,s248090133,635,1394
p01570,p01570,s776695216,642,1628
p01570,p01570,s977730947,628,1595
p01570,p01570,s796235385,620,1565
p01571,p01571,s103517888,1821,4511
p01571,p01571,s327549193,1794,4359
p01571,p01571,s817120003,1786,4392
p01571,p01571,s648695057,1775,4351
p01592,p01592,s504828641,319,869
p01592,p01592,s939347612,309,850
p01600,p01600,s019997628,884,3855
p01600,p01600,s144711670,297,741
p01601,p01601,s299523666,406,1243
p01601,p01601,s648285098,392,1051
p01604,p01604,s196842012,956,2510
p01604,p01604,s957324137,392,947
p01604,p01604,s835424029,331,672
p01606,p01606,s471551800,513,1367
p01606,p01606,s353076735,475,1106
p01606,p01606,s851289780,411,979
p01606,p01606,s728210985,393,1067
p01610,p01610,s139407071,1354,2884
p01610,p01610,s969054598,1323,2043
p01610,p01610,s798340496,700,1084
p01620,p01620,s667427868,550,2161
p01620,p01620,s658924593,449,2122
p01620,p01620,s153782193,403,1866
p01620,p01620,s024258106,299,1252
p01620,p01620,s195341996,288,714
p01621,p01621,s204527463,650,1648
p01621,p01621,s583953525,636,1607
p01622,p01622,s055340975,701,2448
p01622,p01622,s813284814,391,970
p01622,p01622,s071805693,359,1197
p01622,p01622,s566718466,315,914
p01624,p01624,s910011999,1206,4778
p01628,p01628,s326021059,816,2013
p01628,p01628,s696308437,640,2104
p01629,p01629,s098039948,883,2189
p01629,p01629,s817704495,400,788
p01631,p01631,s724904541,932,2458
p01632,p01632,s233973268,647,1162
p01646,p01646,s312449694,459,1223
p01646,p01646,s567842780,356,872
p01646,p01646,s457194507,307,534
p01648,p01648,s782267295,622,1333
p01648,p01648,s283107537,594,1468
p01648,p01648,s338589542,585,1524
p01648,p01648,s655589328,500,1291
p01650,p01650,s464264082,881,1946
p01650,p01650,s182325312,854,1893
p01651,p01651,s966104090,549,1656
p01655,p01655,s853314054,950,1965
p01658,p01658,s965178574,368,920
p01658,p01658,s662043134,344,577
p01658,p01658,s721323270,289,770
p01661,p01661,s241018467,551,1222
p01661,p01661,s227205257,547,1224
p01668,p01668,s752059729,677,1817
p01676,p01676,s889917061,355,999
p01677,p01677,s465746088,522,1234
p01677,p01677,s188048880,491,1634
p01677,p01677,s178590614,455,1017
p01677,p01677,s566153869,371,1155
p01677,p01677,s586971506,318,975
p01678,p01678,s124575572,4011,9853
p01678,p01678,s066427786,581,1096
p01678,p01678,s630164252,492,1140
p01678,p01678,s502792586,405,1053
p01682,p01682,s752249323,634,2226
p01682,p01682,s424591383,404,1180
p01682,p01682,s264640188,394,1133
p01682,p01682,s293530104,314,977
p01687,p01687,s146593197,364,1159
p01687,p01687,s308898570,273,932
p01688,p01688,s922240304,468,1422
p01688,p01688,s931683216,353,890
p01688,p01688,s511820514,325,806
p01688,p01688,s034915555,295,646
p01688,p01688,s998165121,273,539
p01689,p01689,s746824615,874,1527
p01690,p01690,s086267524,931,1885
p01690,p01690,s651101224,830,1664
p01690,p01690,s255909026,548,1136
p01690,p01690,s562956271,531,885
p01691,p01691,s390202622,1712,4460
p01693,p01693,s239922327,1066,2864
p01693,p01693,s899494091,1048,2866
p01693,p01693,s003334204,1034,2819
p01694,p01694,s404598200,536,2068
p01694,p01694,s563251098,364,739
p01694,p01694,s801566616,360,964
p01694,p01694,s053615042,292,671
p01694,p01694,s465790743,292,822
p01695,p01695,s860972055,703,2559
p01695,p01695,s955274826,449,1425
p01695,p01695,s390368025,333,964
p01695,p01695,s957899654,332,655
p01695,p01695,s662103044,323,1274
p01696,p01696,s577689506,742,2750
p01696,p01696,s762372810,715,2682
p01696,p01696,s974010227,468,934
p01696,p01696,s720544166,371,1175
p01696,p01696,s710885236,339,988
p01698,p01698,s347077319,1248,2619
p01698,p01698,s987459249,839,2100
p01701,p01701,s022247803,523,1391
p01701,p01701,s442672965,473,2687
p01701,p01701,s983957325,321,958
p01701,p01701,s611178275,304,852
p01701,p01701,s798518468,278,780
p01702,p01702,s909998473,414,843
p01702,p01702,s394771548,393,954
p01702,p01702,s264558928,390,1019
p01702,p01702,s412852986,341,827
p01702,p01702,s333915594,314,849
p01707,p01707,s987126911,369,973
p01708,p01708,s440607847,1554,3594
p01712,p01712,s225969228,701,2293
p01712,p01712,s392229046,376,954
p01712,p01712,s885227911,369,1006
p01712,p01712,s903319015,341,1309
p01712,p01712,s494905194,339,746
p01713,p01713,s817872520,600,1448
p01713,p01713,s578705769,339,964
p01713,p01713,s881327841,266,652
p01715,p01715,s050641482,672,1634
p01719,p01719,s956865092,308,602
p01719,p01719,s234167444,268,594
p01720,p01720,s256933986,1049,3081
p01720,p01720,s137471682,881,2290
p01720,p01720,s216297549,730,1562
p01720,p01720,s091099483,658,1413
p01721,p01721,s258175430,379,1086
p01722,p01722,s090257283,355,1333
p01724,p01724,s514586915,958,2273
p01725,p01725,s406751763,729,2524
p01725,p01725,s841195800,659,1782
p01726,p01726,s158000530,425,1091
p01730,p01730,s750123919,740,1866
p01730,p01730,s836859182,732,1834
p01730,p01730,s491630545,732,1853
p01731,p01731,s460121043,301,979
p01731,p01731,s866674243,276,914
p01731,p01731,s629040803,272,716
p01733,p01733,s441045858,373,1056
p01733,p01733,s921897192,365,1047
p01747,p01747,s671481242,779,2033
p01747,p01747,s840331396,757,1995
p01753,p01753,s166968202,781,1811
p01753,p01753,s763729206,546,1652
p01753,p01753,s729882357,523,934
p01753,p01753,s800377345,333,818
p01753,p01753,s740487299,302,764
p01754,p01754,s811301041,604,1606
p01754,p01754,s956568550,604,1605
p01754,p01754,s898665377,339,871
p01754,p01754,s141800336,331,862
p01754,p01754,s084694906,331,863
p01755,p01755,s655001298,963,2211
p01756,p01756,s417138916,1708,4961
p01756,p01756,s514414393,1508,4395
p01756,p01756,s164673240,309,932
p01760,p01760,s396348883,567,1469
p01761,p01761,s229139918,741,2109
p01761,p01761,s191414399,714,2837
p01761,p01761,s136361495,390,742
p01762,p01762,s360234413,534,1131
p01762,p01762,s934956237,516,1485
p01762,p01762,s360555594,488,1169
p01763,p01763,s434446386,343,772
p01764,p01764,s409050383,380,939
p01766,p01766,s942434524,360,745
p01767,p01767,s041213981,663,1721
p01767,p01767,s909560530,608,1578
p01767,p01767,s517709464,311,778
p01767,p01767,s625555585,267,751
p01768,p01768,s689148510,797,1982
p01768,p01768,s650015743,787,1988
p01768,p01768,s856572467,779,1991
p01768,p01768,s409328069,765,1924
p01768,p01768,s046615283,750,1897
p01769,p01769,s926019193,471,1112
p01769,p01769,s251928732,331,495
p01770,p01770,s907654460,762,2331
p01773,p01773,s995264367,772,2142
p01773,p01773,s401882615,458,1199
p01773,p01773,s326760961,353,680
p01774,p01774,s160045068,1621,4540
p01774,p01774,s927978667,1002,1905
p01774,p01774,s743825697,625,1947
p01775,p01775,s707115478,998,2614
p01780,p01780,s614952524,1406,3962
p01781,p01781,s982580874,746,1656
p01782,p01782,s061032302,1365,3252
p01784,p01784,s342858715,435,2058
p01789,p01789,s480242621,371,917
p01803,p01803,s949486169,477,1144
p01803,p01803,s065186953,430,1615
p01803,p01803,s840533386,405,1138
p01803,p01803,s126669300,392,1348
p01803,p01803,s155717392,361,1001
p01804,p01804,s460533094,1353,2083
p01804,p01804,s504250201,1094,2996
p01809,p01809,s091205221,697,1974
p01809,p01809,s694883493,514,2018
p01809,p01809,s906540916,270,760
p01811,p01811,s395806867,454,1101
p01811,p01811,s220537502,348,1231
p01811,p01811,s059630625,256,705
p01812,p01812,s346893204,701,1772
p01812,p01812,s169478008,660,1678
p01812,p01812,s005006825,450,1095
p01812,p01812,s468727577,404,998
p01812,p01812,s682247585,320,741
p01813,p01813,s018475630,529,1231
p01815,p01815,s323564000,673,1494
p01819,p01819,s311546870,284,682
p01819,p01819,s066629609,279,751
p01821,p01821,s908680668,1013,2724
p01821,p01821,s970074115,961,2635
p01824,p01824,s928687100,602,1548
p01828,p01828,s134808213,506,1354
p01828,p01828,s017896922,286,874
p01829,p01829,s082742166,742,1669
p01830,p01830,s239343904,575,1665
p01832,p01832,s343970524,1046,2207
p01832,p01832,s549906356,1010,2151
p01832,p01832,s741706241,966,2119
p01832,p01832,s526355292,900,2022
p01841,p01841,s583951253,872,2355
p01841,p01841,s235420510,651,3314
p01841,p01841,s374922587,511,2159
p01841,p01841,s695074670,467,1216
p01841,p01841,s753549389,286,964
p01842,p01842,s725272837,523,1310
p01845,p01845,s071880245,258,1190
p01846,p01846,s374923031,548,1480
p01846,p01846,s350420198,501,2609
p01846,p01846,s307378595,415,1819
p01846,p01846,s873694743,362,845
p01846,p01846,s399682427,336,802
p01847,p01847,s062317478,443,1220
p01847,p01847,s221817877,406,900
p01848,p01848,s634725894,941,2263
p01848,p01848,s337387533,732,2595
p01848,p01848,s752929097,656,1328
p01849,p01849,s195213709,328,769
p01851,p01851,s301646948,501,1236
p01851,p01851,s771629433,501,1236
p01851,p01851,s458719629,501,1262
p01851,p01851,s487152495,492,1048
p01852,p01852,s868117078,260,764
p01852,p01852,s115457665,260,764
p01853,p01853,s573078872,498,1340
p01858,p01858,s355848842,504,3581
p01858,p01858,s599847458,432,860
p01858,p01858,s836865079,379,925
p01859,p01859,s932794457,300,838
p01859,p01859,s856991401,283,559
p01863,p01863,s492274788,385,988
p01868,p01868,s856912890,363,899
p01868,p01868,s920168322,322,747
p01868,p01868,s330310737,272,591
p01869,p01869,s057915006,906,2450
p01869,p01869,s311993738,867,2325
p01869,p01869,s932758472,791,2184
p01869,p01869,s595344976,693,1814
p01872,p01872,s771708584,330,750
p01872,p01872,s677999953,276,744
p01872,p01872,s185312747,259,596
p01873,p01873,s247650006,297,939
p01880,p01880,s018427479,285,764
p01881,p01881,s655588170,753,1961
p01881,p01881,s330286500,736,1876
p01881,p01881,s244311136,698,1788
p01881,p01881,s687635533,450,1463
p01884,p01884,s638855628,484,1473
p01884,p01884,s346542980,469,1436
p01887,p01887,s782698956,472,1215
p01887,p01887,s259426206,467,1206
p01887,p01887,s321343063,413,1083
p01898,p01898,s026317814,415,909
p01898,p01898,s354687680,376,766
p01898,p01898,s569200371,317,716
p01898,p01898,s082863776,260,504
p01900,p01900,s507794680,339,2658
p01900,p01900,s551512294,311,756
p01900,p01900,s273986022,271,628
p01901,p01901,s889999778,711,2540
p01901,p01901,s520140853,407,972
p01901,p01901,s594504740,399,968
p01901,p01901,s269411925,395,962
p01903,p01903,s059301724,1080,2814
p01906,p01906,s382097261,673,1876
p01906,p01906,s142039662,321,789
p01906,p01906,s839421007,314,1522
p01907,p01907,s589855209,800,2045
p01908,p01908,s261305917,501,1086
p01908,p01908,s296790144,407,809
p01908,p01908,s721250451,262,742
p01909,p01909,s265213589,447,941
p01909,p01909,s007439732,397,927
p01910,p01910,s047774015,1033,2780
p01911,p01911,s160949704,911,2435
p01914,p01914,s369017758,403,1075
p01914,p01914,s806412301,386,1035
p01915,p01915,s706806235,1183,3096
p01917,p01917,s784226984,449,924
p01919,p01919,s925228387,1168,3227
p01919,p01919,s206312506,796,1581
p01919,p01919,s963786795,765,2055
p01920,p01920,s922127654,1036,3016
p01923,p01923,s234075269,279,627
p01924,p01924,s690617766,303,758
p01924,p01924,s135473840,298,746
p01924,p01924,s002697315,264,719
p01925,p01925,s954603215,311,838
p01925,p01925,s718043777,286,824
p01926,p01926,s854716408,326,1077
p01926,p01926,s699446070,295,729
p01928,p01928,s313565512,1232,3194
p01928,p01928,s364103572,1217,3206
p01932,p01932,s277916874,288,1340
p01932,p01932,s338167133,280,780
p01933,p01933,s562077251,274,698
p01934,p01934,s536405711,1213,3139
p01934,p01934,s980740731,790,2090
p01940,p01940,s674339729,304,768
p01941,p01941,s628943884,350,698
p01942,p01942,s343180962,1174,3632
p01944,p01944,s089463869,736,2221
p01946,p01946,s029309726,373,889
p01957,p01957,s311004801,458,1135
p01958,p01958,s777416700,697,1793
p01958,p01958,s082957100,689,1779
p01958,p01958,s719079414,377,1118
p01967,p01967,s498772177,323,750
p01968,p01968,s797773621,385,746
p01968,p01968,s585850705,287,684
p01970,p01970,s441867490,711,2427
p01970,p01970,s985681593,464,1092
p01970,p01970,s660972586,357,1038
p01970,p01970,s509928711,287,861
p01973,p01973,s736340177,832,2202
p01975,p01975,s826445680,289,889
p01975,p01975,s559853849,262,748
p01976,p01976,s752886001,458,977
p01976,p01976,s803571684,420,989
p01976,p01976,s831038473,338,1002
p01977,p01977,s517576212,575,1056
p01978,p01978,s984717351,1157,2966
p01978,p01978,s923974698,963,2281
p01978,p01978,s220198335,963,2281
p01979,p01979,s947707978,360,644
p01979,p01979,s584948123,310,678
p01980,p01980,s181118982,1248,3176
p01980,p01980,s983614164,811,2263
p01983,p01983,s788241299,519,1433
p01983,p01983,s542429510,419,1066
p01983,p01983,s447595447,416,1242
p01983,p01983,s807424273,414,1465
p01983,p01983,s248597624,411,1054
p01984,p01984,s640471284,486,1617
p01984,p01984,s797012419,414,759
p01985,p01985,s767517293,683,1597
p01990,p01990,s469794714,466,1249
p01990,p01990,s644065819,400,776
p01991,p01991,s715845148,4964,15844
p01991,p01991,s708359591,626,2108
p01991,p01991,s241276515,607,1903
p01991,p01991,s257298136,554,1281
p01992,p01992,s566993103,263,710
p01994,p01994,s751478729,297,841
p01995,p01995,s815850837,447,1084
p02000,p02000,s679527935,505,1261
p02003,p02003,s748309817,1312,4487
p02005,p02005,s565084797,668,1810
p02006,p02006,s932977360,282,992
p02007,p02007,s761085324,1303,3933
p02012,p02012,s836389765,277,722
p02013,p02013,s085470817,882,2455
p02023,p02023,s053285493,434,1240
p02023,p02023,s093543805,417,933
p02023,p02023,s035223841,280,709
p02026,p02026,s010652044,1193,3008
p02026,p02026,s672196145,911,2655
p02028,p02028,s673126280,526,1368
p02028,p02028,s838211546,398,1167
p02029,p02029,s891773536,711,2119
p02029,p02029,s090359099,578,1455
p02030,p02030,s307293783,411,1128
p02030,p02030,s116088558,397,1066
p02030,p02030,s042554623,384,810
p02031,p02031,s348690444,262,840
p02032,p02032,s417832412,632,1709
p02033,p02033,s107827639,420,864
p02033,p02033,s762780526,258,541
p02034,p02034,s394275728,329,959
p02035,p02035,s741239259,399,901
p02041,p02041,s423953232,642,1717
p02044,p02044,s860601566,283,1052
p02045,p02045,s260450199,678,1637
p02045,p02045,s255346389,448,938
p02045,p02045,s664760495,305,784
p02046,p02046,s868477870,324,993
p02047,p02047,s842824862,341,725
p02052,p02052,s036924293,295,924
p02052,p02052,s839105643,277,721
p02053,p02053,s728119246,323,943
p02053,p02053,s098329933,268,874
p02055,p02055,s741668869,643,2100
p02055,p02055,s918006341,369,793
p02056,p02056,s529226180,1745,5907
p02057,p02057,s673506284,622,1522
p02057,p02057,s061567442,278,907
p02058,p02058,s931817262,1105,3373
p02059,p02059,s063884393,1171,3174
p02060,p02060,s706882681,297,715
p02061,p02061,s336945169,396,1359
p02061,p02061,s097519111,291,909
p02063,p02063,s849308462,346,856
p02078,p02078,s735702489,464,841
p02078,p02078,s497914799,374,1063
p02078,p02078,s459687479,260,739
p02099,p02099,s491925925,536,1256
p02099,p02099,s153809418,490,1449
p02099,p02099,s824060422,483,1538
p02099,p02099,s201560197,355,861
p02100,p02100,s050779859,878,2675
p02100,p02100,s863918956,435,1066
p02100,p02100,s624710482,260,527
p02104,p02104,s142030992,331,863
p02104,p02104,s162068342,326,849
p02104,p02104,s177819100,323,892
p02104,p02104,s060569854,317,799
p02106,p02106,s032577361,1668,4083
p02112,p02112,s054865134,454,1192
p02112,p02112,s674764495,389,1012
p02112,p02112,s156640517,333,572
p02113,p02113,s600514873,908,2387
p02113,p02113,s302032148,857,2140
p02113,p02113,s994809623,346,724
p02114,p02114,s002090313,491,1094
p02114,p02114,s572997186,330,854
p02114,p02114,s214031545,319,558
p02115,p02115,s314083634,317,754
p02119,p02119,s452966898,298,559
p02122,p02122,s735616853,1413,3523
p02122,p02122,s879749049,806,2548
p02126,p02126,s641597870,494,1257
p02126,p02126,s159163564,392,1071
p02126,p02126,s754096900,273,726
p02128,p02128,s387877056,758,1966
p02129,p02129,s763920528,420,887
p02129,p02129,s898597792,262,429
p02130,p02130,s037135034,1451,3450
p02130,p02130,s715109596,762,1670
p02130,p02130,s699344121,567,1476
p02131,p02131,s225103955,774,1650
p02133,p02133,s738439512,1936,4354
p02139,p02139,s754652923,1184,3769
p02140,p02140,s519920971,1288,3310
p02140,p02140,s662843684,559,1337
p02142,p02142,s760708302,1093,3030
p02142,p02142,s801363155,936,2125
p02143,p02143,s448889305,1146,2959
p02143,p02143,s586025826,518,1477
p02145,p02145,s180894661,1303,3058
p02145,p02145,s495410484,881,2498
p02145,p02145,s497452070,740,2067
p02153,p02153,s149925316,1370,3567
p02153,p02153,s883668479,1031,2797
p02156,p02156,s475078742,1390,3262
p02156,p02156,s884309349,1093,3950
p02156,p02156,s674111761,860,1639
p02157,p02157,s473586384,320,701
p02157,p02157,s296354580,265,781
p02160,p02160,s661235379,370,758
p02169,p02169,s448278607,398,864
p02170,p02170,s994369547,581,1673
p02175,p02175,s426613034,302,1002
p02176,p02176,s615454780,453,1392
p02176,p02176,s867515952,358,952
p02176,p02176,s419800694,349,976
p02176,p02176,s951037972,280,753
p02177,p02177,s832155771,880,2288
p02177,p02177,s354042485,592,1280
p02177,p02177,s992489656,407,1135
p02177,p02177,s846321363,329,848
p02177,p02177,s731480516,280,805
p02178,p02178,s191634426,1671,4481
p02178,p02178,s097850540,1117,2586
p02178,p02178,s510382647,877,2852
p02182,p02182,s885130669,274,950
p02183,p02183,s666922486,407,735
p02184,p02184,s560504957,506,1956
p02184,p02184,s920082343,442,807
p02184,p02184,s195684491,406,803
p02185,p02185,s146844850,426,1034
p02186,p02186,s230233687,1137,3009
p02189,p02189,s186096896,2528,5392
p02189,p02189,s141514327,1627,7879
p02190,p02190,s510983346,2542,5433
p02190,p02190,s537862315,297,720
p02191,p02191,s892912035,2570,5516
p02191,p02191,s266279479,1847,8223
p02191,p02191,s437777987,497,1392
p02191,p02191,s954509182,352,938
p02192,p02192,s648099579,1937,8415
p02192,p02192,s716096062,483,1286
p02198,p02198,s764241998,2487,5306
p02199,p02199,s392032584,2497,5332
p02199,p02199,s276336337,1927,8634
p02200,p02200,s261586021,2535,5414
p02200,p02200,s697505409,1639,7797
p02201,p02201,s193874523,2529,5429
p02201,p02201,s824638594,1635,7813
p02202,p02202,s844389837,2521,5391
p02202,p02202,s255483821,1637,7803
p02203,p02203,s293307588,2541,5428
p02203,p02203,s161848284,1653,7883
p02204,p02204,s730210185,2673,5729
p02204,p02204,s032653811,1848,8195
p02205,p02205,s871628006,2532,5436
p02205,p02205,s846378630,1678,7881
p02206,p02206,s440590587,2603,5574
p02206,p02206,s654455338,1766,8150
p02208,p02208,s970482150,3824,8597
p02208,p02208,s867769573,2107,9654
p02209,p02209,s923236656,1769,8264
p02210,p02210,s401215981,2789,5870
p02210,p02210,s014473092,1996,8867
p02211,p02211,s438377655,2530,10207
p02233,p02233,s145171950,456,1327
p02233,p02233,s490605208,268,716
p02234,p02234,s459238013,528,1297
p02234,p02234,s690319677,507,2737
p02234,p02234,s303725050,507,2737
p02234,p02234,s807510512,507,2737
p02235,p02235,s792349209,656,3030
p02235,p02235,s805383260,501,1412
p02235,p02235,s776780716,473,1121
p02235,p02235,s827000210,470,1898
p02237,p02237,s363129943,708,2619
p02237,p02237,s584610757,563,2544
p02237,p02237,s009304936,527,2371
p02237,p02237,s526220445,496,1265
p02237,p02237,s198107800,496,1269
p02238,p02238,s045286195,789,2783
p02238,p02238,s896526095,731,1811
p02238,p02238,s305561248,721,1858
p02238,p02238,s754924105,720,1797
p02238,p02238,s310856629,683,1590
p02239,p02239,s582710595,780,3195
p02239,p02239,s949674993,733,4623
p02239,p02239,s093739113,728,2488
p02239,p02239,s418572450,691,2225
p02240,p02240,s356686040,1246,3727
p02240,p02240,s770153140,845,4707
p02240,p02240,s643718014,716,2332
p02240,p02240,s181282833,716,2325
p02240,p02240,s269785698,694,2007
p02241,p02241,s846668376,1170,4620
p02241,p02241,s600253401,1138,3287
p02241,p02241,s440220993,1018,3805
p02241,p02241,s202825724,1007,2988
p02241,p02241,s637257647,935,2614
p02242,p02242,s457856832,1277,3582
p02242,p02243,s215336757,1147,2202
p02242,p02243,s229582759,1097,3136
p02242,p02242,s455203530,1078,4056
p02242,p02243,s409864711,1055,3486
p02244,p02244,s391168200,1432,3510
p02244,p02244,s940289345,1079,6561
p02244,p02244,s610147198,1055,2150
p02244,p02244,s911157389,999,1658
p02244,p02244,s665923828,981,6254
p02245,p02245,s305580281,2392,7184
p02245,p02245,s103035746,2095,10764
p02245,p02245,s636190925,2095,10760
p02245,p02245,s981504877,1943,7588
p02245,p02245,s805183193,1927,9870
p02246,p02246,s308347255,2812,10935
p02246,p02246,s666582380,1502,3540
p02246,p02246,s389718280,1502,3665
p02246,p02246,s956023506,1502,3662
p02247,p02247,s713796899,638,2120
p02247,p02247,s487957197,552,1601
p02247,p02247,s106976190,475,1291
p02247,p02247,s506542827,325,1597
p02247,p02247,s357958625,259,1108
p02248,p02248,s905166057,833,2569
p02248,p02248,s244980969,806,2494
p02248,p02248,s741786702,446,1276
p02248,p02248,s775312989,310,1121
p02248,p02248,s577040069,300,957
p02249,p02249,s549004909,705,1783
p02249,p02249,s255548244,691,1646
p02249,p02249,s692088020,642,1537
p02249,p02249,s578320354,484,1094
p02249,p02249,s674930028,461,989
p02250,p02250,s546394082,1610,9498
p02250,p02250,s068855997,714,1475
p02250,p02250,s377084983,666,2104
p02250,p02250,s830068678,595,1956
p02253,p02253,s686708432,552,1609
p02253,p02253,s295352422,427,1589
p02253,p02253,s316462001,375,960
p02253,p02253,s362925519,356,937
p02254,p02254,s694438058,840,2320
p02254,p02254,s864443334,802,2985
p02254,p02254,s930712357,794,3484
p02254,p02254,s234734892,576,1647
p02254,p02254,s079435771,492,1259
p02255,p02255,s879989839,1342,9610
p02255,p02255,s043467057,552,2487
p02255,p02255,s756562850,440,1797
p02255,p02255,s228731027,392,1408
p02255,p02255,s947087935,372,1577
p02256,p02256,s616566099,354,1081
p02256,p02256,s205249724,268,520
p02257,p02257,s452136227,2621,6418
p02257,p02257,s890167566,633,1982
p02257,p02257,s637673717,446,1321
p02257,p02257,s031787036,419,1866
p02257,p02257,s691763123,410,2133
p02258,p02258,s415502448,568,1874
p02258,p02258,s752138028,508,1440
p02258,p02258,s048570561,449,1417
p02258,p02258,s562297080,437,2207
p02258,p02258,s743390668,437,2207
p02259,p02259,s851331444,1566,10968
p02259,p02259,s983154052,586,1921
p02259,p02259,s036325945,502,2030
p02259,p02259,s082440772,497,2220
p02259,p02259,s722538680,462,1103
p02260,p02260,s695266088,1282,9330
p02260,p02260,s336012712,708,2713
p02260,p02260,s787305959,535,6170
p02260,p02260,s566396082,523,2228
p02260,p02260,s390308733,522,1686
p02261,p02261,s854887160,1115,2791
p02261,p02261,s523537316,1050,3579
p02261,p02261,s896153107,1008,2611
p02261,p02261,s172756381,998,1859
p02261,p02261,s233499480,998,1834
p02262,p02262,s045486068,1079,4294
p02262,p02262,s848297146,759,2758
p02262,p02262,s717727055,732,2163
p02262,p02262,s461985182,686,1495
p02263,p02263,s725856275,905,3338
p02263,p02263,s272651774,903,3520
p02263,p02263,s549150122,887,3477
p02263,p02263,s867427072,794,2639
p02263,p02263,s765022646,774,4843
p02264,p02264,s501456090,846,2652
p02264,p02264,s928376387,821,4143
p02264,p02264,s225058925,814,3520
p02264,p02264,s389129093,753,3258
p02264,p02264,s238972515,750,3505
p02265,p02265,s796126591,1437,7057
p02265,p02265,s539681866,1174,4020
p02265,p02265,s188588453,1036,4320
p02265,p02265,s000531860,1017,4149
p02266,p02266,s220415081,932,2376
p02266,p02266,s429465994,932,3460
p02266,p02266,s367881554,920,4834
p02266,p02266,s160316126,910,2915
p02266,p02266,s885723445,854,6150
p02267,p02268,s572757802,1773,4486
p02267,p02268,s814372467,782,4020
p02267,p02267,s006162175,763,2210
p02267,p02267,s246995264,712,2643
p02267,p02268,s727826410,705,2648
p02269,p02269,s237937464,1848,9638
p02269,p02269,s245354638,1741,17803
p02269,p02269,s680143521,1437,6741
p02269,p02269,s519373977,1017,3766
p02269,p02269,s170997079,893,8807
p02270,p02270,s433877960,678,3440
p02270,p02270,s777961255,582,1364
p02270,p02270,s592491770,550,3351
p02270,p02270,s380897810,550,3357
p02270,p02270,s189426885,517,2174
p02271,p02271,s179832656,1057,4942
p02271,p02271,s379034761,687,3683
p02271,p02271,s862842809,681,3616
p02271,p02271,s452896304,557,3525
p02272,p02272,s346620446,638,2177
p02272,p02272,s736077997,591,1916
p02272,p02272,s565222762,579,1904
p02272,p02272,s919508351,562,1534
p02272,p02272,s733373796,555,2342
p02273,p02273,s198981258,1180,3735
p02273,p02273,s736289366,985,2269
p02273,p02273,s284865995,879,2849
p02273,p02273,s298257966,743,2091
p02274,p02274,s913160890,1300,3557
p02274,p02274,s756351701,912,3388
p02274,p02274,s082382912,723,1886
p02274,p02274,s423984799,501,1440
p02274,p02274,s050106681,477,1596
p02275,p02275,s901201501,585,1763
p02275,p02275,s337624105,585,1797
p02275,p02275,s151934704,558,2263
p02275,p02275,s852626749,558,2261
p02275,p02275,s583422905,490,1746
p02276,p02276,s879375104,1578,11587
p02276,p02276,s629899541,398,1276
p02276,p02276,s530289996,398,1321
p02276,p02276,s439844759,384,1132
p02276,p02276,s631249280,380,955
p02277,p02277,s220300184,1106,5378
p02277,p02277,s889409402,1076,3234
p02277,p02277,s827531311,1056,3180
p02277,p02277,s689304971,1056,3204
p02277,p02277,s629814102,1012,2005
p02278,p02278,s038233327,1274,3311
p02278,p02278,s195927123,1274,4979
p02278,p02278,s591755019,1164,2850
p02278,p02278,s649912638,1164,2870
p02278,p02278,s114847581,1157,7408
p02279,p02279,s971978655,1113,5606
p02279,p02279,s770137007,1113,5165
p02279,p02279,s558272241,1026,4219
p02279,p02279,s396484353,944,2638
p02279,p02279,s956015200,773,3397
p02280,p02280,s261610923,1506,5650
p02280,p02280,s454373281,1408,7354
p02280,p02280,s924602198,1367,5378
p02280,p02280,s102662880,1229,4982
p02280,p02280,s989529232,1090,3468
p02281,p02281,s036906356,1781,8915
p02281,p02281,s133717246,1575,8452
p02281,p02281,s440093880,1454,4918
p02281,p02281,s725099043,1396,4669
p02281,p02281,s345562790,1181,4488
p02282,p02282,s404248606,2065,7206
p02282,p02282,s955213797,2065,7206
p02282,p02282,s854400997,1904,9604
p02282,p02282,s186305412,726,2047
p02282,p02282,s172080608,709,2214
p02283,p02283,s731471326,1001,5100
p02283,p02283,s287817722,953,4652
p02283,p02283,s337194942,916,3565
p02283,p02283,s618229679,901,4949
p02283,p02283,s310422507,858,2856
p02284,p02284,s388371212,1124,5522
p02284,p02284,s019185805,1052,4210
p02284,p02284,s077576049,1005,4929
p02284,p02284,s944169992,1001,5100
p02284,p02284,s419916277,1000,5092
p02285,p02285,s703327854,1626,8011
p02285,p02285,s061131043,1544,5063
p02285,p02285,s649259739,1544,5063
p02285,p02285,s428901213,1365,4096
p02285,p02285,s043079711,1365,4096
p02286,p02286,s140532975,1445,4523
p02286,p02286,s739833684,1178,4275
p02286,p02286,s081061151,1168,4370
p02286,p02286,s824509777,1147,3857
p02286,p02286,s626996049,1147,3853
p02287,p02287,s912128247,582,2437
p02287,p02287,s415364325,536,2193
p02287,p02287,s867130434,505,1428
p02287,p02287,s348433673,500,1845
p02287,p02287,s517301105,478,1319
p02288,p02288,s791239397,640,2321
p02288,p02288,s683687767,625,1293
p02288,p02288,s746003572,576,2287
p02288,p02288,s041961306,543,2043
p02288,p02288,s577247766,522,2706
p02289,p02289,s354060691,1236,13989
p02289,p02289,s913513064,1103,12630
p02289,p02289,s569719721,1068,6689
p02289,p02289,s146121715,754,4774
p02290,p02290,s001226839,912,3911
p02290,p02290,s442836901,664,1764
p02290,p02290,s281238567,623,1657
p02290,p02290,s934318609,564,1942
p02291,p02291,s183000981,912,3908
p02291,p02291,s954628810,708,1875
p02291,p02291,s622296222,618,2154
p02291,p02291,s976879908,580,1991
p02291,p02291,s673211318,498,1531
p02292,p02292,s769747600,1070,4529
p02292,p02292,s384045309,813,2986
p02292,p02292,s125744378,726,1980
p02292,p02292,s291678713,650,2539
p02292,p02292,s449833652,512,1601
p02293,p02293,s573413042,1157,4997
p02293,p02293,s258644921,887,3215
p02293,p02293,s520111861,763,1991
p02293,p02293,s161695852,418,1240
p02293,p02293,s525315039,418,1234
p02294,p02294,s691903429,1207,5148
p02294,p02294,s477478322,1090,4036
p02294,p02294,s191053438,964,3477
p02294,p02294,s144993352,829,2103
p02294,p02294,s674172623,661,1941
p02295,p02295,s388965888,1311,5402
p02295,p02295,s518685833,1134,4029
p02295,p02295,s002492314,749,1929
p02296,p02296,s956864721,1516,6004
p02296,p02296,s698044211,1399,5010
p02296,p02296,s092620242,1100,2705
p02297,p02297,s394413232,1614,6005
p02297,p02297,s402679209,1419,5151
p02297,p02297,s529656208,677,1745
p02297,p02297,s228127370,275,703
p02298,p02298,s125615129,1785,5621
p02298,p02298,s701986747,1736,6277
p02298,p02298,s510359608,1736,6277
p02298,p02298,s981938310,754,1913
p02298,p02298,s154415618,357,965
p02299,p02299,s526776779,958,2490
p02299,p02299,s229078963,900,2414
p02299,p02299,s441666205,780,2091
p02299,p02299,s332897964,518,1335
p02299,p02299,s782727971,492,1510
p02300,p02300,s834530305,870,1993
p02300,p02300,s412648831,869,3707
p02300,p02300,s158231385,632,1525
p02300,p02300,s856368748,623,1583
p02303,p02303,s202952614,728,2105
p02304,p02304,s677895507,1592,4677
p02304,p02304,s331253202,1567,4399
p02304,p02304,s574808243,1561,5321
p02304,p02304,s131445835,1243,3427
p02305,p02305,s442737174,1906,6012
p02305,p02305,s311681546,1906,6012
p02305,p02305,s515416539,577,1879
p02305,p02305,s008153578,494,2640
p02305,p02305,s442679898,408,2212
p02310,p02310,s452852073,726,1859
p02311,p02311,s256246831,752,2219
p02312,p02312,s090359562,1707,4709
p02314,p02314,s360751096,568,1096
p02314,p02314,s953500624,517,1226
p02314,p02314,s790749001,430,2005
p02314,p02314,s437627592,399,1288
p02314,p02314,s176588650,390,1266
p02317,p02317,s127723154,1022,3284
p02317,p02317,s637313908,976,3679
p02317,p02317,s675270247,731,1924
p02317,p02317,s081294059,291,920
p02317,p02317,s488827064,289,720
p02318,p02318,s468437911,599,2639
p02318,p02318,s661804994,491,934
p02318,p02318,s378594357,471,1194
p02318,p02318,s013342864,419,1115
p02318,p02318,s285967675,409,1133
p02319,p02319,s380417562,484,1307
p02319,p02319,s641892672,405,1096
p02319,p02319,s759774938,363,749
p02319,p02319,s695983457,363,749
p02319,p02319,s033697554,293,800
p02320,p02320,s555993693,320,987
p02320,p02320,s855495047,316,920
p02320,p02320,s218894691,290,815
p02321,p02321,s469261693,760,3019
p02321,p02321,s780555011,712,1816
p02321,p02321,s017117070,703,1800
p02321,p02321,s589297520,684,1766
p02321,p02321,s333239737,666,1708
p02322,p02322,s010820423,545,966
p02323,p02323,s623274880,617,2524
p02323,p02323,s578168451,457,1332
p02323,p02323,s777788026,397,1117
p02323,p02323,s594766967,383,973
p02323,p02323,s633379662,380,973
p02324,p02324,s467807331,889,2116
p02324,p02324,s255322634,614,1467
p02324,p02324,s460332579,596,1424
p02324,p02324,s270923301,525,1350
p02326,p02326,s490456733,520,1071
p02326,p02326,s694440823,503,1287
p02326,p02326,s677965386,438,1349
p02326,p02326,s287669488,414,1432
p02326,p02326,s558937136,367,1007
p02327,p02327,s013282293,833,2777
p02327,p02327,s035749278,833,2835
p02327,p02327,s675104856,763,2327
p02327,p02327,s602030218,575,2253
p02327,p02327,s177173194,475,1238
p02328,p02328,s099890327,661,1513
p02328,p02328,s261935189,349,1050
p02328,p02328,s180967855,343,1029
p02328,p02328,s891749144,315,1034
p02328,p02328,s025484440,304,1280
p02329,p02329,s244892801,550,1509
p02329,p02329,s075115879,550,1500
p02329,p02329,s708605578,545,1533
p02329,p02329,s762084321,515,1321
p02329,p02329,s911737981,502,980
p02330,p02330,s264091987,988,2510
p02330,p02330,s190024438,978,2489
p02330,p02330,s287974561,976,2479
p02330,p02330,s829914694,973,2660
p02330,p02330,s719596487,963,2460
p02331,p02331,s291831297,1127,3784
p02332,p02332,s116748162,1127,3784
p02333,p02333,s128273603,1127,3645
p02333,p02333,s083914592,311,713
p02333,p02333,s723932918,287,862
p02334,p02334,s849518108,1127,3645
p02334,p02334,s637634049,420,1645
p02334,p02334,s691000370,258,641
p02335,p02335,s446506429,1127,3645
p02335,p02335,s585633524,407,1590
p02336,p02336,s221609270,1127,3645
p02336,p02336,s817497753,411,1594
p02336,p02336,s553815689,258,641
p02337,p02337,s391241931,1127,3645
p02337,p02337,s212675966,366,805
p02338,p02338,s712831111,1127,3645
p02339,p02339,s572984092,1127,3645
p02339,p02339,s544296601,346,1031
p02339,p02339,s365135954,322,734
p02340,p02340,s390907246,1127,3646
p02341,p02341,s381888933,1127,3646
p02342,p02342,s689270914,1127,3646
p02343,p02343,s848247161,761,2484
p02343,p02343,s396526238,703,2505
p02343,p02343,s748078922,556,1594
p02343,p02343,s345410288,543,2364
p02343,p02343,s533757553,515,1938
p02344,p02344,s036080724,885,2617
p02344,p02344,s789757368,811,3657
p02344,p02344,s561412645,612,1265
p02344,p02344,s017807265,553,1140
p02344,p02344,s136296745,530,1742
p02345,p02345,s699032560,773,2527
p02345,p02345,s416175756,767,3198
p02345,p02345,s309404930,730,2278
p02345,p02345,s576913431,696,2935
p02345,p02345,s746852783,625,1570
p02346,p02346,s699838504,727,1848
p02346,p02346,s554781719,543,2459
p02346,p02346,s822835422,473,1426
p02346,p02346,s665712100,424,1115
p02346,p02346,s949200538,375,1057
p02347,p02347,s573457005,1408,3946
p02347,p02347,s157649443,1358,3128
p02347,p02347,s744156216,1188,2783
p02347,p02347,s452153711,1144,2692
p02347,p02347,s552690471,1141,2685
p02348,p02348,s801630937,1069,2864
p02348,p02348,s838809298,845,3030
p02348,p02348,s784558804,659,2878
p02348,p02348,s206016831,586,1530
p02348,p02348,s493726996,556,1317
p02349,p02349,s901832042,1063,2854
p02349,p02349,s473505725,997,2601
p02349,p02349,s088189985,591,1382
p02349,p02349,s362552297,575,2427
p02349,p02349,s612251369,564,1727
p02350,p02350,s416086554,1075,2873
p02350,p02350,s834422200,900,3547
p02350,p02350,s048148894,857,3059
p02350,p02350,s993478993,851,1960
p02350,p02350,s627484417,803,2268
p02351,p02351,s082264785,1033,2702
p02351,p02351,s867215762,1003,2698
p02351,p02351,s753343371,862,3635
p02351,p02351,s426742502,767,2208
p02351,p02351,s347945780,694,1791
p02352,p02352,s461720698,1069,2863
p02352,p02352,s456287109,788,3091
p02352,p02352,s374893490,745,1742
p02352,p02352,s408626942,730,2030
p02352,p02352,s445120361,647,1609
p02353,p02353,s932727416,1119,2575
p02353,p02353,s191211717,1068,2861
p02353,p02353,s047730541,828,3201
p02353,p02353,s455457964,756,2090
p02353,p02353,s066908025,687,2023
p02355,p02355,s530162504,335,920
p02355,p02355,s536577870,332,886
p02355,p02355,s270553353,286,738
p02355,p02355,s306780215,256,1176
p02356,p02356,s084696791,1859,4875
p02356,p02356,s082617886,356,1230
p02356,p02356,s870658932,298,888
p02356,p02356,s509414740,287,902
p02356,p02356,s300297639,262,704
p02357,p02357,s367184861,622,1479
p02357,p02357,s756999973,538,1636
p02357,p02357,s629559842,521,1569
p02357,p02357,s472422078,475,1428
p02358,p02358,s288001086,1973,7122
p02358,p02358,s040134432,1082,3824
p02358,p02358,s037387727,1016,2236
p02358,p02358,s487511422,884,2095
p02358,p02358,s968704659,856,1743
p02359,p02359,s832105065,416,1068
p02359,p02359,s575565066,400,1000
p02359,p02359,s935072574,400,966
p02359,p02359,s460616062,400,967
p02359,p02359,s321568287,294,1165
p02360,p02360,s019134369,369,1369
p02360,p02360,s759891976,322,1118
p02360,p02360,s702470735,308,636
p02360,p02360,s903341528,301,878
p02360,p02360,s042149977,277,663
p02361,p02361,s670288034,5420,17609
p02361,p02361,s861818768,1877,8183
p02361,p02361,s818351702,1521,5195
p02361,p02361,s264957031,1074,2599
p02362,p02362,s737452467,4684,15435
p02362,p02362,s326269514,715,2398
p02362,p02362,s942392331,693,1870
p02362,p02362,s890419477,693,1870
p02362,p02362,s359383318,610,1534
p02363,p02363,s490313277,4732,16476
p02363,p02363,s727682946,485,1301
p02363,p02363,s039341602,470,1272
p02363,p02363,s585982868,468,1822
p02363,p02363,s886313252,453,1290
p02364,p02364,s736724461,5312,16842
p02364,p02364,s458643872,1486,5981
p02364,p02364,s024415335,731,3032
p02364,p02364,s818358593,668,1666
p02364,p02364,s477987079,657,1817
p02365,p02365,s638241879,1152,2004
p02365,p02365,s901102180,1136,2884
p02365,p02365,s777255583,1123,1979
p02365,p02365,s612687445,1109,1906
p02365,p02365,s182564571,1101,1874
p02366,p02366,s035375228,1338,3634
p02366,p02366,s859193392,616,2095
p02366,p02366,s477452031,599,1736
p02366,p02366,s252365314,556,1015
p02367,p02367,s285094979,780,2220
p02367,p02367,s745554670,702,2088
p02368,p02368,s954023003,2396,7618
p02368,p02368,s188423900,846,3510
p02368,p02368,s806351511,806,2050
p02368,p02368,s449460374,713,2435
p02369,p02369,s345149979,741,4016
p02369,p02369,s561833822,526,1283
p02369,p02369,s950387102,482,816
p02369,p02369,s841511131,463,977
p02369,p02369,s493107910,367,999
p02370,p02370,s290058231,846,2431
p02370,p02370,s057172570,583,1445
p02371,p02371,s558640167,995,3898
p02371,p02371,s148735144,769,1726
p02371,p02371,s594854244,704,1685
p02371,p02371,s228017954,673,1689
p02371,p02371,s118040297,633,1431
p02372,p02372,s221677149,994,2052
p02372,p02372,s335092936,754,2234
p02372,p02372,s748270144,687,1730
p02373,p02373,s152407255,1105,2857
p02373,p02373,s561429221,790,2053
p02373,p02373,s618958265,770,1733
p02373,p02373,s917400400,741,1856
p02373,p02373,s395247094,740,2271
p02374,p02374,s392787454,1468,3817
p02374,p02374,s761124217,1441,6615
p02374,p02374,s305315600,644,1892
p02375,p02375,s055462899,1154,2900
p02376,p02376,s367938485,1031,3101
p02376,p02376,s778884884,1024,2691
p02376,p02376,s040317384,978,3202
p02376,p02376,s404967706,971,3924
p02376,p02376,s011819207,868,2400
p02377,p02377,s392973373,1332,3692
p02377,p02377,s716945703,1028,2864
p02377,p02377,s343282114,981,2224
p02377,p02377,s333345195,977,1693
p02377,p02377,s023787131,592,1694
p02378,p02378,s811881214,778,2139
p02378,p02378,s387992889,772,2121
p02378,p02378,s375284967,741,2024
p02379,p02379,s576371930,1694,4463
p02380,p02380,s367042541,1802,5098
p02381,p02381,s928299211,1788,4885
p02381,p02381,s049172862,316,1080
p02382,p02382,s687205375,643,1615
p02382,p02382,s784444801,643,1854
p02382,p02382,s523899359,643,1854
p02383,p02383,s961135214,2841,13251
p02383,p02383,s575223030,2062,5353
p02383,p02383,s120812280,1084,4685
p02383,p02383,s213684750,1078,4742
p02383,p02383,s484468415,954,2541
p02384,p02384,s329449792,1169,3698
p02384,p02384,s854416631,1100,2757
p02384,p02384,s906502555,1059,2845
p02384,p02384,s049448173,1007,2690
p02384,p02384,s271172952,1007,2184
p02385,p02385,s197471377,1902,3139
p02385,p02385,s236566100,1790,4762
p02385,p02385,s610101751,1527,4145
p02385,p02385,s652116257,1505,5303
p02385,p02385,s459570754,1505,7328
p02386,p02386,s826204688,2430,8623
p02386,p02386,s671948308,2430,12064
p02386,p02386,s009771415,1814,5005
p02386,p02386,s671326398,1726,5169
p02386,p02386,s528633732,1726,5169
p02388,p02915,s935102604,2511,5497
p02388,p02388,s177057469,1648,4238
p02388,p02915,s734038631,1497,6749
p02388,p02915,s880823839,1281,5232
p02388,p02388,s871554111,735,6091
p02389,p02389,s806617923,1661,4246
p02389,p02389,s242666844,293,1070
p02389,p02389,s552630234,287,1470
p02390,p02390,s916498176,1675,4301
p02392,p02392,s546553667,1665,4301
p02392,p02392,s020722336,275,788
p02392,p02392,s653881973,268,888
p02392,p02392,s165382885,261,1031
p02393,p02393,s817237926,1705,4349
p02393,p02393,s274658797,477,1089
p02393,p02393,s450282867,476,1127
p02393,p02393,s442277124,448,1385
p02393,p02393,s002517786,428,1070
p02394,p02394,s803215487,1694,4331
p02394,p02394,s747146700,471,1557
p02394,p02394,s317940446,328,892
p02394,p02394,s191978928,319,1001
p02394,p02394,s242573462,298,1286
p02396,p02396,s922539980,1666,4337
p02396,p02396,s928270045,303,971
p02397,p02397,s544821144,1681,4350
p02397,p02397,s124923599,342,1064
p02397,p02397,s327551337,338,874
p02397,p02490,s875314379,313,1582
p02397,p02397,s562702621,287,835
p02398,p02398,s342320469,1681,4314
p02398,p02398,s470760165,311,1187
p02398,p02398,s688031365,290,981
p02398,p02398,s466645760,273,722
p02398,p02398,s375690423,262,886
p02400,p02400,s753905628,290,1041
p02401,p02401,s445703176,1746,4395
p02401,p02401,s767539237,426,1528
p02401,p02401,s757038369,405,1303
p02401,p02401,s684593122,340,739
p02401,p02401,s414781599,317,1164
p02402,p02402,s150958717,1694,4305
p02402,p02402,s549239632,500,1810
p02402,p02402,s272698804,340,907
p02402,p02402,s315755748,320,1121
p02402,p02402,s331410214,317,881
p02403,p02403,s450575870,1686,4442
p02403,p02403,s900850498,362,1159
p02403,p02403,s801900103,293,1220
p02404,p02404,s682352392,1718,4576
p02404,p02404,s899969117,398,1253
p02404,p02404,s984515711,336,1546
p02404,p02404,s419427573,302,915
p02404,p02404,s829555852,292,1245
p02405,p02405,s200291694,1706,4551
p02405,p02405,s472559762,589,2116
p02405,p02405,s211616025,516,1206
p02405,p02405,s477675199,507,1593
p02405,p02405,s257513668,474,1350
p02406,p02406,s425550890,1703,4571
p02406,p02406,s221867585,605,1619
p02406,p02406,s726648009,320,820
p02406,p02406,s950165154,320,820
p02406,p02406,s478873931,290,1170
p02407,p02407,s926798221,1702,4359
p02407,p02407,s685584562,346,1090
p02407,p02407,s739367804,288,780
p02407,p02407,s213391631,257,844
p02408,p02408,s913755704,1848,4713
p02408,p02408,s256265752,610,2521
p02408,p02408,s208157272,603,1435
p02408,p02408,s791366601,569,1386
p02408,p02408,s772190980,514,1336
p02409,p02409,s848808401,1775,4540
p02409,p02409,s571983017,1499,2532
p02409,p02409,s268528483,848,2829
p02409,p02409,s494511845,831,3517
p02409,p02409,s102109962,785,2122
p02410,p02410,s313341965,1756,4487
p02410,p02410,s512280509,821,4547
p02410,p02410,s593130524,807,2906
p02410,p02410,s863774117,350,828
p02410,p02410,s437173110,326,912
p02411,p02411,s696099037,1770,4715
p02411,p02411,s030342453,543,1329
p02411,p02411,s034760843,460,972
p02411,p02411,s797447709,436,2777
p02411,p02411,s232303974,433,1217
p02412,p02412,s326005489,589,1646
p02412,p02412,s030279291,443,1594
p02412,p02412,s271914315,396,1246
p02412,p02412,s917863238,386,1212
p02412,p02412,s441723508,373,1984
p02413,p02413,s180378052,1800,4619
p02413,p02413,s551073451,774,2843
p02413,p02413,s673520651,487,1249
p02413,p02413,s070156137,453,1217
p02413,p02413,s458505818,426,1611
p02414,p02414,s725785079,1897,4788
p02414,p02414,s364885299,1811,4635
p02414,p02414,s367554296,842,3076
p02414,p02414,s177055687,718,6015
p02414,p02414,s782781550,698,1788
p02415,p02415,s803615430,1750,4537
p02415,p02415,s878790625,1089,1991
p02415,p02415,s220061606,839,1663
p02415,p02415,s499601979,684,1881
p02415,p02415,s975679964,594,1594
p02416,p02416,s258583464,1702,4488
p02416,p02416,s247365700,635,1729
p02416,p02416,s728813915,261,886
p02417,p02417,s286533055,1762,4874
p02417,p02417,s124003791,919,2281
p02417,p02417,s843717750,906,2299
p02417,p02417,s609889941,841,2665
p02417,p02417,s030542352,811,2093
p02418,p02418,s994955587,1763,4604
p02418,p02418,s757920425,766,2136
p02418,p02418,s958426650,432,5233
p02418,p02418,s633845685,432,2821
p02418,p02418,s050539057,432,3314
p02419,p02419,s700093099,1842,4759
p02419,p02419,s666334665,695,4005
p02419,p02419,s053556282,534,1150
p02419,p02419,s636894716,534,1661
p02419,p02419,s071074493,482,1390
p02420,p02420,s997418621,1728,4549
p02420,p02420,s614995451,633,2386
p02420,p02420,s043145209,616,3245
p02420,p02420,s078440162,616,3539
p02420,p02420,s565466259,580,1921
p02421,p02421,s086758653,1737,4458
p02421,p02421,s777910901,759,2674
p02421,p02421,s918600558,571,4387
p02421,p02421,s314496722,571,5630
p02421,p02421,s508259512,406,2813
p02422,p02422,s582166090,1838,4898
p02422,p02422,s429759762,965,3544
p02422,p02422,s885404951,642,15811
p02422,p02422,s102779348,581,3165
p02423,p02423,s310373811,1028,4099
p02423,p02423,s448922013,303,699
p02423,p02423,s179606027,301,1123
p02423,p02423,s263948329,259,588
p02424,p02424,s490470915,1032,4116
p02424,p02424,s593669854,286,656
p02424,p02424,s696483903,268,561
p02424,p02424,s956715905,268,913
p02425,p02425,s221849438,1529,5765
p02425,p02425,s080545545,602,1700
p02425,p02425,s110620147,586,1834
p02425,p02425,s344007631,518,2718
p02425,p02425,s286089605,480,2892
p02426,p02426,s571783263,1306,3044
p02426,p02426,s268572564,991,2908
p02426,p02426,s865097108,800,4089
p02426,p02426,s974760975,711,3789
p02426,p02426,s245263028,523,1747
p02428,p02428,s153960969,394,1046
p02428,p02428,s772076255,308,1382
p02428,p02428,s695897494,305,833
p02429,p02429,s095940860,530,1287
p02429,p02429,s075190203,297,1403
p02429,p02429,s894872595,285,906
p02429,p02429,s124432029,271,896
p02430,p02430,s437382148,550,1176
p02430,p02430,s354868714,330,977
p02431,p02431,s089010687,502,1379
p02431,p02431,s291807425,422,2027
p02431,p02431,s084206109,417,1551
p02431,p02431,s177076845,384,1461
p02431,p02431,s038376489,319,1413
p02432,p02432,s891503146,1118,3454
p02432,p02432,s331309899,402,1526
p02432,p02432,s526770901,376,1587
p02432,p02432,s036047457,365,1592
p02432,p02432,s630849238,324,968
p02433,p02433,s234407857,709,3816
p02433,p02433,s253352425,702,3071
p02433,p02433,s293755511,672,2392
p02433,p02433,s868286956,593,4699
p02433,p02433,s084866618,580,1725
p02434,p02434,s472549366,502,1828
p02434,p02434,s145593004,455,1480
p02434,p02434,s389302464,450,1277
p02434,p02434,s063723989,431,1067
p02434,p02434,s333542773,428,2464
p02435,p02435,s522127783,612,1628
p02435,p02435,s453159807,569,1987
p02435,p02435,s112947252,501,1419
p02435,p02435,s846300632,490,1620
p02435,p02435,s963139953,413,3089
p02436,p02436,s681284851,886,2588
p02436,p02436,s479477067,572,1666
p02436,p02436,s736079711,530,2169
p02436,p02436,s093297544,450,1506
p02437,p02437,s250780122,1319,3634
p02437,p02437,s366493273,929,3605
p02437,p02437,s276858507,840,2500
p02437,p02437,s260574310,748,2358
p02437,p02437,s496153599,710,1550
p02438,p02438,s317452374,710,1890
p02438,p02438,s720642462,652,2426
p02438,p02438,s125464265,555,2876
p02438,p02438,s300390255,528,1483
p02439,p02439,s133980316,400,2634
p02440,p02440,s331554510,556,1214
p02440,p02440,s849270584,551,2975
p02440,p02440,s071177639,504,1641
p02440,p02440,s331843442,306,969
p02440,p02440,s495965043,288,775
p02441,p02441,s418585657,588,3055
p02441,p02441,s608869938,286,946
p02442,p02442,s304774033,664,3224
p02443,p02443,s072078387,595,2745
p02443,p02443,s241564353,485,1571
p02443,p02443,s316268741,259,878
p02444,p02444,s683819120,328,954
p02444,p02444,s154521801,312,851
p02444,p02444,s103037307,305,805
p02444,p02444,s082966548,257,657
p02445,p02445,s574888404,284,777
p02445,p02445,s854602161,273,1458
p02447,p02447,s844631744,990,3404
p02447,p02447,s314252936,944,3394
p02447,p02447,s108653440,745,1753
p02447,p02447,s303307585,637,1863
p02447,p02447,s664057106,480,1047
p02448,p02448,s420895825,676,1881
p02448,p02448,s656539562,636,1410
p02448,p02448,s451912178,432,806
p02448,p02448,s097529916,363,1142
p02448,p02448,s774785475,333,1195
p02449,p02449,s036793146,558,2300
p02449,p02449,s607914149,404,700
p02450,p02450,s119473129,364,948
p02450,p02450,s155036315,326,979
p02451,p02451,s870562294,562,2696
p02452,p02452,s441043008,596,2777
p02452,p02452,s154615360,280,777
p02452,p02452,s218387865,268,794
p02453,p02453,s610894701,783,3326
p02453,p02453,s234302723,590,1685
p02453,p02453,s443045196,479,1106
p02453,p02453,s984637299,393,1026
p02453,p02453,s324241417,307,747
p02454,p02454,s958136479,1021,4011
p02454,p02454,s507990368,652,1945
p02454,p02454,s329133715,510,1230
p02454,p02454,s769742213,403,1083
p02454,p02454,s771833397,384,1318
p02455,p02455,s965659672,1244,5878
p02455,p02455,s618190774,968,2252
p02455,p02455,s355812595,690,1848
p02455,p02455,s360022949,523,1438
p02455,p02455,s755954653,476,1455
p02456,p02456,s634993115,1489,7181
p02456,p02456,s511565765,993,2301
p02456,p02456,s576910688,821,2169
p02456,p02456,s592150771,771,2052
p02456,p02456,s272194270,552,1672
p02457,p02457,s319999077,1194,2631
p02457,p02457,s763459263,905,2388
p02457,p02457,s375234683,782,3557
p02457,p02457,s412638071,708,2318
p02458,p02458,s425360216,4356,16714
p02458,p02458,s732208385,1297,2827
p02458,p02458,s276135923,891,2862
p02458,p02458,s571014680,857,2296
p02458,p02458,s099086444,817,3119
p02459,p02459,s474728717,2777,12186
p02459,p02459,s520398257,665,1784
p02459,p02459,s906914023,595,1891
p02459,p02459,s381310813,571,1245
p02459,p02459,s159394743,384,1253
p02460,p02460,s265389601,967,2508
p02460,p02460,s460902351,761,2431
p02460,p02460,s371247227,605,1308
p02460,p02460,s511582395,547,1739
p02461,p02461,s576000347,4173,17085
p02461,p02461,s142982215,899,3100
p02461,p02461,s798541529,756,1586
p02462,p02462,s686085756,4207,16237
p02462,p02462,s923629863,1094,5013
p02462,p02462,s384849045,761,1551
p02463,p02463,s031086329,818,2184
p02463,p02463,s528566661,317,744
p02463,p02463,s997657216,316,910
p02464,p02464,s856215231,422,1109
p02464,p02464,s259243394,301,724
p02464,p02464,s120781814,295,990
p02465,p02465,s114230986,614,1498
p02465,p02465,s859085452,295,988
p02466,p02466,s124904330,888,2130
p02466,p02466,s656853692,301,1006
p02467,p02467,s731886641,2145,5781
p02467,p02467,s481936993,640,1872
p02467,p02467,s551306694,539,2431
p02467,p02467,s782317639,436,816
p02468,p02468,s520624289,1008,2684
p02469,p02469,s228814834,334,1057
p02469,p02469,s080521524,285,943
p02469,p02469,s510811794,266,758
p02470,p02470,s528260342,7052,19848
p02470,p02470,s100338325,2116,5322
p02470,p02470,s668871031,658,1954
p02470,p02470,s942356403,503,2058
p02471,p02471,s265930654,325,1285
p02471,p02471,s035277455,264,711
p02471,p02471,s493566342,261,672
p02472,p02472,s951030410,945,2569
p02472,p02472,s428412868,384,762
p02473,p02473,s649189202,941,2542
p02473,p02473,s916956240,384,762
p02474,p02474,s409831491,1169,3056
p02474,p02474,s383039486,319,636
p02475,p02475,s468558459,2553,6138
p02475,p02475,s238249062,343,738
p02476,p02476,s314557321,2503,5977
p02476,p02476,s832818236,268,591
p02477,p02477,s493379930,2580,6219
p02477,p02477,s228971816,2580,6218
p02477,p02477,s137884439,939,1750
p02534,p02534,s227485436,5785,20300
p02534,p02534,s760341430,3172,13041
p02534,p02534,s364494693,789,2200
p02534,p02534,s079365858,448,1492
p02534,p02534,s876518190,321,947
p02536,p02536,s722688722,6265,21440
p02536,p02536,s621884353,3245,13271
p02536,p02536,s020773921,1725,4663
p02536,p02536,s494904763,1687,4461
p02536,p02536,s991419070,1681,4544
p02537,p02537,s526317416,5901,20544
p02537,p02537,s521138684,5900,20614
p02537,p02537,s701562804,3668,15031
p02537,p02537,s978776236,3037,8190
p02537,p02537,s168403791,3037,8190
p02538,p02538,s977727760,1334,3539
p02538,p02538,s315622440,882,2349
p02538,p02538,s124733555,846,2586
p02538,p02538,s863886067,805,1931
p02539,p02539,s792400970,2505,5560
p02539,p02539,s711504976,1950,4253
p02539,p02539,s660346562,1258,2862
p02540,p02540,s677866395,6447,21271
p02540,p02540,s021546713,1705,5899
p02540,p02540,s212785637,970,2097
p02540,p02540,s133329542,621,1214
p02540,p02540,s897706916,469,970
p02541,p02541,s669264651,488,1189
p02541,p02541,s720919987,452,1029
p02542,p02542,s062589947,2852,6114
p02546,p02546,s429504083,5225,17682
p02546,p02546,s716606586,3179,13056
p02546,p02546,s412038621,1258,4834
p02546,p02546,s902930915,763,4267
p02546,p02546,s663967946,738,2202
p02547,p02547,s356119959,5273,17776
p02547,p02547,s582151059,3290,13495
p02547,p02547,s354023946,1294,4946
p02547,p02547,s197997627,805,2173
p02547,p02547,s722782226,783,2274
p02548,p02548,s036120028,5202,17622
p02548,p02548,s459797995,3199,13140
p02548,p02548,s090370750,720,2119
p02548,p02548,s601567455,702,2028
p02548,p02548,s724116890,612,2855
p02549,p02549,s054857127,6118,20140
p02549,p02549,s232860185,6116,20513
p02549,p02549,s126918859,6072,20451
p02549,p02549,s139316014,6070,20416
p02549,p02549,s770258229,6060,20345
p02550,p02550,s502296943,5365,18476
p02550,p02550,s765275987,3376,13984
p02550,p02550,s492312722,998,2711
p02550,p02550,s740383835,943,2546
p02550,p02550,s814477727,868,2565
p02551,p02551,s638971657,872,2282
p02551,p02551,s257429211,855,2661
p02551,p02551,s366252292,800,1697
p02551,p02551,s680698523,295,668
p02552,p02552,s258590154,4629,14857
p02552,p02552,s284577798,3159,12998
p02552,p02552,s598656015,1001,3370
p02552,p02552,s152061852,854,6299
p02552,p02552,s870791351,624,2239
p02553,p02553,s925260758,4696,14954
p02553,p02553,s728006765,3256,13223
p02553,p02553,s392253297,1074,3574
p02553,p02553,s686043349,916,6464
p02553,p02553,s395220714,785,2235
p02554,p02554,s063959270,4668,14919
p02554,p02554,s170843222,3197,13126
p02554,p02554,s592624224,784,2211
p02554,p02554,s770524423,669,2344
p02555,p02555,s224808779,4675,14917
p02555,p02555,s394162462,4037,19634
p02555,p02555,s000121472,4037,19634
p02555,p02555,s499781745,3428,13832
p02555,p02555,s704271512,765,4096
p02556,p02556,s288087776,1714,5958
p02556,p02556,s044788527,1075,2650
p02556,p02556,s592486722,947,3219
p02556,p02556,s606747035,914,2386
p02556,p02556,s009989504,787,2536
p02557,p02557,s904899348,884,2047
p02557,p02557,s289547958,415,988
p02558,p02558,s096229973,460,1129
p02558,p02558,s001863993,385,1038
p02558,p02558,s766485759,354,949
p02558,p02558,s630123938,327,798
p02558,p02558,s257391173,309,851
p02559,p02559,s544278538,944,2393
p02559,p02559,s581044737,505,1469
p02559,p02559,s899472767,364,931
p02559,p02559,s107342351,316,939
p02562,p02562,s854703932,2781,5966
p02563,p02563,s932141568,1251,3072
p02566,p02566,s396315834,779,1857
p02567,p02567,s908113472,816,1895
p02567,p02567,s759771877,645,1875
p02568,p02568,s383247555,1080,2864
p02568,p02568,s660086982,873,2822
p02569,p02569,s082001414,1093,2886
p02570,p02570,s287011389,4550,14677
p02570,p02570,s093230305,3182,13047
p02570,p02570,s433390626,874,5099
p02570,p02570,s588491650,691,2010
p02570,p02570,s104071297,658,3450
p02571,p02571,s769306935,4609,14756
p02571,p02571,s300909808,3261,13422
p02571,p02571,s856875404,968,5327
p02571,p02571,s934960649,829,2378
p02571,p02571,s635311111,761,2146
p02572,p02572,s369923116,4621,14757
p02572,p02572,s556224579,3262,13317
p02572,p02572,s056789897,963,5363
p02572,p02572,s627831067,807,2244
p02572,p02572,s811198836,803,2225
p02573,p02573,s801495581,4920,15627
p02573,p02573,s968621496,3330,13546
p02573,p02573,s648539480,1182,3291
p02573,p02573,s424713545,980,2612
p02574,p02574,s784665070,5164,16384
p02574,p02574,s324681992,4797,16005
p02574,p02574,s312614926,3707,14829
p02574,p02574,s998046943,798,2364
p02575,p02575,s413842576,1009,2397
p02575,p02575,s180966534,1000,2297
p02575,p02575,s012561870,978,2237
p02575,p02575,s598257145,946,2180
p02575,p02575,s108122483,922,2137
p02576,p02576,s422106258,4562,14707
p02576,p02576,s068056965,3183,13046
p02576,p02576,s341940928,2470,5288
p02576,p02576,s710073134,971,3240
p02576,p02576,s242614215,884,5128
p02577,p02577,s480289423,4561,14702
p02577,p02577,s968755443,3202,13130
p02577,p02577,s491317499,920,5235
p02577,p02577,s885635739,905,3058
p02577,p02577,s275580005,772,2594
p02578,p02578,s032832954,4603,14722
p02578,p02578,s773817901,3225,13289
p02578,p02578,s685276126,2536,5402
p02578,p02578,s942589814,945,5323
p02578,p02578,s073222043,941,3196
p02579,p02579,s677958881,7120,27346
p02579,p02579,s622578273,2992,6251
p02579,p02579,s302887022,1299,2935
p02579,p02579,s512270578,1199,5952
p02580,p02580,s633934317,4766,16275
p02580,p02580,s005848712,3691,15071
p02580,p02580,s869506820,1264,2993
p02580,p02580,s209381237,1111,2713
p02581,p02581,s135104579,5131,10576
p02581,p02581,s862156931,1046,1977
p02581,p02581,s823201736,1034,3861
p02581,p02581,s457222186,1031,3827
p02582,p02582,s096765657,4482,14457
p02582,p02582,s454743052,3222,13274
p02582,p02582,s797798229,931,5242
p02582,p02582,s534996820,685,2389
p02582,p02582,s559800599,647,1877
p02583,p02583,s874667594,4590,14813
p02583,p02583,s016751502,3318,13567
p02583,p02583,s501641387,2625,5560
p02583,p02583,s613362114,1045,5476
p02583,p02583,s842908128,780,2533
p02584,p02584,s966259242,4514,14515
p02584,p02584,s957518000,3282,13357
p02584,p02584,s905475233,2537,5434
p02584,p02584,s550095546,946,5288
p02584,p02584,s988981820,921,5219
p02585,p02585,s646901663,4804,16215
p02585,p02585,s942019470,3778,16118
p02585,p02585,s061672087,1230,3033
p02585,p02585,s607594369,969,2568
p02585,p02585,s957002186,803,2828
p02586,p02586,s429209938,4817,16165
p02586,p02586,s248357386,3576,14277
p02586,p02586,s515641023,1551,3022
p02588,p02588,s784144854,1097,2778
p02588,p02588,s752912706,1096,5487
p02588,p02588,s160928426,1063,2184
p02588,p02588,s910047644,523,2115
p02589,p02589,s707504250,1212,3633
p02594,p02594,s497256689,3160,13001
p02594,p02594,s830680789,2788,6895
p02594,p02594,s000916462,2467,5290
p02594,p02594,s420422451,793,3744
p02594,p02594,s213319499,737,5135
p02595,p02595,s520087029,3223,13211
p02595,p02595,s787787154,2843,6920
p02595,p02595,s344497970,2514,5373
p02595,p02595,s466065792,835,3855
p02595,p02595,s358108442,794,5271
p02596,p02596,s085974426,3209,13178
p02596,p02596,s633691744,2828,6947
p02596,p02596,s715954218,2511,5389
p02596,p02596,s014921071,865,3997
p02596,p02596,s834767086,719,2160
p02597,p02597,s250905070,3264,13445
p02597,p02597,s802020102,2862,6995
p02597,p02597,s531965609,2562,5444
p02597,p02597,s176176895,874,3951
p02597,p02597,s695147203,845,5829
p02598,p02598,s109505695,3391,14048
p02598,p02598,s516407589,2973,9025
p02598,p02598,s141086712,2602,5534
p02598,p02598,s240975897,924,2597
p02598,p02598,s898145396,916,2578
p02599,p02599,s715985708,1045,2606
p02599,p02599,s662634101,854,2002
p02599,p02599,s011093568,746,2057
p02600,p02600,s957308548,3165,13010
p02600,p02600,s329901845,2795,6843
p02600,p02600,s129928722,2492,5317
p02600,p02600,s638698603,879,3563
p02601,p02601,s689336065,3216,13192
p02601,p02601,s709549191,2861,7022
p02601,p02601,s979648202,2588,5489
p02601,p02601,s148845865,1960,8857
p02601,p02601,s190292534,854,3862
p02602,p02602,s364473796,3226,13181
p02602,p02602,s778585124,2846,6948
p02602,p02602,s312768682,2549,5414
p02602,p02602,s892875258,1925,8818
p02602,p02602,s997923369,854,3808
p02603,p02603,s427628162,3512,14034
p02603,p02603,s335459391,2900,7098
p02603,p02603,s432842285,2587,5515
p02603,p02603,s984070480,1986,8944
p02603,p02603,s404798783,982,4146
p02604,p02604,s700147196,2191,9379
p02604,p02604,s957913511,971,1969
p02604,p02604,s351005764,625,1159
p02604,p02604,s157381403,617,1580
p02604,p02604,s614024560,538,1350
p02605,p02605,s326457193,2078,7790
p02605,p02605,s193347342,1562,3564
p02605,p02605,s440629872,1416,2949
p02606,p02606,s176949066,3205,13146
p02606,p02606,s325320702,2828,6875
p02606,p02606,s426203029,825,3740
p02606,p02606,s840635731,809,3684
p02606,p02606,s462473783,770,3646
p02607,p02607,s717200485,3209,13177
p02607,p02607,s980798420,2825,6861
p02607,p02607,s376897882,824,3747
p02607,p02607,s765971118,776,3659
p02607,p02607,s999035190,691,1930
p02608,p02608,s402718546,3317,13448
p02608,p02608,s066094404,2863,7062
p02608,p02608,s388389733,910,3980
p02608,p02608,s575397593,909,3979
p02608,p02608,s255606928,687,1887
p02609,p02609,s932271610,3489,14216
p02609,p02609,s074830174,1112,5249
p02609,p02609,s894934172,569,1430
p02609,p02609,s273541470,538,1207
p02609,p02609,s618094363,491,1359
p02610,p02610,s250458267,1203,2804
p02610,p02610,s487455940,1069,2418
p02610,p02610,s677412477,1066,6017
p02610,p02610,s135709332,1049,2294
p02611,p02611,s501632727,1148,2616
p02611,p02611,s046195498,1016,2106
p02612,p02612,s509967902,3165,13017
p02612,p02612,s938290866,2704,6758
p02612,p02612,s643379298,2490,5316
p02612,p02612,s246655550,801,3689
p02612,p02612,s974135825,791,3655
p02613,p02613,s043993169,3281,13412
p02613,p02613,s751635538,2791,6935
p02613,p02613,s898397675,2594,5533
p02613,p02613,s141496925,903,4110
p02613,p02613,s734900019,759,2982
p02614,p02614,s495558127,3367,13745
p02614,p02614,s374657217,2819,6999
p02614,p02614,s353249868,2647,5617
p02614,p02614,s040548397,1091,4676
p02614,p02614,s137416609,1068,2617
p02615,p02615,s770628400,3269,13381
p02615,p02615,s928308332,3150,7935
p02615,p02615,s675903644,2586,5543
p02615,p02615,s584927717,899,3894
p02615,p02615,s405581245,735,2916
p02616,p02616,s651415106,1226,2814
p02616,p02616,s809678803,982,2493
p02616,p02616,s362797346,977,2503
p02616,p02616,s385599262,702,2286
p02617,p02617,s299883371,2561,5434
p02617,p02617,s837559716,411,1299
p02619,p02619,s794131053,3392,13626
p02619,p02619,s634845932,725,2243
p02619,p02619,s053485341,545,1746
p02619,p02619,s706795938,342,675
p02619,p02619,s751456678,321,844
p02620,p02620,s514322526,888,2653
p02620,p02620,s453010909,666,1256
p02620,p02620,s211808661,557,1093
p02620,p02620,s911163456,468,1284
p02620,p02620,s307038405,443,1115
p02621,p02621,s879126614,3167,13014
p02621,p02621,s956224700,2676,6683
p02621,p02621,s092340955,2463,5274
p02621,p02621,s211212735,1082,2396
p02621,p02621,s898690932,994,3313
p02622,p02622,s014938275,3216,13184
p02622,p02622,s051272671,2723,6720
p02622,p02622,s221668397,2531,5383
p02622,p02622,s201386178,1120,2481
p02622,p02622,s279292512,937,3122
p02623,p02623,s041361092,3380,13715
p02623,p02623,s021790779,2845,7371
p02623,p02623,s920746450,1297,2811
p02623,p02623,s921175685,980,4156
p02624,p02624,s105190428,2728,7460
p02624,p02624,s868510090,2701,6832
p02624,p02624,s853780254,2169,15945
p02625,p02625,s129042851,2864,6283
p02625,p02625,s827065984,690,1797
p02625,p02625,s315988752,393,1029
p02625,p02625,s206721740,366,931
p02625,p02625,s790953547,365,910
p02626,p02626,s811302519,2791,6110
p02626,p02626,s314338914,1692,3728
p02626,p02626,s284371245,1692,3674
p02626,p02626,s452548824,1692,3674
p02626,p02626,s085370234,419,985
p02627,p02627,s200525078,3181,13067
p02627,p02627,s593571336,2496,6374
p02627,p02627,s720994750,2492,6395
p02627,p02627,s461681733,2479,5307
p02627,p02627,s657811721,807,3586
p02628,p02628,s990424959,3244,13260
p02628,p02628,s092119928,2536,5406
p02628,p02628,s576498306,2530,6386
p02628,p02628,s921557894,1144,2511
p02628,p02628,s152734884,847,3647
p02629,p02629,s845998438,3268,13358
p02629,p02629,s675469986,2588,5523
p02629,p02629,s446894901,2556,6587
p02629,p02629,s952403902,857,3717
p02629,p02629,s216050286,798,1860
p02630,p02630,s144674577,3331,13573
p02630,p02630,s489052539,2592,6616
p02630,p02630,s944111136,968,3959
p02630,p02630,s162512667,794,2808
p02630,p02630,s009340092,754,2414
p02631,p02631,s775221128,3226,13199
p02631,p02631,s792582117,2544,6480
p02631,p02631,s179196278,2537,5388
p02631,p02631,s131408214,668,2134
p02632,p02632,s506684257,2845,6211
p02632,p02632,s163525088,2706,6949
p02632,p02632,s452197430,2702,6941
p02632,p02632,s007987658,2582,6511
p02632,p02632,s271571547,704,1948
p02633,p02633,s047975419,3170,13023
p02633,p02633,s706180112,2489,5311
p02633,p02633,s160111203,1952,8849
p02633,p02633,s270680646,532,1840
p02633,p02633,s793679274,422,2388
p02634,p02634,s320766148,6102,6456
p02634,p02634,s121343408,6102,6456
p02634,p02634,s473679954,6102,6456
p02634,p02634,s210639171,6102,6456
p02634,p02634,s652683093,6102,6456
p02635,p02635,s459720673,2855,6041
p02635,p02635,s323171342,2398,9893
p02635,p02635,s686286902,904,1869
p02636,p02636,s784844665,2734,11388
p02639,p02639,s271996254,3187,13117
p02639,p02639,s528662826,2515,5342
p02639,p02639,s103188370,2503,6347
p02639,p02639,s238900851,795,4863
p02639,p02639,s959698818,759,3404
p02640,p02640,s704987420,3203,13143
p02640,p02640,s854202525,2541,5425
p02640,p02640,s528127272,2506,6402
p02640,p02640,s582087843,821,4928
p02640,p02640,s810484076,787,3491
p02641,p02641,s076065159,3355,13898
p02641,p02641,s072501992,2595,5506
p02641,p02641,s414095317,2576,6559
p02641,p02641,s833246888,1306,5256
p02641,p02641,s466742332,879,3749
p02642,p02642,s354353085,3294,13481
p02642,p02642,s734800903,2578,6599
p02642,p02642,s637777350,1069,2467
p02642,p02642,s101104221,866,3687
p02644,p02644,s624952285,3003,6527
p02644,p02644,s166674484,1007,2289
p02644,p02644,s669319797,1007,2289
p02644,p02644,s551416344,1006,2316
p02644,p02644,s287128731,996,1972
p02645,p02645,s080396051,442,1435
p02645,p02645,s121030776,313,1106
p02646,p02646,s711630232,3213,13146
p02646,p02646,s145721948,2537,6495
p02646,p02646,s506868363,2519,5410
p02646,p02646,s077308164,551,1721
p02646,p02646,s827193595,291,926
p02647,p02647,s793231346,2870,7717
p02647,p02647,s379563472,2667,5640
p02647,p02647,s454850633,1365,3725
p02647,p02647,s413705439,1008,6000
p02648,p02648,s146682677,3505,7607
p02648,p02648,s244650429,941,2284
p02648,p02648,s032142840,859,2627
p02648,p02648,s928436040,859,2627
p02649,p02649,s566352369,722,2045
p02649,p02649,s843347324,611,1703
p02649,p02649,s541402305,583,1514
p02649,p02649,s653383049,542,1172
p02650,p02650,s396437856,1374,2829
p02651,p02651,s756377973,2234,10129
p02651,p02651,s492807375,852,2352
p02651,p02651,s944577235,366,3234
p02651,p02651,s210414462,316,684
p02653,p02653,s034010017,2421,5342
p02653,p02653,s497472137,2316,10129
p02653,p02653,s618512691,1264,2526
p02657,p02657,s699921368,3167,13018
p02657,p02657,s941235471,1597,4138
p02657,p02657,s232065148,724,5876
p02657,p02657,s913425700,530,1692
p02658,p02658,s803866910,3618,14364
p02658,p02658,s312689286,2578,5530
p02658,p02658,s668462134,1718,4586
p02658,p02658,s192253787,1707,4425
p02658,p02658,s430898159,1707,4425
p02659,p02659,s878478173,3291,13520
p02659,p02659,s513007062,2500,5337
p02659,p02659,s923897174,1642,4245
p02659,p02659,s612699955,1608,4185
p02659,p02659,s791247929,620,2633
p02660,p02660,s871348245,3359,13956
p02660,p02660,s478472393,2581,5544
p02660,p02660,s173973359,2062,5897
p02660,p02660,s523756671,2061,6317
p02660,p02660,s192734374,2051,5212
p02661,p02661,s523943700,3314,13425
p02661,p02661,s002789645,2416,5174
p02661,p02661,s820205094,968,2178
p02661,p02661,s645596083,961,2154
p02662,p02662,s381895001,3632,13950
p02662,p02662,s141786228,2713,5820
p02662,p02662,s260896811,537,1489
p02662,p02662,s671303847,520,1552
p02662,p02662,s011695877,512,1445
p02663,p02663,s150275672,3232,13130
p02663,p02663,s341080381,2494,5325
p02663,p02663,s603604859,2414,10766
p02663,p02663,s215289735,2414,10766
p02665,p02665,s903822785,3653,15335
p02665,p02665,s713360884,3584,14966
p02665,p02665,s183686055,1925,9295
p02665,p02665,s763695923,1848,5269
p02666,p02666,s506168035,2306,9809
p02666,p02666,s997760184,824,1803
p02666,p02666,s730671918,814,1781
p02667,p02667,s964903151,417,1180
p02668,p02668,s581863319,2175,9388
p02669,p02669,s143323637,825,1988
p02669,p02669,s029240693,578,1297
p02670,p02670,s585983170,2782,5845
p02670,p02670,s570866090,865,1692
p02670,p02670,s335487234,765,1784
p02670,p02670,s918144083,738,1407
p02670,p02670,s955086267,532,1277
p02675,p02675,s353791121,3230,13216
p02675,p02675,s596461986,2518,5387
p02675,p02675,s569060970,1817,4671
p02675,p02675,s985525149,1247,4590
p02675,p02675,s585810996,656,4225
p02676,p02676,s423915777,3209,13169
p02676,p02676,s205567923,2538,5412
p02676,p02676,s067380713,1726,4414
p02676,p02676,s974217496,1243,4565
p02676,p02676,s596287684,625,4141
p02678,p02678,s166964596,7581,25364
p02678,p02678,s381475012,7482,26647
p02678,p02678,s095171496,7027,23628
p02678,p02678,s576268915,7027,23628
p02678,p02678,s452419154,7026,23628
p02679,p02679,s021649617,1330,4594
p02679,p02679,s085643448,1021,3205
p02679,p02679,s233502947,819,1969
p02680,p02680,s387646412,1723,3574
p02680,p02680,s614956205,1589,3819
p02680,p02680,s672401448,1075,2324
p02681,p02681,s459375739,3173,13018
p02681,p02681,s340418464,2555,5457
p02681,p02681,s042537336,1722,4456
p02681,p02681,s396600080,1274,4675
p02681,p02681,s309174314,1250,4592
p02682,p02682,s982806879,3250,13326
p02682,p02682,s513356454,2535,5372
p02682,p02682,s925518577,1736,4575
p02682,p02682,s382202283,1248,4550
p02682,p02682,s294751617,668,3020
p02683,p02683,s873196470,3550,14294
p02683,p02683,s090268841,3172,9546
p02683,p02683,s099673957,2730,5747
p02683,p02683,s051478135,1967,5105
p02683,p02683,s759217561,1966,5152
p02684,p02684,s465917594,3448,14094
p02684,p02684,s829889595,1912,5196
p02684,p02684,s087581637,1374,4884
p02684,p02684,s341631183,661,2121
p02684,p02684,s649064031,492,2672
p02685,p02685,s186260363,3305,13429
p02685,p02685,s880065221,2853,6240
p02685,p02685,s018951676,2072,5299
p02685,p02685,s669389896,2066,5812
p02685,p02685,s612100125,2054,5311
p02686,p02686,s553192382,975,2235
p02686,p02686,s723811752,556,1146
p02686,p02686,s407768865,483,1396
p02687,p02687,s538022773,3168,13015
p02687,p02687,s791413544,2504,5354
p02687,p02687,s519288402,1214,4473
p02687,p02687,s926611711,886,2649
p02687,p02687,s774057176,599,2954
p02688,p02688,s159107200,3293,13467
p02688,p02688,s511895148,2574,5470
p02688,p02688,s837589104,1286,4646
p02688,p02688,s683006076,966,2729
p02688,p02688,s486899341,690,3143
p02689,p02689,s746660250,3347,13696
p02689,p02689,s205279999,2615,5518
p02689,p02689,s567639918,1356,4793
p02689,p02689,s904428282,1193,5853
p02689,p02689,s060083895,1053,2839
p02690,p02690,s144340154,687,1588
p02691,p02691,s787333273,3464,14066
p02691,p02691,s632060246,2328,5566
p02691,p02691,s453403301,1559,4335
p02691,p02691,s291723134,1550,4061
p02692,p02692,s249353677,3125,6663
p02692,p02692,s845868786,1132,3237
p02692,p02692,s176799222,1112,3034
p02692,p02692,s865771195,1104,2873
p02692,p02692,s024890319,1008,3284
p02693,p02693,s134814982,3202,13140
p02693,p02693,s557592901,2516,5364
p02693,p02693,s019679850,2428,10831
p02693,p02693,s679575176,1237,4563
p02693,p02693,s364804332,903,2619
p02694,p02694,s672889895,7622,43079
p02694,p02694,s943886394,7580,43132
p02694,p02694,s091310509,3193,13134
p02694,p02694,s200515336,2506,5360
p02694,p02694,s381080269,2400,10771
p02695,p02695,s076438968,4613,14603
p02695,p02695,s955144937,2686,5741
p02695,p02695,s813942351,2681,6544
p02695,p02695,s632959266,2407,6821
p02695,p02695,s747994736,1578,6072
p02696,p02696,s776587937,3211,13128
p02696,p02696,s836915399,2495,5330
p02696,p02696,s353823987,2434,10812
p02696,p02696,s625565558,1259,4591
p02696,p02696,s988025730,964,2689
p02697,p02697,s163741115,669,1991
p02698,p02698,s974383541,699,1922
p02698,p02698,s064480839,699,2019
p02698,p02698,s800578806,478,1013
p02698,p02698,s227905880,478,1014
p02699,p02699,s971565839,2608,11364
p02699,p02699,s193783415,2389,10799
p02699,p02699,s073777405,1213,4475
p02699,p02699,s387918549,871,3022
p02699,p02699,s308741383,796,2189
p02700,p02700,s205470493,2638,11424
p02700,p02700,s950165933,2419,10859
p02700,p02700,s159234818,1257,4647
p02700,p02700,s607760285,929,3203
p02700,p02700,s362462143,841,2271
p02701,p02701,s911870629,3333,13666
p02701,p02701,s069253926,2573,5466
p02701,p02701,s799349532,2514,11311
p02701,p02701,s575739450,2514,11245
p02701,p02701,s946856266,1690,4326
p02702,p02702,s197356156,2770,11783
p02702,p02702,s432369527,2372,5058
p02702,p02702,s379358910,2105,5165
p02702,p02702,s261992489,649,1820
p02702,p02702,s630947480,624,1917
p02703,p02703,s797000097,5712,18330
p02703,p02703,s108554573,1419,7718
p02703,p02703,s780893218,1281,2910
p02703,p02703,s151804271,1172,2440
p02704,p02704,s595661187,3279,7398
p02706,p02706,s002661266,2662,11552
p02706,p02706,s375662753,2528,5378
p02706,p02706,s118048898,1240,4574
p02706,p02706,s704240054,1000,10571
p02706,p02706,s968214894,786,2752
p02707,p02707,s991415002,2687,11621
p02707,p02707,s441111393,2535,5390
p02707,p02707,s390818508,1258,4569
p02707,p02707,s081545359,987,10538
p02707,p02707,s442087251,806,2730
p02708,p02708,s244420862,2824,6220
p02708,p02708,s890752235,2677,11526
p02708,p02708,s875186915,1070,2835
p02708,p02708,s506933504,787,2040
p02708,p02708,s509344949,718,2173
p02709,p02709,s276534286,2660,5699
p02709,p02709,s111397173,975,2054
p02709,p02709,s191824146,839,2001
p02709,p02709,s096647254,839,2201
p02709,p02709,s368137633,716,3601
p02710,p02710,s868112050,647,1737
p02710,p02710,s607911150,526,1122
p02711,p02711,s028033959,2625,11456
p02711,p02711,s546310856,2528,5397
p02711,p02711,s172422136,1228,4502
p02711,p02711,s273824846,982,2765
p02711,p02711,s557070819,690,1860
p02712,p02712,s639866397,2639,11475
p02712,p02712,s345718452,2518,5365
p02712,p02712,s406788478,1230,4506
p02712,p02712,s813544048,1018,2796
p02712,p02712,s552322543,761,2665
p02713,p02713,s724220915,2778,11959
p02713,p02713,s566739509,2665,11567
p02713,p02713,s951543540,2542,5427
p02713,p02713,s073697226,1277,4664
p02713,p02713,s873034010,1154,3082
p02714,p02714,s946126086,3068,13083
p02714,p02714,s836584810,2918,12652
p02714,p02714,s744505311,2686,5705
p02714,p02714,s763801901,1121,3729
p02714,p02714,s220744635,1034,2527
p02715,p02715,s592130682,2753,6840
p02715,p02715,s099086290,2644,5648
p02715,p02715,s471920039,1128,5609
p02715,p02715,s158140331,1087,2861
p02715,p02715,s177853267,1086,2937
p02716,p02716,s164227064,3055,7475
p02716,p02716,s293754775,2946,7938
p02717,p02717,s099886516,2620,11395
p02717,p02717,s874757551,2507,5340
p02717,p02717,s609483627,1213,4467
p02717,p02717,s387673505,635,2246
p02717,p02717,s141605833,592,1630
p02718,p02718,s058870358,2693,11636
p02718,p02718,s636619704,2569,5430
p02718,p02718,s386614203,1299,4659
p02718,p02718,s152061623,737,2490
p02718,p02718,s526033605,725,2408
p02719,p02719,s939486467,2619,11385
p02719,p02719,s566273072,2494,5326
p02719,p02719,s684434789,1265,4658
p02719,p02719,s329036763,608,2418
p02719,p02719,s417070679,604,1598
p02720,p02720,s172320437,3148,8289
p02720,p02720,s352038502,3132,8075
p02720,p02720,s022536023,2627,5620
p02720,p02720,s026633268,854,2629
p02720,p02720,s789672035,805,1967
p02721,p02721,s631565598,2875,7098
p02721,p02721,s020482873,2763,5802
p02721,p02721,s422908504,1024,3163
p02722,p02722,s994969931,2793,7185
p02722,p02722,s849449257,2616,5692
p02722,p02722,s352267440,777,2550
p02722,p02722,s765821408,622,1818
p02722,p02722,s660705610,619,1813
p02723,p02723,s637521121,2620,11361
p02723,p02723,s271367976,2520,5378
p02723,p02723,s923294927,995,3088
p02723,p02723,s056518873,919,10297
p02723,p02723,s122945840,919,10297
p02724,p02724,s293912107,2627,11424
p02724,p02724,s548401573,2510,5345
p02724,p02724,s421255770,998,3144
p02724,p02724,s434086332,923,10342
p02724,p02724,s068478528,923,10342
p02725,p02725,s323278356,2705,11657
p02725,p02725,s236963836,2561,5413
p02725,p02725,s726072742,1090,3236
p02725,p02725,s824177654,1076,3264
p02725,p02725,s134327410,981,10535
p02726,p02726,s505435641,2858,12287
p02726,p02726,s545233089,2827,5988
p02726,p02726,s271985666,1158,6317
p02726,p02726,s124671513,988,10534
p02727,p02727,s722491027,2989,12887
p02727,p02727,s916746230,2780,5972
p02727,p02727,s181724713,1669,3819
p02727,p02727,s031317362,1659,3826
p02727,p02727,s502673080,1659,3784
p02728,p02728,s296322809,1711,3611
p02728,p02728,s158444377,1191,4480
p02728,p02728,s108001724,1191,4480
p02728,p02728,s530656540,1076,2357
p02729,p02729,s599782331,2644,11485
p02729,p02729,s205170291,2494,5311
p02729,p02729,s964015826,1241,4536
p02729,p02729,s188934142,875,2014
p02729,p02729,s770483478,802,2498
p02730,p02730,s362845702,2788,11962
p02730,p02730,s233342912,2635,5598
p02730,p02730,s217873258,1363,4886
p02730,p02730,s183698268,946,2138
p02730,p02730,s794861564,902,2810
p02731,p02731,s949461760,2497,5344
p02731,p02731,s956288605,855,2725
p02732,p02732,s795968729,2798,11951
p02732,p02732,s117313780,1033,2947
p02732,p02732,s243210940,986,4926
p02732,p02732,s521196453,961,2187
p02733,p02733,s262280719,5112,16376
p02733,p02733,s196099815,5051,16044
p02733,p02733,s763798358,3094,6636
p02733,p02733,s769303455,2987,13164
p02733,p02733,s488119432,1089,2620
p02734,p02734,s827162853,2662,5615
p02734,p02734,s157822992,984,2286
p02734,p02734,s370158852,484,843
p02734,p02734,s995260268,457,908
p02734,p02734,s418763905,433,1098
p02735,p02735,s520868178,2883,12013
p02735,p02735,s595394036,1063,2281
p02735,p02735,s561497811,925,2081
p02735,p02735,s753655271,878,1959
p02736,p02736,s380012935,2799,6038
p02736,p02736,s231941931,427,1073
p02736,p02736,s317606485,381,1422
p02736,p02736,s212901408,336,811
p02741,p02741,s379296990,2676,11478
p02741,p02741,s841029069,2530,5385
p02741,p02741,s221917708,957,2143
p02741,p02741,s172259774,787,3971
p02742,p02742,s379964376,2634,11444
p02742,p02742,s168511808,2513,5369
p02742,p02742,s223979215,1865,8532
p02742,p02742,s515625804,908,2077
p02742,p02742,s483241901,773,3635
p02743,p02743,s023617849,2659,11496
p02743,p02743,s467533922,1839,8549
p02743,p02743,s670675891,1709,4434
p02743,p02743,s698476587,940,2119
p02743,p02743,s508207681,759,3549
p02744,p02744,s415767059,2756,11874
p02744,p02744,s832176229,2582,6760
p02744,p02744,s992264674,2577,5506
p02744,p02744,s569713796,1777,4630
p02746,p02746,s038483188,620,1546
p02746,p02746,s356431931,417,918
p02747,p02747,s638012544,2693,11804
p02747,p02747,s955710750,2590,5588
p02747,p02747,s487767303,1784,8346
p02747,p02747,s597926150,946,2174
p02747,p02747,s147503359,721,2503
p02748,p02748,s275587175,2988,12591
p02748,p02748,s849385666,2639,5552
p02748,p02748,s742737482,1864,8412
p02748,p02748,s555358685,1107,3534
p02748,p02748,s462172843,1088,2363
p02749,p02749,s856556698,1748,3607
p02750,p02750,s728173791,2036,8906
p02753,p02753,s638532681,2617,11384
p02753,p02753,s323088723,2527,5450
p02753,p02753,s155836025,899,2197
p02753,p02753,s374635828,739,3427
p02753,p02753,s083268373,496,1498
p02754,p02754,s104512615,2648,11457
p02754,p02754,s013044593,2517,5384
p02754,p02754,s830790257,894,2157
p02754,p02754,s587954574,765,3455
p02754,p02754,s084415040,496,1476
p02755,p02755,s955004118,2662,11548
p02755,p02755,s341044253,2536,5414
p02755,p02755,s789490311,1153,11453
p02755,p02755,s623571302,919,2209
p02755,p02755,s347046073,821,3721
p02756,p02756,s668132318,2846,12393
p02756,p02756,s972727773,2703,5736
p02756,p02756,s123001788,786,3717
p02756,p02756,s387732086,783,4302
p02756,p02756,s228959168,780,3579
p02757,p02757,s213664102,876,2192
p02757,p02757,s540371099,688,2077
p02757,p02757,s300103595,646,2201
p02759,p02759,s054147066,2604,11343
p02759,p02759,s311894964,2487,5444
p02759,p02759,s994130792,1201,4429
p02759,p02759,s415607642,887,2035
p02759,p02759,s036915510,540,3325
p02760,p02760,s077436829,2966,12677
p02760,p02760,s027038693,2941,6000
p02760,p02760,s111140286,1611,5557
p02760,p02760,s680731616,1200,2497
p02760,p02760,s462785006,849,2171
p02761,p02761,s723474063,2806,12057
p02761,p02761,s122461498,2708,5755
p02761,p02761,s472925079,1405,5081
p02761,p02761,s953252366,1115,2510
p02761,p02761,s106076134,975,4564
p02762,p02762,s149781659,3128,13148
p02762,p02762,s561624267,2989,6415
p02762,p02762,s960385206,1277,2713
p02762,p02762,s392032066,995,3546
p02762,p02762,s935146604,895,2431
p02763,p02763,s352176180,1462,4248
p02763,p02763,s476712085,1200,2653
p02763,p02763,s800090268,1177,2649
p02765,p02765,s968409459,2621,11385
p02765,p02765,s253463415,2498,5341
p02765,p02765,s860807482,1221,4481
p02765,p02765,s277594508,901,2060
p02765,p02765,s966339279,654,2274
p02766,p02766,s545872593,2625,11434
p02766,p02766,s996555639,2497,5332
p02766,p02766,s640996788,2497,5332
p02766,p02766,s566772259,1220,4472
p02766,p02766,s314747809,904,2081
p02767,p02767,s588466857,2708,11722
p02767,p02767,s357700199,2578,5480
p02767,p02767,s570838826,2578,5480
p02767,p02767,s621197103,1321,4722
p02767,p02767,s647460258,1004,2224
p02768,p02768,s035828690,2938,7273
p02768,p02768,s884053040,2679,5819
p02768,p02768,s914670552,2670,11577
p02768,p02768,s131683675,1110,2856
p02768,p02768,s294982479,1110,3086
p02769,p02769,s663828853,2844,6190
p02769,p02769,s991603843,939,2121
p02769,p02769,s324918208,812,4322
p02769,p02769,s427065346,751,2306
p02769,p02769,s030268688,539,2045
p02770,p02770,s478099939,2701,5771
p02770,p02770,s393232282,462,918
p02770,p02770,s291555030,460,915
p02770,p02770,s485215247,439,915
p02770,p02770,s126142534,439,915
p02771,p02771,s270923821,2690,11586
p02771,p02771,s975740785,2535,5413
p02771,p02771,s352079103,1299,4839
p02771,p02771,s223889170,928,2087
p02771,p02771,s392526925,594,3494
p02772,p02772,s502177713,2657,11581
p02772,p02772,s953783631,2549,5462
p02772,p02772,s397408415,1247,4630
p02772,p02772,s131294217,964,2165
p02772,p02772,s682677325,603,3571
p02773,p02773,s233686517,2984,12668
p02773,p02773,s071758318,2654,6113
p02773,p02773,s108623802,1494,8012
p02773,p02773,s694070822,1051,2370
p02774,p02774,s843466556,2463,5514
p02774,p02774,s691188831,1183,6239
p02774,p02774,s054027672,998,3821
p02774,p02774,s662246495,963,1876
p02774,p02774,s367451097,729,1472
p02775,p02775,s888628028,2698,5678
p02775,p02775,s816920102,659,3051
p02775,p02775,s235049800,367,1118
p02776,p02776,s670922055,1093,5272
p02776,p02776,s603532809,950,4620
p02777,p02777,s860565965,2654,11494
p02777,p02777,s423410982,2536,5431
p02777,p02777,s010653811,1265,4596
p02777,p02777,s537872780,760,1810
p02777,p02777,s255531947,745,1968
p02778,p02778,s138120194,2619,11400
p02778,p02778,s431767621,2511,5370
p02778,p02778,s792649129,1218,4497
p02778,p02778,s632176484,729,1777
p02778,p02778,s866424694,551,3368
p02779,p02779,s288012682,2687,11629
p02779,p02779,s875645329,2531,5459
p02779,p02779,s404116628,1295,4722
p02779,p02779,s000142112,784,1882
p02779,p02779,s385487855,599,3485
p02780,p02780,s797041927,2590,5516
p02781,p02781,s967413136,3018,7485
p02781,p02781,s965840028,2822,6017
p02781,p02781,s271633940,1329,3143
p02781,p02781,s991220688,1171,2405
p02781,p02781,s003257882,1001,2600
p02782,p02782,s653347126,2158,4899
p02782,p02782,s838508544,548,1854
p02782,p02782,s697787535,400,1515
p02782,p02782,s315238881,390,989
p02783,p02783,s745302669,2613,11366
p02783,p02783,s952554333,2499,5479
p02783,p02783,s175367092,1217,4464
p02783,p02783,s122355352,571,1418
p02783,p02783,s012108101,544,3329
p02784,p02784,s307428389,2645,11497
p02784,p02784,s997431281,2541,5447
p02784,p02784,s825106500,1235,4541
p02784,p02784,s558259392,650,1583
p02784,p02784,s838954767,620,1538
p02785,p02785,s882287570,2685,11612
p02785,p02785,s955689666,2560,5449
p02785,p02785,s937577876,1295,4714
p02785,p02785,s660148199,699,1672
p02785,p02785,s214404617,592,1502
p02786,p02786,s696543821,2637,11503
p02786,p02786,s885852667,2507,5363
p02786,p02786,s905362792,1229,4542
p02786,p02786,s141580687,654,2554
p02786,p02786,s166889600,640,1545
p02787,p02787,s556922912,2819,12051
p02787,p02787,s211597531,2597,5519
p02787,p02787,s313249634,914,3004
p02787,p02787,s094317746,799,2083
p02787,p02787,s988000844,714,1802
p02788,p02788,s269103178,2737,11869
p02788,p02788,s653265412,964,2495
p02788,p02788,s640383907,865,1993
p02789,p02789,s686988370,2608,11359
p02789,p02789,s812788628,1213,4471
p02789,p02789,s877386455,597,3948
p02789,p02789,s393593457,571,1408
p02789,p02789,s230197989,546,3348
p02790,p02790,s840633993,2643,11470
p02790,p02790,s011587790,2514,5335
p02790,p02790,s208338381,1278,4723
p02790,p02790,s469937541,584,1410
p02790,p02790,s491922397,572,3481
p02791,p02791,s583117997,2665,11583
p02791,p02791,s335691229,2542,5432
p02791,p02791,s592633420,1239,4576
p02791,p02791,s072842570,907,2691
p02791,p02791,s471879120,614,1443
p02792,p02792,s705323594,2817,6977
p02792,p02792,s882439766,2797,12405
p02792,p02792,s418544932,2622,5594
p02792,p02792,s067902166,944,2624
p02792,p02792,s596605518,680,1536
p02793,p02793,s002400137,2987,12800
p02793,p02793,s837892974,2878,12774
p02793,p02793,s027509952,2429,6307
p02793,p02793,s294940226,1402,2784
p02794,p02794,s884781097,634,1334
p02794,p02794,s549374569,597,1282
p02795,p02795,s278424869,2649,11479
p02795,p02795,s552556730,2497,5317
p02795,p02795,s608048378,576,1377
p02795,p02795,s354531569,565,1957
p02795,p02795,s991584339,331,1032
p02796,p02796,s423721749,3055,12927
p02796,p02796,s542567206,798,2166
p02796,p02796,s425823333,763,1927
p02796,p02796,s364364396,674,1963
p02798,p02798,s330713606,1036,4313
p02798,p02798,s678389605,558,1656
p02798,p02798,s007018712,431,1488
p02801,p02801,s402836974,2603,11335
p02801,p02801,s804969397,997,3818
p02801,p02801,s313672309,614,3256
p02801,p02801,s640996780,563,1352
p02801,p02801,s461840018,555,3363
p02802,p02802,s102873066,2808,12104
p02802,p02802,s645751005,752,1666
p02802,p02802,s919712340,660,3700
p02803,p02803,s463071955,3235,13586
p02803,p02803,s933220737,3060,7582
p02803,p02803,s565099001,1148,3676
p02803,p02803,s563608547,1097,2345
p02804,p02804,s760224226,1124,2398
p02804,p02804,s925995711,1124,2395
p02806,p02806,s275395174,2697,11641
p02806,p02806,s299956122,2576,5941
p02806,p02806,s032782056,1766,8272
p02806,p02806,s760036636,653,2270
p02806,p02806,s921342588,534,1341
p02807,p02807,s335793293,2943,7209
p02807,p02807,s223036062,2935,7148
p02807,p02807,s405816395,2839,6192
p02807,p02807,s400332837,2729,11789
p02807,p02807,s794302419,1832,8419
p02808,p02808,s593888366,2979,6451
p02808,p02808,s139911750,1932,8650
p02808,p02808,s708790637,581,1484
p02808,p02808,s285294719,554,1392
p02810,p02810,s492682223,2122,9382
p02811,p02811,s979083285,2572,11204
p02811,p02811,s292261883,2505,5368
p02811,p02811,s259894900,744,4326
p02811,p02811,s811606560,633,1563
p02811,p02811,s983511953,548,3352
p02812,p02812,s235713097,2616,11347
p02812,p02812,s795077544,2536,5388
p02812,p02812,s746988109,673,1603
p02812,p02812,s060300237,588,3438
p02812,p02812,s447660820,527,1638
p02813,p02813,s276947592,2897,12276
p02813,p02813,s552711724,1060,3321
p02813,p02813,s930689249,850,1894
p02813,p02813,s136537758,706,2179
p02813,p02813,s299904058,653,1270
p02814,p02814,s506826425,2728,11791
p02814,p02814,s979782400,2611,5542
p02814,p02814,s378338806,2607,6645
p02814,p02814,s096680777,741,1757
p02814,p02814,s915631953,660,3506
p02815,p02815,s938169162,2682,5768
p02815,p02815,s526923460,680,3413
p02815,p02815,s730179296,452,1025
p02815,p02815,s004056979,365,1202
p02815,p02815,s619089050,322,928
p02816,p02816,s877616971,602,2192
p02816,p02816,s817508789,396,881
p02817,p02817,s547346285,2569,11182
p02817,p02817,s321398349,2494,5351
p02817,p02817,s014906790,686,2578
p02817,p02817,s617834198,628,1526
p02817,p02817,s114421859,529,1672
p02818,p02818,s771115078,2630,11425
p02818,p02818,s775226743,2522,5379
p02818,p02818,s413319401,735,2803
p02818,p02818,s136632562,668,1587
p02818,p02818,s923615449,569,1762
p02819,p02819,s783658598,2655,11628
p02819,p02819,s743878815,2508,6426
p02819,p02819,s832203254,766,2906
p02819,p02819,s339289418,693,1672
p02819,p02819,s923361975,565,2491
p02820,p02820,s216960525,3088,12531
p02820,p02820,s912444503,2713,5899
p02820,p02820,s695485051,877,3200
p02820,p02820,s834202084,763,1768
p02820,p02820,s282481572,745,2321
p02821,p02821,s686928825,910,4769
p02821,p02821,s535826296,880,3402
p02821,p02821,s482948109,880,3402
p02822,p02822,s668472508,1085,4602
p02822,p02822,s758889438,674,2451
p02823,p02823,s331874200,2694,11715
p02823,p02823,s174478848,2557,5456
p02823,p02823,s628135867,1989,8909
p02823,p02823,s008219964,680,1594
p02823,p02823,s203760923,671,2457
p02824,p02824,s399251549,2945,12628
p02824,p02824,s755096418,1979,8873
p02824,p02824,s143969830,789,1841
p02824,p02824,s937276901,453,1381
p02829,p02829,s883708836,2630,11408
p02829,p02829,s866408541,2489,5459
p02829,p02829,s422049411,1337,5395
p02829,p02829,s020022390,771,2646
p02829,p02829,s336784107,625,1517
p02830,p02830,s213425434,2600,11276
p02830,p02830,s372207141,2523,5382
p02830,p02830,s031526408,1326,5377
p02830,p02830,s893548027,714,2643
p02830,p02830,s560701986,696,1607
p02831,p02831,s175012836,2576,11172
p02831,p02831,s529645881,2500,5350
p02831,p02831,s628323264,1414,5697
p02831,p02831,s717762039,680,2561
p02831,p02831,s607325726,626,1515
p02832,p02832,s354130120,2625,11439
p02832,p02832,s966839439,2552,5446
p02832,p02832,s637918499,1332,5407
p02832,p02832,s021473210,1003,2616
p02832,p02832,s205129376,684,1608
p02833,p02833,s918340534,2715,6739
p02833,p02833,s388450290,2615,11383
p02833,p02833,s547888641,2523,5398
p02833,p02833,s941363287,1319,5432
p02833,p02833,s315882547,642,1626
p02834,p02834,s222468162,5067,16201
p02834,p02834,s968748485,2510,6783
p02834,p02834,s179594880,2508,6719
p02834,p02834,s931539981,2425,7079
p02834,p02834,s657288514,1509,2940
p02835,p02835,s735342672,2547,10990
p02835,p02835,s685484793,2503,5360
p02835,p02835,s456185907,1313,5340
p02835,p02835,s038046112,502,1366
p02835,p02835,s559772190,486,1745
p02836,p02836,s718429880,2563,11097
p02836,p02836,s925441823,2541,5405
p02836,p02836,s086830097,1331,5356
p02836,p02836,s265553269,642,1482
p02836,p02836,s075213835,521,1624
p02837,p02837,s393929580,2870,12404
p02837,p02837,s928025482,2859,7138
p02837,p02837,s073875750,2859,7127
p02837,p02837,s811092597,2741,5776
p02837,p02837,s336875081,1896,5200
p02838,p02838,s922768862,2846,12040
p02838,p02838,s393359581,2606,5520
p02838,p02838,s772542912,1432,5760
p02838,p02838,s069043612,600,3128
p02838,p02838,s763640670,448,1230
p02839,p02839,s360376276,906,2163
p02839,p02839,s778873135,744,3393
p02839,p02839,s641805464,715,1339
p02839,p02839,s501872862,715,1336
p02840,p02840,s240749233,604,1437
p02841,p02841,s487027643,2522,10955
p02841,p02841,s785284122,2504,5337
p02841,p02841,s882650378,698,2579
p02841,p02841,s424091279,641,1523
p02841,p02841,s438596257,501,1597
p02842,p02842,s246589579,2575,11157
p02842,p02842,s536203041,2523,5430
p02842,p02842,s499802267,2520,5383
p02842,p02842,s746223519,2398,10818
p02842,p02842,s897967237,800,6052
p02843,p02843,s682845214,2611,11377
p02843,p02843,s653520879,2549,5440
p02843,p02843,s595665661,2469,11207
p02843,p02843,s455479266,1004,4448
p02843,p02843,s240749076,854,3094
p02844,p02844,s777521214,2859,7366
p02844,p02844,s916388206,2859,7368
p02844,p02844,s763760968,2759,11620
p02844,p02844,s709160401,2566,5487
p02844,p02844,s840545526,898,3336
p02845,p02845,s362724019,2677,11511
p02845,p02845,s803633919,2591,5554
p02845,p02845,s582467328,744,1710
p02845,p02845,s983014841,719,2125
p02845,p02845,s088984661,516,1535
p02846,p02846,s508391505,4749,15030
p02846,p02846,s083080012,2913,5995
p02846,p02846,s025787723,2861,11992
p02846,p02846,s406589139,2661,13029
p02846,p02846,s372836738,798,1788
p02847,p02847,s416036314,2612,11291
p02847,p02847,s586462635,2519,5419
p02847,p02847,s139096418,961,2166
p02847,p02847,s669311452,885,2330
p02847,p02847,s182901705,808,1803
p02848,p02848,s031320720,2565,11079
p02848,p02848,s043593094,2537,5423
p02848,p02848,s378324663,1084,2435
p02848,p02848,s682223350,757,3052
p02848,p02848,s599093357,671,1588
p02850,p02850,s044017501,4883,13834
p02850,p02850,s256721686,3239,8002
p02850,p02850,s104028872,3143,13651
p02850,p02850,s982703489,3037,6485
p02850,p02850,s380196934,1168,3152
p02851,p02851,s829717718,1653,10871
p02851,p02851,s514461621,517,1384
p02851,p02851,s716422062,420,996
p02851,p02851,s395541053,382,1469
p02852,p02852,s156026477,3203,7137
p02852,p02852,s246974117,3194,7118
p02852,p02852,s278970351,504,1362
p02852,p02852,s953934320,371,942
p02852,p02852,s526427944,307,1186
p02853,p02853,s563064451,2573,5490
p02853,p02853,s439677599,2563,11114
p02853,p02853,s972090299,671,1632
p02853,p02853,s158053081,569,1757
p02853,p02853,s216100346,477,1389
p02854,p02854,s012941946,2671,11438
p02854,p02854,s321715782,2564,5457
p02854,p02854,s804383546,1759,9083
p02854,p02854,s485734509,709,1650
p02854,p02854,s749019481,588,1876
p02856,p02856,s835561404,3339,14592
p02856,p02856,s713997101,2536,5409
p02856,p02856,s448545179,2534,5393
p02856,p02856,s978134709,705,1648
p02856,p02856,s477246606,402,2102
p02858,p02858,s935944286,281,1197
p02859,p02859,s903272267,2501,10905
p02859,p02859,s246242219,2484,5301
p02859,p02859,s186035279,625,2374
p02859,p02859,s379127391,597,1466
p02860,p02860,s234761032,2553,5441
p02860,p02860,s458072808,2527,10961
p02860,p02860,s601642269,692,2600
p02860,p02860,s339964780,660,1604
p02860,p02860,s896857830,624,1458
p02861,p02861,s711696245,2820,12125
p02862,p02862,s317569055,2813,6125
p02862,p02862,s912546547,2795,6156
p02862,p02862,s232779363,2782,6107
p02862,p02862,s313085708,2606,11213
p02862,p02862,s289063951,955,5005
p02863,p02863,s598639829,3125,7791
p02863,p02863,s270723035,2803,5910
p02863,p02863,s287835190,2785,11844
p02863,p02863,s349433464,2785,11723
p02863,p02863,s274809643,938,1953
p02864,p02864,s785455513,1025,1830
p02864,p02864,s383496277,422,1205
p02864,p02864,s088570936,422,1750
p02864,p02864,s404792679,352,791
p02865,p02865,s533848294,2508,5343
p02865,p02865,s983788107,576,1405
p02865,p02865,s713558560,426,1939
p02865,p02865,s913633648,278,979
p02866,p02866,s763539312,2694,11622
p02866,p02866,s090283339,751,1766
p02866,p02866,s500723104,745,1992
p02866,p02866,s013370876,715,1809
p02867,p02867,s136273225,1257,2754
p02867,p02867,s491649257,692,2185
p02867,p02867,s787748802,626,1278
p02867,p02867,s707494375,508,1099
p02868,p02868,s017193200,5579,17988
p02868,p02868,s451358329,1420,3704
p02868,p02868,s831683987,1420,3704
p02868,p02868,s318398944,1194,2394
p02869,p02869,s462165806,1783,8408
p02869,p02869,s972057975,395,1096
p02873,p02873,s500934322,2776,12042
p02873,p02873,s859837472,1985,4924
p02873,p02873,s574076169,861,1646
p02874,p02874,s254856079,1285,4840
p02874,p02874,s368896349,1152,2486
p02874,p02874,s935022512,985,2053
p02874,p02874,s277280721,452,986
p02875,p02875,s271177018,2810,6121
p02879,p02879,s543354528,2528,10976
p02879,p02879,s843873878,2516,5374
p02879,p02879,s362470115,644,2409
p02879,p02879,s838976446,529,3245
p02879,p02879,s428146000,503,1200
p02880,p02880,s128853983,2535,11011
p02880,p02880,s798305921,2532,5408
p02880,p02880,s043804781,678,2592
p02880,p02880,s609186548,543,3355
p02880,p02880,s688388453,516,1258
p02881,p02881,s677575962,2575,11150
p02881,p02881,s338760723,2526,5364
p02881,p02881,s765708834,811,5937
p02881,p02881,s359598445,656,3586
p02881,p02881,s159017847,594,1541
p02882,p02882,s045152810,2611,11230
p02883,p02883,s628268151,2672,5672
p02883,p02883,s104225976,1854,5107
p02883,p02883,s793654205,1840,5129
p02883,p02883,s269362725,787,3908
p02883,p02883,s464161647,755,1696
p02885,p02885,s602988019,2518,10921
p02885,p02885,s598569127,2503,5463
p02885,p02885,s422948543,480,1535
p02885,p02885,s296455150,441,1647
p02885,p02885,s304157309,340,1262
p02886,p02886,s698300486,2586,11142
p02886,p02886,s324269670,2539,5387
p02886,p02886,s612146168,575,1747
p02886,p02886,s042115671,535,1629
p02886,p02886,s782040064,504,1821
p02887,p02887,s209467643,2549,11040
p02887,p02887,s519552484,2527,5384
p02887,p02887,s814763811,1630,3644
p02887,p02887,s972885911,582,2541
p02887,p02887,s834072788,548,3682
p02888,p02888,s853249850,2786,12004
p02888,p02888,s835819453,2579,5504
p02888,p02888,s786495040,709,2772
p02888,p02888,s136044704,658,3561
p02888,p02888,s354769301,616,2205
p02889,p02889,s362777745,5891,19056
p02889,p02889,s511800875,5891,18887
p02889,p02889,s251351371,2958,6131
p02889,p02889,s768081301,1734,3752
p02889,p02889,s543243277,1690,4189
p02890,p02890,s233870428,696,2122
p02890,p02890,s299879007,494,1337
p02890,p02890,s593993539,431,906
p02890,p02890,s246161925,374,761
p02891,p02891,s914021564,2855,6028
p02891,p02891,s663633232,2615,11348
p02891,p02891,s856913858,1961,8471
p02891,p02891,s965252651,781,1810
p02891,p02891,s846975380,704,2021
p02892,p02892,s805687938,5235,16615
p02892,p02892,s078314433,3460,9161
p02892,p02892,s946488558,2807,6096
p02892,p02892,s277852665,2091,8648
p02892,p02892,s966803688,881,2321
p02893,p02893,s658746142,3025,6476
p02893,p02893,s548240503,2039,8767
p02893,p02893,s595100547,714,3106
p02893,p02893,s589660232,557,1506
p02897,p02897,s860534153,439,1713
p02898,p02898,s516726053,2534,5467
p02898,p02898,s604977050,2231,9691
p02898,p02898,s597263035,618,1845
p02898,p02898,s370204603,455,1903
p02898,p02898,s658861868,391,1231
p02899,p02899,s979053125,2580,5505
p02899,p02899,s911746823,2334,9947
p02899,p02899,s207143911,1363,5473
p02899,p02899,s312507695,779,2080
p02899,p02899,s531480552,779,2080
p02900,p02900,s396651540,2528,6399
p02900,p02900,s136544760,2320,10146
p02900,p02900,s194828782,921,2723
p02900,p02900,s856378039,731,2196
p02901,p02901,s969693796,2951,7413
p02901,p02901,s392201050,2732,11258
p02901,p02901,s177706483,2684,5683
p02901,p02901,s694219457,584,1474
p02901,p02901,s146624290,526,2773
p02902,p02902,s935508550,3550,7587
p02904,p02904,s045003686,2494,10806
p02904,p02904,s539390633,1972,8212
p02904,p02904,s351801791,996,3714
p02904,p02904,s212831485,884,3622
p02905,p02905,s692644124,788,1758
p02905,p02905,s138749601,754,1680
p02906,p02906,s990472062,1947,8447
p02906,p02906,s588629806,419,988
p02909,p02909,s614837186,2531,5417
p02909,p02909,s842085317,1531,6885
p02909,p02909,s258452480,729,2084
p02909,p02909,s678265981,372,1227
p02909,p02909,s879842039,352,1310
p02910,p02910,s982720092,2560,5470
p02910,p02910,s405287810,1567,7071
p02910,p02910,s606565606,685,1996
p02910,p02910,s084471938,453,1416
p02910,p02910,s846158745,405,2006
p02911,p02911,s035592293,2580,5481
p02911,p02911,s961684961,1608,7140
p02911,p02911,s447875981,673,2565
p02911,p02911,s826295590,654,2699
p02911,p02911,s262222523,625,1806
p02912,p02912,s200079262,3111,7862
p02912,p02912,s590439249,3004,6657
p02912,p02912,s163072128,2278,5476
p02912,p02912,s426374713,1562,6978
p02912,p02912,s225642560,1043,2945
p02913,p02913,s359104419,3018,7368
p02913,p02913,s146781099,2723,5828
p02913,p02913,s406995422,647,1658
p02913,p02913,s801879042,636,2704
p02913,p02913,s494723894,634,2116
p02914,p02914,s193028405,2805,6135
p02914,p02914,s720043824,959,2029
p02914,p02914,s944995651,594,1780
p02914,p02914,s457105888,559,1642
p02914,p02914,s442199659,365,1012
p02916,p02916,s649256442,4080,26073
p02916,p02916,s380500694,2652,5584
p02916,p02916,s660209844,1670,7227
p02916,p02916,s312765267,1430,5584
p02916,p02916,s501992170,993,2833
p02917,p02917,s141025549,2569,5469
p02917,p02917,s965144092,1585,6997
p02917,p02917,s097709850,1375,5457
p02917,p02917,s320102371,923,2650
p02917,p02917,s257753916,653,4349
p02918,p02918,s218327965,2851,6892
p02918,p02918,s285868006,2588,5484
p02918,p02918,s756899163,1723,7692
p02918,p02918,s341114606,524,1392
p02918,p02918,s100963640,483,1206
p02919,p02919,s419268303,1373,8749
p02919,p02919,s799944123,970,2032
p02919,p02919,s540432572,937,2668
p02919,p02919,s088955522,800,1862
p02920,p02920,s295267439,2722,5958
p02920,p02920,s794210417,1232,3064
p02920,p02920,s487901786,887,3401
p02920,p02920,s714081184,539,1193
p02921,p02921,s224685587,2524,5359
p02921,p02921,s100551736,1539,6884
p02921,p02921,s280103800,356,1159
p02921,p02921,s378451916,277,870
p02922,p02922,s881877534,2504,5349
p02922,p02922,s026922904,1542,6893
p02922,p02922,s248526484,452,2235
p02922,p02922,s157947078,447,2218
p02922,p02922,s820749629,412,1364
p02923,p02923,s118365615,2557,5430
p02923,p02923,s951201420,1605,7243
p02923,p02923,s635773047,675,4062
p02923,p02923,s490528776,548,1740
p02923,p02923,s304440884,530,1338
p02924,p02924,s994930195,2496,5344
p02924,p02924,s268047857,1501,6759
p02924,p02924,s050667475,439,1361
p02924,p02924,s917982112,420,1384
p02924,p02924,s623421793,378,1117
p02925,p02925,s373913202,5250,16594
p02925,p02925,s205438208,5155,16676
p02925,p02925,s272499182,3212,8589
p02925,p02925,s211039674,2777,5969
p02925,p02925,s855034841,2081,8873
p02927,p02927,s265655187,2557,5451
p02927,p02927,s347224299,1457,6735
p02927,p02927,s727908551,556,3308
p02927,p02927,s320116729,338,1272
p02927,p02927,s788727680,290,909
p02928,p02928,s995118395,2611,5581
p02928,p02928,s272305543,2138,5372
p02928,p02928,s528725666,1539,7132
p02928,p02928,s993756808,674,3767
p02928,p02928,s156377007,594,1637
p02929,p02929,s362605126,326,1172
p02929,p02929,s651196644,323,1004
p02929,p02929,s154089397,308,1311
p02929,p02929,s144130504,292,1218
p02931,p02931,s934673963,1102,2510
p02931,p02931,s753503003,514,1813
p02932,p02932,s407459224,693,2056
p02933,p02933,s631371913,1197,5584
p02933,p02933,s324893518,310,1742
p02933,p02933,s367616831,266,909
p02935,p02935,s407045474,552,1687
p02936,p02936,s574350695,3136,8221
p02936,p02936,s632354477,3052,8512
p02936,p02936,s577816406,1586,7164
p02936,p02936,s263505380,1180,3046
p02937,p02937,s999158521,2940,7483
p02937,p02937,s105053066,1729,7712
p02937,p02937,s388280965,1041,2862
p02937,p02937,s576715870,750,2536
p02937,p02937,s933462026,655,3581
p02938,p02938,s828133228,3080,6452
p02938,p02938,s049929018,570,1451
p02938,p02938,s717827677,454,1369
p02939,p02939,s235002275,1795,7664
p02939,p02939,s324110571,1494,6399
p02939,p02939,s211866121,821,5349
p02939,p02939,s426528423,819,5347
p02940,p02940,s327468529,1763,8079
p02940,p02940,s693601880,644,1594
p02940,p02940,s073343400,592,1538
p02940,p02940,s586548709,555,2726
p02941,p02941,s622583650,2792,5993
p02941,p02941,s786589906,1527,7147
p02941,p02941,s996816825,929,2500
p02941,p02941,s235876412,855,2559
p02941,p02941,s627655316,818,1800
p02943,p02943,s826553393,2797,5984
p02943,p02943,s391662241,1983,8411
p02943,p02943,s289376542,896,2066
p02943,p02943,s876267956,447,1556
p02943,p02943,s658036492,389,1027
p02945,p02945,s797892382,2376,10641
p02945,p02945,s268592161,2130,4798
p02945,p02945,s859076959,609,1541
p02945,p02945,s668649414,544,2241
p02945,p03337,s654128717,456,1852
p02946,p02946,s191400052,2396,10793
p02946,p02946,s520494314,2154,4830
p02946,p02946,s137732853,761,5981
p02946,p02946,s101157594,589,1484
p02946,p02946,s163753674,569,2351
p02947,p02947,s075204522,2244,4955
p02947,p02947,s392346978,1982,9471
p02947,p02947,s279009512,1079,4807
p02947,p02947,s576452200,753,5711
p02947,p02947,s252132507,723,5846
p02948,p02948,s789653473,2357,5606
p02948,p02948,s176297210,1633,11065
p02948,p02948,s031441121,1412,6586
p02949,p02949,s938107287,4767,16939
p02949,p02949,s307064404,801,2077
p02949,p02949,s401433204,638,2272
p02949,p02949,s956641160,512,1693
p02950,p02950,s000981239,2904,6448
p02950,p02950,s969396888,475,1144
p02950,p02950,s864110221,462,1103
p02950,p02950,s709828841,417,1482
p02950,p02950,s283745519,395,1131
p02951,p02951,s235821145,2398,5143
p02951,p02951,s690363825,567,2356
p02951,p02951,s456701204,320,1766
p02951,p02951,s152632385,271,902
p02952,p02952,s822937562,2466,5262
p02952,p02952,s240506666,603,2519
p02952,p02952,s097482660,386,1985
p02952,p02952,s619842794,350,1091
p02952,p02952,s758407984,280,912
p02953,p02953,s873363820,2495,5326
p02953,p02953,s615191411,749,2517
p02953,p02953,s792876620,711,2437
p02953,p02953,s164984728,592,2529
p02953,p02953,s142745284,575,1930
p02954,p02954,s811289870,2565,5498
p02954,p02954,s457094703,778,3177
p02954,p02954,s208708129,732,2095
p02954,p02954,s415251353,701,3707
p02954,p02954,s071969321,652,1822
p02955,p02955,s630686092,2701,5748
p02955,p02955,s547385617,1048,5491
p02955,p02955,s464684070,747,1617
p02955,p02955,s101701387,678,1728
p02955,p02955,s521258559,624,1623
p02956,p02956,s977585035,1208,3041
p02956,p02956,s031703949,1169,2427
p02956,p02956,s945159074,871,2679
p02956,p02956,s586432413,867,2669
p02957,p02957,s159540530,2408,5178
p02957,p02957,s805825150,809,2207
p02957,p02957,s197104099,651,2292
p02957,p02957,s614405610,621,1536
p02957,p02957,s040144426,567,1405
p02958,p02958,s332159434,714,2887
p02958,p02958,s341244137,620,1578
p02958,p02958,s018843998,546,2226
p02958,p02958,s068619133,512,2146
p02958,p02958,s287471607,433,1875
p02959,p02959,s179664310,2929,7255
p02959,p02959,s933738796,838,2781
p02959,p02959,s707681477,828,2704
p02959,p02959,s372019858,817,2068
p02959,p02959,s858043205,817,2503
p02960,p02960,s602418119,2862,7090
p02960,p02960,s241829481,1299,3635
p02960,p02960,s019741408,1014,2743
p02960,p02960,s924696662,981,3935
p02960,p02960,s488829562,664,1651
p02962,p02962,s563064589,871,2688
p02962,p02962,s927590279,723,2869
p02962,p02962,s518693862,539,2215
p02962,p02962,s089988523,512,1409
p02964,p02964,s698185359,1794,7647
p02964,p02964,s131265573,796,2141
p02964,p02964,s406682149,737,2215
p02964,p02964,s584605020,706,1674
p02965,p02965,s920665989,2848,6265
p02965,p02965,s206977120,2848,6265
p02965,p02965,s049253703,1889,8017
p02965,p02965,s135106754,563,1667
p02970,p02970,s631766399,5316,16037
p02970,p02970,s679956058,2418,5319
p02970,p02970,s264143141,742,5587
p02970,p02970,s237834827,546,2293
p02970,p02970,s130345227,396,1775
p02971,p02971,s582878183,2504,5319
p02971,p02971,s843716498,999,3574
p02971,p02971,s349104803,935,2986
p02971,p02971,s973298356,821,3142
p02971,p02971,s478189659,675,2569
p02972,p02972,s061727386,2805,6942
p02972,p02972,s500499354,2557,5442
p02972,p02972,s273996607,866,3710
p02972,p02972,s574196650,543,2820
p02972,p02972,s746961026,520,1400
p02973,p02973,s753563171,1809,4597
p02973,p02973,s126478494,1635,11297
p02973,p02973,s023676151,1069,3623
p02973,p02973,s921648382,1055,3371
p02974,p02974,s825382790,395,870
p02975,p02975,s152835119,2600,5600
p02975,p02975,s408772923,1776,4608
p02975,p02975,s487043641,1636,7294
p02975,p02975,s617916255,1564,7165
p02975,p02975,s176806648,709,2248
p02977,p02977,s652947707,2632,5738
p02977,p02977,s691397405,292,834
p02978,p02978,s767612729,2775,5913
p02981,p02981,s531549003,2394,5139
p02981,p02981,s892782541,2112,4616
p02981,p03501,s663607499,2082,8448
p02981,p03501,s911468109,1397,6462
p02982,p02982,s328745924,5469,16340
p02982,p02982,s003930874,2333,5006
p02982,p02982,s356994072,1017,2978
p02982,p02982,s034491364,926,6175
p02982,p02982,s321700003,726,2580
p02983,p02983,s086380497,2846,6993
p02983,p02983,s678387173,2171,4728
p02983,p02983,s357892060,1306,4810
p02983,p02983,s103893335,917,2739
p02983,p02983,s281128260,609,2285
p02984,p02984,s337645553,980,2460
p02984,p02984,s792466515,688,2402
p02984,p02984,s356814473,661,1871
p02984,p02984,s123818040,645,3112
p02986,p02986,s871399252,2656,6619
p02986,p02986,s990143688,2321,6787
p02986,p02986,s713192101,1847,5015
p02986,p02986,s379178741,1686,5350
p02987,p02987,s665586160,2487,10854
p02987,p02987,s793581996,2138,4852
p02987,p02987,s014614999,2129,4696
p02987,p02987,s940628152,728,2348
p02987,p02987,s647797687,711,2367
p02988,p02988,s024492257,5358,16161
p02988,p02988,s707076044,2596,5494
p02988,p02988,s842960997,2437,10878
p02988,p02988,s472462099,2213,4781
p02988,p02988,s748151596,793,1960
p02989,p02989,s938519706,2380,10752
p02989,p02989,s437869606,2139,4677
p02989,p02989,s702145237,550,2190
p02989,p02989,s171784106,525,2138
p02989,p02989,s709238707,468,1462
p02990,p02990,s455354766,2459,5637
p02990,p02990,s816650384,1108,2922
p02990,p02990,s883868292,884,4313
p02990,p02990,s894953257,626,2471
p02990,p02990,s001318061,483,1332
p02991,p02991,s026695049,5623,17916
p02991,p02991,s222838030,2778,8259
p02991,p02991,s792039676,2768,8346
p02991,p02991,s321669937,2254,6515
p02992,p02992,s392225812,832,2127
p02992,p02992,s621026911,612,1405
p02992,p02992,s488939589,612,1460
p02992,p02992,s099981373,545,1032
p02993,p02993,s425900223,2139,4720
p02993,p02993,s810129055,650,2272
p02993,p02993,s102370841,376,1769
p02993,p02993,s867927346,320,1498
p02993,p02993,s921884877,282,1892
p02994,p02994,s769172290,5386,16182
p02994,p02994,s525265497,2153,4775
p02994,p02994,s621343240,807,2113
p02994,p02994,s811105690,516,2150
p02994,p02994,s552075407,444,1987
p02995,p02995,s964551680,2168,4793
p02995,p02995,s106270632,902,3007
p02995,p02995,s820494719,897,3194
p02995,p02995,s582300116,642,1895
p02995,p02995,s170489599,619,1569
p02996,p02996,s259787939,605,1762
p02996,p02996,s295981287,605,1724
p02996,p02996,s851461351,593,2460
p02996,p02996,s348915322,544,1900
p02998,p02998,s755541320,1472,4138
p02998,p02998,s287829479,971,2140
p02998,p02998,s484460018,871,2687
p02998,p02998,s743216375,843,2586
p02999,p02999,s613509833,2128,4671
p02999,p02999,s419484265,546,1343
p02999,p02999,s151197497,340,1614
p02999,p02999,s734488411,256,1787
p03000,p03000,s222667187,5399,16208
p03000,p03000,s926491147,2162,4726
p03000,p03000,s943997645,421,1905
p03000,p03000,s788368867,318,1173
p03000,p03000,s898875904,293,1472
p03001,p03001,s594779702,459,1456
p03001,p03001,s907313477,372,1686
p03003,p03003,s735316524,780,1978
p03003,p03003,s243299890,710,2874
p03003,p03003,s906142121,595,2904
p03003,p03003,s630097903,414,1346
p03005,p03005,s093690950,2127,4679
p03005,p03005,s703997347,1426,6785
p03005,p03005,s738397673,457,1578
p03005,p03005,s677627353,352,1671
p03005,p03005,s907933767,256,1798
p03006,p03006,s358141127,3009,6538
p03006,p03006,s125302006,2646,5893
p03006,p03006,s704693559,1974,5223
p03006,p03006,s220926100,1644,7366
p03006,p03006,s374583539,891,2381
p03007,p03007,s799307062,2830,7235
p03007,p03007,s425750603,1932,8023
p03007,p03007,s976607711,996,2909
p03007,p03007,s203126150,982,2376
p03008,p03008,s925890602,2739,5839
p03008,p03008,s596113938,1423,2164
p03008,p03008,s694819964,1172,5550
p03008,p03008,s477475108,487,1017
p03008,p03008,s019119918,453,1135
p03009,p03009,s109567358,1637,7394
p03009,p03009,s530069808,425,1265
p03011,p03011,s597898572,2121,4627
p03011,p03011,s187126164,828,5411
p03011,p03011,s090052006,638,4157
p03011,p03011,s431256835,456,1575
p03011,p03011,s210346355,450,1533
p03012,p03012,s870788932,5374,16170
p03012,p03012,s384252201,2233,4806
p03012,p03012,s679000157,525,1736
p03012,p03012,s677897208,505,1747
p03012,p03012,s978259929,457,2088
p03013,p03013,s377397365,1022,2815
p03013,p03013,s140550300,619,1877
p03013,p03013,s719689656,585,2759
p03013,p03013,s122860876,565,1778
p03014,p03014,s406014098,3141,8126
p03014,p03014,s996972045,922,3402
p03014,p03014,s220164922,862,2602
p03016,p03016,s015880569,1933,4125
p03016,p03016,s754622443,971,2167
p03016,p03016,s496862373,923,2003
p03016,p03016,s261221126,873,1750
p03016,p03016,s255967459,556,1453
p03017,p03017,s096118653,2659,5719
p03017,p03017,s385689388,2289,4985
p03017,p03017,s374305586,1811,7876
p03017,p03017,s833578677,919,1835
p03017,p03017,s256498407,908,3559
p03018,p03018,s580645188,2296,5078
p03018,p03018,s097881384,1474,6970
p03018,p03018,s290331721,857,1708
p03018,p03018,s090856785,748,2000
p03018,p03018,s220617362,719,3452
p03019,p03019,s073605667,2539,5548
p03019,p03019,s554436451,1983,8077
p03019,p03019,s922266062,721,2035
p03023,p03023,s011629005,2117,4643
p03023,p03023,s551022662,752,2523
p03023,p03023,s699159628,377,1138
p03023,p03023,s438622325,357,1241
p03024,p03024,s010112752,2162,4719
p03024,p03024,s742669134,1474,6924
p03024,p03024,s014968356,801,2670
p03024,p03024,s076578932,422,1422
p03024,p03024,s184149013,421,1540
p03025,p03025,s117283954,2482,5636
p03025,p03025,s568350852,1803,7887
p03025,p03025,s817171215,650,2080
p03025,p03025,s447768786,592,1474
p03025,p03025,s728578029,570,1560
p03027,p03027,s276272295,2435,5527
p03027,p03027,s654825098,1611,7216
p03027,p03027,s350484463,664,1763
p03027,p03027,s792894064,570,1768
p03027,p03027,s493928068,568,1517
p03028,p03028,s577484164,802,2081
p03028,p03028,s256473400,779,2016
p03028,p03028,s795117632,731,1937
p03028,p03028,s658388703,514,1502
p03029,p03029,s143858749,2390,5131
p03029,p03029,s934656065,2122,4648
p03029,p03029,s899770831,760,2536
p03029,p03029,s496684995,760,2536
p03029,p03029,s381586578,399,1445
p03030,p03030,s700135940,5482,16392
p03030,p03030,s764988086,2252,4882
p03030,p03030,s734154298,1201,4628
p03030,p03030,s917444434,1005,4715
p03030,p03030,s244025203,809,2427
p03031,p03031,s150572358,2357,5097
p03031,p03031,s049832020,1899,5271
p03031,p03031,s073612666,829,2426
p03031,p03031,s867189664,681,1961
p03031,p03031,s972488968,659,2753
p03032,p03032,s815027768,2859,7323
p03032,p03032,s648717281,2324,5097
p03032,p03032,s982386744,1138,3332
p03032,p03032,s121258900,1045,3088
p03033,p03033,s785977747,2768,6405
p03033,p03033,s881096819,1626,5299
p03033,p03033,s099775260,1528,4020
p03033,p03033,s056277610,1511,3871
p03033,p03033,s100213025,1511,5085
p03034,p03034,s833825385,2502,5371
p03034,p03034,s099495729,1540,7083
p03034,p03034,s643127168,403,1309
p03035,p03035,s073256692,2407,5164
p03035,p03035,s555564801,2402,10768
p03035,p03035,s636499857,2130,4651
p03035,p03035,s804718354,634,1842
p03035,p03035,s330206493,446,1482
p03036,p03036,s341031631,3914,12673
p03036,p03036,s005289811,2508,5349
p03036,p03036,s349051872,2389,10691
p03036,p03036,s576180447,2131,4669
p03036,p03036,s812134188,647,2561
p03037,p03037,s897274818,2486,11388
p03037,p03037,s157784604,2162,4708
p03037,p03037,s226624106,830,6718
p03037,p03037,s014769586,818,6708
p03037,p03037,s875419714,804,6645
p03038,p03038,s465336520,1197,4734
p03038,p03038,s886781448,1166,4426
p03038,p03038,s664035168,1033,3092
p03038,p03038,s590444890,1001,2691
p03039,p03039,s788573937,2462,5525
p03039,p03039,s741368859,854,4405
p03039,p03039,s316301014,806,1925
p03039,p03039,s893975236,771,2466
p03039,p03039,s354602344,764,2468
p03040,p03040,s267193548,1458,4617
p03040,p03040,s198508767,1443,4625
p03040,p03040,s636380986,1284,4628
p03040,p03040,s170091009,1125,3452
p03041,p03041,s263477806,2384,10669
p03041,p03041,s822068347,2131,4662
p03041,p03041,s270148682,759,4377
p03041,p03041,s233113422,737,2452
p03041,p03041,s815895254,491,1532
p03042,p03042,s083103048,4004,12928
p03042,p03042,s642296411,2450,10939
p03042,p03042,s276800874,2238,4917
p03042,p03042,s356089664,1135,4586
p03042,p03042,s014435838,835,5718
p03043,p03043,s022536039,2507,11511
p03043,p03043,s587020881,2163,4771
p03043,p03043,s179094894,544,1739
p03044,p03044,s568969371,4849,15456
p03044,p03044,s465343845,1212,2405
p03044,p03044,s486162088,913,2126
p03044,p03044,s310092576,877,2625
p03045,p03045,s200438456,2425,5340
p03045,p03045,s725427270,1054,2652
p03045,p03045,s594751399,815,1742
p03045,p03045,s959513039,579,1375
p03045,p03045,s878373332,574,2236
p03047,p03047,s383524965,2109,4614
p03047,p03047,s689147300,339,1592
p03048,p03048,s021104469,2163,4733
p03048,p03048,s383513799,764,2009
p03048,p03048,s204672080,540,1624
p03048,p03048,s336023329,414,1852
p03048,p03048,s373151329,387,1063
p03049,p03049,s707463807,2811,7009
p03049,p03049,s581757294,2316,5038
p03049,p03049,s450860986,811,2363
p03049,p03049,s059528569,742,1966
p03049,p03049,s351758762,649,2252
p03050,p03050,s793251859,2152,4733
p03050,p03050,s931918272,1517,6986
p03050,p03050,s501463060,669,3611
p03050,p03050,s662685067,533,1384
p03050,p03050,s503898538,495,1689
p03051,p03051,s703233832,1716,7584
p03051,p03051,s990453324,1469,4270
p03051,p03051,s824966392,625,2075
p03053,p03053,s177678190,3009,7452
p03053,p03053,s884423627,2518,5512
p03053,p03053,s041026938,2129,9376
p03053,p03053,s200405768,1910,7878
p03053,p03053,s052513392,1126,4783
p03054,p03054,s092022791,2425,5388
p03054,p03054,s772433922,2371,5271
p03054,p03054,s211062362,1774,7595
p03054,p03054,s006331635,617,3025
p03054,p03054,s759932065,549,1989
p03055,p03055,s945180071,1782,7364
p03055,p03055,s741178992,1500,4991
p03055,p03055,s456872270,1265,4050
p03055,p03055,s123571829,1007,2319
p03056,p03056,s969840380,2180,8647
p03056,p03056,s660826150,1562,3993
p03057,p03057,s280331685,1911,8045
p03057,p03057,s430328425,887,2268
p03059,p03059,s336326451,2111,4613
p03059,p03059,s306810527,744,3960
p03059,p03059,s908610810,679,2317
p03059,p03059,s676124906,438,1491
p03060,p03060,s092873172,3961,12784
p03060,p03060,s039879407,2174,4724
p03060,p03060,s378722831,1376,6485
p03060,p03060,s658013449,1223,4290
p03061,p03061,s026560437,5977,20708
p03061,p03061,s701465688,5899,19094
p03061,p03061,s341361394,5806,18676
p03061,p03061,s165471565,5806,18891
p03061,p03061,s979190338,5804,18600
p03062,p03062,s235870454,2204,4837
p03062,p03062,s692694966,1428,6674
p03062,p03062,s480366343,864,1795
p03062,p03062,s453342382,795,2709
p03062,p03062,s709937720,677,1798
p03063,p03063,s620378397,2711,6751
p03063,p03063,s958968626,2229,4825
p03063,p03069,s620513723,1774,4464
p03063,p03069,s223739155,1480,6923
p03063,p03069,s179896403,773,2113
p03064,p03064,s532796036,652,1580
p03064,p03064,s350054905,524,1428
p03064,p03064,s310058771,476,1308
p03065,p03065,s831228650,840,1858
p03065,p03065,s564296171,840,1854
p03065,p03065,s281851920,764,1862
p03065,p03065,s186955930,730,1655
p03065,p03065,s422236673,726,1783
p03066,p03066,s385897403,2913,6451
p03066,p03066,s796531971,1793,7681
p03066,p03066,s117189806,657,1598
p03066,p03066,s339446826,555,1555
p03066,p03066,s213398402,518,1382
p03067,p03067,s455007368,1501,6780
p03067,p03067,s764073662,364,1299
p03067,p03067,s088875817,358,1245
p03067,p03067,s646197228,305,1624
p03067,p03067,s085613810,273,1000
p03068,p03068,s612354671,389,1289
p03068,p03068,s134968394,374,1327
p03068,p03068,s490690560,302,1500
p03071,p03071,s968287446,2122,4626
p03071,p03071,s940519256,2122,4626
p03071,p03071,s176148927,847,2476
p03071,p03071,s605146995,455,1494
p03071,p03071,s658393376,381,1273
p03072,p03072,s928927373,3927,12725
p03072,p03072,s838354793,2166,4720
p03072,p03072,s061270229,1796,4862
p03072,p03072,s013928913,1432,6762
p03072,p03072,s075864109,886,2598
p03073,p03073,s949562174,2177,4726
p03073,p03073,s543199678,1417,6847
p03073,p03073,s026421613,1159,3567
p03073,p03073,s860723683,724,3767
p03073,p03073,s221056484,594,1871
p03074,p03074,s757509519,2299,5003
p03074,p03074,s138293674,1491,6892
p03074,p03074,s159658109,922,1765
p03074,p03074,s471189835,646,3369
p03074,p03074,s485823160,643,1996
p03075,p03075,s074542416,2139,4687
p03075,p03075,s441297998,918,2658
p03075,p03075,s195450239,544,1114
p03075,p03075,s034646366,438,1311
p03075,p03075,s925807065,423,1395
p03076,p03076,s374315705,3973,12821
p03076,p03076,s950542852,2154,4708
p03076,p03076,s298173095,1447,6820
p03076,p03076,s399115141,928,2750
p03076,p03076,s179149863,918,2689
p03077,p03077,s666951973,2148,4721
p03077,p03077,s676028142,1338,6536
p03077,p03077,s393077046,686,2403
p03077,p03077,s455161213,585,1764
p03077,p03077,s982668017,436,1322
p03078,p03078,s826111354,3816,9597
p03078,p03078,s323536952,1635,5190
p03078,p03078,s915814158,1604,7195
p03078,p03078,s309327850,1327,4956
p03079,p03079,s275933840,1341,6604
p03079,p03079,s658007839,682,2334
p03079,p03079,s620539297,369,1442
p03079,p03079,s895341175,268,1248
p03080,p03080,s448535034,2158,4709
p03080,p03080,s454056964,1336,6754
p03080,p03080,s821669741,308,1405
p03080,p03080,s499988253,289,1382
p03081,p03081,s345226742,2502,5407
p03081,p03081,s655451465,1476,6900
p03081,p03081,s204440661,936,3800
p03081,p03081,s686504706,792,2088
p03081,p03081,s950770188,536,2221
p03082,p03082,s802900784,2686,5731
p03082,p03082,s746970945,1576,7200
p03082,p03082,s945558261,698,1515
p03082,p03082,s967451934,625,2512
p03083,p03083,s945508147,2431,5540
p03083,p03083,s268732621,1654,7386
p03083,p03083,s692329325,643,1745
p03083,p03083,s388295190,609,1730
p03083,p03083,s965228042,592,1580
p03085,p03085,s045337051,372,1271
p03085,p03085,s185233638,273,928
p03086,p03086,s704860199,3991,12872
p03086,p03086,s771268334,1459,6877
p03086,p03086,s012006557,600,1633
p03086,p03086,s058105986,517,1717
p03086,p03086,s856767095,517,1717
p03087,p03087,s831680786,2215,4829
p03087,p03087,s610914249,1484,6954
p03087,p03087,s759148136,863,1684
p03087,p03087,s040066441,683,1918
p03087,p03087,s150135168,531,1478
p03088,p03088,s042642188,2732,7364
p03088,p03088,s177950042,1793,7775
p03088,p03088,s956934101,1070,1817
p03088,p03088,s859937496,907,2132
p03088,p03088,s389935936,861,3710
p03089,p03089,s499203608,2302,5116
p03089,p03089,s536110679,1452,6768
p03089,p03089,s168732729,1037,2278
p03089,p03089,s517856059,520,2631
p03089,p03089,s703027138,446,1646
p03090,p03090,s416281124,2274,4980
p03090,p03090,s828577502,1385,6705
p03090,p03090,s258098779,880,2300
p03090,p03090,s788857829,410,1308
p03090,p03090,s570094239,359,1533
p03091,p03091,s204213630,983,2717
p03091,p03091,s480183024,983,2822
p03091,p03091,s089167723,873,2207
p03091,p03091,s554491279,668,1452
p03092,p03092,s624636395,1959,6173
p03092,p03092,s848455169,1929,6061
p03092,p03092,s787064777,1919,6069
p03092,p03092,s408073488,1812,5764
p03093,p03093,s516488249,2395,5207
p03093,p03093,s227705114,1637,7238
p03093,p03093,s257703222,711,1859
p03094,p03094,s311309401,2955,6725
p03095,p03095,s996445661,2383,5335
p03095,p03095,s418154020,966,1931
p03095,p03095,s204611469,914,2095
p03095,p03095,s464376043,665,2334
p03096,p03096,s035638798,1654,6561
p03096,p03096,s593788223,1419,6656
p03096,p03096,s056216723,428,1150
p03096,p03096,s880073095,393,1671
p03097,p03097,s868020352,2434,5293
p03097,p03097,s108806694,1780,7577
p03097,p03097,s557903818,846,2023
p03097,p03097,s762061130,635,1678
p03097,p03097,s419240018,530,2007
p03098,p03098,s384377379,539,1416
p03101,p03101,s316285394,2599,17166
p03101,p03101,s799895062,2402,5147
p03101,p03101,s676510866,2120,4632
p03101,p03101,s723536432,660,1354
p03101,p03101,s998770723,633,1844
p03102,p03102,s688281652,3990,12842
p03102,p03102,s177738095,2211,4836
p03102,p03102,s734307388,694,2002
p03102,p03102,s285743811,633,3473
p03102,p03102,s601400671,599,1331
p03103,p03103,s388227229,2233,4998
p03103,p03103,s329799206,1413,4227
p03103,p03103,s820244722,1377,6600
p03103,p03103,s900729370,786,3034
p03103,p03103,s641523551,754,2101
p03105,p03105,s305482388,2394,5139
p03105,p03105,s058707373,2112,4624
p03105,p03105,s232206973,821,1780
p03105,p03105,s647983613,617,1852
p03105,p03105,s587579236,373,1444
p03106,p03106,s097506258,3940,12768
p03106,p03106,s832613630,2534,5418
p03106,p03106,s391247856,2150,4716
p03106,p03106,s205483085,864,1861
p03106,p03106,s564767073,681,1994
p03107,p03107,s368134785,2233,5011
p03107,p03107,s847898936,1519,6883
p03107,p03107,s817953911,851,1843
p03107,p03107,s988881402,692,2026
p03107,p03107,s768766932,678,2380
p03108,p03108,s138248638,3330,8144
p03108,p03108,s516602750,3292,8094
p03108,p03108,s166856995,3284,8070
p03108,p03108,s117819005,1636,7292
p03109,p03109,s172431131,2097,4634
p03109,p03109,s529748505,391,1094
p03109,p03109,s404453562,371,794
p03109,p03109,s962208793,371,794
p03109,p03109,s705906991,371,794
p03111,p03111,s445308325,2394,5246
p03111,p03111,s152042503,2308,5846
p03111,p03111,s409696786,733,3959
p03111,p03111,s503371624,698,1396
p03111,p03111,s647704597,698,1399
p03112,p03112,s035947325,1729,7179
p03112,p03112,s744639918,1711,4794
p03112,p03112,s710278781,1078,3715
p03114,p03114,s081176320,1549,3650
p03114,p03120,s312521097,1549,3650
p03115,p03115,s696781003,2362,5342
p03115,p03121,s610050350,2362,5342
p03116,p03116,s967234287,2941,7397
p03116,p03122,s753766956,2941,7397
p03117,p03117,s365427967,757,1884
p03117,p03123,s140612116,757,1884
p03125,p03125,s514149926,1945,4281
p03125,p03125,s065567081,832,2436
p03125,p03125,s785746073,422,1654
p03125,p03125,s697131023,281,791
p03126,p03126,s646568191,3995,12859
p03126,p03126,s762259712,2009,4412
p03126,p03126,s391839726,1027,3023
p03126,p03126,s464050606,703,3776
p03126,p03126,s375436595,431,1803
p03127,p03127,s915267315,1953,4282
p03127,p03127,s343497411,847,2482
p03127,p03127,s249762892,604,2069
p03127,p03127,s055921421,447,2444
p03127,p03127,s512721872,440,2074
p03128,p03128,s529627703,2491,5108
p03128,p03128,s128999662,2462,5360
p03128,p03128,s429521357,1922,4538
p03128,p03128,s380072034,1409,3256
p03128,p03128,s523724612,1315,6608
p03129,p03129,s949387491,2137,4704
p03129,p03129,s540349082,307,885
p03130,p03130,s312093052,2312,5032
p03130,p03130,s343205857,1372,6319
p03130,p03130,s168905769,442,1352
p03130,p03130,s994939408,438,938
p03130,p03130,s337847670,437,1448
p03131,p03131,s063553128,2184,4883
p03131,p03131,s655890904,1338,6396
p03131,p03131,s953158571,514,1481
p03131,p03131,s762559996,363,1862
p03131,p03131,s992837494,332,863
p03132,p03132,s836605053,1607,7335
p03132,p03132,s019433899,720,1535
p03132,p03132,s967843809,619,1266
p03132,p03132,s059902227,616,1333
p03133,p03133,s505956831,1634,7427
p03133,p03133,s576614692,552,1404
p03133,p03133,s583165359,518,1549
p03134,p03134,s543109162,1537,6854
p03134,p03134,s112115491,545,1225
p03134,p03134,s492108554,489,1103
p03134,p03134,s020595947,403,1087
p03136,p03136,s634129550,3915,12730
p03136,p03136,s094221583,2554,5506
p03136,p03136,s345511938,1992,4372
p03136,p03136,s601058498,805,5625
p03136,p03136,s883843994,415,1171
p03137,p03137,s515380064,2200,4817
p03137,p03137,s488141976,1379,6385
p03137,p03137,s749634953,788,1791
p03137,p03137,s179066782,717,2526
p03139,p03139,s750948872,2384,10595
p03139,p03139,s849858499,1940,4237
p03139,p03139,s595104061,316,791
p03139,p03139,s182070073,260,847
p03140,p03140,s459167078,2487,10922
p03140,p03140,s576387085,2238,4890
p03140,p03140,s986078342,1363,6485
p03140,p03140,s027544822,685,2814
p03140,p03140,s247392126,408,1142
p03141,p03141,s840713768,2577,11422
p03141,p03141,s011967380,1396,6471
p03141,p03141,s472957409,614,2481
p03141,p03141,s132359456,585,1322
p03142,p03142,s114714430,5034,16262
p03142,p03142,s710805295,5015,16018
p03142,p03142,s288793657,2446,7940
p03143,p03143,s095176831,2051,8163
p03143,p03143,s616140703,1323,4135
p03143,p03143,s003142566,1099,2729
p03143,p03143,s257419342,1057,2440
p03144,p03144,s569750365,3271,12448
p03145,p03145,s933950013,1930,4220
p03145,p03145,s365932845,1472,6688
p03145,p03145,s656908550,259,1084
p03146,p03146,s141874776,7479,16625
p03146,p03146,s104180197,3968,12794
p03146,p03146,s161400957,1991,4348
p03146,p03146,s517073834,1564,7056
p03146,p03146,s114406364,1303,6426
p03147,p03147,s460441939,2545,5413
p03147,p03147,s180014650,1998,4353
p03147,p03147,s751774071,1365,6442
p03147,p03147,s267515164,855,2514
p03147,p03147,s323573470,561,2256
p03148,p03148,s879189747,2197,4933
p03148,p03148,s958922942,1129,2928
p03148,p03148,s789079071,826,3440
p03148,p03148,s979759065,813,2711
p03149,p03149,s010569959,2165,4752
p03149,p03149,s469167107,1324,6396
p03149,p03149,s649231629,838,1903
p03149,p03149,s894200290,635,1167
p03149,p03149,s021426444,423,980
p03150,p03150,s050452765,2611,5569
p03150,p03150,s196340549,2257,5068
p03150,p03150,s928026002,573,1126
p03150,p03150,s463447880,523,1759
p03150,p03150,s479409068,510,1011
p03151,p03151,s358076256,1421,6506
p03151,p03151,s845093654,609,1363
p03151,p03151,s476535209,578,2835
p03151,p03151,s290115250,477,1819
p03152,p03152,s741419405,2397,5380
p03152,p03152,s183454939,1503,6869
p03152,p03152,s718816402,1252,2808
p03152,p03152,s353641260,792,4126
p03152,p03152,s445435054,656,1707
p03153,p03153,s305090452,2800,9117
p03153,p03153,s169832442,2079,8118
p03153,p03153,s895715832,1915,5880
p03153,p03153,s572249803,1821,5822
p03153,p03153,s233280487,1819,5808
p03154,p03154,s440342662,1482,7173
p03154,p03154,s403532779,385,944
p03155,p03155,s501693595,513,2346
p03155,p03155,s071573213,370,1251
p03155,p03155,s078039741,264,852
p03156,p03156,s200374084,2203,4795
p03156,p03156,s110655996,1894,7874
p03156,p03156,s593633244,615,2706
p03156,p03156,s540199401,339,1176
p03156,p03156,s042161622,330,977
p03157,p03157,s698959581,2255,8688
p03157,p03157,s361952263,978,2042
p03157,p03157,s750914645,764,2345
p03158,p03158,s911864616,2403,9328
p03158,p03158,s692703443,978,1899
p03158,p03158,s624453945,723,1662
p03158,p03158,s023055238,567,1711
p03159,p03159,s690007235,2161,8286
p03160,p03160,s389079297,2482,10872
p03160,p03160,s610028399,1686,7044
p03160,p03160,s679417957,645,1880
p03160,p03160,s122386489,645,3504
p03161,p03161,s743913698,2955,7224
p03161,p03161,s615025893,2480,10995
p03161,p03161,s260352526,1599,6867
p03161,p03161,s446954010,823,3597
p03162,p03162,s533898616,2676,11401
p03162,p03162,s072858950,2554,11206
p03162,p03162,s593596367,2299,4979
p03162,p03162,s725417274,1646,6897
p03162,p03162,s517620879,702,3587
p03165,p03165,s124865136,1744,7223
p03165,p03165,s867919637,689,2198
p03166,p03166,s893930703,4959,15726
p03166,p03166,s126289842,3248,8103
p03166,p03166,s464169402,2656,5918
p03166,p03166,s283948956,2356,7710
p03166,p03166,s980627586,1877,7546
p03167,p03167,s937777336,2860,7025
p03167,p03167,s214598424,1710,7138
p03167,p03167,s388758654,1203,2508
p03167,p03167,s591149775,634,1612
p03170,p03170,s856830043,4614,15103
p03170,p03170,s449191170,2282,5018
p03170,p03170,s833872242,1577,6857
p03170,p03170,s643560102,337,1087
p03170,p03170,s383795591,336,1379
p03171,p03171,s577946253,5441,18260
p03171,p03171,s255994580,2377,5167
p03171,p03171,s265544216,656,2843
p03171,p03171,s941603614,577,2594
p03172,p03172,s657175683,2285,5034
p03172,p03172,s230228693,1688,6997
p03172,p03172,s076376262,454,975
p03172,p03172,s549151901,418,1731
p03173,p03173,s090830254,5425,17943
p03173,p03173,s041977233,2333,5132
p03173,p03173,s128758591,1684,7040
p03173,p03173,s968786673,440,1245
p03173,p03173,s728120584,426,1196
p03174,p03174,s521399482,2920,7543
p03174,p03174,s965476613,1694,7220
p03174,p03174,s016742352,838,1645
p03174,p03174,s368653879,478,1156
p03175,p03175,s922601870,5005,15747
p03175,p03175,s799741144,1781,7204
p03175,p03175,s581852315,1256,4007
p03175,p03175,s450473683,880,2184
p03176,p03176,s574142850,5998,20003
p03176,p03176,s304652151,5947,19839
p03176,p03176,s582813707,5918,22351
p03176,p03176,s379282215,5843,19172
p03176,p03176,s780130632,5836,19315
p03177,p03177,s891649578,2534,5765
p03177,p03177,s158802034,1921,7680
p03177,p03177,s463973606,670,1617
p03177,p03177,s255692897,655,2457
p03177,p03177,s123785863,540,1131
p03178,p03178,s786158049,3057,7341
p03178,p03178,s122833917,1685,7336
p03178,p03178,s592279817,533,1367
p03179,p03179,s597029694,1753,7347
p03179,p03179,s301526135,465,1967
p03179,p03179,s375347511,420,846
p03179,p03179,s018060166,386,877
p03180,p03180,s623322190,2479,5546
p03180,p03180,s301293336,1777,7403
p03180,p03180,s595062641,490,1044
p03180,p03180,s810130139,467,1205
p03180,p03180,s434822282,441,1727
p03181,p03181,s467363469,1570,4688
p03181,p03181,s402074575,1464,3066
p03181,p03181,s885766426,1310,2647
p03181,p03181,s587890559,1183,2464
p03182,p03182,s601121649,1800,6625
p03182,p03182,s903427781,1150,3030
p03182,p03182,s490520960,1086,2825
p03182,p03182,s317670433,1024,2703
p03183,p03183,s260474062,2521,5441
p03183,p03183,s676465244,1451,6414
p03183,p03183,s353410600,446,1264
p03183,p03183,s500255356,335,788
p03183,p03183,s405285331,332,826
p03184,p03184,s741461186,2940,6342
p03184,p03184,s833386692,1965,7582
p03184,p03184,s406485942,875,1816
p03184,p03184,s934769183,723,2021
p03184,p03184,s094188343,663,1553
p03185,p03185,s361523621,1983,7797
p03185,p03185,s946755011,781,2145
p03185,p03185,s186836885,729,2653
p03185,p03185,s720737462,673,1274
p03185,p03185,s603653407,673,1275
p03186,p03186,s110918743,307,496
p03186,p03186,s759358851,288,1299
p03186,p03186,s990077372,278,996
p03187,p03187,s135609198,2340,5127
p03187,p03187,s020453611,1816,7768
p03187,p03187,s822647086,587,1600
p03187,p03187,s850207471,476,1121
p03189,p03189,s873946071,1701,8174
p03189,p03189,s513030727,741,1889
p03190,p03190,s504517952,2569,9903
p03191,p03191,s396160177,1824,7824
p03192,p03192,s173585210,2394,10611
p03192,p03192,s588293181,1958,4288
p03192,p03192,s219691519,398,837
p03193,p03193,s851157467,2441,10749
p03193,p03193,s806484591,1974,4333
p03194,p03194,s389430122,2560,12758
p03194,p03196,s567747885,2559,6560
p03194,p03196,s807816470,2019,4496
p03194,p03196,s092495926,1330,6738
p03194,p03196,s211374190,661,1998
p03195,p03197,s607699098,1978,4349
p03195,p03197,s254729826,1298,7294
p03195,p03195,s507227517,380,1971
p03195,p03197,s277574938,268,880
p03198,p03198,s840269974,859,1847
p03198,p03198,s245080222,626,2007
p03198,p03198,s217952634,622,1315
p03198,p03198,s743879734,511,1134
p03199,p03199,s117094624,1897,7559
p03199,p03199,s544925815,1262,2845
p03199,p03199,s318582787,1254,3169
p03199,p03199,s752471056,1075,2391
p03200,p03200,s466750369,2417,10837
p03200,p03200,s763818070,2030,4488
p03200,p03200,s969304470,2030,4488
p03200,p03200,s949538607,1414,7303
p03200,p03200,s324218495,364,995
p03201,p03201,s834591478,5310,17288
p03201,p03201,s942241302,2123,4759
p03201,p03201,s489514431,1692,7045
p03201,p03201,s104638651,648,1282
p03201,p03201,s805489417,640,2779
p03202,p03202,s775841048,2431,6151
p03202,p03202,s117804030,2318,9601
p03202,p03202,s768781616,834,2014
p03202,p03202,s866718576,550,1232
p03202,p03202,s929712669,490,1457
p03203,p03203,s081515759,2621,5841
p03203,p03203,s375409491,1549,6573
p03203,p03203,s717483555,694,1858
p03203,p03203,s287300976,528,1653
p03206,p03206,s533649042,1953,4306
p03206,p03206,s549400720,1478,6725
p03206,p03206,s721177136,1348,6225
p03206,p03206,s177241344,474,1180
p03207,p03207,s095174878,3903,12685
p03207,p03207,s845059053,2003,4373
p03207,p03207,s176851537,1513,6873
p03207,p03207,s900658797,1281,5952
p03207,p03207,s697783857,591,2558
p03208,p03208,s015737457,2253,9637
p03208,p03208,s462879994,2011,5606
p03208,p03208,s042206958,2011,4394
p03208,p03208,s754667598,1986,5552
p03208,p03208,s102261067,1319,6007
p03209,p03209,s094798393,3133,7624
p03209,p03209,s428209384,2152,4807
p03209,p03209,s187199985,1419,6300
p03209,p03209,s097426336,502,2778
p03209,p03209,s623587591,457,1855
p03210,p03210,s100274687,2311,10275
p03210,p03210,s343785019,1952,4297
p03210,p03210,s418246118,1465,6700
p03210,p03210,s654699299,609,1757
p03211,p03211,s666305077,3978,12798
p03211,p03211,s639300182,2199,4812
p03211,p03211,s949676492,2004,4373
p03211,p03211,s847325701,1562,6958
p03211,p03211,s171856980,741,2043
p03212,p03212,s391862659,2783,11954
p03212,p03212,s352675207,2120,4625
p03212,p03212,s398149318,1777,4545
p03212,p03212,s231990528,1467,6845
p03212,p03212,s381313075,786,2017
p03213,p03213,s742261051,2208,4786
p03213,p03213,s822915493,1617,7216
p03213,p03213,s461739378,747,3976
p03213,p03213,s193176931,644,2992
p03214,p03214,s970028226,2029,4434
p03214,p03214,s067764995,1339,6027
p03214,p03214,s705056403,323,942
p03215,p03215,s924768242,2997,7399
p03215,p03215,s944907769,1412,6172
p03215,p03215,s369171011,808,4391
p03215,p03215,s613956407,617,2305
p03216,p03216,s713615701,1463,6539
p03216,p03216,s862274237,532,2741
p03216,p03216,s399941528,383,1206
p03217,p03217,s265722315,1327,5004
p03219,p03219,s900441944,1939,4258
p03219,p03219,s443604883,1939,4258
p03219,p03219,s364136336,1939,4257
p03219,p03219,s939541179,581,1504
p03219,p03219,s116075387,438,1174
p03220,p03220,s715111525,3950,12785
p03220,p03220,s232576950,2010,4413
p03220,p03220,s427017871,1342,6032
p03220,p03220,s260365906,792,3322
p03220,p03220,s698958526,776,3266
p03221,p03221,s349050551,1391,6426
p03221,p03221,s569939205,1211,3426
p03221,p03221,s691169777,1148,2204
p03222,p03222,s470020755,2262,5039
p03222,p03222,s714040772,2241,4950
p03222,p03222,s661891404,1572,6602
p03222,p03222,s247345426,630,3606
p03222,p03222,s335193758,563,1047
p03223,p03229,s609093534,655,1879
p03223,p03229,s737850693,634,3044
p03223,p03229,s244220570,622,1555
p03225,p03225,s148822778,3016,10999
p03225,p03225,s354445579,909,1880
p03225,p03225,s902135348,741,1399
p03226,p03226,s688155576,2805,10084
p03226,p03226,s043615987,796,2003
p03226,p03226,s436335628,681,1923
p03227,p03227,s912910456,1970,4309
p03227,p03227,s878703824,608,1635
p03227,p03227,s024821291,378,1021
p03228,p03228,s677851883,2011,4470
p03228,p03228,s539421636,1294,6017
p03228,p03228,s640755648,659,1766
p03228,p03228,s290421200,413,1156
p03228,p03228,s024437188,303,915
p03231,p03231,s978381801,1816,7145
p03231,p03231,s388778398,789,2089
p03231,p03231,s130079482,559,1501
p03231,p03231,s900491464,529,3009
p03232,p03232,s384433324,2207,4949
p03232,p03232,s059155669,1905,7291
p03232,p03232,s510818711,1209,4824
p03232,p03232,s239745556,579,1482
p03232,p03232,s002714995,379,962
p03233,p03233,s814317811,2117,7775
p03233,p03233,s677687110,518,2586
p03233,p03233,s525322162,380,1071
p03234,p03234,s846734488,3493,7567
p03234,p03234,s940341905,1770,7364
p03238,p03238,s198298375,2319,10324
p03238,p03238,s349654303,1959,4340
p03238,p03238,s643923137,1608,6734
p03238,p03238,s627417774,502,1434
p03238,p03238,s316479156,489,1332
p03239,p03239,s907528852,3580,11533
p03239,p03239,s602911445,1989,4451
p03239,p03239,s720044647,1686,6784
p03239,p03239,s690639470,772,2015
p03239,p03239,s121036808,626,2649
p03240,p03240,s367289483,2258,5006
p03240,p03240,s847867142,1774,6986
p03240,p03240,s808151410,914,2596
p03240,p03240,s992259710,827,1666
p03240,p03240,s768753127,707,2155
p03241,p03241,s537781555,2008,4465
p03241,p03241,s794059873,1654,6820
p03241,p03241,s381530243,721,1920
p03241,p03241,s784940854,530,1111
p03241,p03241,s900879948,530,1111
p03242,p03242,s555241222,1932,4251
p03242,p03242,s699415056,1484,6704
p03242,p03242,s047842082,538,2409
p03242,p03242,s724441841,526,1429
p03242,p03242,s883181931,370,1541
p03243,p03243,s106509324,3507,11349
p03243,p03243,s647978008,2141,4731
p03243,p03243,s714020902,2141,4731
p03243,p03243,s936223711,1937,4386
p03243,p03243,s539438903,1463,6664
p03244,p03244,s390347693,2818,11731
p03244,p03246,s777499013,1781,6682
p03244,p03244,s668464189,963,4146
p03244,p03244,s108196685,863,2548
p03248,p03248,s191681465,2244,4984
p03248,p03248,s947423487,1566,6524
p03248,p03248,s723990744,412,964
p03250,p03250,s355023590,1974,4343
p03250,p03250,s438768741,1505,6769
p03250,p03250,s212922663,496,1304
p03250,p03250,s128389822,371,796
p03250,p03250,s324158662,330,752
p03251,p03251,s385229107,3600,11593
p03251,p03251,s108681421,2060,4518
p03251,p03251,s159478737,1568,7092
p03251,p03251,s022022716,1472,6028
p03251,p03251,s558474124,677,2813
p03252,p03252,s088688411,2535,10883
p03252,p03252,s682419157,2053,4558
p03252,p03252,s020339971,1660,6713
p03252,p03252,s974260799,1491,6248
p03252,p03252,s106337690,848,5049
p03253,p03253,s314808536,2583,6983
p03253,p03253,s262584636,2579,6646
p03253,p03253,s646682665,2540,6563
p03253,p03253,s891311738,2513,6595
p03253,p03253,s431671799,2409,6224
p03254,p03254,s661319502,2043,4487
p03254,p03254,s007535093,1436,5921
p03254,p03254,s961151373,945,2142
p03254,p03254,s104504939,830,4145
p03254,p03254,s352888429,683,2542
p03255,p03255,s080049069,2198,4870
p03255,p03255,s172719246,630,1751
p03255,p03255,s863148562,335,758
p03255,p03255,s257918738,288,847
p03255,p03255,s718605596,266,695
p03256,p03256,s961256845,1738,5895
p03256,p03256,s603266591,1281,3741
p03256,p03256,s765448163,695,2200
p03256,p03256,s364384690,641,1679
p03257,p03257,s514420269,2523,5497
p03258,p03258,s978525958,1743,7934
p03258,p03258,s475146507,631,1408
p03259,p03259,s165509412,3838,12415
p03260,p03260,s326353463,1953,4287
p03260,p03260,s766401270,855,2495
p03260,p03260,s080300397,794,2166
p03260,p03260,s530528913,477,2181
p03260,p03260,s774487199,369,1435
p03261,p03261,s383156159,3643,11656
p03261,p03261,s577603531,2074,4601
p03261,p03261,s031855334,986,2891
p03261,p03261,s948940581,733,3041
p03261,p03261,s953100396,582,2319
p03262,p03262,s307112861,2193,4791
p03262,p03262,s485638920,2016,4419
p03262,p03262,s304543320,1433,5909
p03262,p03262,s686071801,896,2614
p03262,p03262,s518867468,605,2715
p03264,p03264,s727665413,2124,4642
p03264,p03264,s010268514,2124,4640
p03264,p03264,s853424280,2124,4640
p03264,p03264,s083803688,1947,4359
p03264,p03264,s960855049,649,1866
p03265,p03265,s726366946,3362,10683
p03265,p03265,s196771476,1971,4331
p03266,p03268,s808840982,1998,4392
p03266,p03266,s708687867,1739,4411
p03266,p03268,s655267615,1395,5912
p03266,p03266,s191747428,724,2435
p03266,p03266,s833025015,701,1758
p03270,p03270,s147688636,2405,5547
p03270,p03270,s961774167,1723,6690
p03270,p03270,s092373264,719,2118
p03270,p03270,s335726301,681,1391
p03270,p03270,s279037915,636,2349
p03271,p03271,s691643530,1650,6622
p03271,p03271,s526731260,529,1698
p03271,p03271,s812315613,292,711
p03272,p03272,s949716515,2386,5127
p03272,p03272,s869289237,2118,4656
p03272,p03272,s885171862,2118,4656
p03272,p03272,s203021169,1937,4338
p03272,p03272,s900708524,425,1871
p03273,p03273,s944526436,3487,11166
p03273,p03273,s273680796,2247,4897
p03273,p03273,s011810466,2247,4897
p03273,p03273,s769204642,2090,4645
p03273,p03273,s517365138,1047,2997
p03274,p03276,s598241766,2035,4510
p03274,p03276,s125887694,1975,7256
p03274,p03276,s242411384,1877,4768
p03274,p03274,s661870236,821,2056
p03274,p03274,s374675761,617,3248
p03275,p03277,s804821074,1914,7224
p03275,p03275,s661923156,1399,3129
p03275,p03275,s672561863,1399,3112
p03275,p03275,s557024858,1350,3048
p03278,p03278,s605063904,2257,7769
p03278,p03278,s764401804,818,1571
p03279,p03279,s077728682,1886,7925
p03279,p03279,s389431533,1864,6903
p03279,p03279,s884743234,648,1481
p03280,p03280,s553130834,2392,5133
p03280,p03635,s646350465,2392,5133
p03280,p03635,s200502134,2081,8413
p03280,p03280,s220276590,1943,4387
p03281,p03281,s257778303,4136,9008
p03281,p03281,s497939434,3341,10750
p03281,p03281,s049581861,2584,6663
p03281,p03281,s175672032,1998,4448
p03281,p03281,s673187814,1423,6000
p03282,p03282,s130430898,1990,4381
p03282,p03282,s374021185,1404,5968
p03282,p03282,s755403225,599,1540
p03282,p03282,s950051590,366,1402
p03282,p03282,s884595628,303,1635
p03283,p03283,s873770089,2827,7412
p03283,p03283,s838596393,608,2088
p03283,p03283,s262146734,586,1080
p03284,p03284,s284275094,2389,5132
p03284,p03284,s489181268,1954,4301
p03284,p03284,s019070683,1373,5851
p03284,p03284,s192419019,541,1649
p03284,p03284,s399966455,541,1649
p03285,p03285,s093942415,3331,10730
p03285,p03285,s971403176,2375,10486
p03285,p03285,s646413878,1980,4368
p03285,p03285,s849348565,1432,6018
p03285,p03285,s566501570,749,3199
p03286,p03286,s280459195,2576,6574
p03286,p03286,s176594316,2200,4928
p03286,p03286,s787200367,1415,5974
p03286,p03286,s769520335,825,1627
p03286,p03286,s476515745,581,1612
p03287,p03287,s504683749,1481,6027
p03287,p03287,s597384225,995,2335
p03287,p03287,s495200610,954,5028
p03287,p03287,s405932300,621,2517
p03288,p03288,s397361180,1960,4329
p03288,p03288,s900368714,1374,5891
p03288,p03288,s172513951,343,1366
p03289,p03289,s122967692,3449,11002
p03289,p03289,s548233901,2047,4566
p03289,p03289,s903158224,1798,4169
p03289,p03289,s427521849,1461,6118
p03289,p03289,s351930733,822,1940
p03290,p03290,s672735950,2927,7551
p03290,p03290,s808441219,2589,5847
p03290,p03290,s218192348,1582,6284
p03290,p03290,s249236043,1582,6284
p03290,p03290,s670174343,965,1984
p03291,p03291,s464279412,2603,5860
p03291,p03291,s850053152,2603,5860
p03291,p03291,s364270936,2202,4953
p03291,p03291,s050742379,1518,6177
p03291,p03291,s341620708,1518,6177
p03292,p03292,s460609143,1955,4404
p03292,p03292,s547263130,1328,5747
p03292,p03292,s208490417,447,908
p03292,p03292,s783036656,418,817
p03292,p03292,s107806108,403,1167
p03293,p03293,s132377973,3361,10804
p03293,p03293,s958110281,2024,4523
p03293,p03293,s667907816,1344,5763
p03293,p03293,s077009555,659,3082
p03293,p03293,s119608639,626,2675
p03294,p03294,s900955257,2139,4669
p03294,p03294,s653301124,1967,4396
p03294,p03294,s455500585,1319,5637
p03294,p03294,s706854065,650,2306
p03294,p03294,s404212976,537,2408
p03295,p03295,s496677917,2927,7226
p03295,p03295,s459441791,1565,3711
p03295,p03295,s168406262,1476,3926
p03295,p03295,s315095118,642,3663
p03296,p03296,s947900716,1765,4028
p03296,p03296,s327277618,1519,6166
p03296,p03296,s527491424,875,1990
p03296,p03296,s620669294,390,1221
p03296,p03296,s851605211,313,716
p03297,p03297,s479859736,1803,4206
p03297,p03297,s575988542,1559,6569
p03297,p03297,s165076466,378,3067
p03297,p03297,s108281612,338,892
p03297,p03297,s080786226,325,950
p03298,p03298,s505310375,2406,9572
p03298,p03298,s382731876,896,1928
p03298,p03298,s349209777,678,1931
p03299,p03299,s161231608,1025,2859
p03299,p03299,s739824127,727,1961
p03299,p03299,s730229434,618,1425
p03300,p03300,s630958603,1952,8178
p03300,p03300,s578887314,1149,2898
p03301,p03301,s814982173,368,929
p03302,p03302,s613329803,1718,3973
p03302,p03302,s611334453,369,1248
p03303,p03303,s682401233,1712,3898
p03303,p03303,s835791359,356,1154
p03305,p03305,s100071136,5747,18286
p03305,p03305,s025254387,2557,7909
p03305,p03305,s816013423,2553,8269
p03305,p03305,s027807750,2207,6981
p03306,p03306,s535552471,2401,8780
p03306,p03306,s866819461,1799,5575
p03306,p03306,s605054337,844,1966
p03307,p03307,s502694256,2391,5135
p03307,p03307,s149814515,1684,3894
p03307,p03307,s896183762,467,1836
p03308,p03308,s917414908,3290,10636
p03308,p03694,s481857255,2977,9431
p03308,p03694,s236818822,1788,7406
p03308,p03308,s063569101,1710,3893
p03308,p03308,s239239458,1426,5773
p03309,p03309,s403242304,2548,6467
p03309,p03311,s273714483,1872,7320
p03309,p03311,s195171013,1752,4383
p03310,p03312,s423378831,2100,5654
p03310,p03312,s902273077,2087,7973
p03310,p03312,s965899153,2050,5529
p03310,p03310,s887098849,844,2121
p03313,p03313,s775517646,1922,7590
p03313,p03313,s027886179,664,2086
p03313,p03313,s544617322,628,1416
p03313,p03313,s158203752,591,1168
p03313,p03313,s619672573,525,1350
p03314,p03314,s011171288,2480,8430
p03314,p03314,s752876353,1215,2496
p03315,p03315,s481953148,1518,3519
p03315,p03315,s561472943,513,1626
p03315,p03315,s898255432,478,1892
p03316,p03316,s637407996,3276,10608
p03316,p03502,s118084268,2989,9677
p03316,p03316,s372302782,1698,3925
p03316,p03316,s161730838,1654,3831
p03316,p03502,s920093500,1634,6851
p03317,p03317,s151499200,2166,4748
p03317,p03317,s413344261,2166,4748
p03317,p03319,s016384906,1524,3578
p03317,p03319,s204143276,616,2595
p03318,p03320,s047795265,2031,10412
p03318,p03320,s611400782,1852,7387
p03318,p03320,s429230617,1641,10518
p03318,p03320,s178872256,1641,10518
p03321,p03321,s772606180,2827,6208
p03321,p03321,s725942321,2194,8060
p03321,p03321,s009567278,989,1997
p03321,p03321,s898490318,952,5097
p03321,p03321,s004413094,702,1977
p03322,p03322,s551996426,829,2088
p03323,p03323,s215747019,2313,10279
p03323,p03323,s029919387,1595,6747
p03323,p03323,s580574200,1507,3541
p03323,p03323,s250957632,394,858
p03323,p03323,s091851227,335,1036
p03324,p03324,s725378489,3261,10534
p03324,p03324,s881528707,2147,4695
p03324,p03324,s298423398,1738,4039
p03324,p03324,s202245024,1633,6837
p03324,p03324,s220299007,1585,3718
p03325,p03325,s320348041,2329,10536
p03325,p03325,s912878363,1727,3931
p03325,p03325,s071407914,1641,6737
p03325,p03325,s423152904,1535,3535
p03325,p03325,s723212227,703,2450
p03326,p03326,s999639902,2442,5127
p03326,p03326,s257446876,2143,5597
p03326,p03326,s393408511,1888,4376
p03326,p03326,s261572979,1801,7129
p03326,p03326,s425338840,1134,2640
p03327,p03327,s926864690,1500,3530
p03327,p03327,s783015429,444,1859
p03327,p03327,s215770967,423,1421
p03327,p03327,s119577363,421,1402
p03328,p03328,s629405551,3241,10465
p03328,p03328,s314258959,1632,6861
p03328,p03328,s398024777,1513,3533
p03328,p03328,s143629558,810,4493
p03328,p03328,s157396646,555,2437
p03329,p03329,s161599521,2627,6668
p03329,p03329,s185086335,2043,4907
p03329,p03329,s895072320,1611,3689
p03329,p03329,s789270857,1563,3592
p03329,p03329,s699107304,1560,6639
p03330,p03330,s166025510,3001,7296
p03330,p03330,s550023994,1811,4136
p03330,p03330,s946095947,1742,7018
p03330,p03330,s895232071,681,4138
p03330,p03330,s557419478,663,1837
p03331,p03331,s977307666,2136,4663
p03331,p03331,s130163001,1552,3572
p03331,p03331,s801888672,1515,6288
p03331,p03331,s474695859,856,2000
p03331,p03331,s369069694,767,3665
p03332,p03332,s392022452,1655,6556
p03332,p03332,s196403169,745,2633
p03332,p03332,s998015972,546,1373
p03332,p03332,s956854307,507,1576
p03332,p03332,s659909154,385,1383
p03333,p03333,s166030218,2830,10754
p03333,p03333,s297554032,1921,7126
p03333,p03333,s573193496,988,2116
p03333,p03333,s407383560,709,1667
p03334,p03334,s863759930,353,1008
p03334,p03334,s698885761,292,1172
p03334,p03334,s699600017,290,1182
p03335,p03335,s424120881,2572,7780
p03336,p03336,s609061537,693,1518
p03336,p03336,s716219829,685,1490
p03338,p03338,s567332566,3331,10684
p03338,p03338,s146117351,1498,6022
p03338,p03338,s429943039,1026,2285
p03338,p03338,s900720356,1026,2269
p03338,p03338,s683127597,1026,2269
p03339,p03339,s075582792,1792,4063
p03339,p03341,s682251628,1590,6391
p03339,p03341,s303965376,1476,3342
p03339,p03339,s547479806,612,1871
p03339,p03339,s305845994,571,2140
p03343,p03343,s964322807,1796,7141
p03343,p03343,s832685175,1085,2795
p03343,p03343,s689663854,693,1450
p03343,p03343,s408268689,667,2157
p03344,p03344,s146469597,2286,8870
p03344,p03344,s121420267,682,1503
p03345,p03345,s668331420,2133,4682
p03345,p03345,s236643011,1472,6129
p03345,p03345,s524782807,1380,3261
p03345,p03345,s194475181,842,2465
p03345,p03345,s563539100,758,5962
p03346,p03346,s066760769,1570,6305
p03346,p03346,s590474846,1457,3336
p03346,p03346,s624715922,570,2876
p03346,p03346,s308546547,520,1994
p03346,p03346,s652604998,366,1547
p03347,p03347,s471475071,2789,6884
p03347,p03347,s542416162,1556,6303
p03347,p03347,s380239285,1505,3432
p03347,p03347,s063260983,818,2213
p03347,p03347,s222666052,300,1454
p03348,p03348,s629206171,3081,6816
p03348,p03348,s710728140,2105,7768
p03348,p03348,s648793836,1226,2724
p03348,p03348,s026007117,840,1982
p03349,p03349,s221618299,1521,6447
p03351,p03351,s260730399,1395,3278
p03351,p03351,s213518678,508,1971
p03351,p03351,s931888234,291,963
p03352,p03352,s862243213,3269,10523
p03352,p03352,s327385574,1414,3308
p03352,p03352,s382352020,1412,5864
p03352,p03352,s644053299,837,6121
p03352,p03352,s084422656,822,5814
p03353,p03355,s551827981,2079,7683
p03353,p03355,s186232608,1967,8727
p03353,p03355,s461114350,1545,3546
p03353,p03353,s209798905,945,2301
p03353,p03355,s492010880,714,1641
p03354,p03356,s807969032,2167,5068
p03354,p03356,s874496024,1805,6801
p03354,p03354,s339203657,1724,6950
p03354,p03356,s033951375,1113,2862
p03354,p03356,s173936795,1042,2620
p03357,p03357,s746095888,2142,8483
p03357,p03357,s305842200,1075,2789
p03357,p03357,s325180716,720,2393
p03358,p03358,s655586911,2059,7445
p03358,p03358,s936940645,662,1533
p03359,p03359,s434008383,1578,6893
p03359,p03359,s107713690,1374,3244
p03359,p03359,s759954260,492,1884
p03359,p03359,s179605826,288,735
p03360,p03360,s824372519,3263,10517
p03360,p03360,s259614787,1653,7007
p03360,p03360,s754083796,1653,7007
p03360,p03360,s455520044,1395,3277
p03360,p03360,s883529327,521,1931
p03361,p03361,s276767872,1739,7179
p03361,p03361,s943752140,1739,7179
p03361,p03361,s729157868,1588,3603
p03361,p03361,s755742045,1106,2901
p03361,p03361,s837974433,1014,2355
p03363,p03363,s691511466,2493,5629
p03363,p03363,s749303087,2241,4897
p03363,p03363,s576605822,2221,4952
p03363,p03363,s842493006,1962,8546
p03363,p03363,s725403454,1812,4599
p03364,p03364,s400021121,1685,7113
p03364,p03364,s344441357,1518,3489
p03364,p03364,s347545172,601,2906
p03364,p03364,s210503708,360,1007
p03364,p03364,s401426936,323,910
p03365,p03365,s978099785,1833,8482
p03365,p03365,s115253238,1661,4043
p03365,p03365,s895961066,378,940
p03365,p03365,s761076961,318,713
p03366,p03366,s125144007,1639,7324
p03367,p03367,s755724697,2348,9244
p03369,p03369,s229665962,903,7376
p03369,p03369,s120189726,731,3098
p03369,p03369,s287661382,730,3101
p03369,p03369,s613640519,504,1849
p03369,p03369,s932420174,374,1286
p03370,p03370,s730265063,3256,10514
p03370,p03370,s979216157,1760,6990
p03370,p03370,s493027991,765,3192
p03370,p03370,s148694930,585,2512
p03370,p03370,s025996910,553,4148
p03371,p03373,s305853639,2457,11282
p03371,p03371,s567341035,2188,4768
p03371,p03371,s459289988,1681,7175
p03371,p03373,s934237934,1386,3268
p03371,p03371,s003199926,877,2392
p03372,p03374,s300827109,2015,7121
p03372,p03374,s276107679,1988,7461
p03372,p03372,s067287115,1081,3953
p03372,p03374,s515905176,848,1374
p03375,p03375,s712144773,2475,5590
p03375,p03375,s121385643,1886,7329
p03375,p03375,s942358809,713,2118
p03375,p03375,s358585836,694,1873
p03375,p03375,s951190419,404,726
p03376,p03376,s915115259,1919,8046
p03376,p03376,s985349271,1201,2863
p03377,p03377,s302848496,2328,10299
p03377,p03377,s551598243,1328,3147
p03377,p03377,s580313987,549,1757
p03377,p03377,s671930168,499,1829
p03377,p03377,s329333830,405,2936
p03378,p03378,s907872728,3283,10598
p03378,p03378,s473609275,1401,3205
p03378,p03378,s434802067,763,2005
p03378,p03378,s692939497,597,1808
p03378,p03378,s309011326,576,2501
p03379,p03381,s056094294,1417,3254
p03379,p03381,s766344386,1340,6034
p03379,p03379,s497346481,1161,7043
p03379,p03379,s509464990,790,2163
p03379,p03379,s753113447,716,2285
p03380,p03382,s874257162,1434,3256
p03380,p03382,s541665569,1397,6216
p03380,p03380,s862651227,676,1747
p03380,p03380,s318802117,675,1960
p03380,p03380,s056237953,582,1946
p03383,p03383,s787709147,2846,6618
p03383,p03383,s779450599,735,1849
p03383,p03383,s380345942,715,1765
p03383,p03383,s662047909,684,1723
p03383,p03383,s580611198,661,1909
p03384,p03384,s176197699,2190,8209
p03384,p03384,s593320533,977,2071
p03384,p03384,s423601971,741,1824
p03384,p03384,s825222702,496,1159
p03385,p03385,s287998770,2447,5281
p03385,p03385,s802931963,1710,7012
p03385,p03385,s887763931,1565,7051
p03385,p03385,s921363669,1273,2777
p03385,p03385,s495666548,551,1402
p03386,p03386,s287418588,3354,10725
p03386,p03386,s123180098,1285,2788
p03386,p03386,s118242042,1019,2973
p03386,p03386,s950228777,713,3273
p03386,p03386,s433841535,662,2679
p03387,p03389,s277570631,1459,3257
p03387,p03389,s169090723,1292,6041
p03387,p03387,s644758729,893,2238
p03387,p03387,s713314629,778,3908
p03388,p03390,s677710800,2290,5041
p03388,p03390,s921802778,1510,3564
p03388,p03390,s944512629,1402,6531
p03388,p03388,s666591502,645,1679
p03388,p03388,s421344976,428,1266
p03391,p03391,s540525709,1614,6892
p03391,p03391,s426486649,1385,3219
p03392,p03392,s354593012,781,1844
p03392,p03392,s805058623,634,1549
p03392,p03392,s126667173,600,2068
p03392,p03392,s837702281,499,1275
p03393,p03393,s893929251,1902,5241
p03393,p03393,s888059737,1496,3548
p03393,p03393,s579353970,1384,6207
p03393,p03393,s628937335,648,2100
p03393,p03393,s784250229,526,1702
p03394,p03394,s908478860,1475,3527
p03394,p03394,s446075340,1417,6218
p03394,p03394,s539665015,314,1088
p03395,p03395,s220203943,2602,5888
p03395,p03395,s202105003,739,1694
p03395,p03395,s365333760,540,1935
p03395,p03395,s793945473,518,1105
p03395,p03395,s747657758,499,995
p03396,p03396,s557774709,1841,7839
p03399,p03399,s658602656,1319,3119
p03399,p03399,s738491000,700,2323
p03399,p03399,s338993599,588,1452
p03399,p03399,s571262363,316,1042
p03399,p03399,s067559049,283,784
p03400,p03400,s901374285,3273,10538
p03400,p03400,s838067750,2155,4689
p03400,p03400,s255640539,1352,3138
p03400,p03400,s230266748,1222,6673
p03400,p03400,s127780524,725,2361
p03401,p03403,s342863316,1441,3302
p03401,p03401,s681442339,1293,6894
p03401,p03401,s491203176,705,1631
p03401,p03401,s431443097,590,1948
p03405,p03405,s927169357,2556,5771
p03405,p03405,s850463309,2466,8930
p03405,p03405,s567191838,1143,3388
p03405,p03405,s884693477,1143,3387
p03406,p03406,s067852317,1827,8119
p03406,p03406,s299434264,570,1350
p03407,p03407,s963581901,1395,6461
p03407,p03407,s491007948,1321,3126
p03407,p03407,s067143477,495,1785
p03407,p03407,s570058928,367,1247
p03407,p03407,s207099450,278,792
p03408,p03408,s561085255,3403,10850
p03408,p03408,s175775344,1732,7669
p03408,p03408,s044076456,1488,3363
p03408,p03408,s637093083,1025,3102
p03408,p03408,s631216025,980,3361
p03409,p03411,s583242289,1720,4085
p03409,p03411,s338894363,1331,6811
p03409,p03411,s058573552,934,2671
p03409,p03409,s267795217,920,3686
p03409,p03409,s071885849,813,2122
p03413,p03413,s517263666,880,2405
p03413,p03413,s219885553,454,1293
p03414,p03414,s814987801,1754,7502
p03414,p03414,s833172214,1252,2738
p03415,p03415,s575892904,1414,6458
p03415,p03415,s293311216,1339,3132
p03415,p03415,s030178234,879,2603
p03415,p03415,s904867865,879,2572
p03415,p03415,s120597222,520,1825
p03416,p03416,s651651152,3228,10385
p03416,p03416,s145447489,2182,4783
p03416,p03416,s848423490,1567,7028
p03416,p03416,s790753199,1418,5920
p03416,p03416,s092706607,1373,3190
p03417,p03417,s802548830,2200,9453
p03417,p03417,s271827010,1668,6926
p03417,p03419,s168334228,1411,7692
p03417,p03419,s507792517,1372,3185
p03417,p03419,s208515247,1370,3221
p03418,p03420,s009699759,2170,4785
p03418,p03420,s390990921,1427,7700
p03418,p03420,s765646780,1402,3290
p03418,p03420,s176537475,747,1976
p03418,p03418,s023256336,550,1897
p03422,p03422,s855435659,2226,4873
p03422,p03422,s789900692,1572,6315
p03423,p03423,s774371259,1378,6422
p03423,p03423,s407233205,1304,3094
p03423,p03423,s211948168,455,2066
p03423,p03423,s515857879,266,812
p03424,p03424,s033962130,3220,10366
p03424,p03424,s432147583,1499,6806
p03424,p03424,s684768753,1351,3174
p03424,p03424,s426996685,1289,4752
p03424,p03424,s831111646,589,2486
p03425,p03425,s570529175,1675,7382
p03425,p03425,s928730304,1536,8681
p03425,p03425,s350095080,1472,3375
p03425,p03425,s423032218,707,2247
p03425,p03425,s026474615,638,2641
p03426,p03426,s585145226,2126,4594
p03426,p03426,s118984102,1499,3555
p03426,p03426,s865913404,1466,6303
p03426,p03426,s450268395,844,2168
p03426,p03426,s870039363,789,2995
p03427,p03427,s620924797,1441,10019
p03427,p03427,s502329351,1392,3227
p03427,p03427,s643025111,617,2438
p03427,p03427,s111955288,566,1788
p03427,p03427,s439311379,555,1861
p03428,p03428,s774759127,913,2372
p03430,p03430,s519975184,2254,4912
p03430,p03430,s034980199,536,1979
p03430,p03430,s279883602,366,904
p03430,p03430,s601450783,349,857
p03431,p03431,s830979420,2447,5510
p03431,p03431,s108241550,2039,9211
p03431,p03431,s165546375,1703,7468
p03433,p03433,s531731045,2400,5163
p03433,p03433,s861201937,2314,10316
p03433,p03433,s782182658,2118,4644
p03433,p03433,s030764065,1816,9209
p03433,p03433,s830986614,1388,6447
p03434,p03434,s371889767,3223,10369
p03434,p03434,s567580506,2348,10460
p03434,p03434,s984537174,1895,9260
p03434,p03434,s745931233,1398,3188
p03434,p03434,s568380089,819,3761
p03435,p03435,s469407551,2522,10508
p03435,p03435,s075302818,2496,10889
p03435,p03435,s091731107,2034,9639
p03435,p03435,s721970835,1555,3425
p03435,p03435,s169630454,1027,4486
p03436,p03436,s042839314,2837,7306
p03436,p03436,s869391974,2770,12788
p03436,p03436,s878006603,2305,5289
p03436,p03436,s997084692,1112,2837
p03436,p03436,s618785977,1054,5502
p03438,p03438,s197541473,1807,8718
p03438,p03438,s341488204,1482,3362
p03438,p03438,s801692633,698,1855
p03438,p03438,s832196564,619,2029
p03438,p03438,s817231698,422,2202
p03440,p03440,s625073215,5339,17617
p03440,p03440,s779583573,5272,16728
p03440,p03440,s214191652,1411,7748
p03440,p03440,s547108349,1009,3123
p03441,p03441,s577474314,1839,6074
p03441,p03441,s929122093,1357,4567
p03441,p03441,s747959563,600,1420
p03442,p03442,s380931288,3142,6721
p03442,p03442,s217419533,1577,6575
p03442,p03442,s033427340,481,1391
p03443,p03443,s821228083,997,3374
p03447,p03447,s675543733,1396,6493
p03447,p03447,s256048800,1311,3056
p03447,p03447,s942881209,412,1411
p03447,p03447,s676843881,375,1342
p03447,p03447,s507808842,272,766
p03448,p03448,s964432345,3219,10362
p03448,p03448,s447007712,2954,12338
p03448,p03448,s097328086,2108,4592
p03448,p03448,s999445779,1367,3132
p03448,p03448,s339834449,800,3280
p03449,p03451,s219058763,2792,11469
p03449,p03451,s678478854,1822,4093
p03449,p03449,s321312285,1699,7212
p03449,p03451,s814323821,1464,3304
p03449,p03449,s950869905,1401,4768
p03450,p03452,s429898238,1417,4682
p03450,p03450,s261234953,1265,3110
p03450,p03450,s571588472,1202,3090
p03453,p03453,s572934982,2489,8232
p03453,p03453,s085976397,1314,3591
p03453,p03453,s445930855,1278,3101
p03454,p03454,s556690571,2066,10813
p03454,p03454,s875027487,519,1348
p03455,p03455,s366875526,2672,10787
p03455,p03455,s914172024,1317,3094
p03455,p03455,s967208311,701,2935
p03455,p03455,s931156573,687,1802
p03455,p03455,s837541437,417,1446
p03456,p03456,s025202369,3199,10323
p03456,p03456,s642683583,2702,10870
p03456,p03456,s335705103,1397,3262
p03456,p03456,s793810817,1038,6559
p03456,p03456,s855090747,758,2098
p03457,p03459,s562482201,2806,10820
p03457,p03459,s730256620,2207,4844
p03457,p03459,s749658706,2198,4810
p03457,p03459,s919743167,1402,3213
p03457,p03457,s581912570,604,1866
p03458,p03458,s030155586,6380,21255
p03458,p03460,s985482786,3151,12244
p03462,p03462,s914136038,955,2073
p03463,p03463,s914960107,2622,11278
p03463,p03463,s062031299,2259,10001
p03463,p03463,s755456605,1258,2908
p03463,p03463,s855043648,611,3308
p03463,p03463,s409927531,503,1783
p03464,p03464,s927325145,2973,7575
p03464,p03464,s181432856,2708,11493
p03464,p03464,s084102577,1360,3105
p03464,p03464,s000046371,502,2569
p03464,p03464,s915663962,353,997
p03465,p03465,s512712149,2844,12064
p03465,p03465,s931873211,2309,5189
p03465,p03465,s186155594,543,1489
p03465,p03465,s510107315,344,1012
p03465,p03465,s747459099,337,990
p03466,p03466,s882737114,1525,6953
p03469,p03469,s413499453,2195,9461
p03469,p03469,s071285563,1242,5768
p03469,p03469,s036111916,1240,2877
p03469,p03469,s601835107,694,2997
p03470,p03470,s785240383,3166,10265
p03470,p03470,s081539442,2348,9992
p03470,p03470,s433623486,2219,9537
p03470,p03470,s388544746,1305,2943
p03470,p03470,s631125732,813,3764
p03471,p03471,s749986250,824,4196
p03472,p03472,s458382499,2473,10397
p03472,p03472,s274497174,1367,3061
p03472,p03472,s052139140,999,4027
p03472,p03472,s693290117,862,2384
p03472,p03472,s537586390,852,2284
p03473,p03473,s622470157,1997,8099
p03473,p03473,s790021604,1378,6423
p03473,p03473,s136408419,1221,2808
p03473,p03473,s291962288,347,1211
p03474,p03474,s254608945,3246,10423
p03474,p03474,s634312943,2129,8759
p03474,p03474,s119087100,2016,8894
p03474,p03474,s223600539,1576,7034
p03474,p03474,s309251225,1294,2934
p03475,p03475,s732945772,2655,11363
p03475,p03475,s855165841,2140,8782
p03475,p03475,s616989176,1975,8681
p03475,p03475,s456094878,1331,3000
p03475,p03475,s993833181,754,2886
p03476,p03476,s920065221,2213,9058
p03476,p03476,s446189441,2114,5454
p03476,p03476,s655442973,2111,5386
p03476,p03476,s804121647,2111,5430
p03476,p03476,s410536863,1974,8866
p03477,p03477,s289139875,2564,5722
p03477,p03477,s516102665,2131,8591
p03477,p03477,s524063503,1667,8153
p03477,p03477,s999064257,1432,6596
p03477,p03477,s682024613,1263,2902
p03478,p03478,s092705182,3228,10348
p03478,p03478,s137834598,2153,4721
p03478,p03478,s562401419,1685,8128
p03478,p03478,s524161254,1279,2880
p03478,p03478,s611444004,779,3691
p03479,p03481,s453447088,2118,4668
p03479,p03481,s553581868,2021,8164
p03479,p03481,s525359765,1947,7888
p03479,p03481,s139143568,1645,6860
p03479,p03481,s774936435,1624,7858
p03480,p03482,s403445389,1853,8423
p03480,p03482,s692891697,1277,2871
p03480,p03482,s186235299,395,1390
p03480,p03480,s674300038,356,2119
p03483,p03483,s068096841,1791,7485
p03483,p03483,s265492068,1135,2516
p03483,p03483,s031371096,920,3010
p03483,p03483,s128216537,806,2023
p03484,p03484,s697140746,1962,8260
p03484,p03484,s253406695,877,2134
p03484,p03484,s330459061,866,2110
p03485,p03485,s385599242,1959,7819
p03485,p03485,s284978261,1391,6448
p03485,p03485,s725591960,1220,2762
p03485,p03485,s699027278,700,2940
p03486,p03486,s129997571,3224,10397
p03486,p03486,s338159919,2094,8330
p03486,p03486,s613452446,1528,7029
p03486,p03486,s178844662,1401,3192
p03486,p03486,s218387348,882,6094
p03487,p03487,s081374941,2418,10500
p03487,p03487,s393057948,2055,8805
p03487,p03489,s667910516,1907,8465
p03487,p03487,s089328015,1725,6978
p03487,p03489,s006508129,1554,7014
p03488,p03488,s571201584,4848,16069
p03488,p03488,s660387697,4834,16041
p03488,p03488,s760938173,4760,15992
p03488,p03488,s405824662,4738,15592
p03488,p03488,s038261071,2660,5946
p03491,p03491,s230786767,1648,6836
p03491,p03491,s490545197,1019,3428
p03491,p03491,s322801696,314,1269
p03492,p03492,s105323818,2079,8100
p03492,p03492,s673761861,1021,2138
p03492,p03492,s945261625,820,1875
p03493,p03587,s874087359,2104,8544
p03493,p03493,s344335879,1906,7587
p03493,p03493,s866373912,1452,6847
p03493,p03493,s053669099,1223,2763
p03494,p03494,s534706640,3021,9757
p03494,p03494,s762143501,1992,4357
p03494,p03494,s288275230,1932,7768
p03494,p03494,s243497396,1691,7904
p03494,p03494,s932795722,1283,2897
p03495,p03497,s837378007,2178,4771
p03495,p03495,s761236497,2176,4739
p03495,p03497,s205878044,2176,4779
p03495,p03495,s768893754,1988,8131
p03495,p03495,s526371781,1701,7395
p03499,p03499,s132677252,1518,4612
p03503,p03503,s715113471,4224,13164
p03503,p03503,s919105550,1489,6126
p03503,p03503,s170570913,1466,3280
p03503,p03503,s117383621,731,1202
p03503,p03503,s134608024,642,3340
p03504,p03504,s856730564,1809,8071
p03504,p03504,s010732787,845,4586
p03504,p03504,s101026492,753,1435
p03505,p03505,s232007976,1262,2872
p03505,p03505,s390275047,1090,4846
p03506,p03506,s685601053,4820,15343
p03506,p03506,s073388860,2059,4671
p03506,p03506,s337712585,1309,5674
p03506,p03506,s378451077,553,2878
p03507,p03507,s178429313,2111,4749
p03507,p03507,s774027667,1248,5278
p03507,p03507,s936957537,570,3046
p03508,p03508,s296173813,2317,5239
p03508,p03508,s145016699,736,4289
p03508,p03508,s507956830,546,1733
p03508,p03508,s437574166,370,825
p03509,p03509,s616925172,2001,8556
p03509,p03509,s157670725,451,1287
p03510,p03510,s882319807,1276,5347
p03510,p03510,s583362876,629,1910
p03511,p03511,s264596617,1628,3582
p03511,p03511,s094132883,1326,6965
p03511,p03511,s926639829,456,1111
p03512,p03512,s229156284,2321,8559
p03512,p03512,s740331673,2321,8559
p03512,p03512,s583388751,901,2731
p03513,p03513,s012057168,855,2084
p03515,p03515,s853097296,1924,7911
p03515,p03515,s630654644,1297,3904
p03515,p03515,s600802126,1297,3855
p03515,p03515,s614063058,1169,3072
p03515,p03515,s780157462,902,2638
p03516,p03516,s356635438,1618,6935
p03517,p03517,s489327677,834,2355
p03519,p03519,s082969930,2308,9992
p03519,p03519,s906962064,1781,7281
p03520,p03520,s939074533,1780,6986
p03520,p03520,s508734259,1631,5115
p03521,p03521,s075623452,2217,9003
p03523,p03533,s928963472,2130,8417
p03523,p03533,s892636655,1325,3060
p03523,p03533,s648408383,583,2978
p03523,p03533,s640901196,527,2188
p03523,p03533,s643328183,452,1171
p03524,p03534,s011715180,2789,10739
p03524,p03534,s066125128,1318,2944
p03524,p03534,s228403988,756,3087
p03524,p03534,s436565025,398,2196
p03525,p03535,s512723014,2943,15175
p03525,p03525,s957233844,2449,5479
p03525,p03525,s097117380,2326,5206
p03525,p03535,s835431252,1623,3685
p03525,p03535,s958712897,726,3867
p03526,p03536,s028902885,2937,11794
p03526,p03536,s215647850,2320,5094
p03526,p03536,s161808208,644,1681
p03527,p03537,s727535353,1793,6659
p03527,p03527,s054813057,673,1955
p03529,p03529,s175138593,1977,7529
p03529,p03529,s305225549,541,1566
p03543,p03543,s838161382,1918,7596
p03543,p03543,s082142762,1473,6744
p03543,p03543,s196111565,1363,3212
p03543,p03543,s730362042,1294,2899
p03543,p03543,s520191537,1294,2898
p03544,p03544,s167767339,2997,9653
p03544,p03544,s145951943,1918,7590
p03544,p03544,s458252444,1516,6894
p03544,p03544,s306202189,1512,6775
p03544,p03544,s253514959,1263,2827
p03545,p03545,s496394981,4021,12573
p03545,p03545,s390562852,2778,12083
p03545,p03545,s905859862,2101,8136
p03545,p03545,s227166449,1402,3172
p03545,p03545,s701266432,1402,3170
p03546,p03546,s016370789,2178,9426
p03546,p03546,s778946800,1510,3305
p03547,p03547,s364819531,1900,7570
p03547,p03547,s860210781,1407,6519
p03547,p03547,s474468826,1348,4738
p03547,p03547,s441406582,457,1674
p03547,p03547,s285457865,322,1347
p03548,p03548,s363667392,2961,9593
p03548,p03548,s937982714,1908,7621
p03548,p03548,s961028227,1479,6690
p03548,p03548,s193946249,1224,2771
p03549,p03551,s725991271,1259,5673
p03549,p03551,s968603128,1259,4551
p03549,p03551,s076483185,1229,2770
p03549,p03551,s473910473,1229,2768
p03549,p03549,s906994162,562,2294
p03550,p03550,s946513371,1996,4340
p03550,p03550,s248117813,1799,7030
p03550,p03552,s968312030,1613,6880
p03550,p03552,s193603709,1613,5521
p03550,p03552,s306241993,1538,3458
p03553,p03553,s012527474,1696,6730
p03553,p03553,s212117653,1175,3453
p03553,p03553,s607814196,896,2625
p03553,p03553,s549449235,817,1943
p03554,p03554,s760807374,1800,7356
p03554,p03554,s236408906,766,1791
p03555,p03555,s195236435,2126,8567
p03555,p03555,s564596890,1435,6488
p03555,p03555,s314339603,1275,2841
p03555,p03555,s341979077,1270,4625
p03555,p03555,s965517937,636,4138
p03556,p03556,s467931709,2955,9597
p03556,p03556,s992347804,1474,6692
p03556,p03556,s651177940,1278,2883
p03556,p03556,s723045049,1100,3990
p03556,p03556,s621618344,448,1990
p03557,p03557,s211466386,2678,11259
p03557,p03557,s779584670,2640,6654
p03557,p03559,s068652293,1699,7277
p03557,p03559,s784618365,1498,3348
p03557,p03559,s033022970,1498,3346
p03558,p03560,s691957887,2082,5152
p03558,p03560,s592597427,1640,5363
p03558,p03560,s705672378,1263,4339
p03558,p03560,s099003602,827,1705
p03558,p03560,s544586857,788,2444
p03561,p03561,s011198082,2085,4659
p03561,p03561,s845139216,2048,8801
p03561,p03561,s051503353,1452,3340
p03561,p03561,s623008502,310,731
p03562,p03562,s031605597,762,1911
p03563,p03563,s603548441,1599,6458
p03563,p03563,s068649460,1387,6441
p03563,p03563,s678783201,1242,5879
p03563,p03563,s221554589,1242,4748
p03564,p03564,s663356564,2974,9637
p03564,p03564,s404255281,2142,4688
p03564,p03564,s576000676,1643,6623
p03564,p03564,s115106339,1495,6779
p03564,p03564,s718655391,1280,6023
p03565,p03565,s610794564,4055,12761
p03565,p03565,s775258967,2463,10819
p03565,p03565,s193933576,1525,3404
p03565,p03565,s002971670,1525,3402
p03565,p03565,s480908746,1379,3081
p03567,p03567,s461902650,1644,6626
p03567,p03567,s764465621,1463,6657
p03567,p03567,s423950995,1259,2804
p03567,p03567,s669440925,1065,5054
p03567,p03567,s360781320,1065,4075
p03568,p03568,s565625239,1980,4336
p03568,p03568,s858008739,1657,6762
p03568,p03568,s750443382,1268,2802
p03568,p03568,s609076791,1080,5110
p03568,p03568,s443756776,1080,4121
p03569,p03569,s119152790,2718,6851
p03569,p03569,s454472844,2179,4853
p03569,p03569,s941390761,1333,3038
p03569,p03569,s382703509,1109,5327
p03569,p03569,s400071670,1109,4289
p03570,p03570,s031975003,1799,6962
p03573,p03573,s526483496,3843,12204
p03573,p03573,s352348702,1817,7495
p03573,p03573,s608376064,1252,2776
p03573,p03573,s143801231,891,3265
p03573,p03573,s445609142,476,1976
p03574,p03574,s145615512,3247,10306
p03574,p03574,s500604242,2184,8740
p03574,p03574,s065024020,1549,2980
p03574,p03574,s933206317,1487,4550
p03574,p03574,s741910525,1402,3131
p03575,p03575,s250219125,4150,13035
p03575,p03575,s601292004,2039,9007
p03575,p03575,s492027806,1408,3178
p03575,p03575,s369321750,1167,3973
p03575,p03575,s948351175,912,3770
p03576,p03576,s446823276,2998,7504
p03576,p03576,s884124005,2970,7424
p03576,p03576,s323637580,2123,4757
p03576,p03576,s980395163,2080,9076
p03576,p03576,s300062848,1656,3705
p03577,p03577,s107305502,1791,7441
p03577,p03577,s857384768,1237,2741
p03577,p03577,s484871765,801,3758
p03577,p03577,s037322154,801,3006
p03577,p03577,s060746536,491,1822
p03578,p03578,s945013815,1887,8043
p03578,p03578,s147253302,1367,3042
p03578,p03578,s981709557,1051,4574
p03578,p03578,s081172346,1051,3657
p03579,p03579,s721522050,4922,15604
p03579,p03579,s798966444,1745,3921
p03579,p03579,s184938761,1595,6799
p03579,p03579,s299993248,1470,4432
p03580,p03580,s801960658,2745,5852
p03580,p03580,s351378812,1746,6363
p03583,p03583,s093647691,1609,7044
p03583,p03583,s890349282,1328,2957
p03583,p03589,s533814911,604,2023
p03583,p03583,s839086855,388,1097
p03584,p03584,s321220252,2500,10731
p03584,p03584,s164845692,1457,3206
p03584,p03590,s817662242,691,3429
p03584,p03584,s837497898,513,1565
p03584,p03590,s236594309,385,1484
p03585,p03585,s580286408,2000,8307
p03588,p03588,s504765325,2151,4734
p03588,p03588,s186938456,1448,6143
p03588,p03588,s511660950,1260,2777
p03588,p03588,s067253865,527,1872
p03591,p03591,s609556207,1806,7469
p03591,p03591,s203425934,1181,4240
p03591,p03591,s957221290,370,1348
p03591,p03591,s680584381,367,1259
p03592,p03592,s055989470,1276,2825
p03592,p03592,s812787038,1096,3939
p03592,p03592,s631944162,768,2385
p03592,p03592,s827562782,434,1416
p03592,p03592,s360581070,417,1381
p03593,p03593,s227470084,1933,4954
p03593,p03593,s338335041,1536,3312
p03593,p03593,s274739220,1246,4308
p03593,p03593,s225354288,879,2875
p03593,p03593,s267853562,798,2487
p03596,p03596,s536503984,1376,6537
p03597,p03597,s078399517,1776,7373
p03597,p03597,s514845225,1387,6442
p03597,p03597,s473299908,1147,3999
p03597,p03597,s089702612,1147,3999
p03598,p03598,s106355544,3015,9727
p03598,p03598,s436457510,2427,10583
p03598,p03598,s598335781,1507,6812
p03598,p03598,s857550159,1255,2761
p03598,p03598,s409810824,597,2541
p03599,p03599,s347213231,3023,7754
p03599,p03601,s662528027,2908,12305
p03599,p03599,s071631807,2885,7896
p03599,p03599,s275039152,2416,5305
p03599,p03601,s190307318,1382,3025
p03600,p03600,s336522606,4856,15811
p03600,p03600,s900704050,4846,15683
p03600,p03600,s586856293,3051,10088
p03600,p03600,s754399900,3043,10053
p03600,p03602,s400677334,3019,11219
p03603,p03603,s612752571,1807,6722
p03603,p03603,s327436423,1169,2876
p03603,p03603,s655171929,514,1158
p03603,p03603,s126559902,417,1111
p03604,p03604,s181359462,923,2158
p03605,p03605,s440487018,5041,8092
p03605,p03605,s689131758,1782,7381
p03605,p03605,s730692710,1387,6445
p03605,p03605,s556426427,1171,2592
p03605,p03605,s535955708,1066,3874
p03606,p03606,s014037967,2985,9655
p03606,p03606,s039889710,1818,7491
p03606,p03606,s938980733,1502,6803
p03606,p03606,s518379454,1359,4379
p03606,p03606,s163323025,1264,4637
p03607,p03607,s901426540,6536,19899
p03607,p03607,s843651256,1842,7682
p03607,p03607,s599051524,1582,7062
p03607,p03607,s869808289,1405,4592
p03607,p03607,s364110831,1386,4545
p03608,p03608,s475999153,4845,13654
p03608,p03608,s227368402,3165,7974
p03608,p03608,s810456543,2276,9083
p03608,p03608,s427775599,1749,3877
p03608,p03608,s222627029,1740,3831
p03609,p03609,s740402823,2078,8443
p03609,p03609,s394821252,1391,6450
p03609,p03609,s993129012,1216,2678
p03609,p03609,s862488656,1059,3846
p03609,p03609,s208660285,435,1611
p03610,p03610,s913705139,3018,9730
p03610,p03610,s517665674,2150,4732
p03610,p03610,s270462177,1404,6499
p03610,p03610,s687067908,1245,2756
p03610,p03610,s295705936,1103,3997
p03611,p03611,s504570220,2021,4400
p03611,p03613,s998734983,1853,7633
p03611,p03611,s446522414,1808,7073
p03611,p03611,s465864890,1562,7036
p03611,p03613,s348302247,1261,2732
p03612,p03612,s956311108,2764,6794
p03612,p03614,s522669462,2021,8358
p03612,p03614,s963294977,1410,6083
p03612,p03614,s404135601,1245,2721
p03612,p03612,s292776452,764,1854
p03615,p03615,s349734757,2675,6225
p03615,p03615,s600944912,1863,7260
p03615,p03615,s965977204,299,641
p03616,p03616,s725675823,1614,5889
p03616,p03616,s384540398,969,2527
p03616,p03616,s253806028,969,3232
p03616,p03616,s410426370,715,2285
p03617,p03617,s329868544,1852,7566
p03617,p03617,s749256039,1264,2718
p03617,p03617,s572408256,1264,2716
p03617,p03617,s952836276,762,2361
p03618,p03618,s820998792,2182,4759
p03618,p03618,s027947518,1679,8048
p03618,p03618,s450503381,1292,2898
p03618,p03618,s346734622,971,2744
p03618,p03618,s557168829,370,2165
p03619,p03619,s897865724,1960,7712
p03619,p03619,s199663373,880,2643
p03620,p03620,s614402567,849,2632
p03623,p03623,s636818715,2100,8501
p03623,p03623,s470937601,1882,4272
p03623,p03623,s748271130,1403,6471
p03623,p03623,s331688575,1238,2714
p03623,p03623,s558708561,1110,3969
p03624,p03624,s685077038,3009,9751
p03624,p03624,s586852587,1558,6971
p03624,p03624,s632514889,1279,2824
p03624,p03624,s269675957,1119,3107
p03624,p03624,s741719166,1091,2593
p03625,p03627,s070713473,2060,4587
p03625,p03627,s569274715,1835,7169
p03625,p03627,s264184870,1289,2838
p03625,p03625,s589140155,886,4593
p03625,p03627,s380703773,596,1785
p03626,p03628,s275827485,1333,3041
p03626,p03628,s705795184,684,2330
p03626,p03626,s788338152,682,1186
p03626,p03626,s571442609,651,2118
p03626,p03628,s232471001,602,1780
p03629,p03629,s541564241,2059,9961
p03629,p03629,s332804364,340,856
p03629,p03629,s103545436,303,690
p03630,p03630,s663039172,1921,7179
p03630,p03630,s737849762,1052,2790
p03630,p03630,s043035135,523,1491
p03631,p03631,s408782718,1784,7384
p03631,p03631,s304554107,1383,6436
p03631,p03631,s912932053,1167,2585
p03631,p03631,s979380739,444,1898
p03631,p03631,s260835307,435,1628
p03632,p03632,s704457567,2975,9633
p03632,p03632,s107259108,1859,7592
p03632,p03632,s704615602,1519,6837
p03632,p03632,s206510788,1250,2695
p03632,p03632,s043920959,608,2553
p03633,p03633,s656586165,6485,19871
p03633,p03633,s163724142,2217,9536
p03633,p03633,s017305003,1884,4223
p03633,p03633,s353261935,1215,2675
p03633,p03633,s582728547,1215,2673
p03634,p03634,s271894609,4221,28639
p03634,p03634,s981308983,2221,5830
p03634,p03634,s185928057,1190,6696
p03634,p03634,s085265871,1157,2941
p03634,p03634,s676489956,1029,3132
p03636,p03636,s013363971,2968,9610
p03636,p03636,s455578400,1226,2701
p03636,p03636,s492055178,1076,3827
p03636,p03636,s584361596,653,3672
p03636,p03636,s622656857,503,1787
p03637,p03639,s021698019,2031,4436
p03637,p03637,s597225505,1944,4353
p03637,p03639,s432651975,1852,7264
p03637,p03639,s672450826,1364,5445
p03637,p03639,s847004601,1310,2934
p03641,p03641,s687494392,2289,7628
p03641,p03641,s054063335,1767,4385
p03641,p03641,s635906269,1614,3913
p03641,p03641,s133430987,1436,3710
p03641,p03641,s313547696,1202,2968
p03642,p03642,s626175579,1942,7160
p03642,p03642,s081386863,1341,4150
p03642,p03642,s605209573,902,2084
p03643,p03643,s503086840,1760,7337
p03643,p03643,s075240673,1376,6423
p03643,p03643,s160777006,1044,3820
p03643,p03643,s165531147,477,1743
p03643,p03643,s491318957,292,999
p03644,p03644,s721400000,2963,9616
p03644,p03644,s391636845,1496,6805
p03644,p03644,s767659162,1066,3840
p03644,p03644,s070715082,777,3209
p03644,p03644,s174580421,568,2539
p03645,p03645,s369317852,2654,11458
p03645,p03647,s749297430,2521,5415
p03645,p03647,s745086657,1891,7823
p03645,p03647,s744011355,1258,2762
p03645,p03645,s388771975,682,1909
p03649,p03649,s346038584,2794,11675
p03649,p03649,s898646846,628,1762
p03649,p03649,s840141709,438,1682
p03649,p03649,s342876232,382,883
p03649,p03649,s645739148,265,861
p03650,p03650,s774110099,2924,6540
p03650,p03650,s034284325,599,1466
p03650,p03650,s497939577,518,1213
p03651,p03651,s850355992,1249,2776
p03651,p03651,s734739408,899,3263
p03651,p03651,s456328663,677,2064
p03651,p03651,s280256808,652,3328
p03651,p03651,s854104866,513,1766
p03652,p03652,s447483818,2162,4759
p03652,p03652,s073791868,566,1176
p03652,p03652,s743382794,440,1278
p03652,p03652,s281346765,410,1102
p03653,p03653,s318852173,1707,5405
p03653,p03653,s405001292,1477,4794
p03653,p03653,s259817375,1387,3414
p03653,p03653,s756556394,1385,3412
p03654,p03654,s940256893,2279,8034
p03654,p03654,s064354893,1313,4297
p03657,p03657,s375347711,1797,7434
p03657,p03657,s674064254,1404,6492
p03657,p03657,s205141018,1073,3897
p03657,p03657,s317603220,330,1134
p03657,p03657,s412822300,319,1086
p03658,p03658,s003417338,2988,9686
p03658,p03658,s394666302,1995,4361
p03658,p03658,s658542181,1555,6624
p03658,p03658,s603330265,1537,6899
p03658,p03658,s630166671,1282,2799
p03659,p03661,s314060007,1841,7630
p03659,p03661,s956708978,1226,2721
p03659,p03659,s985340591,559,1790
p03659,p03661,s554432443,553,2184
p03659,p03659,s359235902,528,1147
p03660,p03660,s267581451,4949,15831
p03660,p03660,s942350907,1057,2330
p03660,p03662,s907410522,1023,2301
p03660,p03662,s407816337,860,2717
p03660,p03660,s829359394,836,2225
p03664,p03664,s207049247,2953,6321
p03664,p03664,s523524697,458,1009
p03665,p03665,s160425896,2108,4561
p03665,p03665,s265910202,1278,2774
p03665,p03665,s843929437,1183,4288
p03665,p03665,s345466750,997,2528
p03665,p03665,s760580057,759,2531
p03666,p03666,s524561160,1999,4439
p03666,p03666,s079266821,1241,2798
p03666,p03666,s050133899,1148,4080
p03666,p03666,s923211348,443,2317
p03667,p03667,s383874417,2390,5298
p03667,p03667,s250231159,452,1635
p03667,p03667,s211751151,399,1437
p03667,p03667,s532561372,306,970
p03668,p03668,s188407452,1902,7352
p03668,p03668,s466411980,934,2928
p03668,p03668,s468347563,665,2264
p03668,p03668,s478845368,359,831
p03669,p03669,s066930823,1926,8287
p03671,p03671,s073763500,1778,7365
p03671,p03671,s782887279,1406,6478
p03671,p03671,s818897684,1230,2696
p03671,p03671,s083714929,330,1114
p03671,p03671,s731453954,323,1202
p03672,p03672,s476920223,3041,9548
p03672,p03672,s220677124,2227,9006
p03672,p03672,s962133634,1557,7098
p03672,p03672,s917308047,1288,2836
p03672,p03672,s642516817,835,4974
p03673,p03673,s208508104,1798,10935
p03673,p03673,s025176163,1772,7498
p03673,p03673,s976137481,1548,6812
p03673,p03675,s361694048,1292,2807
p03673,p03673,s355517471,783,2987
p03674,p03674,s038334179,3116,7728
p03674,p03674,s221294837,3114,7708
p03674,p03674,s495183071,3112,7730
p03674,p03674,s328068105,3058,7978
p03674,p03674,s659445805,2991,8172
p03677,p03677,s861843851,2292,9302
p03677,p03677,s041336877,1640,3930
p03677,p03677,s574693817,1199,3065
p03678,p03678,s542777347,2227,8289
p03678,p03678,s580542785,701,1609
p03678,p03678,s090888984,605,1448
p03679,p03679,s973596832,1800,7460
p03679,p03679,s466972987,1419,6574
p03679,p03679,s283161556,1080,3920
p03679,p03679,s280756572,530,1732
p03679,p03679,s080922636,381,1306
p03680,p03680,s990388896,3015,9539
p03680,p03680,s686194611,802,2722
p03680,p03680,s371093315,664,2525
p03680,p03680,s224159057,664,2523
p03681,p03681,s503515835,2248,9763
p03681,p03683,s276978765,1863,7752
p03681,p03683,s787101874,1408,4964
p03681,p03683,s751701972,1285,2822
p03681,p03681,s500931997,469,1589
p03682,p03682,s688809582,5623,17481
p03682,p03684,s432370153,2002,6370
p03682,p03684,s610863619,1537,3240
p03685,p03685,s033442038,2479,5505
p03685,p03685,s733954387,1919,7894
p03685,p03685,s068127108,863,1521
p03685,p03685,s821702033,838,2471
p03685,p03685,s764682787,624,1291
p03686,p03686,s761559470,443,1105
p03687,p03687,s274787189,1705,8008
p03687,p03687,s788482428,1250,2773
p03687,p03687,s042494625,1233,2820
p03687,p03687,s178622907,576,2873
p03688,p03688,s259635403,1433,3250
p03688,p03688,s437722693,1431,5853
p03688,p03688,s055519534,416,901
p03688,p03688,s267498290,358,854
p03688,p03688,s743060383,275,863
p03689,p03689,s615686800,391,1882
p03690,p03690,s860916094,2639,9181
p03690,p03690,s129708539,1136,2870
p03690,p03690,s692284442,1136,3275
p03691,p03691,s779208630,2492,5662
p03691,p03691,s562090376,1529,6437
p03693,p03693,s129519579,1797,7390
p03693,p03693,s871942111,1266,5834
p03693,p03693,s267530933,1227,4498
p03693,p03693,s309399942,714,2962
p03693,p03693,s734260925,429,1468
p03695,p03695,s819735330,6447,19597
p03695,p03695,s405508962,1883,7773
p03695,p03695,s320334061,762,2905
p03695,p03695,s767308211,762,2905
p03695,p03695,s345646976,721,2462
p03696,p03696,s106349370,1865,7725
p03696,p03696,s413252302,1703,7043
p03696,p03696,s683619418,663,2255
p03696,p03696,s965665463,452,2042
p03696,p03696,s129073124,426,2911
p03697,p03697,s614317589,1776,7329
p03697,p03697,s609576204,1404,6514
p03697,p03697,s860195266,1229,2787
p03697,p03697,s640837203,1067,3877
p03697,p03697,s426692971,615,1782
p03698,p03698,s003198460,2941,9342
p03698,p03698,s551074868,2560,5460
p03698,p03698,s090668847,1563,6983
p03698,p03698,s261398028,1081,3632
p03698,p03698,s247460056,653,1911
p03699,p03701,s189614054,1831,7605
p03699,p03699,s342575592,600,2507
p03699,p03699,s659451128,574,1785
p03699,p03699,s863000731,564,1518
p03699,p03699,s349239333,537,1816
p03700,p03702,s766596944,1431,5869
p03700,p03700,s023860518,661,2735
p03700,p03700,s061876759,530,3023
p03700,p03700,s310427930,493,1440
p03700,p03700,s932431579,486,1795
p03703,p03703,s244425599,1916,9281
p03703,p03703,s449518590,695,1402
p03703,p03703,s702748142,668,1770
p03703,p03703,s499672894,610,1619
p03704,p03704,s528325645,2311,5051
p03704,p03704,s712231564,2308,5166
p03704,p03704,s707937014,323,713
p03705,p03705,s778066541,2474,5332
p03705,p03705,s410867145,1844,7643
p03705,p03705,s988662566,1128,3981
p03705,p03705,s888909482,529,2409
p03705,p03705,s298237106,512,2102
p03707,p03707,s101250597,1979,7157
p03707,p03707,s167290673,794,1628
p03707,p03707,s317216913,777,1821
p03708,p03708,s383936409,1479,6111
p03708,p03708,s076837893,424,750
p03708,p03708,s379059612,281,962
p03708,p03708,s454840382,269,565
p03709,p03709,s856069795,2391,10914
p03711,p03711,s175766244,1810,7376
p03711,p03711,s305785962,1509,6803
p03711,p03711,s414921052,859,2467
p03711,p03711,s517874885,562,2163
p03711,p03711,s076370126,545,2366
p03712,p03712,s266944143,2926,9201
p03712,p03712,s945837720,1864,7620
p03712,p03712,s904785815,1565,6952
p03712,p03712,s574291734,929,2706
p03712,p03712,s733285391,879,2322
p03713,p03713,s053258697,2122,8167
p03713,p03713,s212528992,1435,6558
p03713,p03713,s258823975,1376,3003
p03713,p03713,s867157812,1008,3355
p03713,p03713,s031516617,988,2554
p03714,p03714,s764539027,2060,4914
p03714,p03716,s006220706,1394,4132
p03714,p03716,s392851017,1361,4527
p03714,p03716,s485853464,1354,3983
p03714,p03716,s580667229,1240,4104
p03717,p03717,s937693328,3078,12038
p03717,p03717,s090468827,2875,6198
p03717,p03717,s015369959,995,2070
p03717,p03717,s754276183,710,1661
p03717,p03717,s425903353,634,1649
p03718,p03718,s116205798,1608,4675
p03718,p03718,s488014143,1434,4776
p03718,p03718,s070171262,1432,4814
p03718,p03718,s824900181,1410,4174
p03719,p03719,s763538080,2407,5173
p03719,p03719,s356631474,1788,7414
p03719,p03719,s580755854,1610,6663
p03719,p03719,s255041801,1397,6466
p03719,p03719,s529450415,1068,3876
p03720,p03720,s865613594,2910,9124
p03720,p03720,s630411841,1704,6953
p03720,p03720,s907094264,1572,7005
p03720,p03720,s837701280,1122,3964
p03720,p03720,s313088977,947,2726
p03721,p03721,s310954564,6452,19594
p03721,p03721,s660330562,2523,10734
p03721,p03721,s740091536,1781,7377
p03721,p03721,s818777808,641,1736
p03722,p03722,s023051455,4738,15427
p03722,p03722,s344078571,4700,15533
p03722,p03722,s692016616,4700,15351
p03722,p03722,s793318878,4700,15351
p03722,p03722,s707922145,2793,6178
p03723,p03723,s486194608,2905,12090
p03723,p03723,s088907333,1690,6968
p03723,p03723,s209383477,1597,7111
p03723,p03723,s023002586,823,6696
p03723,p03723,s020711572,522,1635
p03724,p03724,s233963626,2561,5443
p03724,p03724,s032994732,1539,6832
p03724,p03724,s109003946,443,2392
p03724,p03724,s954150868,297,831
p03725,p03725,s466502670,2473,5551
p03725,p03725,s252107654,1870,7022
p03725,p03725,s158047729,857,2160
p03725,p03725,s254454489,782,1537
p03725,p03725,s529769010,782,1696
p03726,p03726,s571187429,1910,7257
p03726,p03726,s776237581,946,2998
p03729,p03729,s297070996,1644,6722
p03729,p03729,s846051084,1446,6526
p03729,p03729,s556529996,516,2020
p03729,p03729,s190510926,399,1318
p03729,p03729,s574724776,304,937
p03730,p03730,s365022539,2806,8888
p03730,p03730,s605141593,1873,4262
p03730,p03730,s590372230,1717,7047
p03730,p03730,s313925285,1626,6745
p03730,p03730,s330704079,1501,6796
p03731,p03731,s313571687,1956,4382
p03731,p03731,s406581245,1649,6855
p03731,p03731,s978174751,1544,6946
p03731,p03733,s785829465,1134,4019
p03731,p03733,s974600544,536,1657
p03732,p03732,s925918698,2362,6258
p03732,p03732,s426048998,2331,5093
p03732,p03732,s685630351,2204,4707
p03732,p03734,s764166385,2005,8477
p03732,p03734,s192156958,1633,3267
p03735,p03735,s834615637,2180,8262
p03735,p03735,s627381727,2180,8262
p03735,p03735,s055776401,773,2051
p03735,p03735,s429781882,363,825
p03736,p03736,s327633424,3372,7768
p03736,p03736,s694207560,515,1646
p03736,p03736,s187242823,403,1080
p03737,p03737,s786855510,1642,6686
p03737,p03737,s378456813,1475,6619
p03737,p03737,s609916338,1036,3681
p03737,p03737,s389274275,875,2540
p03737,p03737,s053526742,656,2300
p03738,p03738,s625509565,2835,9004
p03738,p03738,s279513885,1548,7047
p03738,p03738,s453328656,924,2781
p03738,p03738,s261057901,786,2173
p03738,p03738,s112435247,776,2164
p03739,p03739,s639699326,2182,4860
p03739,p03741,s393310981,1466,5716
p03739,p03741,s915667886,1423,3216
p03739,p03741,s425859400,1259,4425
p03739,p03739,s748694705,832,3058
p03740,p03742,s490019029,1812,8081
p03740,p03740,s305455371,1616,4416
p03740,p03740,s979942054,344,1805
p03743,p03743,s234980762,2683,5650
p03743,p03743,s965057724,1561,6105
p03743,p03743,s898459148,297,563
p03743,p03743,s809429498,286,762
p03744,p03744,s596596137,424,1056
p03744,p03744,s346155182,354,868
p03745,p03745,s554392521,1782,7444
p03745,p03745,s149939565,1350,3037
p03745,p03745,s363095009,1158,4132
p03745,p03745,s295923179,848,6115
p03745,p03745,s619563945,845,5733
p03747,p03747,s109916055,1857,8325
p03747,p03747,s105427526,824,2093
p03747,p03747,s435179072,534,1128
p03747,p03747,s483659928,531,1684
p03748,p03748,s334077634,1761,6591
p03748,p03748,s439260732,433,1071
p03748,p03748,s823672127,348,625
p03749,p03749,s300679550,1975,7620
p03751,p03751,s524981492,823,2981
p03751,p03751,s598413949,479,1357
p03751,p03751,s831262248,325,678
p03752,p03752,s991875054,2860,11381
p03752,p03752,s096800964,547,3281
p03752,p03752,s525290184,327,1741
p03752,p03752,s476606773,321,698
p03752,p03752,s693829494,319,642
p03753,p03753,s005864814,884,4645
p03759,p03759,s757147274,2501,17306
p03759,p03759,s039125626,1610,6659
p03759,p03759,s842632523,1397,6464
p03759,p03759,s482630034,1017,3521
p03759,p03759,s532445849,992,3625
p03760,p03760,s386616482,2793,8848
p03760,p03760,s002590416,2564,17908
p03760,p03760,s708210704,1654,6791
p03760,p03760,s612947123,1518,6841
p03760,p03760,s443099614,1011,3642
p03761,p03761,s193637829,3009,18488
p03761,p03761,s200832298,2988,18777
p03761,p03761,s187079735,2378,10179
p03761,p03761,s201791090,1787,7245
p03761,p03763,s950079939,1172,4358
p03762,p03764,s455626807,2943,7164
p03762,p03764,s340316867,1454,5712
p03762,p03764,s563934267,1398,3105
p03762,p03762,s859198539,492,1123
p03762,p03762,s800549953,460,2340
p03765,p03765,s463238753,1706,6906
p03765,p03765,s795934304,1624,3598
p03765,p03765,s100272081,506,862
p03765,p03765,s529250273,488,1477
p03765,p03765,s130075400,485,1459
p03766,p03766,s798603940,1457,6164
p03766,p03766,s864522160,290,735
p03767,p03767,s545321959,2730,6728
p03767,p03767,s778595317,1591,6586
p03767,p03767,s241953174,1116,4970
p03767,p03767,s005262894,1116,3992
p03767,p03767,s741586797,814,3773
p03768,p03768,s432022943,2559,5543
p03768,p03768,s883598812,2073,7511
p03768,p03768,s094568483,1322,3742
p03768,p03768,s246541147,1048,2612
p03768,p03768,s811937441,925,2607
p03770,p03770,s478148783,2245,8120
p03770,p03770,s018906732,1639,4387
p03770,p03770,s602565321,1346,4040
p03770,p03770,s074182334,1141,2730
p03771,p03771,s974516110,2040,8218
p03773,p03773,s273148685,1391,6454
p03773,p03773,s799607332,1133,4651
p03773,p03773,s023696025,1000,3469
p03773,p03773,s707978593,606,2256
p03773,p03773,s933672678,405,1382
p03774,p03774,s460889726,2894,9045
p03774,p03774,s179956639,1293,5248
p03774,p03774,s227190181,767,2991
p03774,p03774,s758908708,718,2747
p03774,p03774,s003189747,599,1881
p03775,p03775,s872659581,6350,19364
p03775,p03775,s734970553,2996,19957
p03775,p03775,s377986022,2464,10738
p03775,p03775,s755493186,1666,6924
p03775,p03775,s434746886,1307,5419
p03776,p03776,s721771429,1735,3473
p03777,p03777,s200881604,1028,3553
p03777,p03777,s572215311,620,2291
p03777,p03777,s471442668,479,1960
p03777,p03777,s233055003,375,1850
p03778,p03778,s827415175,2557,8114
p03778,p03778,s570797609,2429,10408
p03778,p03778,s647832986,1898,4324
p03778,p03778,s111090736,543,2425
p03778,p03778,s217916527,495,2090
p03779,p03779,s626993011,2169,9377
p03779,p03781,s126010183,1035,2358
p03779,p03779,s730793574,618,2443
p03779,p03781,s581695977,531,2224
p03779,p03781,s223523034,504,2333
p03780,p03780,s979265054,2345,5169
p03780,p03782,s589475216,1439,5701
p03785,p03785,s067538443,1721,4554
p03785,p03785,s157564192,1128,5019
p03785,p03785,s315663229,1128,4029
p03785,p03785,s310496871,512,2745
p03785,p03785,s621404594,459,2433
p03786,p03786,s718464656,1187,2703
p03786,p03786,s826184795,1187,2703
p03786,p03786,s243346690,1181,2651
p03786,p03786,s954897118,1156,4010
p03787,p03787,s226793141,2002,7618
p03787,p03787,s882312419,1503,4787
p03787,p03787,s208318418,711,1833
p03787,p03787,s972666625,487,1510
p03787,p03787,s420462276,430,1045
p03788,p03788,s522105853,2357,5401
p03788,p03788,s271864743,1543,6189
p03788,p03788,s648012607,855,3157
p03788,p03788,s419864282,377,697
p03789,p03789,s182201060,2766,5901
p03789,p03789,s412393864,300,1223
p03791,p03791,s853371443,1393,6653
p03791,p03791,s974843952,483,2622
p03792,p03792,s944111188,2390,5216
p03792,p03792,s786138759,1508,6828
p03792,p03792,s390027321,435,869
p03792,p03792,s366605329,339,1043
p03792,p03792,s366991796,333,839
p03793,p03793,s645679119,478,1371
p03795,p03795,s227616015,1012,3490
p03795,p03795,s823386165,607,2262
p03795,p03795,s044963668,515,2080
p03795,p03795,s544100547,404,1384
p03795,p03795,s252373529,369,2738
p03796,p03796,s517508139,2137,7007
p03796,p03796,s480570335,2005,4483
p03796,p03796,s036726411,1077,3865
p03796,p03796,s443783412,725,2606
p03796,p03796,s718534944,715,2573
p03797,p03797,s075205486,2136,4682
p03797,p03797,s506426092,1143,11422
p03797,p03799,s677188612,1073,3930
p03797,p03799,s612682936,785,5085
p03797,p03799,s998215916,567,1820
p03798,p03798,s723423952,7210,24075
p03798,p03800,s703939254,4659,14034
p03798,p03800,s666549701,2647,10002
p03798,p03800,s120116233,2605,5571
p03801,p03801,s800180070,2591,10717
p03801,p03801,s226557888,1657,7104
p03801,p03801,s184501943,573,1175
p03801,p03801,s221287899,514,1162
p03802,p03802,s584767413,973,2159
p03803,p03803,s819389873,1081,8237
p03803,p03803,s092739543,1076,3695
p03803,p03803,s510009772,644,2369
p03803,p03803,s599031233,564,2216
p03803,p03803,s599080075,513,1600
p03804,p03804,s879837999,2548,10756
p03804,p03804,s968314685,1993,6167
p03804,p03804,s686369102,1422,10380
p03804,p03804,s753917425,658,2056
p03805,p03805,s137436785,6452,19573
p03805,p03805,s694719553,4867,13747
p03805,p03805,s458613330,3185,8296
p03805,p03805,s848140735,3146,8951
p03805,p03805,s008236259,2892,22655
p03806,p03806,s169519006,3250,13339
p03806,p03806,s670638905,2982,7470
p03806,p03806,s039531387,1402,3058
p03806,p03806,s675105297,903,2744
p03806,p03806,s414071338,839,2538
p03807,p03807,s681415294,2172,4749
p03807,p03807,s169369504,1128,5090
p03807,p03807,s771426841,1128,4082
p03807,p03807,s210393968,479,1688
p03807,p03807,s308308734,374,1944
p03808,p03808,s297447555,2106,4650
p03808,p03808,s116040178,1457,5030
p03808,p03808,s120302472,739,3622
p03808,p03808,s308314062,419,3477
p03808,p03808,s102363144,328,1169
p03809,p03809,s296562445,1392,4432
p03809,p03809,s857625517,867,2277
p03809,p03809,s352229182,719,1670
p03809,p03809,s958111503,576,1575
p03810,p03810,s601700596,1475,3199
p03810,p03810,s636893599,672,2652
p03810,p03810,s798621992,304,807
p03813,p03813,s929153032,1003,3499
p03813,p03813,s480555692,600,2258
p03813,p03813,s309173373,347,1017
p03814,p03814,s783960140,1766,5601
p03814,p03814,s087806839,756,3194
p03814,p03814,s783513059,569,2500
p03814,p03814,s563555301,496,2021
p03814,p03814,s200723422,479,1649
p03815,p03817,s417685005,735,1919
p03815,p03815,s814612202,564,2352
p03815,p03817,s268917252,517,1649
p03815,p03815,s805542668,514,1869
p03815,p03815,s443571976,459,1646
p03816,p03818,s149805366,569,1447
p03816,p03816,s097597398,568,3105
p03816,p03816,s171753457,539,2396
p03816,p03816,s829310135,458,1397
p03819,p03819,s267006126,1823,7012
p03819,p03819,s129044522,1148,3259
p03819,p03819,s409109732,998,2888
p03819,p03819,s300789589,939,2773
p03820,p03820,s580592882,1758,7563
p03821,p03821,s537046613,1117,4962
p03821,p03821,s946785681,1117,3995
p03821,p03821,s911719334,781,2027
p03821,p03821,s282811162,424,2264
p03821,p03821,s689678934,299,907
p03822,p03822,s126486555,4951,15712
p03822,p03822,s740418352,1398,4476
p03823,p03823,s088773897,3058,7448
p03823,p03823,s195551164,1909,6957
p03823,p03823,s933970624,1861,7308
p03824,p03824,s883261367,1746,7109
p03826,p03826,s350677483,2401,5148
p03826,p03826,s189914529,1013,3497
p03826,p03826,s391060654,634,1837
p03826,p03826,s124250097,626,2295
p03826,p03826,s866648719,435,1468
p03827,p03827,s879197688,1782,5612
p03827,p03827,s360902184,670,2010
p03827,p03827,s737013537,555,2454
p03827,p03827,s119307043,525,1728
p03827,p03827,s504175901,432,1869
p03828,p03828,s606457898,2503,10884
p03828,p03830,s222025140,2130,5441
p03828,p03830,s948554095,2127,5446
p03828,p03830,s207742970,2109,5252
p03828,p03830,s463156986,2109,5409
p03829,p03831,s295744114,2481,5287
p03829,p03831,s822089612,558,1391
p03829,p03829,s098136685,383,2158
p03829,p03831,s472952866,322,1138
p03829,p03831,s381962639,281,955
p03832,p03832,s787196945,2324,5368
p03832,p03832,s283485751,755,2953
p03832,p03832,s217741587,607,1337
p03832,p03832,s598592050,570,1186
p03832,p03832,s958094319,556,1513
p03833,p03833,s183302438,1473,4880
p03833,p03833,s707637594,663,1524
p03834,p03834,s191586679,2124,4675
p03834,p03834,s050741657,955,3269
p03834,p03834,s195158893,612,2278
p03834,p03834,s947134606,373,1063
p03834,p03834,s549852996,262,1241
p03835,p03835,s883185192,2167,4738
p03835,p03835,s836003439,1433,5503
p03835,p03835,s972599954,1272,2880
p03835,p03835,s261381385,822,3844
p03835,p03835,s709934887,809,3787
p03836,p03836,s787687554,2691,11494
p03836,p03836,s692390476,1437,3111
p03836,p03836,s188249918,1136,3734
p03836,p03836,s158994589,995,2317
p03837,p03837,s626822128,4875,15442
p03837,p03837,s909614150,1308,7191
p03837,p03837,s608467357,1239,2796
p03837,p03837,s372635188,710,1671
p03837,p03837,s266398295,662,1577
p03838,p03838,s653388976,2822,10965
p03838,p03838,s936978949,2193,4790
p03838,p03838,s437136223,1344,6398
p03838,p03838,s473849137,446,2241
p03838,p03838,s762516754,369,759
p03839,p03839,s090536609,1474,3368
p03839,p03839,s007016071,825,3264
p03839,p03839,s237964122,502,2513
p03839,p03839,s773337360,476,1306
p03840,p03840,s042427840,2737,12132
p03840,p03840,s076818290,443,1253
p03840,p03840,s022527521,341,1146
p03844,p03844,s854273820,2142,4695
p03844,p03844,s022075952,972,3327
p03844,p03844,s028476718,832,3474
p03844,p03844,s836529319,624,2315
p03844,p03844,s067827296,458,1691
p03845,p03845,s473032158,1475,5080
p03845,p03845,s298248501,976,4032
p03845,p03845,s854346335,669,3086
p03845,p03845,s605406048,629,2595
p03845,p03845,s848688032,550,1846
p03846,p03846,s179963103,2590,11315
p03846,p03848,s998639493,1308,5488
p03846,p03848,s062478838,847,2355
p03846,p03848,s839701791,775,2015
p03846,p03846,s329350113,663,2239
p03847,p03847,s017316801,2350,5020
p03847,p03849,s682882370,1896,7581
p03847,p03847,s145336606,671,1432
p03847,p03849,s214409230,472,2030
p03847,p03847,s311393962,306,644
p03850,p03850,s738589813,2067,4575
p03850,p03850,s104141159,1639,6615
p03850,p03850,s312219402,576,1148
p03850,p03850,s071768960,326,798
p03852,p03852,s602843837,969,3339
p03852,p03852,s259797411,635,1618
p03852,p03852,s847596828,622,2333
p03852,p03852,s416418263,382,1316
p03852,p03852,s717368996,270,1272
p03853,p03853,s771722196,1458,5062
p03853,p03853,s811342149,653,2894
p03853,p03853,s450804739,548,2428
p03853,p03853,s017101360,401,975
p03853,p03853,s798680088,364,1199
p03854,p03854,s320298876,2703,5812
p03854,p03856,s603439406,1288,7418
p03854,p03854,s574999050,912,4041
p03854,p03854,s547770439,857,2297
p03854,p03854,s116940179,748,2917
p03855,p03857,s024543682,2123,9467
p03855,p03855,s922265214,1388,9172
p03855,p03855,s644960657,1250,3769
p03855,p03855,s620141143,1245,4484
p03858,p03858,s780027905,3564,14359
p03858,p03858,s150101392,933,1894
p03859,p03859,s154593018,2627,6062
p03859,p03859,s576613660,1848,7414
p03859,p03859,s641051280,319,825
p03860,p03860,s027676640,963,3297
p03860,p03860,s514055883,633,2316
p03860,p03860,s860571623,574,1428
p03860,p03860,s535310783,347,1224
p03861,p03861,s004916394,1366,4651
p03861,p03861,s265086933,533,1712
p03861,p03861,s210098371,525,2396
p03861,p03861,s978478588,505,2220
p03861,p03861,s673874017,283,1277
p03862,p03862,s975321632,2457,10826
p03862,p03864,s553813822,1126,3999
p03862,p03862,s701572964,590,1753
p03862,p03862,s489192722,547,1860
p03862,p03862,s486425930,390,2070
p03863,p03865,s558152863,1633,8008
p03863,p03863,s182912753,668,3467
p03863,p03863,s888791428,631,2645
p03863,p03863,s489311936,322,1134
p03863,p03863,s169919002,261,1640
p03866,p03866,s607540306,946,2789
p03867,p03867,s717941832,1464,6714
p03867,p03867,s383895695,360,866
p03868,p03878,s516098054,1877,9081
p03868,p03878,s052325212,639,3525
p03868,p03878,s281678778,492,1157
p03869,p03869,s350395911,1739,9128
p03869,p03879,s367494873,1634,3701
p03870,p03880,s817575276,2099,4624
p03870,p03870,s583769364,1809,8894
p03870,p03870,s992295297,617,2318
p03870,p03870,s881065969,594,2252
p03870,p03870,s135524869,554,2075
p03871,p03881,s349286485,2337,5169
p03871,p03881,s999970368,264,876
p03872,p03882,s628023520,1274,3137
p03872,p03882,s302568189,1154,3244
p03873,p03883,s847864536,1718,6766
p03873,p03883,s686497254,683,1624
p03873,p03883,s131718493,683,1840
p03875,p03885,s530746585,837,2032
p03877,p03887,s818361576,1548,6870
p03877,p03887,s299569341,497,1441
p03877,p03887,s555159459,458,1279
p03877,p03887,s469245438,280,376
p03889,p03889,s989494620,2838,10925
p03890,p03890,s128040744,1393,6385
p03890,p03890,s207788369,284,779
p03891,p03891,s445362546,2161,4542
p03891,p03891,s275991959,1510,6707
p03891,p03891,s858484397,374,640
p03891,p03891,s985916745,283,495
p03891,p03891,s848449804,273,369
p03892,p03892,s188533771,1998,4361
p03892,p03892,s882736260,469,2391
p03893,p03893,s029203844,1994,4394
p03893,p03893,s314895495,1349,6469
p03893,p03893,s900120068,338,1807
p03894,p03894,s486910409,2303,4967
p03894,p03894,s445613246,513,2732
p03894,p03894,s409123944,484,1137
p03895,p03895,s691520706,2255,4896
p03895,p03895,s577511164,519,2748
p03897,p03897,s711301159,3035,6501
p03898,p03898,s358458552,1280,4222
p03899,p03899,s969254007,1681,6531
p03899,p03899,s150348769,920,2804
p03899,p03899,s469742421,869,2321
p03899,p03899,s954733429,869,2318
p03901,p03901,s031826408,411,2209
p03903,p03903,s804412729,2383,8035
p03903,p03903,s406928633,1169,3041
p03903,p03903,s462337902,821,1884
p03904,p03904,s656368073,2624,9499
p03904,p03904,s353862497,638,1669
p03904,p03904,s552294118,626,1642
p03904,p03904,s662346661,624,1638
p03904,p03904,s037133175,622,1636
p03909,p03909,s344547388,2167,4792
p03909,p03919,s475182977,2165,8799
p03909,p03919,s450191573,545,1940
p03909,p03919,s029289737,455,1531
p03910,p03920,s645109921,2778,10750
p03910,p03910,s132140474,870,2322
p03910,p03910,s425675821,653,1837
p03911,p03911,s695658062,2515,5631
p03911,p03911,s359917865,2510,5628
p03911,p03921,s820379417,1985,9997
p03911,p03921,s508974433,1984,10012
p03912,p03922,s393341683,704,3578
p03912,p03912,s063157733,552,1240
p03912,p03922,s957067487,540,1952
p03912,p03912,s646541787,377,789
p03913,p03913,s473554287,2308,5066
p03913,p03923,s326987299,1445,7766
p03914,p03914,s101065521,2171,4877
p03914,p03914,s434403237,1468,6745
p03914,p03914,s150814582,273,834
p03914,p03924,s652250916,261,524
p03914,p03914,s330741526,258,510
p03915,p03915,s139461328,3042,7242
p03915,p03915,s067655463,1475,4802
p03915,p03915,s642096701,1475,4801
p03917,p03917,s967068790,1178,3552
p03929,p03929,s872059970,1678,7956
p03931,p03931,s382257298,2867,7694
p03931,p03931,s337471738,2867,7559
p03931,p03931,s953046408,2164,4902
p03931,p03931,s686942625,1627,6366
p03931,p03931,s428406384,694,3469
p03932,p03932,s938387433,2056,7698
p03932,p03932,s325361956,969,4352
p03932,p03932,s975321188,447,893
p03932,p03932,s446929501,354,715
p03937,p03937,s510521012,814,2964
p03937,p03937,s727643361,599,1408
p03937,p03937,s314241181,565,2507
p03937,p03937,s655064267,518,1864
p03937,p03937,s868982405,487,1007
p03940,p03940,s490665816,1666,6432
p03940,p03940,s188158742,353,937
p03942,p03942,s818865146,1977,9930
p03943,p03943,s700474176,990,3355
p03943,p03943,s073997374,580,1792
p03943,p03943,s179403006,526,1285
p03943,p03943,s605186511,385,1288
p03943,p03943,s791478135,377,1284
p03944,p03944,s055987432,2546,10653
p03944,p03944,s938316893,1548,5045
p03944,p03944,s003195567,805,3844
p03944,p03944,s140573024,772,2590
p03944,p03944,s164081473,760,2588
p03945,p03945,s197136503,1499,6701
p03945,p03945,s873185231,1140,11394
p03945,p03947,s003374943,1076,3889
p03945,p03945,s060580169,497,1561
p03945,p03945,s201031477,453,1686
p03946,p03948,s711684659,2816,11496
p03946,p03946,s551089062,651,2358
p03946,p03946,s475669166,646,3762
p03946,p03946,s575068752,437,1606
p03946,p03946,s925958396,395,2385
p03949,p03949,s536714138,1135,2732
p03949,p03949,s187816814,920,2329
p03950,p03950,s394361180,1996,4481
p03951,p03951,s993585211,586,2526
p03951,p03951,s039951078,586,2523
p03951,p03951,s685351411,551,1879
p03951,p03951,s015489978,547,1684
p03951,p03951,s479198310,318,776
p03954,p03954,s526784190,2505,10485
p03954,p03954,s535463734,2281,4932
p03954,p03954,s158274477,320,785
p03955,p03955,s906186182,1797,7568
p03955,p03955,s982796121,731,2116
p03955,p03955,s255873768,383,493
p03955,p03955,s556624606,381,489
p03955,p03955,s105973332,381,491
p03956,p03956,s150026080,2218,8956
p03957,p03957,s341414212,2180,8836
p03957,p03957,s218104640,1123,3983
p03958,p03958,s550922102,1700,7960
p03958,p03958,s491569734,562,1918
p03958,p03958,s821439520,530,1319
p03958,p03958,s037538481,373,1079
p03958,p03958,s624254203,329,1098
p03959,p03959,s412813805,1469,3061
p03959,p03959,s913914523,1408,4604
p03959,p03959,s563917833,892,2817
p03959,p03959,s879054702,676,3583
p03959,p03959,s084362371,567,2477
p03960,p03960,s913329349,2882,6101
p03960,p03960,s142151997,1681,6597
p03960,p03960,s063984849,829,3990
p03960,p03960,s778376049,452,851
p03960,p03960,s374342551,389,823
p03961,p03961,s678311266,1742,7818
p03962,p03962,s158759844,1833,7516
p03962,p03962,s375647027,792,2761
p03962,p03962,s753011038,451,1099
p03962,p03962,s763387863,298,1328
p03962,p03962,s582658897,274,911
p03963,p03963,s321185664,1330,4563
p03963,p03963,s843892271,809,2095
p03963,p03963,s243907216,523,1700
p03963,p03963,s078137134,503,2330
p03964,p03964,s058726555,2360,10071
p03964,p03966,s045715909,1565,6469
p03964,p03966,s242947023,1416,3296
p03964,p03964,s151731856,800,1640
p03964,p03964,s406208810,784,1479
p03965,p03967,s046760642,1420,6125
p03965,p03967,s385087148,749,1888
p03965,p03965,s237948853,533,1846
p03965,p03965,s724154374,445,1687
p03965,p03965,s287402555,347,1876
p03968,p03968,s411829257,1116,3022
p03968,p03968,s889979188,1065,2843
p03968,p03968,s884853942,1065,2735
p03969,p03969,s060433091,1228,2723
p03970,p03970,s557095344,2117,8629
p03970,p03970,s727764129,1094,3907
p03970,p03970,s155503671,430,975
p03970,p03970,s642221323,383,1318
p03970,p03970,s231729761,261,631
p03971,p03971,s282722527,1308,5712
p03971,p03971,s648133886,776,2190
p03971,p03971,s377032522,575,2510
p03971,p03971,s601838754,539,2220
p03971,p03971,s627764271,513,1709
p03972,p03972,s245823439,2821,11543
p03972,p03972,s532406889,692,1620
p03972,p03972,s261563080,632,3324
p03972,p03972,s683523872,556,1518
p03973,p03973,s080632657,2469,10495
p03973,p03973,s364947691,397,2052
p03974,p03974,s399121299,795,1727
p03974,p03974,s407609599,795,1699
p03974,p03974,s473375446,701,1695
p03974,p03974,s281113089,656,1610
p03974,p03974,s678676963,652,1558
p03975,p03975,s990511028,1974,4333
p03975,p03975,s193514672,1939,8494
p03976,p03976,s891941638,2751,11124
p03976,p03976,s182721463,258,500
p03981,p03981,s311101588,685,1928
p03986,p03986,s082319558,1990,4422
p03986,p03986,s250431412,558,3050
p03986,p03986,s442490372,535,1914
p03986,p03986,s981060671,529,1421
p03987,p03987,s262901996,2879,12225
p03987,p03987,s396219104,2259,5341
p03987,p03987,s147456484,1124,3482
p03987,p03987,s737957177,986,3026
p03987,p03987,s471517268,936,3819
p03988,p03988,s671222043,2261,5006
p03988,p03988,s739819059,496,1739
p03988,p03988,s371873133,273,777
p03989,p03989,s689064430,1812,7377
p03990,p03990,s567772707,2005,6600
p03992,p03992,s686387107,1056,3825
p03992,p03992,s485157592,374,1260
p03993,p03993,s657836832,1495,6869
p03993,p03993,s602367758,1441,6106
p03993,p03993,s629501302,308,1016
p03993,p03993,s895382363,261,819
p03994,p03994,s691443320,1455,6198
p03994,p03994,s513793159,633,1659
p03994,p03994,s269008315,418,1090
p03994,p03994,s153217507,301,1905
p03995,p03995,s036648989,2536,9149
p03996,p03996,s919102377,1529,6824
p03996,p03996,s940418693,419,875
p03996,p03996,s452031577,384,1274
p03997,p03997,s136449086,1778,7359
p03997,p03997,s437073180,787,2732
p03997,p03997,s912888158,367,895
p03997,p03997,s360837243,266,1243
p03998,p03998,s350446492,2549,10622
p03998,p03998,s873010915,1487,5048
p03998,p03998,s876411157,902,4654
p03998,p03998,s160530783,680,2772
p03998,p03998,s386093520,654,1939
p03999,p04001,s715181884,1557,7171
p03999,p04001,s059146511,1331,3145
p03999,p03999,s395959258,647,1923
p03999,p03999,s592233764,577,1934
p03999,p03999,s299052218,553,3174
p04000,p04000,s347070135,1656,4365
p04000,p04000,s314400204,1368,8377
p04000,p04002,s236428788,866,1744
p04003,p04003,s259042611,2283,6809
p04003,p04003,s396683784,2149,6616
p04003,p04003,s839174721,1851,5476
p04003,p04003,s700500530,1746,5107
p04004,p04004,s707529640,1563,7174
p04004,p04004,s168939986,463,1385
p04004,p04004,s580983279,433,1046
p04004,p04004,s248231382,400,930
p04005,p04005,s023563107,1261,2846
p04005,p04005,s975598328,852,5388
p04005,p04005,s287779461,565,2489
p04005,p04005,s841469181,557,1766
p04005,p04005,s642789710,435,1295
p04006,p04006,s781098801,1421,3229
p04006,p04006,s973655445,1244,4476
p04006,p04006,s280809593,657,1670
p04006,p04006,s237662081,564,2364
p04006,p04006,s598233661,523,1189
p04008,p04008,s909370795,1623,6376
p04008,p04008,s794194458,1154,3703
p04008,p04008,s778452579,802,2517
p04008,p04008,s291964894,601,1700
p04009,p04009,s554543210,1070,2253
p04011,p04011,s899787106,1633,6687
p04011,p04011,s695662189,1412,6255
p04011,p04011,s286230602,859,2545
p04011,p04011,s071170407,805,2769
p04011,p04011,s558055317,503,1232
p04012,p04012,s735384500,1358,4667
p04012,p04012,s308143059,885,2610
p04012,p04012,s887291337,766,2575
p04012,p04012,s123053073,708,1304
p04012,p04012,s102133985,680,2583
p04013,p04015,s942773983,2209,5543
p04013,p04015,s687783784,1353,3043
p04013,p04013,s188027577,1219,8071
p04013,p04015,s127614803,1218,4078
p04013,p04013,s743933989,760,2180
p04014,p04016,s852181894,1544,6399
p04014,p04016,s439927033,1436,3225
p04014,p04014,s302837030,687,2797
p04014,p04014,s201962816,510,2002
p04014,p04016,s307877041,363,1016
p04017,p04017,s959220791,1769,9316
p04017,p04017,s934334882,684,1770
p04018,p04018,s500874171,2941,6541
p04018,p04018,s208526378,2941,6535
p04018,p04018,s596529780,1992,7563
p04018,p04018,s277361006,444,1064
p04019,p04019,s775141051,1603,6369
p04019,p04019,s631850302,894,6822
p04019,p04019,s561889633,894,6822
p04019,p04019,s103236163,830,6647
p04019,p04019,s413085179,714,2822
p04020,p04020,s370383675,1935,9569
p04020,p04020,s607492204,1264,4632
p04020,p04020,s217198683,550,1388
p04020,p04020,s342582354,345,1850
p04020,p04020,s746597165,338,1461
p04021,p04021,s198057589,1653,8461
p04021,p04021,s977082468,1428,3304
p04021,p04021,s620918804,1411,3267
p04021,p04021,s103578860,1049,3414
p04022,p04022,s661383493,3009,6678
p04023,p04023,s579161091,1871,8244
p04024,p04024,s170214777,2335,9017
p04024,p04024,s323084503,781,2273
p04025,p04025,s458596234,1311,2949
p04025,p04025,s054160547,1111,2475
p04025,p04031,s085922858,1003,4401
p04025,p04031,s519105441,888,5296
p04025,p04031,s398257357,820,5151
p04027,p04027,s171389272,2430,5288
p04027,p04027,s691492568,1977,8289
p04027,p04027,s026546629,477,1072
p04027,p04027,s401277988,451,868
p04027,p04027,s093967573,420,1158
p04028,p04028,s989690534,2555,10789
p04028,p04028,s069322370,2169,4832
p04028,p04028,s626776881,442,1320
p04028,p04028,s027849636,397,1685
p04028,p04028,s453975251,346,1070
p04029,p04029,s536667984,1770,7349
p04029,p04029,s842527612,731,2589
p04029,p04029,s397863147,477,1170
p04029,p04029,s220768989,335,1236
p04030,p04030,s932643734,2379,10333
p04030,p04030,s909107611,1386,4648
p04030,p04030,s380109242,1294,2840
p04030,p04030,s653348203,853,5384
p04030,p04030,s111031877,749,2851
p04033,p04033,s509127352,1608,3672
p04033,p04033,s949223928,1264,2829
p04033,p04033,s485078085,867,2589
p04033,p04033,s209045156,739,2078
p04033,p04033,s040796169,558,2507
p04034,p04034,s746033187,1366,2952
p04034,p04034,s370700809,1087,3147
p04034,p04034,s562910177,884,2345
p04034,p04034,s329520901,499,1371
p04034,p04034,s431983302,489,1443
p04035,p04035,s748483994,2217,4897
p04035,p04035,s995965969,2114,5280
p04035,p04035,s132710187,1818,4142
p04035,p04035,s361280554,1732,8456
p04035,p04035,s283473144,1080,3299
p04037,p04037,s022197031,2618,5600
p04037,p04037,s613499709,1923,7362
p04038,p04038,s636941537,2900,6892
p04038,p04038,s740359054,1549,7018
p04039,p04045,s189686083,2778,6952
p04039,p04045,s490507803,2723,3674
p04039,p04045,s972513072,1592,7157
p04039,p04039,s690894148,1347,3014
p04039,p04045,s736329256,1325,2997
p04040,p04046,s509245446,4509,14410
p04040,p04046,s328979847,1956,4619
p04040,p04046,s791193549,843,2279
p04040,p04046,s993959596,735,2267
p04040,p04046,s054884951,689,2863
p04041,p04041,s677819457,1877,7581
p04041,p04041,s060488451,345,853
p04041,p04041,s645103612,344,847
p04041,p04041,s822269877,271,823
p04043,p04043,s079675824,2478,5309
p04043,p04043,s661735499,1511,7091
p04043,p04043,s216881603,1260,2780
p04043,p04043,s192928263,774,2613
p04043,p04043,s574971098,399,1130
p04044,p04044,s531289984,2541,10633
p04044,p04044,s000525025,1275,4350
p04044,p04044,s011536643,807,3779
p04044,p04044,s707750654,787,2946
p04044,p04044,s564495840,686,1870
p04047,p04047,s461774843,1046,2357
p04047,p04047,s849149755,950,2867
p04047,p04047,s015638812,585,2558
p04047,p04047,s474012216,391,1418
p04047,p04047,s825031350,379,1303
p04048,p04048,s026480056,903,3047
p04049,p04049,s401266654,1497,4804
p04049,p04049,s938897820,508,1345
p04049,p04049,s073082358,385,946
