Debugging is enabled.
Loading Standard Definitions file: /home/ubuntu/capstone_project/dependency/mcsema/mcsema/lib/python3/site-packages/mcsema_disass-3.1.3.8-py3.8.egg/mcsema_disass/defs/linux.txt
Using Batch mode.
Starting analysis
Recovering module s202037324_fla_bcf.elf
Found main at 401150
Looking for instructions in segment .init
  Default block heads for function 401000 with loose bounds [401000, 40101b)
    block [401000, 401014)
    block [401014, 401016)
    block [401016, 40101b)
    chunk [401000, 40101b)
Looking for instructions in segment .plt
  Default block heads for function 401020 with loose bounds [401020, 40102c)
    block [401020, 40102c)
    chunk [401020, 40102c)
  Default block heads for function 401030 with loose bounds [401030, 401036)
    block [401030, 401036)
    chunk [401030, 401036)
  Default block heads for function 401040 with loose bounds [401040, 401046)
    block [401040, 401046)
    chunk [401040, 401046)
  Default block heads for function 401050 with loose bounds [401050, 401056)
    block [401050, 401056)
    chunk [401050, 401056)
Looking for instructions in segment .text
  Default block heads for function 401060 with loose bounds [401060, 401086)
    block [401060, 401086)
    chunk [401060, 401086)
  Default block heads for function 4010a0 with loose bounds [4010a0, 4010c1)
    block [4010a0, 4010ad)
    block [4010ad, 4010b7)
    block [4010b7, 4010be)
    block [4010c0, 4010c1)
    chunk [4010a0, 4010c1)
  Default block heads for function 401110 with loose bounds [401110, 401131)
    block [401110, 40111d)
    block [40111d, 40112f)
    block [401130, 401131)
    chunk [401110, 401131)
  Default block heads for function 401140 with loose bounds [401140, 401146)
    block [401140, 401146)
    chunk [401140, 401146)
    chunk [4010d0, 401101)
  Default block heads for function 401150 with loose bounds [401150, 403a52)
    block [401150, 401176)
    block [401176, 401187)
    block [401187, 40118c)
    block [40118c, 40119a)
    block [40119a, 40119f)
    block [40119f, 4011ad)
    block [4011ad, 4011b2)
    block [4011b2, 4011c0)
    block [4011c0, 4011c5)
    block [4011c5, 4011d3)
    block [4011d3, 4011d8)
    block [4011d8, 4011e6)
    block [4011e6, 4011eb)
    block [4011eb, 4011f9)
    block [4011f9, 4011fe)
    block [4011fe, 40120c)
    block [40120c, 401211)
    block [401211, 40121f)
    block [40121f, 401224)
    block [401224, 401232)
    block [401232, 401237)
    block [401237, 401245)
    block [401245, 40124a)
    block [40124a, 401258)
    block [401258, 40125d)
    block [40125d, 40126b)
    block [40126b, 401270)
    block [401270, 40127e)
    block [40127e, 401283)
    block [401283, 401291)
    block [401291, 401296)
    block [401296, 4012a4)
    block [4012a4, 4012a9)
    block [4012a9, 4012b7)
    block [4012b7, 4012bc)
    block [4012bc, 4012ca)
    block [4012ca, 4012cf)
    block [4012cf, 4012dd)
    block [4012dd, 4012e2)
    block [4012e2, 4012f0)
    block [4012f0, 4012f5)
    block [4012f5, 401303)
    block [401303, 401308)
    block [401308, 401316)
    block [401316, 40131b)
    block [40131b, 401329)
    block [401329, 40132e)
    block [40132e, 40133c)
    block [40133c, 401341)
    block [401341, 40134f)
    block [40134f, 401354)
    block [401354, 401362)
    block [401362, 401367)
    block [401367, 401375)
    block [401375, 40137a)
    block [40137a, 401388)
    block [401388, 40138d)
    block [40138d, 40139b)
    block [40139b, 4013a0)
    block [4013a0, 4013ae)
    block [4013ae, 4013b3)
    block [4013b3, 4013c1)
    block [4013c1, 4013c6)
    block [4013c6, 4013d4)
    block [4013d4, 4013d9)
    block [4013d9, 4013e7)
    block [4013e7, 4013ec)
    block [4013ec, 4013fa)
    block [4013fa, 4013ff)
    block [4013ff, 40140d)
    block [40140d, 401412)
    block [401412, 401420)
    block [401420, 401425)
    block [401425, 401433)
    block [401433, 401438)
    block [401438, 401446)
    block [401446, 40144b)
    block [40144b, 401459)
    block [401459, 40145e)
    block [40145e, 40146c)
    block [40146c, 401471)
    block [401471, 40147f)
    block [40147f, 401484)
    block [401484, 401492)
    block [401492, 401497)
    block [401497, 4014a5)
    block [4014a5, 4014aa)
    block [4014aa, 4014b8)
    block [4014b8, 4014bd)
    block [4014bd, 4014cb)
    block [4014cb, 4014d0)
    block [4014d0, 4014de)
    block [4014de, 4014e3)
    block [4014e3, 4014f1)
    block [4014f1, 4014f6)
    block [4014f6, 401504)
    block [401504, 401509)
    block [401509, 401517)
    block [401517, 40151c)
    block [40151c, 40152a)
    block [40152a, 40152f)
    block [40152f, 40153d)
    block [40153d, 401542)
    block [401542, 401550)
    block [401550, 401555)
    block [401555, 401563)
    block [401563, 401568)
    block [401568, 401576)
    block [401576, 40157b)
    block [40157b, 401589)
    block [401589, 40158e)
    block [40158e, 40159c)
    block [40159c, 4015a1)
    block [4015a1, 4015af)
    block [4015af, 4015b4)
    block [4015b4, 4015c2)
    block [4015c2, 4015c7)
    block [4015c7, 4015d5)
    block [4015d5, 4015da)
    block [4015da, 4015e8)
    block [4015e8, 4015ed)
    block [4015ed, 4015fb)
    block [4015fb, 401600)
    block [401600, 40160e)
    block [40160e, 401613)
    block [401613, 401621)
    block [401621, 401626)
    block [401626, 401634)
    block [401634, 401639)
    block [401639, 401647)
    block [401647, 40164c)
    block [40164c, 40165a)
    block [40165a, 40165f)
    block [40165f, 40166d)
    block [40166d, 401672)
    block [401672, 401680)
    block [401680, 401685)
    block [401685, 401693)
    block [401693, 401698)
    block [401698, 4016a6)
    block [4016a6, 4016ab)
    block [4016ab, 4016b9)
    block [4016b9, 4016be)
    block [4016be, 4016cc)
    block [4016cc, 4016d1)
    block [4016d1, 4016df)
    block [4016df, 4016e4)
    block [4016e4, 4016f2)
    block [4016f2, 4016f7)
    block [4016f7, 401705)
    block [401705, 40170a)
    block [40170a, 401718)
    block [401718, 40171d)
    block [40171d, 40172b)
    block [40172b, 401730)
    block [401730, 40173e)
    block [40173e, 401743)
    block [401743, 401751)
    block [401751, 401756)
    block [401756, 401764)
    block [401764, 401769)
    block [401769, 401777)
    block [401777, 40177c)
    block [40177c, 40178a)
    block [40178a, 40178f)
    block [40178f, 40179d)
    block [40179d, 4017a2)
    block [4017a2, 4017b0)
    block [4017b0, 4017b5)
    block [4017b5, 4017c3)
    block [4017c3, 4017c8)
    block [4017c8, 4017d6)
    block [4017d6, 4017db)
    block [4017db, 4017e9)
    block [4017e9, 4017ee)
    block [4017ee, 4017fc)
    block [4017fc, 401801)
    block [401801, 40180f)
    block [40180f, 401814)
    block [401814, 401822)
    block [401822, 401827)
    block [401827, 401835)
    block [401835, 40183a)
    block [40183a, 401848)
    block [401848, 40184d)
    block [40184d, 40185b)
    block [40185b, 401860)
    block [401860, 40186e)
    block [40186e, 401873)
    block [401873, 401881)
    block [401881, 401886)
    block [401886, 401894)
    block [401894, 401899)
    block [401899, 4018a7)
    block [4018a7, 4018ac)
    block [4018ac, 4018ba)
    block [4018ba, 4018bf)
    block [4018bf, 4018cd)
    block [4018cd, 4018d2)
    block [4018d2, 4018e0)
    block [4018e0, 4018e5)
    block [4018e5, 4018f3)
    block [4018f3, 4018f8)
    block [4018f8, 401906)
    block [401906, 40190b)
    block [40190b, 401919)
    block [401919, 40191e)
    block [40191e, 40192c)
    block [40192c, 401931)
    block [401931, 40193f)
    block [40193f, 401944)
    block [401944, 401952)
    block [401952, 401957)
    block [401957, 401965)
    block [401965, 40196a)
    block [40196a, 401978)
    block [401978, 40197d)
    block [40197d, 40198b)
    block [40198b, 401990)
    block [401990, 40199e)
    block [40199e, 4019a3)
    block [4019a3, 4019b1)
    block [4019b1, 4019b6)
    block [4019b6, 4019c4)
    block [4019c4, 4019c9)
    block [4019c9, 4019d7)
    block [4019d7, 4019dc)
    block [4019dc, 4019ea)
    block [4019ea, 4019ef)
    block [4019ef, 4019fd)
    block [4019fd, 401a02)
    block [401a02, 401a10)
    block [401a10, 401a15)
    block [401a15, 401a23)
    block [401a23, 401a28)
    block [401a28, 401a36)
    block [401a36, 401a3b)
    block [401a3b, 401a49)
    block [401a49, 401a4e)
    block [401a4e, 401a5c)
    block [401a5c, 401a61)
    block [401a61, 401a6f)
    block [401a6f, 401a74)
    block [401a74, 401a82)
    block [401a82, 401a87)
    block [401a87, 401a95)
    block [401a95, 401a9a)
    block [401a9a, 401aa8)
    block [401aa8, 401aad)
    block [401aad, 401abb)
    block [401abb, 401ac0)
    block [401ac0, 401ace)
    block [401ace, 401ad3)
    block [401ad3, 401ae1)
    block [401ae1, 401ae6)
    block [401ae6, 401af4)
    block [401af4, 401af9)
    block [401af9, 401b07)
    block [401b07, 401b0c)
    block [401b0c, 401b1a)
    block [401b1a, 401b1f)
    block [401b1f, 401b2d)
    block [401b2d, 401b32)
    block [401b32, 401b40)
    block [401b40, 401b45)
    block [401b45, 401b53)
    block [401b53, 401b58)
    block [401b58, 401b66)
    block [401b66, 401b6b)
    block [401b6b, 401b79)
    block [401b79, 401b7e)
    block [401b7e, 401b8c)
    block [401b8c, 401b91)
    block [401b91, 401b9f)
    block [401b9f, 401ba4)
    block [401ba4, 401bb2)
    block [401bb2, 401bb7)
    block [401bb7, 401bc5)
    block [401bc5, 401bca)
    block [401bca, 401bd8)
    block [401bd8, 401bdd)
    block [401bdd, 401beb)
    block [401beb, 401bf0)
    block [401bf0, 401bfe)
    block [401bfe, 401c03)
    block [401c03, 401c11)
    block [401c11, 401c16)
    block [401c16, 401c24)
    block [401c24, 401c29)
    block [401c29, 401c37)
    block [401c37, 401c3c)
    block [401c3c, 401c4a)
    block [401c4a, 401c4f)
    block [401c4f, 401c5d)
    block [401c5d, 401c62)
    block [401c62, 401c70)
    block [401c70, 401c75)
    block [401c75, 401c83)
    block [401c83, 401c88)
    block [401c88, 401c96)
    block [401c96, 401c9b)
    block [401c9b, 401ca9)
    block [401ca9, 401cae)
    block [401cae, 401cbc)
    block [401cbc, 401cc1)
    block [401cc1, 401ccf)
    block [401ccf, 401cd4)
    block [401cd4, 401ce2)
    block [401ce2, 401ce7)
    block [401ce7, 401cf5)
    block [401cf5, 401cfa)
    block [401cfa, 401d08)
    block [401d08, 401d0d)
    block [401d0d, 401d1b)
    block [401d1b, 401d20)
    block [401d20, 401d2e)
    block [401d2e, 401d33)
    block [401d33, 401d41)
    block [401d41, 401d46)
    block [401d46, 401d54)
    block [401d54, 401d59)
    block [401d59, 401d67)
    block [401d67, 401d6c)
    block [401d6c, 401d7a)
    block [401d7a, 401d7f)
    block [401d7f, 401d8d)
    block [401d8d, 401d92)
    block [401d92, 401da0)
    block [401da0, 401da5)
    block [401da5, 401db3)
    block [401db3, 401db8)
    block [401db8, 401dc6)
    block [401dc6, 401dcb)
    block [401dcb, 401dd9)
    block [401dd9, 401dde)
    block [401dde, 401dec)
    block [401dec, 401df1)
    block [401df1, 401dff)
    block [401dff, 401e04)
    block [401e04, 401e12)
    block [401e12, 401e17)
    block [401e17, 401e25)
    block [401e25, 401e2a)
    block [401e2a, 401e38)
    block [401e38, 401e3d)
    block [401e3d, 401e4b)
    block [401e4b, 401e50)
    block [401e50, 401e5e)
    block [401e5e, 401e63)
    block [401e63, 401e71)
    block [401e71, 401e76)
    block [401e76, 401e84)
    block [401e84, 401e89)
    block [401e89, 401e97)
    block [401e97, 401e9c)
    block [401e9c, 401eaa)
    block [401eaa, 401eaf)
    block [401eaf, 401ebd)
    block [401ebd, 401ec2)
    block [401ec2, 401ed0)
    block [401ed0, 401ed5)
    block [401ed5, 401ee3)
    block [401ee3, 401ee8)
    block [401ee8, 401ef6)
    block [401ef6, 401efb)
    block [401efb, 401f09)
    block [401f09, 401f0e)
    block [401f0e, 401f1c)
    block [401f1c, 401f21)
    block [401f21, 401f26)
    block [401f26, 401f59)
    block [401f59, 401f9c)
    block [401f9c, 401feb)
    block [401feb, 401fff)
    block [401fff, 402018)
    block [402018, 40205b)
    block [40205b, 4020a5)
    block [4020a5, 4020b1)
    block [4020b1, 4020f4)
    block [4020f4, 402143)
    block [402143, 40215e)
    block [40215e, 40218a)
    block [40218a, 4021cd)
    block [4021cd, 402219)
    block [402219, 402225)
    block [402225, 402268)
    block [402268, 4022b2)
    block [4022b2, 4022be)
    block [4022be, 4022d7)
    block [4022d7, 40231a)
    block [40231a, 402383)
    block [402383, 40239e)
    block [40239e, 4023b1)
    block [4023b1, 4023ca)
    block [4023ca, 40240d)
    block [40240d, 40245e)
    block [40245e, 402479)
    block [402479, 402497)
    block [402497, 4024da)
    block [4024da, 402524)
    block [402524, 402530)
    block [402530, 402573)
    block [402573, 4025c7)
    block [4025c7, 4025e2)
    block [4025e2, 402625)
    block [402625, 40266f)
    block [40266f, 40267b)
    block [40267b, 402699)
    block [402699, 4026ac)
    block [4026ac, 4026b8)
    block [4026b8, 4026fb)
    block [4026fb, 40273e)
    block [40273e, 40274a)
    block [40274a, 40278d)
    block [40278d, 4027d9)
    block [4027d9, 4027e5)
    block [4027e5, 4027fe)
    block [4027fe, 402841)
    block [402841, 402890)
    block [402890, 4028ab)
    block [4028ab, 4028c8)
    block [4028c8, 4028e1)
    block [4028e1, 4028fe)
    block [4028fe, 402917)
    block [402917, 402934)
    block [402934, 402977)
    block [402977, 4029c6)
    block [4029c6, 4029e1)
    block [4029e1, 402a24)
    block [402a24, 402a78)
    block [402a78, 402a84)
    block [402a84, 402ac7)
    block [402ac7, 402b0a)
    block [402b0a, 402b16)
    block [402b16, 402b59)
    block [402b59, 402b9c)
    block [402b9c, 402ba8)
    block [402ba8, 402bb4)
    block [402bb4, 402bc0)
    block [402bc0, 402bde)
    block [402bde, 402c21)
    block [402c21, 402c6b)
    block [402c6b, 402c77)
    block [402c77, 402cba)
    block [402cba, 402d09)
    block [402d09, 402d24)
    block [402d24, 402d67)
    block [402d67, 402db8)
    block [402db8, 402dd3)
    block [402dd3, 402df1)
    block [402df1, 402e04)
    block [402e04, 402e47)
    block [402e47, 402e9b)
    block [402e9b, 402eb6)
    block [402eb6, 402ec9)
    block [402ec9, 402ee7)
    block [402ee7, 402efa)
    block [402efa, 402f06)
    block [402f06, 402f12)
    block [402f12, 402f27)
    block [402f27, 402f6a)
    block [402f6a, 402fb9)
    block [402fb9, 402fd4)
    block [402fd4, 402fed)
    block [402fed, 40300a)
    block [40300a, 403023)
    block [403023, 403066)
    block [403066, 4030ba)
    block [4030ba, 4030c6)
    block [4030c6, 403109)
    block [403109, 403158)
    block [403158, 403173)
    block [403173, 403190)
    block [403190, 4031a9)
    block [4031a9, 4031ec)
    block [4031ec, 403240)
    block [403240, 40324c)
    block [40324c, 403258)
    block [403258, 403264)
    block [403264, 403270)
    block [403270, 40327c)
    block [40327c, 40329a)
    block [40329a, 4032ad)
    block [4032ad, 4032c6)
    block [4032c6, 403309)
    block [403309, 40335a)
    block [40335a, 403375)
    block [403375, 403393)
    block [403393, 4033d6)
    block [4033d6, 403420)
    block [403420, 40342c)
    block [40342c, 40344a)
    block [40344a, 40348d)
    block [40348d, 4034d7)
    block [4034d7, 4034e3)
    block [4034e3, 403526)
    block [403526, 40357a)
    block [40357a, 403595)
    block [403595, 4035a8)
    block [4035a8, 4035b4)
    block [4035b4, 4035c0)
    block [4035c0, 4035d5)
    block [4035d5, 4035ee)
    block [4035ee, 403631)
    block [403631, 403680)
    block [403680, 40369b)
    block [40369b, 4036b8)
    block [4036b8, 4036fb)
    block [4036fb, 40374a)
    block [40374a, 403765)
    block [403765, 403782)
    block [403782, 40379b)
    block [40379b, 4037b8)
    block [4037b8, 4037d1)
    block [4037d1, 4037ee)
    block [4037ee, 4037fa)
    block [4037fa, 403806)
    block [403806, 403812)
    block [403812, 40381e)
    block [40381e, 40382a)
    block [40382a, 40383f)
    block [40383f, 40384b)
    block [40384b, 403853)
    block [403853, 40385f)
    block [40385f, 403872)
    block [403872, 40387e)
    block [40387e, 403893)
    block [403893, 4038a6)
    block [4038a6, 4038c7)
    block [4038c7, 4038d3)
    block [4038d3, 4038e6)
    block [4038e6, 4038f2)
    block [4038f2, 403905)
    block [403905, 403911)
    block [403911, 403926)
    block [403926, 403932)
    block [403932, 40393e)
    block [40393e, 40395b)
    block [40395b, 403967)
    block [403967, 403973)
    block [403973, 403986)
    block [403986, 403992)
    block [403992, 40399e)
    block [40399e, 4039aa)
    block [4039aa, 4039b6)
    block [4039b6, 4039d3)
    block [4039d3, 4039df)
    block [4039df, 4039fc)
    block [4039fc, 403a08)
    block [403a08, 403a1b)
    block [403a1b, 403a2e)
    block [403a2e, 403a3a)
    block [403a3a, 403a46)
    block [403a46, 403a4d)
    block [403a4d, 403a52)
    chunk [401150, 403a52)
Looking for instructions in segment .fini
  Default block heads for function 403a54 with loose bounds [403a54, 403a61)
    block [403a54, 403a61)
    chunk [403a54, 403a61)
Looking for strings in segment .rodata [404000, 404010)
  Found string b'3\n' of length 3 at 404007, jumping to 40400a
  Found string b'1\n' of length 3 at 40400a, jumping to 40400d
  Found string b'2\n' of length 3 at 40400d, jumping to 404010
Looking for strings in segment .eh_frame_hdr [404010, 40403c)
Looking for strings in segment .eh_frame [404040, 4040d0)
Looking for strings in segment .init_array [405de8, 405df0)
Looking for strings in segment .fini_array [405df0, 405df8)
Looking for strings in segment .got [405fd8, 405fe8)
Looking for strings in segment .got.plt [405fe8, 406018)
Looking for strings in segment .data [406018, 406028)
Looking for strings in segment .bss [406028, 406038)
Looking for strings in segment extern [406038, 406060)
Looking for cross-references in segment .init [401000, 40101b)
Looking for cross-references in segment .plt [401020, 401060)
  Stopping scan at 40102c
Looking for cross-references in segment .text [401060, 403a52)
  Stopping scan at 40108c
  Stopping scan at 40109c
  Stopping scan at ffffffffffffffff
  Stopping scan at 4010cc
  Stopping scan at 40110c
  Stopping scan at ffffffffffffffff
  Stopping scan at 40113c
  Stopping scan at 40114c
Looking for cross-references in segment .fini [403a54, 403a61)
Looking for cross-references in segment .rodata [404000, 404010)
  Stopping scan at 40400c
Looking for cross-references in segment .eh_frame_hdr [404010, 40403c)
  Stopping scan at 404038
Looking for cross-references in segment .eh_frame [404040, 4040d0)
  Stopping scan at 4040cc
Looking for cross-references in segment .init_array [405de8, 405df0)
  Adding qword reference from 405de8 to 401140
  Stopping scan at 405de8
Looking for cross-references in segment .fini_array [405df0, 405df8)
  Adding qword reference from 405df0 to 401110
  Stopping scan at 405df0
Looking for cross-references in segment .got [405fd8, 405fe8)
  Adding qword reference from 405fd8 to 406038
  Adding qword reference from 405fe0 to 406058
  Stopping scan at 405fe0
Looking for cross-references in segment .got.plt [405fe8, 406018)
  Adding qword reference from 406000 to 406040
  Adding qword reference from 406008 to 406048
  Adding qword reference from 406010 to 406050
  Stopping scan at 406010
Looking for cross-references in segment .data [406018, 406028)
  Stopping scan at 406024
Looking for cross-references in segment .bss [406028, 406038)
  Stopping scan at 406034
Looking for cross-references in segment extern [406038, 406060)
  Stopping scan at 40605c
Looking for thunks
  Found thunk for printf targeting 406040 at 401030
  Found thunk for memset targeting 406048 at 401040
  Found thunk for __isoc99_scanf targeting 406050 at 401050
Looking for external symbols
  Function at 401030 is the external function printf
  Function at 401040 is the external function memset
  Function at 401050 is the external function __isoc99_scanf
  Function at 406038 is the external function __libc_start_main
  Function at 406040 is the external function printf
  Function at 406048 is the external function memset
  Function at 406050 is the external function __isoc99_scanf
  Function at 406058 is the external function __gmon_start__
Looking for entrypoints
Recovering .init_proc at 401000
  Analysing subroutine .init_proc at 401000
    Block head at 0040101b is not code.
  Subroutine .init_proc at 401000 has 3 blocks
  BB: 401000 in func 401000 with 5 insts
    Referenced by data
    I: 401000
    I: 401004
    I: 401008 (mem 405fe0)
    I: 40100f
    I: 401012 (flow 401016)
      Successors: 401014, 401016
  BB: 401014 in func 401000 with 1 insts
    I: 401014
      Successors: 401016
  BB: 401016 in func 401000 with 2 insts
    I: 401016
    I: 40101a
      No successors
Recovering 401020
  Analysing subroutine sub_401020 at 401020
  WARNING: No table entries for indirect jump at 401026; Adding next_ea 40102c as successor.
  Subroutine sub_401020 at 401020 has 2 blocks
  WARNING: No table entries for indirect jump at 401026; Adding next_ea 40102c as successor.
  BB: 401020 in func 401020 with 2 insts
    I: 401020 (mem 405ff0)
    I: 401026 (mem 405ff8)
      Successors: 40102c
  BB: 40102c in func 401020 with 1 insts
    I: 40102c
      No successors
Recovering start at 401060
  Analysing subroutine start at 401060
  Subroutine start at 401060 has 3 blocks
  BB: 401060 in func 401060 with 13 insts
    Referenced by data
    I: 401060
    I: 401064
    I: 401066
    I: 401069
    I: 40106a
    I: 40106d
    I: 401071
    I: 401072
    I: 401073
    I: 401076
    I: 401078 (imm 401150)
    I: 40107f (mem 405fd8)
    I: 401085
      No successors
  BB: 401095 in func 401060 with 2 insts
    I: 401095
    I: 40109f
      No successors
  BB: 401086 in func 401060 with 3 insts
    I: 401086
    I: 401090
    I: 401094
      No successors
Recovering 4010a0
  Analysing subroutine sub_4010A0 at 4010a0
  WARNING: No table entries for indirect jump at 4010bc; Adding next_ea 4010be as successor.
  WARNING: No table entries for indirect jump at 4010fe; Adding next_ea 401100 as successor.
  Subroutine sub_4010A0 at 4010a0 has 11 blocks
  BB: 4010a0 in func 4010a0 with 3 insts
    I: 4010a0 (imm 406028)
    I: 4010a5 (imm 406028)
    I: 4010ab (flow 4010c0)
      Successors: 4010c0, 4010ad
  BB: 4010c0 in func 4010a0 with 1 insts
    I: 4010c0
      No successors
  BB: 4010c1 in func 4010a0 with 2 insts
    I: 4010c1
    I: 4010c5
      Successors: 4010d0
  BB: 401100 in func 4010a0 with 1 insts
    I: 401100
      No successors
  BB: 401101 in func 4010a0 with 2 insts
    I: 401101
    I: 401105
      No successors
  BB: 4010ad in func 4010a0 with 3 insts
    I: 4010ad
    I: 4010b2
    I: 4010b5 (flow 4010c0)
      Successors: 4010c0, 4010b7
  BB: 4010ef in func 4010a0 with 3 insts
    I: 4010ef
    I: 4010f4
    I: 4010f7 (flow 401100)
      Successors: 401100, 4010f9
  BB: 4010d0 in func 4010a0 with 8 insts
    I: 4010d0 (imm 406028)
    I: 4010d5 (imm 406028)
    I: 4010dc
    I: 4010df
    I: 4010e3
    I: 4010e7
    I: 4010ea
    I: 4010ed (flow 401100)
      Successors: 401100, 4010ef
  WARNING: No table entries for indirect jump at 4010bc; Adding next_ea 4010be as successor.
  BB: 4010b7 in func 4010a0 with 2 insts
    I: 4010b7 (imm 406028)
    I: 4010bc
      Successors: 4010be
  WARNING: No table entries for indirect jump at 4010fe; Adding next_ea 401100 as successor.
  BB: 4010f9 in func 4010a0 with 2 insts
    I: 4010f9 (imm 406028)
    I: 4010fe
      Successors: 401100
  BB: 4010be in func 4010a0 with 1 insts
    I: 4010be
      Successors: 4010c0
Recovering 401110
  Analysing subroutine sub_401110 at 401110
  Subroutine sub_401110 at 401110 has 5 blocks
  BB: 40112f in func 401110 with 1 insts
    I: 40112f
      Successors: 401130
  BB: 401110 in func 401110 with 3 insts
    Referenced by data
    I: 401110
    I: 401114 (mem 406028)
    I: 40111b (flow 401130)
      Successors: 401130, 40111d
  BB: 401131 in func 401110 with 2 insts
    I: 401131
    I: 401135
      No successors
  BB: 401130 in func 401110 with 1 insts
    I: 401130
      No successors
  BB: 40111d in func 401110 with 6 insts
    I: 40111d
    I: 40111e
    I: 401121 (flow 4010a0)
    I: 401126 (mem 406028)
    I: 40112d
    I: 40112e
      No successors
Recovering 401140
  Analysing subroutine sub_401140 at 401140
  WARNING: No table entries for indirect jump at 4010fe; Adding next_ea 401100 as successor.
  Subroutine sub_401140 at 401140 has 6 blocks
  BB: 401140 in func 401140 with 2 insts
    Referenced by data
    I: 401140
    I: 401144 (flow 4010d0)
      Successors: 4010d0
  BB: 401100 in func 401140 with 1 insts
    I: 401100
      No successors
  BB: 401146 in func 401140 with 1 insts
    I: 401146
      No successors
  BB: 4010ef in func 401140 with 3 insts
    I: 4010ef
    I: 4010f4
    I: 4010f7 (flow 401100)
      Successors: 401100, 4010f9
  BB: 4010d0 in func 401140 with 8 insts
    I: 4010d0 (imm 406028)
    I: 4010d5 (imm 406028)
    I: 4010dc
    I: 4010df
    I: 4010e3
    I: 4010e7
    I: 4010ea
    I: 4010ed (flow 401100)
      Successors: 401100, 4010ef
  WARNING: No table entries for indirect jump at 4010fe; Adding next_ea 401100 as successor.
  BB: 4010f9 in func 401140 with 2 insts
    I: 4010f9 (imm 406028)
    I: 4010fe
      Successors: 401100
Recovering main at 401150
  Analysing subroutine main at 401150
    Block head at 00403a52 is not code.
  Subroutine main at 401150 has 555 blocks
  BB: 401801 in func 401150 with 3 insts
    I: 401801
    I: 401804
    I: 401809 (flow 4022be)
      Successors: 4022be, 40180f
  BB: 403806 in func 401150 with 2 insts
    I: 403806
    I: 40380d (flow 403a4d)
      Successors: 403a4d
  BB: 40300a in func 401150 with 6 insts
    I: 40300a
    I: 40300f
    I: 403014
    I: 403018
    I: 40301b
    I: 40301e (flow 403a4d)
      Successors: 403a4d
  BB: 40180f in func 401150 with 1 insts
    I: 40180f (flow 401814)
      Successors: 401814
  BB: 403812 in func 401150 with 2 insts
    I: 403812
    I: 403819 (flow 403a4d)
      Successors: 403a4d
  BB: 401814 in func 401150 with 3 insts
    I: 401814
    I: 401817
    I: 40181c (flow 402d67)
      Successors: 401822, 402d67
  BB: 402018 in func 401150 with 19 insts
    I: 402018 (imm 40602c)
    I: 40201f
    I: 402021 (imm 406030)
    I: 402028
    I: 40202a
    I: 40202c
    I: 40202f
    I: 402032
    I: 402035
    I: 402038
    I: 40203b
    I: 40203e
    I: 402041
    I: 402043
    I: 402048
    I: 40204d
    I: 402050
    I: 402053
    I: 402056 (flow 403a4d)
      Successors: 403a4d
  BB: 40381e in func 401150 with 2 insts
    I: 40381e
    I: 403825 (flow 403a4d)
      Successors: 403a4d
  BB: 401822 in func 401150 with 1 insts
    I: 401822 (flow 401827)
      Successors: 401827
  BB: 403023 in func 401150 with 19 insts
    I: 403023 (imm 40602c)
    I: 40302a
    I: 40302c (imm 406030)
    I: 403033
    I: 403035
    I: 403037
    I: 40303a
    I: 40303d
    I: 403040
    I: 403043
    I: 403046
    I: 403049
    I: 40304c
    I: 40304e
    I: 403053
    I: 403058
    I: 40305b
    I: 40305e
    I: 403061 (flow 403a4d)
      Successors: 403a4d
  BB: 401827 in func 401150 with 3 insts
    I: 401827
    I: 40182a
    I: 40182f (flow 402625)
      Successors: 402625, 401835
  BB: 40382a in func 401150 with 5 insts
    I: 40382a
    I: 40382d
    I: 403830
    I: 403833
    I: 40383a (flow 403a4d)
      Successors: 403a4d
  BB: 401835 in func 401150 with 1 insts
    I: 401835 (flow 40183a)
      Successors: 40183a
  BB: 40183a in func 401150 with 3 insts
    I: 40183a
    I: 40183d
    I: 401842 (flow 40395b)
      Successors: 401848, 40395b
  BB: 40383f in func 401150 with 2 insts
    I: 40383f
    I: 403846 (flow 403a4d)
      Successors: 403a4d
  BB: 402841 in func 401150 with 23 insts
    I: 402841
    I: 402845
    I: 402848
    I: 40284a
    I: 40284d (imm 40602c)
    I: 402854
    I: 402856 (imm 406030)
    I: 40285d
    I: 40285f
    I: 402861
    I: 402864
    I: 402867
    I: 40286a
    I: 40286d
    I: 402870
    I: 402873
    I: 402876
    I: 402878
    I: 40287d
    I: 402882
    I: 402885
    I: 402888
    I: 40288b (flow 403a4d)
      Successors: 403a4d
  BB: 401848 in func 401150 with 1 insts
    I: 401848 (flow 40184d)
      Successors: 40184d
  BB: 40384b in func 401150 with 4 insts
    I: 40384b
    I: 40384d
    I: 403851
    I: 403852
      No successors
  BB: 40184d in func 401150 with 3 insts
    I: 40184d
    I: 401850
    I: 401855 (flow 4039b6)
      Successors: 40185b, 4039b6
  BB: 403853 in func 401150 with 2 insts
    I: 403853
    I: 40385a (flow 403a4d)
      Successors: 403a4d
  BB: 40185b in func 401150 with 1 insts
    I: 40185b (flow 401860)
      Successors: 401860
  BB: 40205b in func 401150 with 20 insts
    I: 40205b
    I: 402062 (imm 40602c)
    I: 402069
    I: 40206b (imm 406030)
    I: 402072
    I: 402074
    I: 402076
    I: 402079
    I: 40207c
    I: 40207f
    I: 402082
    I: 402085
    I: 402088
    I: 40208b
    I: 40208d
    I: 402092
    I: 402097
    I: 40209a
    I: 40209d
    I: 4020a0 (flow 403a4d)
      Successors: 403a4d
  BB: 40385f in func 401150 with 3 insts
    I: 40385f
    I: 403866
    I: 40386d (flow 403a4d)
      Successors: 403a4d
  BB: 401860 in func 401150 with 3 insts
    I: 401860
    I: 401863
    I: 401868 (flow 402b16)
      Successors: 40186e, 402b16
  BB: 403066 in func 401150 with 22 insts
    I: 403066 (imm 40400a)
    I: 403070
    I: 403072 (flow 406040)
    I: 403077 (imm 40602c)
    I: 40307e
    I: 403080 (imm 406030)
    I: 403087
    I: 403089
    I: 40308b
    I: 40308e
    I: 403091
    I: 403094
    I: 403097
    I: 40309a
    I: 40309d
    I: 4030a0
    I: 4030a2
    I: 4030a7
    I: 4030ac
    I: 4030af
    I: 4030b2
    I: 4030b5 (flow 403a4d)
      Successors: 403a4d
  BB: 40186e in func 401150 with 1 insts
    I: 40186e (flow 401873)
      Successors: 401873
  BB: 403872 in func 401150 with 2 insts
    I: 403872
    I: 403879 (flow 403a4d)
      Successors: 403a4d
  BB: 401873 in func 401150 with 3 insts
    I: 401873
    I: 401876
    I: 40187b (flow 402f12)
      Successors: 401881, 402f12
  BB: 40387e in func 401150 with 5 insts
    I: 40387e
    I: 403881
    I: 403884
    I: 403887
    I: 40388e (flow 403a4d)
      Successors: 403a4d
  BB: 401881 in func 401150 with 1 insts
    I: 401881 (flow 401886)
      Successors: 401886
  BB: 401886 in func 401150 with 3 insts
    I: 401886
    I: 401889
    I: 40188e (flow 4025e2)
      Successors: 4025e2, 401894
  BB: 402890 in func 401150 with 7 insts
    I: 402890
    I: 402893
    I: 402898
    I: 40289d
    I: 4028a0
    I: 4028a3
    I: 4028a6 (flow 403a4d)
      Successors: 403a4d
  BB: 403893 in func 401150 with 3 insts
    I: 403893
    I: 40389a
    I: 4038a1 (flow 403a4d)
      Successors: 403a4d
  BB: 401894 in func 401150 with 1 insts
    I: 401894 (flow 401899)
      Successors: 401899
  BB: 401899 in func 401150 with 3 insts
    I: 401899
    I: 40189c
    I: 4018a1 (flow 403926)
      Successors: 403926, 4018a7
  BB: 4020a5 in func 401150 with 2 insts
    I: 4020a5
    I: 4020ac (flow 403a4d)
      Successors: 403a4d
  BB: 4038a6 in func 401150 with 5 insts
    I: 4038a6
    I: 4038ad
    I: 4038b4
    I: 4038bb
    I: 4038c2 (flow 403a4d)
      Successors: 403a4d
  BB: 4018a7 in func 401150 with 1 insts
    I: 4018a7 (flow 4018ac)
      Successors: 4018ac
  BB: 4028ab in func 401150 with 5 insts
    I: 4028ab (imm 404007)
    I: 4028b5
    I: 4028b7 (flow 406040)
    I: 4028bc
    I: 4028c3 (flow 403a4d)
      Successors: 403a4d
  BB: 4018ac in func 401150 with 3 insts
    I: 4018ac
    I: 4018af
    I: 4018b4 (flow 4027d9)
      Successors: 4027d9, 4018ba
  BB: 4020b1 in func 401150 with 19 insts
    I: 4020b1 (imm 40602c)
    I: 4020b8
    I: 4020ba (imm 406030)
    I: 4020c1
    I: 4020c3
    I: 4020c5
    I: 4020c8
    I: 4020cb
    I: 4020ce
    I: 4020d1
    I: 4020d4
    I: 4020d7
    I: 4020da
    I: 4020dc
    I: 4020e1
    I: 4020e6
    I: 4020e9
    I: 4020ec
    I: 4020ef (flow 403a4d)
      Successors: 403a4d
  BB: 4018ba in func 401150 with 1 insts
    I: 4018ba (flow 4018bf)
      Successors: 4018bf
  BB: 4030ba in func 401150 with 2 insts
    I: 4030ba
    I: 4030c1 (flow 403a4d)
      Successors: 403a4d
  BB: 4018bf in func 401150 with 3 insts
    I: 4018bf
    I: 4018c2
    I: 4018c7 (flow 40384b)
      Successors: 40384b, 4018cd
  BB: 4030c6 in func 401150 with 19 insts
    I: 4030c6 (imm 40602c)
    I: 4030cd
    I: 4030cf (imm 406030)
    I: 4030d6
    I: 4030d8
    I: 4030da
    I: 4030dd
    I: 4030e0
    I: 4030e3
    I: 4030e6
    I: 4030e9
    I: 4030ec
    I: 4030ef
    I: 4030f1
    I: 4030f6
    I: 4030fb
    I: 4030fe
    I: 403101
    I: 403104 (flow 403a4d)
      Successors: 403a4d
  BB: 4038c7 in func 401150 with 2 insts
    I: 4038c7
    I: 4038ce (flow 403a4d)
      Successors: 403a4d
  BB: 4028c8 in func 401150 with 6 insts
    I: 4028c8
    I: 4028cd
    I: 4028d2
    I: 4028d6
    I: 4028d9
    I: 4028dc (flow 403a4d)
      Successors: 403a4d
  BB: 4018cd in func 401150 with 1 insts
    I: 4018cd (flow 4018d2)
      Successors: 4018d2
  BB: 4018d2 in func 401150 with 3 insts
    I: 4018d2
    I: 4018d5
    I: 4018da (flow 401fff)
      Successors: 4018e0, 401fff
  BB: 4038d3 in func 401150 with 3 insts
    I: 4038d3
    I: 4038da
    I: 4038e1 (flow 403a4d)
      Successors: 403a4d
  BB: 4018e0 in func 401150 with 1 insts
    I: 4018e0 (flow 4018e5)
      Successors: 4018e5
  BB: 4028e1 in func 401150 with 5 insts
    I: 4028e1 (imm 40400a)
    I: 4028eb
    I: 4028ed (flow 406040)
    I: 4028f2
    I: 4028f9 (flow 403a4d)
      Successors: 403a4d
  BB: 4018e5 in func 401150 with 3 insts
    I: 4018e5
    I: 4018e8
    I: 4018ed (flow 403812)
      Successors: 403812, 4018f3
  BB: 4038e6 in func 401150 with 2 insts
    I: 4038e6
    I: 4038ed (flow 403a4d)
      Successors: 403a4d
  BB: 4038f2 in func 401150 with 3 insts
    I: 4038f2
    I: 4038f9
    I: 403900 (flow 403a4d)
      Successors: 403a4d
  BB: 4018f3 in func 401150 with 1 insts
    I: 4018f3 (flow 4018f8)
      Successors: 4018f8
  BB: 4020f4 in func 401150 with 23 insts
    I: 4020f4
    I: 4020f8
    I: 4020fb
    I: 4020fd
    I: 402100 (imm 40602c)
    I: 402107
    I: 402109 (imm 406030)
    I: 402110
    I: 402112
    I: 402114
    I: 402117
    I: 40211a
    I: 40211d
    I: 402120
    I: 402123
    I: 402126
    I: 402129
    I: 40212b
    I: 402130
    I: 402135
    I: 402138
    I: 40213b
    I: 40213e (flow 403a4d)
      Successors: 403a4d
  BB: 4018f8 in func 401150 with 3 insts
    I: 4018f8
    I: 4018fb
    I: 401900 (flow 40218a)
      Successors: 40218a, 401906
  BB: 4028fe in func 401150 with 6 insts
    I: 4028fe
    I: 402903
    I: 402908
    I: 40290c
    I: 40290f
    I: 402912 (flow 403a4d)
      Successors: 403a4d
  BB: 403905 in func 401150 with 2 insts
    I: 403905
    I: 40390c (flow 403a4d)
      Successors: 403a4d
  BB: 401906 in func 401150 with 1 insts
    I: 401906 (flow 40190b)
      Successors: 40190b
  BB: 403109 in func 401150 with 23 insts
    I: 403109
    I: 40310d
    I: 403110
    I: 403112
    I: 403115 (imm 40602c)
    I: 40311c
    I: 40311e (imm 406030)
    I: 403125
    I: 403127
    I: 403129
    I: 40312c
    I: 40312f
    I: 403132
    I: 403135
    I: 403138
    I: 40313b
    I: 40313e
    I: 403140
    I: 403145
    I: 40314a
    I: 40314d
    I: 403150
    I: 403153 (flow 403a4d)
      Successors: 403a4d
  BB: 40190b in func 401150 with 3 insts
    I: 40190b
    I: 40190e
    I: 401913 (flow 402cba)
      Successors: 401919, 402cba
  BB: 403911 in func 401150 with 5 insts
    I: 403911
    I: 403914
    I: 403917
    I: 40391a
    I: 403921 (flow 403a4d)
      Successors: 403a4d
  BB: 402917 in func 401150 with 5 insts
    I: 402917 (imm 40400d)
    I: 402921
    I: 402923 (flow 406040)
    I: 402928
    I: 40292f (flow 403a4d)
      Successors: 403a4d
  BB: 401919 in func 401150 with 1 insts
    I: 401919 (flow 40191e)
      Successors: 40191e
  BB: 40191e in func 401150 with 3 insts
    I: 40191e
    I: 401921
    I: 401926 (flow 4028e1)
      Successors: 4028e1, 40192c
  BB: 403926 in func 401150 with 2 insts
    I: 403926
    I: 40392d (flow 403a4d)
      Successors: 403a4d
  BB: 40192c in func 401150 with 1 insts
    I: 40192c (flow 401931)
      Successors: 401931
  BB: 401931 in func 401150 with 3 insts
    I: 401931
    I: 401934
    I: 401939 (flow 40379b)
      Successors: 40379b, 40193f
  BB: 403932 in func 401150 with 2 insts
    I: 403932
    I: 403939 (flow 403a4d)
      Successors: 403a4d
  BB: 402934 in func 401150 with 19 insts
    I: 402934 (imm 40602c)
    I: 40293b
    I: 40293d (imm 406030)
    I: 402944
    I: 402946
    I: 402948
    I: 40294b
    I: 40294e
    I: 402951
    I: 402954
    I: 402957
    I: 40295a
    I: 40295d
    I: 40295f
    I: 402964
    I: 402969
    I: 40296c
    I: 40296f
    I: 402972 (flow 403a4d)
      Successors: 403a4d
  BB: 40393e in func 401150 with 5 insts
    I: 40393e (imm 404007)
    I: 403948
    I: 40394a (flow 406040)
    I: 40394f
    I: 403956 (flow 403a4d)
      Successors: 403a4d
  BB: 40193f in func 401150 with 1 insts
    I: 40193f (flow 401944)
      Successors: 401944
  BB: 402143 in func 401150 with 7 insts
    I: 402143
    I: 402146
    I: 40214b
    I: 402150
    I: 402153
    I: 402156
    I: 402159 (flow 403a4d)
      Successors: 403a4d
  BB: 401944 in func 401150 with 3 insts
    I: 401944
    I: 401947
    I: 40194c (flow 4026b8)
      Successors: 4026b8, 401952
  BB: 401150 in func 401150 with 9 insts
    Referenced by data
    I: 401150
    I: 401151
    I: 401154
    I: 401158
    I: 40115f
    I: 401163
    I: 401165
    I: 40116a (flow 406048)
    I: 40116f
      Successors: 401176
  BB: 401952 in func 401150 with 1 insts
    I: 401952 (flow 401957)
      Successors: 401957
  BB: 401957 in func 401150 with 3 insts
    I: 401957
    I: 40195a
    I: 40195f (flow 402b59)
      Successors: 402b59, 401965
  BB: 403158 in func 401150 with 7 insts
    I: 403158
    I: 40315b
    I: 403160
    I: 403165
    I: 403168
    I: 40316b
    I: 40316e (flow 403a4d)
      Successors: 403a4d
  BB: 40395b in func 401150 with 2 insts
    I: 40395b
    I: 403962 (flow 403a4d)
      Successors: 403a4d
  BB: 40215e in func 401150 with 9 insts
    I: 40215e
    I: 402162
    I: 402166
    I: 40216a
    I: 40216d (imm 404004)
    I: 402177
    I: 402179 (flow 406050)
    I: 40217e
    I: 402185 (flow 403a4d)
      Successors: 403a4d
  BB: 401965 in func 401150 with 1 insts
    I: 401965 (flow 40196a)
      Successors: 40196a
  BB: 403967 in func 401150 with 2 insts
    I: 403967
    I: 40396e (flow 403a4d)
      Successors: 403a4d
  BB: 40196a in func 401150 with 3 insts
    I: 40196a
    I: 40196d
    I: 401972 (flow 402fb9)
      Successors: 401978, 402fb9
  BB: 403173 in func 401150 with 5 insts
    I: 403173 (imm 40400d)
    I: 40317d
    I: 40317f (flow 406040)
    I: 403184
    I: 40318b (flow 403a4d)
      Successors: 403a4d
  BB: 403973 in func 401150 with 3 insts
    I: 403973
    I: 40397a
    I: 403981 (flow 403a4d)
      Successors: 403a4d
  BB: 401176 in func 401150 with 4 insts
    I: 401176
    I: 401179
    I: 40117c
    I: 401181 (flow 402a24)
      Successors: 402a24, 401187
  BB: 402977 in func 401150 with 23 insts
    I: 402977
    I: 40297b
    I: 40297e
    I: 402980
    I: 402983 (imm 40602c)
    I: 40298a
    I: 40298c (imm 406030)
    I: 402993
    I: 402995
    I: 402997
    I: 40299a
    I: 40299d
    I: 4029a0
    I: 4029a3
    I: 4029a6
    I: 4029a9
    I: 4029ac
    I: 4029ae
    I: 4029b3
    I: 4029b8
    I: 4029bb
    I: 4029be
    I: 4029c1 (flow 403a4d)
      Successors: 403a4d
  BB: 401978 in func 401150 with 1 insts
    I: 401978 (flow 40197d)
      Successors: 40197d
  BB: 40197d in func 401150 with 3 insts
    I: 40197d
    I: 401980
    I: 401985 (flow 402573)
      Successors: 402573, 40198b
  BB: 403986 in func 401150 with 2 insts
    I: 403986
    I: 40398d (flow 403a4d)
      Successors: 403a4d
  BB: 401187 in func 401150 with 1 insts
    I: 401187 (flow 40118c)
      Successors: 40118c
  BB: 40218a in func 401150 with 19 insts
    I: 40218a (imm 40602c)
    I: 402191
    I: 402193 (imm 406030)
    I: 40219a
    I: 40219c
    I: 40219e
    I: 4021a1
    I: 4021a4
    I: 4021a7
    I: 4021aa
    I: 4021ad
    I: 4021b0
    I: 4021b3
    I: 4021b5
    I: 4021ba
    I: 4021bf
    I: 4021c2
    I: 4021c5
    I: 4021c8 (flow 403a4d)
      Successors: 403a4d
  BB: 40198b in func 401150 with 1 insts
    I: 40198b (flow 401990)
      Successors: 401990
  BB: 40118c in func 401150 with 3 insts
    I: 40118c
    I: 40118f
    I: 401194 (flow 402ac7)
      Successors: 40119a, 402ac7
  BB: 401990 in func 401150 with 3 insts
    I: 401990
    I: 401993
    I: 401998 (flow 403a08)
      Successors: 403a08, 40199e
  BB: 403190 in func 401150 with 6 insts
    I: 403190
    I: 403195
    I: 40319a
    I: 40319e
    I: 4031a1
    I: 4031a4 (flow 403a4d)
      Successors: 403a4d
  BB: 403992 in func 401150 with 2 insts
    I: 403992
    I: 403999 (flow 403a4d)
      Successors: 403a4d
  BB: 40119a in func 401150 with 1 insts
    I: 40119a (flow 40119f)
      Successors: 40119f
  BB: 40199e in func 401150 with 1 insts
    I: 40199e (flow 4019a3)
      Successors: 4019a3
  BB: 40119f in func 401150 with 3 insts
    I: 40119f
    I: 4011a2
    I: 4011a7 (flow 403992)
      Successors: 403992, 4011ad
  BB: 40399e in func 401150 with 2 insts
    I: 40399e
    I: 4039a5 (flow 403a4d)
      Successors: 403a4d
  BB: 4019a3 in func 401150 with 3 insts
    I: 4019a3
    I: 4019a6
    I: 4019ab (flow 403765)
      Successors: 4019b1, 403765
  BB: 4031a9 in func 401150 with 19 insts
    I: 4031a9 (imm 40602c)
    I: 4031b0
    I: 4031b2 (imm 406030)
    I: 4031b9
    I: 4031bb
    I: 4031bd
    I: 4031c0
    I: 4031c3
    I: 4031c6
    I: 4031c9
    I: 4031cc
    I: 4031cf
    I: 4031d2
    I: 4031d4
    I: 4031d9
    I: 4031de
    I: 4031e1
    I: 4031e4
    I: 4031e7 (flow 403a4d)
      Successors: 403a4d
  BB: 4039aa in func 401150 with 2 insts
    I: 4039aa
    I: 4039b1 (flow 403a4d)
      Successors: 403a4d
  BB: 4011ad in func 401150 with 1 insts
    I: 4011ad (flow 4011b2)
      Successors: 4011b2
  BB: 4019b1 in func 401150 with 1 insts
    I: 4019b1 (flow 4019b6)
      Successors: 4019b6
  BB: 4011b2 in func 401150 with 3 insts
    I: 4011b2
    I: 4011b5
    I: 4011ba (flow 40385f)
      Successors: 4011c0, 40385f
  BB: 4019b6 in func 401150 with 3 insts
    I: 4019b6
    I: 4019b9
    I: 4019be (flow 403872)
      Successors: 403872, 4019c4
  BB: 4039b6 in func 401150 with 5 insts
    I: 4039b6 (imm 40400a)
    I: 4039c0
    I: 4039c2 (flow 406040)
    I: 4039c7
    I: 4039ce (flow 403a4d)
      Successors: 403a4d
  BB: 4011c0 in func 401150 with 1 insts
    I: 4011c0 (flow 4011c5)
      Successors: 4011c5
  BB: 4019c4 in func 401150 with 1 insts
    I: 4019c4 (flow 4019c9)
      Successors: 4019c9
  BB: 4011c5 in func 401150 with 3 insts
    I: 4011c5
    I: 4011c8
    I: 4011cd (flow 403a3a)
      Successors: 403a3a, 4011d3
  BB: 4029c6 in func 401150 with 7 insts
    I: 4029c6
    I: 4029c9
    I: 4029ce
    I: 4029d3
    I: 4029d6
    I: 4029d9
    I: 4029dc (flow 403a4d)
      Successors: 403a4d
  BB: 4019c9 in func 401150 with 3 insts
    I: 4019c9
    I: 4019cc
    I: 4019d1 (flow 4023b1)
      Successors: 4023b1, 4019d7
  BB: 4021cd in func 401150 with 22 insts
    I: 4021cd
    I: 4021d0
    I: 4021d3
    I: 4021d6 (imm 40602c)
    I: 4021dd
    I: 4021df (imm 406030)
    I: 4021e6
    I: 4021e8
    I: 4021ea
    I: 4021ed
    I: 4021f0
    I: 4021f3
    I: 4021f6
    I: 4021f9
    I: 4021fc
    I: 4021ff
    I: 402201
    I: 402206
    I: 40220b
    I: 40220e
    I: 402211
    I: 402214 (flow 403a4d)
      Successors: 403a4d
  BB: 4011d3 in func 401150 with 1 insts
    I: 4011d3 (flow 4011d8)
      Successors: 4011d8
  BB: 4039d3 in func 401150 with 2 insts
    I: 4039d3
    I: 4039da (flow 403a4d)
      Successors: 403a4d
  BB: 4019d7 in func 401150 with 1 insts
    I: 4019d7 (flow 4019dc)
      Successors: 4019dc
  BB: 4011d8 in func 401150 with 3 insts
    I: 4011d8
    I: 4011db
    I: 4011e0 (flow 40266f)
      Successors: 4011e6, 40266f
  BB: 4019dc in func 401150 with 3 insts
    I: 4019dc
    I: 4019df
    I: 4019e4 (flow 4035a8)
      Successors: 4035a8, 4019ea
  BB: 4039df in func 401150 with 5 insts
    I: 4039df (imm 404007)
    I: 4039e9
    I: 4039eb (flow 406040)
    I: 4039f0
    I: 4039f7 (flow 403a4d)
      Successors: 403a4d
  BB: 4029e1 in func 401150 with 19 insts
    I: 4029e1 (imm 40602c)
    I: 4029e8
    I: 4029ea (imm 406030)
    I: 4029f1
    I: 4029f3
    I: 4029f5
    I: 4029f8
    I: 4029fb
    I: 4029fe
    I: 402a01
    I: 402a04
    I: 402a07
    I: 402a0a
    I: 402a0c
    I: 402a11
    I: 402a16
    I: 402a19
    I: 402a1c
    I: 402a1f (flow 403a4d)
      Successors: 403a4d
  BB: 4011e6 in func 401150 with 1 insts
    I: 4011e6 (flow 4011eb)
      Successors: 4011eb
  BB: 4019ea in func 401150 with 1 insts
    I: 4019ea (flow 4019ef)
      Successors: 4019ef
  BB: 4011eb in func 401150 with 3 insts
    I: 4011eb
    I: 4011ee
    I: 4011f3 (flow 403782)
      Successors: 4011f9, 403782
  BB: 4031ec in func 401150 with 22 insts
    I: 4031ec (imm 404007)
    I: 4031f6
    I: 4031f8 (flow 406040)
    I: 4031fd (imm 40602c)
    I: 403204
    I: 403206 (imm 406030)
    I: 40320d
    I: 40320f
    I: 403211
    I: 403214
    I: 403217
    I: 40321a
    I: 40321d
    I: 403220
    I: 403223
    I: 403226
    I: 403228
    I: 40322d
    I: 403232
    I: 403235
    I: 403238
    I: 40323b (flow 403a4d)
      Successors: 403a4d
  BB: 4019ef in func 401150 with 3 insts
    I: 4019ef
    I: 4019f2
    I: 4019f7 (flow 402917)
      Successors: 4019fd, 402917
  BB: 4011f9 in func 401150 with 1 insts
    I: 4011f9 (flow 4011fe)
      Successors: 4011fe
  BB: 4039fc in func 401150 with 2 insts
    I: 4039fc
    I: 403a03 (flow 403a4d)
      Successors: 403a4d
  BB: 4019fd in func 401150 with 1 insts
    I: 4019fd (flow 401a02)
      Successors: 401a02
  BB: 4011fe in func 401150 with 3 insts
    I: 4011fe
    I: 401201
    I: 401206 (flow 4039aa)
      Successors: 4039aa, 40120c
  BB: 401a02 in func 401150 with 3 insts
    I: 401a02
    I: 401a05
    I: 401a0a (flow 4037d1)
      Successors: 401a10, 4037d1
  BB: 403a08 in func 401150 with 3 insts
    I: 403a08
    I: 403a0f
    I: 403a16 (flow 403a4d)
      Successors: 403a4d
  BB: 40120c in func 401150 with 1 insts
    I: 40120c (flow 401211)
      Successors: 401211
  BB: 401a10 in func 401150 with 1 insts
    I: 401a10 (flow 401a15)
      Successors: 401a15
  BB: 401211 in func 401150 with 3 insts
    I: 401211
    I: 401214
    I: 401219 (flow 403911)
      Successors: 403911, 40121f
  BB: 401a15 in func 401150 with 3 insts
    I: 401a15
    I: 401a18
    I: 401a1d (flow 402e9b)
      Successors: 401a23, 402e9b
  BB: 402219 in func 401150 with 2 insts
    I: 402219
    I: 402220 (flow 403a4d)
      Successors: 403a4d
  BB: 403a1b in func 401150 with 3 insts
    I: 403a1b
    I: 403a22
    I: 403a29 (flow 403a4d)
      Successors: 403a4d
  BB: 40121f in func 401150 with 1 insts
    I: 40121f (flow 401224)
      Successors: 401224
  BB: 401a23 in func 401150 with 1 insts
    I: 401a23 (flow 401a28)
      Successors: 401a28
  BB: 401224 in func 401150 with 3 insts
    I: 401224
    I: 401227
    I: 40122c (flow 40374a)
      Successors: 401232, 40374a
  BB: 402225 in func 401150 with 19 insts
    I: 402225 (imm 40602c)
    I: 40222c
    I: 40222e (imm 406030)
    I: 402235
    I: 402237
    I: 402239
    I: 40223c
    I: 40223f
    I: 402242
    I: 402245
    I: 402248
    I: 40224b
    I: 40224e
    I: 402250
    I: 402255
    I: 40225a
    I: 40225d
    I: 402260
    I: 402263 (flow 403a4d)
      Successors: 403a4d
  BB: 402a24 in func 401150 with 22 insts
    I: 402a24 (imm 404007)
    I: 402a2e
    I: 402a30 (flow 406040)
    I: 402a35 (imm 40602c)
    I: 402a3c
    I: 402a3e (imm 406030)
    I: 402a45
    I: 402a47
    I: 402a49
    I: 402a4c
    I: 402a4f
    I: 402a52
    I: 402a55
    I: 402a58
    I: 402a5b
    I: 402a5e
    I: 402a60
    I: 402a65
    I: 402a6a
    I: 402a6d
    I: 402a70
    I: 402a73 (flow 403a4d)
      Successors: 403a4d
  BB: 401a28 in func 401150 with 3 insts
    I: 401a28
    I: 401a2b
    I: 401a30 (flow 403680)
      Successors: 403680, 401a36
  BB: 403a2e in func 401150 with 2 insts
    I: 403a2e
    I: 403a35 (flow 403a4d)
      Successors: 403a4d
  BB: 401232 in func 401150 with 1 insts
    I: 401232 (flow 401237)
      Successors: 401237
  BB: 401a36 in func 401150 with 1 insts
    I: 401a36 (flow 401a3b)
      Successors: 401a3b
  BB: 401237 in func 401150 with 3 insts
    I: 401237
    I: 40123a
    I: 40123f (flow 4039fc)
      Successors: 4039fc, 401245
  BB: 403a3a in func 401150 with 2 insts
    I: 403a3a
    I: 403a41 (flow 403a4d)
      Successors: 403a4d
  BB: 401a3b in func 401150 with 3 insts
    I: 401a3b
    I: 401a3e
    I: 401a43 (flow 4037b8)
      Successors: 4037b8, 401a49
  BB: 403240 in func 401150 with 2 insts
    I: 403240
    I: 403247 (flow 403a4d)
      Successors: 403a4d
  BB: 401245 in func 401150 with 1 insts
    I: 401245 (flow 40124a)
      Successors: 40124a
  BB: 403a46 in func 401150 with 1 insts
    I: 403a46
      Successors: 403a4d
  BB: 401a49 in func 401150 with 1 insts
    I: 401a49 (flow 401a4e)
      Successors: 401a4e
  BB: 40124a in func 401150 with 3 insts
    I: 40124a
    I: 40124d
    I: 401252 (flow 40344a)
      Successors: 401258, 40344a
  BB: 40324c in func 401150 with 2 insts
    I: 40324c
    I: 403253 (flow 403a4d)
      Successors: 403a4d
  BB: 403a4d in func 401150 with 1 insts
    I: 403a4d (flow 401176)
      Successors: 401176
  BB: 401a4e in func 401150 with 3 insts
    I: 401a4e
    I: 401a51
    I: 401a56 (flow 402383)
      Successors: 402383, 401a5c
  BB: 401258 in func 401150 with 1 insts
    I: 401258 (flow 40125d)
      Successors: 40125d
  BB: 403258 in func 401150 with 2 insts
    I: 403258
    I: 40325f (flow 403a4d)
      Successors: 403a4d
  BB: 401a5c in func 401150 with 1 insts
    I: 401a5c (flow 401a61)
      Successors: 401a61
  BB: 40125d in func 401150 with 3 insts
    I: 40125d
    I: 401260
    I: 401265 (flow 402b0a)
      Successors: 402b0a, 40126b
  BB: 401a61 in func 401150 with 3 insts
    I: 401a61
    I: 401a64
    I: 401a69 (flow 402a84)
      Successors: 402a84, 401a6f
  BB: 403264 in func 401150 with 2 insts
    I: 403264
    I: 40326b (flow 403a4d)
      Successors: 403a4d
  BB: 402268 in func 401150 with 20 insts
    I: 402268
    I: 40226f (imm 40602c)
    I: 402276
    I: 402278 (imm 406030)
    I: 40227f
    I: 402281
    I: 402283
    I: 402286
    I: 402289
    I: 40228c
    I: 40228f
    I: 402292
    I: 402295
    I: 402298
    I: 40229a
    I: 40229f
    I: 4022a4
    I: 4022a7
    I: 4022aa
    I: 4022ad (flow 403a4d)
      Successors: 403a4d
  BB: 40126b in func 401150 with 1 insts
    I: 40126b (flow 401270)
      Successors: 401270
  BB: 401a6f in func 401150 with 1 insts
    I: 401a6f (flow 401a74)
      Successors: 401a74
  BB: 401270 in func 401150 with 3 insts
    I: 401270
    I: 401273
    I: 401278 (flow 4021cd)
      Successors: 4021cd, 40127e
  BB: 403270 in func 401150 with 2 insts
    I: 403270
    I: 403277 (flow 403a4d)
      Successors: 403a4d
  BB: 401a74 in func 401150 with 3 insts
    I: 401a74
    I: 401a77
    I: 401a7c (flow 4024da)
      Successors: 4024da, 401a82
  BB: 402a78 in func 401150 with 2 insts
    I: 402a78
    I: 402a7f (flow 403a4d)
      Successors: 403a4d
  BB: 40327c in func 401150 with 7 insts
    I: 40327c
    I: 403280
    I: 403285
    I: 40328a
    I: 40328f
    I: 403292
    I: 403295 (flow 403a4d)
      Successors: 403a4d
  BB: 40127e in func 401150 with 1 insts
    I: 40127e (flow 401283)
      Successors: 401283
  BB: 401a82 in func 401150 with 1 insts
    I: 401a82 (flow 401a87)
      Successors: 401a87
  BB: 401283 in func 401150 with 3 insts
    I: 401283
    I: 401286
    I: 40128b (flow 403973)
      Successors: 401291, 403973
  BB: 402a84 in func 401150 with 19 insts
    I: 402a84 (imm 40602c)
    I: 402a8b
    I: 402a8d (imm 406030)
    I: 402a94
    I: 402a96
    I: 402a98
    I: 402a9b
    I: 402a9e
    I: 402aa1
    I: 402aa4
    I: 402aa7
    I: 402aaa
    I: 402aad
    I: 402aaf
    I: 402ab4
    I: 402ab9
    I: 402abc
    I: 402abf
    I: 402ac2 (flow 403a4d)
      Successors: 403a4d
  BB: 401a87 in func 401150 with 3 insts
    I: 401a87
    I: 401a8a
    I: 401a8f (flow 402db8)
      Successors: 402db8, 401a95
  BB: 401291 in func 401150 with 1 insts
    I: 401291 (flow 401296)
      Successors: 401296
  BB: 401a95 in func 401150 with 1 insts
    I: 401a95 (flow 401a9a)
      Successors: 401a9a
  BB: 401296 in func 401150 with 3 insts
    I: 401296
    I: 401299
    I: 40129e (flow 40273e)
      Successors: 4012a4, 40273e
  BB: 401a9a in func 401150 with 3 insts
    I: 401a9a
    I: 401a9d
    I: 401aa2 (flow 402699)
      Successors: 401aa8, 402699
  BB: 40329a in func 401150 with 3 insts
    I: 40329a
    I: 4032a1
    I: 4032a8 (flow 403a4d)
      Successors: 403a4d
  BB: 4012a4 in func 401150 with 1 insts
    I: 4012a4 (flow 4012a9)
      Successors: 4012a9
  BB: 401aa8 in func 401150 with 1 insts
    I: 401aa8 (flow 401aad)
      Successors: 401aad
  BB: 4012a9 in func 401150 with 3 insts
    I: 4012a9
    I: 4012ac
    I: 4012b1 (flow 4026ac)
      Successors: 4026ac, 4012b7
  BB: 401aad in func 401150 with 3 insts
    I: 401aad
    I: 401ab0
    I: 401ab5 (flow 402219)
      Successors: 402219, 401abb
  BB: 4032ad in func 401150 with 6 insts
    I: 4032ad
    I: 4032b2
    I: 4032b7
    I: 4032bb
    I: 4032be
    I: 4032c1 (flow 403a4d)
      Successors: 403a4d
  BB: 4022b2 in func 401150 with 2 insts
    I: 4022b2
    I: 4022b9 (flow 403a4d)
      Successors: 403a4d
  BB: 4012b7 in func 401150 with 1 insts
    I: 4012b7 (flow 4012bc)
      Successors: 4012bc
  BB: 401abb in func 401150 with 1 insts
    I: 401abb (flow 401ac0)
      Successors: 401ac0
  BB: 4012bc in func 401150 with 3 insts
    I: 4012bc
    I: 4012bf
    I: 4012c4 (flow 403375)
      Successors: 4012ca, 403375
  BB: 4022be in func 401150 with 6 insts
    I: 4022be
    I: 4022c3
    I: 4022c8
    I: 4022cc
    I: 4022cf
    I: 4022d2 (flow 403a4d)
      Successors: 403a4d
  BB: 401ac0 in func 401150 with 3 insts
    I: 401ac0
    I: 401ac3
    I: 401ac8 (flow 40278d)
      Successors: 40278d, 401ace
  BB: 4032c6 in func 401150 with 19 insts
    I: 4032c6 (imm 40602c)
    I: 4032cd
    I: 4032cf (imm 406030)
    I: 4032d6
    I: 4032d8
    I: 4032da
    I: 4032dd
    I: 4032e0
    I: 4032e3
    I: 4032e6
    I: 4032e9
    I: 4032ec
    I: 4032ef
    I: 4032f1
    I: 4032f6
    I: 4032fb
    I: 4032fe
    I: 403301
    I: 403304 (flow 403a4d)
      Successors: 403a4d
  BB: 402ac7 in func 401150 with 19 insts
    I: 402ac7 (imm 40602c)
    I: 402ace
    I: 402ad0 (imm 406030)
    I: 402ad7
    I: 402ad9
    I: 402adb
    I: 402ade
    I: 402ae1
    I: 402ae4
    I: 402ae7
    I: 402aea
    I: 402aed
    I: 402af0
    I: 402af2
    I: 402af7
    I: 402afc
    I: 402aff
    I: 402b02
    I: 402b05 (flow 403a4d)
      Successors: 403a4d
  BB: 4012ca in func 401150 with 1 insts
    I: 4012ca (flow 4012cf)
      Successors: 4012cf
  BB: 401ace in func 401150 with 1 insts
    I: 401ace (flow 401ad3)
      Successors: 401ad3
  BB: 4012cf in func 401150 with 3 insts
    I: 4012cf
    I: 4012d2
    I: 4012d7 (flow 4020a5)
      Successors: 4012dd, 4020a5
  BB: 401ad3 in func 401150 with 3 insts
    I: 401ad3
    I: 401ad6
    I: 401adb (flow 403270)
      Successors: 403270, 401ae1
  BB: 4022d7 in func 401150 with 19 insts
    I: 4022d7 (imm 40602c)
    I: 4022de
    I: 4022e0 (imm 406030)
    I: 4022e7
    I: 4022e9
    I: 4022eb
    I: 4022ee
    I: 4022f1
    I: 4022f4
    I: 4022f7
    I: 4022fa
    I: 4022fd
    I: 402300
    I: 402302
    I: 402307
    I: 40230c
    I: 40230f
    I: 402312
    I: 402315 (flow 403a4d)
      Successors: 403a4d
  BB: 4012dd in func 401150 with 1 insts
    I: 4012dd (flow 4012e2)
      Successors: 4012e2
  BB: 401ae1 in func 401150 with 1 insts
    I: 401ae1 (flow 401ae6)
      Successors: 401ae6
  BB: 4012e2 in func 401150 with 3 insts
    I: 4012e2
    I: 4012e5
    I: 4012ea (flow 40245e)
      Successors: 4012f0, 40245e
  BB: 401ae6 in func 401150 with 3 insts
    I: 401ae6
    I: 401ae9
    I: 401aee (flow 403806)
      Successors: 401af4, 403806
  BB: 4012f0 in func 401150 with 1 insts
    I: 4012f0 (flow 4012f5)
      Successors: 4012f5
  BB: 401af4 in func 401150 with 1 insts
    I: 401af4 (flow 401af9)
      Successors: 401af9
  BB: 4012f5 in func 401150 with 3 insts
    I: 4012f5
    I: 4012f8
    I: 4012fd (flow 40335a)
      Successors: 40335a, 401303
  BB: 401af9 in func 401150 with 3 insts
    I: 401af9
    I: 401afc
    I: 401b01 (flow 402d24)
      Successors: 402d24, 401b07
  BB: 401303 in func 401150 with 1 insts
    I: 401303 (flow 401308)
      Successors: 401308
  BB: 401b07 in func 401150 with 1 insts
    I: 401b07 (flow 401b0c)
      Successors: 401b0c
  BB: 401308 in func 401150 with 3 insts
    I: 401308
    I: 40130b
    I: 401310 (flow 402ec9)
      Successors: 402ec9, 401316
  BB: 403309 in func 401150 with 24 insts
    I: 403309
    I: 40330c
    I: 40330f
    I: 403312
    I: 403314
    I: 403317 (imm 40602c)
    I: 40331e
    I: 403320 (imm 406030)
    I: 403327
    I: 403329
    I: 40332b
    I: 40332e
    I: 403331
    I: 403334
    I: 403337
    I: 40333a
    I: 40333d
    I: 403340
    I: 403342
    I: 403347
    I: 40334c
    I: 40334f
    I: 403352
    I: 403355 (flow 403a4d)
      Successors: 403a4d
  BB: 402b0a in func 401150 with 2 insts
    I: 402b0a
    I: 402b11 (flow 403a4d)
      Successors: 403a4d
  BB: 401b0c in func 401150 with 3 insts
    I: 401b0c
    I: 401b0f
    I: 401b14 (flow 402934)
      Successors: 401b1a, 402934
  BB: 401316 in func 401150 with 1 insts
    I: 401316 (flow 40131b)
      Successors: 40131b
  BB: 402b16 in func 401150 with 19 insts
    I: 402b16 (imm 40602c)
    I: 402b1d
    I: 402b1f (imm 406030)
    I: 402b26
    I: 402b28
    I: 402b2a
    I: 402b2d
    I: 402b30
    I: 402b33
    I: 402b36
    I: 402b39
    I: 402b3c
    I: 402b3f
    I: 402b41
    I: 402b46
    I: 402b4b
    I: 402b4e
    I: 402b51
    I: 402b54 (flow 403a4d)
      Successors: 403a4d
  BB: 401b1a in func 401150 with 1 insts
    I: 401b1a (flow 401b1f)
      Successors: 401b1f
  BB: 40131b in func 401150 with 3 insts
    I: 40131b
    I: 40131e
    I: 401323 (flow 402d09)
      Successors: 401329, 402d09
  BB: 40231a in func 401150 with 27 insts
    I: 40231a
    I: 402321
    I: 402328
    I: 40232f
    I: 402333
    I: 402338
    I: 40233b
    I: 40233d
    I: 402340 (imm 40602c)
    I: 402347
    I: 402349 (imm 406030)
    I: 402350
    I: 402352
    I: 402354
    I: 402357
    I: 40235a
    I: 40235d
    I: 402360
    I: 402363
    I: 402366
    I: 402369
    I: 40236b
    I: 402370
    I: 402375
    I: 402378
    I: 40237b
    I: 40237e (flow 403a4d)
      Successors: 403a4d
  BB: 401b1f in func 401150 with 3 insts
    I: 401b1f
    I: 401b22
    I: 401b27 (flow 403258)
      Successors: 403258, 401b2d
  BB: 401329 in func 401150 with 1 insts
    I: 401329 (flow 40132e)
      Successors: 40132e
  BB: 401b2d in func 401150 with 1 insts
    I: 401b2d (flow 401b32)
      Successors: 401b32
  BB: 40132e in func 401150 with 3 insts
    I: 40132e
    I: 401331
    I: 401336 (flow 40381e)
      Successors: 40133c, 40381e
  BB: 401b32 in func 401150 with 3 insts
    I: 401b32
    I: 401b35
    I: 401b3a (flow 4034e3)
      Successors: 401b40, 4034e3
  BB: 40133c in func 401150 with 1 insts
    I: 40133c (flow 401341)
      Successors: 401341
  BB: 401b40 in func 401150 with 1 insts
    I: 401b40 (flow 401b45)
      Successors: 401b45
  BB: 401341 in func 401150 with 3 insts
    I: 401341
    I: 401344
    I: 401349 (flow 40399e)
      Successors: 40399e, 40134f
  BB: 401b45 in func 401150 with 3 insts
    I: 401b45
    I: 401b48
    I: 401b4d (flow 4035ee)
      Successors: 401b53, 4035ee
  BB: 40134f in func 401150 with 1 insts
    I: 40134f (flow 401354)
      Successors: 401354
  BB: 401b53 in func 401150 with 1 insts
    I: 401b53 (flow 401b58)
      Successors: 401b58
  BB: 401354 in func 401150 with 3 insts
    I: 401354
    I: 401357
    I: 40135c (flow 402f06)
      Successors: 401362, 402f06
  BB: 401b58 in func 401150 with 3 insts
    I: 401b58
    I: 401b5b
    I: 401b60 (flow 4022b2)
      Successors: 4022b2, 401b66
  BB: 402b59 in func 401150 with 19 insts
    I: 402b59 (imm 40602c)
    I: 402b60
    I: 402b62 (imm 406030)
    I: 402b69
    I: 402b6b
    I: 402b6d
    I: 402b70
    I: 402b73
    I: 402b76
    I: 402b79
    I: 402b7c
    I: 402b7f
    I: 402b82
    I: 402b84
    I: 402b89
    I: 402b8e
    I: 402b91
    I: 402b94
    I: 402b97 (flow 403a4d)
      Successors: 403a4d
  BB: 40335a in func 401150 with 7 insts
    I: 40335a
    I: 40335d
    I: 403362
    I: 403367
    I: 40336a
    I: 40336d
    I: 403370 (flow 403a4d)
      Successors: 403a4d
  BB: 401362 in func 401150 with 1 insts
    I: 401362 (flow 401367)
      Successors: 401367
  BB: 401b66 in func 401150 with 1 insts
    I: 401b66 (flow 401b6b)
      Successors: 401b6b
  BB: 401367 in func 401150 with 3 insts
    I: 401367
    I: 40136a
    I: 40136f (flow 4034d7)
      Successors: 401375, 4034d7
  BB: 401b6b in func 401150 with 3 insts
    I: 401b6b
    I: 401b6e
    I: 401b73 (flow 4037fa)
      Successors: 401b79, 4037fa
  BB: 401375 in func 401150 with 1 insts
    I: 401375 (flow 40137a)
      Successors: 40137a
  BB: 403375 in func 401150 with 7 insts
    I: 403375
    I: 403379
    I: 40337e
    I: 403383
    I: 403388
    I: 40338b
    I: 40338e (flow 403a4d)
      Successors: 403a4d
  BB: 401b79 in func 401150 with 1 insts
    I: 401b79 (flow 401b7e)
      Successors: 401b7e
  BB: 40137a in func 401150 with 3 insts
    I: 40137a
    I: 40137d
    I: 401382 (flow 402f27)
      Successors: 401388, 402f27
  BB: 401b7e in func 401150 with 3 insts
    I: 401b7e
    I: 401b81
    I: 401b86 (flow 4035d5)
      Successors: 401b8c, 4035d5
  BB: 402383 in func 401150 with 7 insts
    I: 402383
    I: 402386
    I: 40238b
    I: 402390
    I: 402393
    I: 402396
    I: 402399 (flow 403a4d)
      Successors: 403a4d
  BB: 401388 in func 401150 with 1 insts
    I: 401388 (flow 40138d)
      Successors: 40138d
  BB: 401b8c in func 401150 with 1 insts
    I: 401b8c (flow 401b91)
      Successors: 401b91
  BB: 40138d in func 401150 with 3 insts
    I: 40138d
    I: 401390
    I: 401395 (flow 402841)
      Successors: 402841, 40139b
  BB: 401b91 in func 401150 with 3 insts
    I: 401b91
    I: 401b94
    I: 401b99 (flow 403853)
      Successors: 403853, 401b9f
  BB: 403393 in func 401150 with 19 insts
    I: 403393 (imm 40602c)
    I: 40339a
    I: 40339c (imm 406030)
    I: 4033a3
    I: 4033a5
    I: 4033a7
    I: 4033aa
    I: 4033ad
    I: 4033b0
    I: 4033b3
    I: 4033b6
    I: 4033b9
    I: 4033bc
    I: 4033be
    I: 4033c3
    I: 4033c8
    I: 4033cb
    I: 4033ce
    I: 4033d1 (flow 403a4d)
      Successors: 403a4d
  BB: 40139b in func 401150 with 1 insts
    I: 40139b (flow 4013a0)
      Successors: 4013a0
  BB: 402b9c in func 401150 with 2 insts
    I: 402b9c
    I: 402ba3 (flow 403a4d)
      Successors: 403a4d
  BB: 40239e in func 401150 with 3 insts
    I: 40239e
    I: 4023a5
    I: 4023ac (flow 403a4d)
      Successors: 403a4d
  BB: 401b9f in func 401150 with 1 insts
    I: 401b9f (flow 401ba4)
      Successors: 401ba4
  BB: 4013a0 in func 401150 with 3 insts
    I: 4013a0
    I: 4013a3
    I: 4013a8 (flow 4022d7)
      Successors: 4013ae, 4022d7
  BB: 401ba4 in func 401150 with 3 insts
    I: 401ba4
    I: 401ba7
    I: 401bac (flow 403526)
      Successors: 401bb2, 403526
  BB: 402ba8 in func 401150 with 2 insts
    I: 402ba8
    I: 402baf (flow 403a4d)
      Successors: 403a4d
  BB: 4013ae in func 401150 with 1 insts
    I: 4013ae (flow 4013b3)
      Successors: 4013b3
  BB: 4023b1 in func 401150 with 6 insts
    I: 4023b1
    I: 4023b6
    I: 4023bb
    I: 4023bf
    I: 4023c2
    I: 4023c5 (flow 403a4d)
      Successors: 403a4d
  BB: 401bb2 in func 401150 with 1 insts
    I: 401bb2 (flow 401bb7)
      Successors: 401bb7
  BB: 4013b3 in func 401150 with 3 insts
    I: 4013b3
    I: 4013b6
    I: 4013bb (flow 40324c)
      Successors: 4013c1, 40324c
  BB: 402bb4 in func 401150 with 2 insts
    I: 402bb4
    I: 402bbb (flow 403a4d)
      Successors: 403a4d
  BB: 401bb7 in func 401150 with 3 insts
    I: 401bb7
    I: 401bba
    I: 401bbf (flow 403a46)
      Successors: 401bc5, 403a46
  BB: 402bc0 in func 401150 with 7 insts
    I: 402bc0
    I: 402bc4
    I: 402bc9
    I: 402bce
    I: 402bd3
    I: 402bd6
    I: 402bd9 (flow 403a4d)
      Successors: 403a4d
  BB: 4013c1 in func 401150 with 1 insts
    I: 4013c1 (flow 4013c6)
      Successors: 4013c6
  BB: 401bc5 in func 401150 with 1 insts
    I: 401bc5 (flow 401bca)
      Successors: 401bca
  BB: 4013c6 in func 401150 with 3 insts
    I: 4013c6
    I: 4013c9
    I: 4013ce (flow 4028c8)
      Successors: 4028c8, 4013d4
  BB: 401bca in func 401150 with 3 insts
    I: 401bca
    I: 401bcd
    I: 401bd2 (flow 40231a)
      Successors: 401bd8, 40231a
  BB: 4023ca in func 401150 with 19 insts
    I: 4023ca (imm 40602c)
    I: 4023d1
    I: 4023d3 (imm 406030)
    I: 4023da
    I: 4023dc
    I: 4023de
    I: 4023e1
    I: 4023e4
    I: 4023e7
    I: 4023ea
    I: 4023ed
    I: 4023f0
    I: 4023f3
    I: 4023f5
    I: 4023fa
    I: 4023ff
    I: 402402
    I: 402405
    I: 402408 (flow 403a4d)
      Successors: 403a4d
  BB: 4013d4 in func 401150 with 1 insts
    I: 4013d4 (flow 4013d9)
      Successors: 4013d9
  BB: 4033d6 in func 401150 with 20 insts
    I: 4033d6
    I: 4033dd (imm 40602c)
    I: 4033e4
    I: 4033e6 (imm 406030)
    I: 4033ed
    I: 4033ef
    I: 4033f1
    I: 4033f4
    I: 4033f7
    I: 4033fa
    I: 4033fd
    I: 403400
    I: 403403
    I: 403406
    I: 403408
    I: 40340d
    I: 403412
    I: 403415
    I: 403418
    I: 40341b (flow 403a4d)
      Successors: 403a4d
  BB: 401bd8 in func 401150 with 1 insts
    I: 401bd8 (flow 401bdd)
      Successors: 401bdd
  BB: 4013d9 in func 401150 with 3 insts
    I: 4013d9
    I: 4013dc
    I: 4013e1 (flow 4038a6)
      Successors: 4038a6, 4013e7
  BB: 401bdd in func 401150 with 3 insts
    I: 401bdd
    I: 401be0
    I: 401be5 (flow 403173)
      Successors: 401beb, 403173
  BB: 402bde in func 401150 with 19 insts
    I: 402bde (imm 40602c)
    I: 402be5
    I: 402be7 (imm 406030)
    I: 402bee
    I: 402bf0
    I: 402bf2
    I: 402bf5
    I: 402bf8
    I: 402bfb
    I: 402bfe
    I: 402c01
    I: 402c04
    I: 402c07
    I: 402c09
    I: 402c0e
    I: 402c13
    I: 402c16
    I: 402c19
    I: 402c1c (flow 403a4d)
      Successors: 403a4d
  BB: 4013e7 in func 401150 with 1 insts
    I: 4013e7 (flow 4013ec)
      Successors: 4013ec
  BB: 401beb in func 401150 with 1 insts
    I: 401beb (flow 401bf0)
      Successors: 401bf0
  BB: 4013ec in func 401150 with 3 insts
    I: 4013ec
    I: 4013ef
    I: 4013f4 (flow 4038c7)
      Successors: 4013fa, 4038c7
  BB: 401bf0 in func 401150 with 3 insts
    I: 401bf0
    I: 401bf3
    I: 401bf8 (flow 402bc0)
      Successors: 402bc0, 401bfe
  BB: 4013fa in func 401150 with 1 insts
    I: 4013fa (flow 4013ff)
      Successors: 4013ff
  BB: 401bfe in func 401150 with 1 insts
    I: 401bfe (flow 401c03)
      Successors: 401c03
  BB: 4013ff in func 401150 with 3 insts
    I: 4013ff
    I: 401402
    I: 401407 (flow 403905)
      Successors: 403905, 40140d
  BB: 401c03 in func 401150 with 3 insts
    I: 401c03
    I: 401c06
    I: 401c0b (flow 403190)
      Successors: 403190, 401c11
  BB: 40140d in func 401150 with 1 insts
    I: 40140d (flow 401412)
      Successors: 401412
  BB: 40240d in func 401150 with 24 insts
    I: 40240d
    I: 402410
    I: 402413
    I: 402416
    I: 402418
    I: 40241b (imm 40602c)
    I: 402422
    I: 402424 (imm 406030)
    I: 40242b
    I: 40242d
    I: 40242f
    I: 402432
    I: 402435
    I: 402438
    I: 40243b
    I: 40243e
    I: 402441
    I: 402444
    I: 402446
    I: 40244b
    I: 402450
    I: 402453
    I: 402456
    I: 402459 (flow 403a4d)
      Successors: 403a4d
  BB: 401c11 in func 401150 with 1 insts
    I: 401c11 (flow 401c16)
      Successors: 401c16
  BB: 401412 in func 401150 with 3 insts
    I: 401412
    I: 401415
    I: 40141a (flow 401f9c)
      Successors: 401420, 401f9c
  BB: 401c16 in func 401150 with 3 insts
    I: 401c16
    I: 401c19
    I: 401c1e (flow 4032ad)
      Successors: 401c24, 4032ad
  BB: 401420 in func 401150 with 1 insts
    I: 401420 (flow 401425)
      Successors: 401425
  BB: 402c21 in func 401150 with 20 insts
    I: 402c21
    I: 402c28 (imm 40602c)
    I: 402c2f
    I: 402c31 (imm 406030)
    I: 402c38
    I: 402c3a
    I: 402c3c
    I: 402c3f
    I: 402c42
    I: 402c45
    I: 402c48
    I: 402c4b
    I: 402c4e
    I: 402c51
    I: 402c53
    I: 402c58
    I: 402c5d
    I: 402c60
    I: 402c63
    I: 402c66 (flow 403a4d)
      Successors: 403a4d
  BB: 403420 in func 401150 with 2 insts
    I: 403420
    I: 403427 (flow 403a4d)
      Successors: 403a4d
  BB: 401c24 in func 401150 with 1 insts
    I: 401c24 (flow 401c29)
      Successors: 401c29
  BB: 401425 in func 401150 with 3 insts
    I: 401425
    I: 401428
    I: 40142d (flow 402018)
      Successors: 402018, 401433
  BB: 401c29 in func 401150 with 3 insts
    I: 401c29
    I: 401c2c
    I: 401c31 (flow 402524)
      Successors: 402524, 401c37
  BB: 40342c in func 401150 with 7 insts
    I: 40342c
    I: 403430
    I: 403435
    I: 40343a
    I: 40343f
    I: 403442
    I: 403445 (flow 403a4d)
      Successors: 403a4d
  BB: 401433 in func 401150 with 1 insts
    I: 401433 (flow 401438)
      Successors: 401438
  BB: 401c37 in func 401150 with 1 insts
    I: 401c37 (flow 401c3c)
      Successors: 401c3c
  BB: 401438 in func 401150 with 3 insts
    I: 401438
    I: 40143b
    I: 401440 (flow 4037ee)
      Successors: 4037ee, 401446
  BB: 401c3c in func 401150 with 3 insts
    I: 401c3c
    I: 401c3f
    I: 401c44 (flow 40357a)
      Successors: 401c4a, 40357a
  BB: 401446 in func 401150 with 1 insts
    I: 401446 (flow 40144b)
      Successors: 40144b
  BB: 401c4a in func 401150 with 1 insts
    I: 401c4a (flow 401c4f)
      Successors: 401c4f
  BB: 40144b in func 401150 with 3 insts
    I: 40144b
    I: 40144e
    I: 401453 (flow 403264)
      Successors: 401459, 403264
  BB: 40344a in func 401150 with 19 insts
    I: 40344a (imm 40602c)
    I: 403451
    I: 403453 (imm 406030)
    I: 40345a
    I: 40345c
    I: 40345e
    I: 403461
    I: 403464
    I: 403467
    I: 40346a
    I: 40346d
    I: 403470
    I: 403473
    I: 403475
    I: 40347a
    I: 40347f
    I: 403482
    I: 403485
    I: 403488 (flow 403a4d)
      Successors: 403a4d
  BB: 401c4f in func 401150 with 3 insts
    I: 401c4f
    I: 401c52
    I: 401c57 (flow 402143)
      Successors: 402143, 401c5d
  BB: 401459 in func 401150 with 1 insts
    I: 401459 (flow 40145e)
      Successors: 40145e
  BB: 401c5d in func 401150 with 1 insts
    I: 401c5d (flow 401c62)
      Successors: 401c62
  BB: 40145e in func 401150 with 3 insts
    I: 40145e
    I: 401461
    I: 401466 (flow 401f26)
      Successors: 40146c, 401f26
  BB: 40245e in func 401150 with 7 insts
    I: 40245e
    I: 402461
    I: 402466
    I: 40246b
    I: 40246e
    I: 402471
    I: 402474 (flow 403a4d)
      Successors: 403a4d
  BB: 401c62 in func 401150 with 3 insts
    I: 401c62
    I: 401c65
    I: 401c6a (flow 403240)
      Successors: 401c70, 403240
  BB: 402c6b in func 401150 with 2 insts
    I: 402c6b
    I: 402c72 (flow 403a4d)
      Successors: 403a4d
  BB: 40146c in func 401150 with 1 insts
    I: 40146c (flow 401471)
      Successors: 401471
  BB: 401c70 in func 401150 with 1 insts
    I: 401c70 (flow 401c75)
      Successors: 401c75
  BB: 401471 in func 401150 with 3 insts
    I: 401471
    I: 401474
    I: 401479 (flow 403420)
      Successors: 403420, 40147f
  BB: 401c75 in func 401150 with 3 insts
    I: 401c75
    I: 401c78
    I: 401c7d (flow 402ba8)
      Successors: 402ba8, 401c83
  BB: 402c77 in func 401150 with 19 insts
    I: 402c77 (imm 40602c)
    I: 402c7e
    I: 402c80 (imm 406030)
    I: 402c87
    I: 402c89
    I: 402c8b
    I: 402c8e
    I: 402c91
    I: 402c94
    I: 402c97
    I: 402c9a
    I: 402c9d
    I: 402ca0
    I: 402ca2
    I: 402ca7
    I: 402cac
    I: 402caf
    I: 402cb2
    I: 402cb5 (flow 403a4d)
      Successors: 403a4d
  BB: 402479 in func 401150 with 7 insts
    I: 402479
    I: 40247d
    I: 402482
    I: 402487
    I: 40248c
    I: 40248f
    I: 402492 (flow 403a4d)
      Successors: 403a4d
  BB: 40147f in func 401150 with 1 insts
    I: 40147f (flow 401484)
      Successors: 401484
  BB: 401c83 in func 401150 with 1 insts
    I: 401c83 (flow 401c88)
      Successors: 401c88
  BB: 401484 in func 401150 with 3 insts
    I: 401484
    I: 401487
    I: 40148c (flow 40342c)
      Successors: 401492, 40342c
  BB: 401c88 in func 401150 with 3 insts
    I: 401c88
    I: 401c8b
    I: 401c90 (flow 40382a)
      Successors: 40382a, 401c96
  BB: 40348d in func 401150 with 20 insts
    I: 40348d
    I: 403494 (imm 40602c)
    I: 40349b
    I: 40349d (imm 406030)
    I: 4034a4
    I: 4034a6
    I: 4034a8
    I: 4034ab
    I: 4034ae
    I: 4034b1
    I: 4034b4
    I: 4034b7
    I: 4034ba
    I: 4034bd
    I: 4034bf
    I: 4034c4
    I: 4034c9
    I: 4034cc
    I: 4034cf
    I: 4034d2 (flow 403a4d)
      Successors: 403a4d
  BB: 401492 in func 401150 with 1 insts
    I: 401492 (flow 401497)
      Successors: 401497
  BB: 401c96 in func 401150 with 1 insts
    I: 401c96 (flow 401c9b)
      Successors: 401c9b
  BB: 401497 in func 401150 with 3 insts
    I: 401497
    I: 40149a
    I: 40149f (flow 403986)
      Successors: 4014a5, 403986
  BB: 402497 in func 401150 with 19 insts
    I: 402497 (imm 40602c)
    I: 40249e
    I: 4024a0 (imm 406030)
    I: 4024a7
    I: 4024a9
    I: 4024ab
    I: 4024ae
    I: 4024b1
    I: 4024b4
    I: 4024b7
    I: 4024ba
    I: 4024bd
    I: 4024c0
    I: 4024c2
    I: 4024c7
    I: 4024cc
    I: 4024cf
    I: 4024d2
    I: 4024d5 (flow 403a4d)
      Successors: 403a4d
  BB: 401c9b in func 401150 with 3 insts
    I: 401c9b
    I: 401c9e
    I: 401ca3 (flow 402225)
      Successors: 401ca9, 402225
  BB: 4014a5 in func 401150 with 1 insts
    I: 4014a5 (flow 4014aa)
      Successors: 4014aa
  BB: 401ca9 in func 401150 with 1 insts
    I: 401ca9 (flow 401cae)
      Successors: 401cae
  BB: 4014aa in func 401150 with 3 insts
    I: 4014aa
    I: 4014ad
    I: 4014b2 (flow 402ee7)
      Successors: 4014b8, 402ee7
  BB: 401cae in func 401150 with 3 insts
    I: 401cae
    I: 401cb1
    I: 401cb6 (flow 4033d6)
      Successors: 401cbc, 4033d6
  BB: 4014b8 in func 401150 with 1 insts
    I: 4014b8 (flow 4014bd)
      Successors: 4014bd
  BB: 402cba in func 401150 with 23 insts
    I: 402cba
    I: 402cbe
    I: 402cc1
    I: 402cc3
    I: 402cc6 (imm 40602c)
    I: 402ccd
    I: 402ccf (imm 406030)
    I: 402cd6
    I: 402cd8
    I: 402cda
    I: 402cdd
    I: 402ce0
    I: 402ce3
    I: 402ce6
    I: 402ce9
    I: 402cec
    I: 402cef
    I: 402cf1
    I: 402cf6
    I: 402cfb
    I: 402cfe
    I: 402d01
    I: 402d04 (flow 403a4d)
      Successors: 403a4d
  BB: 401cbc in func 401150 with 1 insts
    I: 401cbc (flow 401cc1)
      Successors: 401cc1
  BB: 4014bd in func 401150 with 3 insts
    I: 4014bd
    I: 4014c0
    I: 4014c5 (flow 403a2e)
      Successors: 4014cb, 403a2e
  BB: 401cc1 in func 401150 with 3 insts
    I: 401cc1
    I: 401cc4
    I: 401cc9 (flow 403309)
      Successors: 403309, 401ccf
  BB: 4014cb in func 401150 with 1 insts
    I: 4014cb (flow 4014d0)
      Successors: 4014d0
  BB: 401ccf in func 401150 with 1 insts
    I: 401ccf (flow 401cd4)
      Successors: 401cd4
  BB: 4014d0 in func 401150 with 3 insts
    I: 4014d0
    I: 4014d3
    I: 4014d8 (flow 40327c)
      Successors: 40327c, 4014de
  BB: 401cd4 in func 401150 with 3 insts
    I: 401cd4
    I: 401cd7
    I: 401cdc (flow 402bb4)
      Successors: 401ce2, 402bb4
  BB: 4034d7 in func 401150 with 2 insts
    I: 4034d7
    I: 4034de (flow 403a4d)
      Successors: 403a4d
  BB: 4024da in func 401150 with 20 insts
    I: 4024da
    I: 4024e1 (imm 40602c)
    I: 4024e8
    I: 4024ea (imm 406030)
    I: 4024f1
    I: 4024f3
    I: 4024f5
    I: 4024f8
    I: 4024fb
    I: 4024fe
    I: 402501
    I: 402504
    I: 402507
    I: 40250a
    I: 40250c
    I: 402511
    I: 402516
    I: 402519
    I: 40251c
    I: 40251f (flow 403a4d)
      Successors: 403a4d
  BB: 4014de in func 401150 with 1 insts
    I: 4014de (flow 4014e3)
      Successors: 4014e3
  BB: 401ce2 in func 401150 with 1 insts
    I: 401ce2 (flow 401ce7)
      Successors: 401ce7
  BB: 4014e3 in func 401150 with 3 insts
    I: 4014e3
    I: 4014e6
    I: 4014eb (flow 402dd3)
      Successors: 4014f1, 402dd3
  BB: 4034e3 in func 401150 with 19 insts
    I: 4034e3 (imm 40602c)
    I: 4034ea
    I: 4034ec (imm 406030)
    I: 4034f3
    I: 4034f5
    I: 4034f7
    I: 4034fa
    I: 4034fd
    I: 403500
    I: 403503
    I: 403506
    I: 403509
    I: 40350c
    I: 40350e
    I: 403513
    I: 403518
    I: 40351b
    I: 40351e
    I: 403521 (flow 403a4d)
      Successors: 403a4d
  BB: 401ce7 in func 401150 with 3 insts
    I: 401ce7
    I: 401cea
    I: 401cef (flow 40239e)
      Successors: 401cf5, 40239e
  BB: 4014f1 in func 401150 with 1 insts
    I: 4014f1 (flow 4014f6)
      Successors: 4014f6
  BB: 401cf5 in func 401150 with 1 insts
    I: 401cf5 (flow 401cfa)
      Successors: 401cfa
  BB: 4014f6 in func 401150 with 3 insts
    I: 4014f6
    I: 4014f9
    I: 4014fe (flow 402fd4)
      Successors: 402fd4, 401504
  BB: 401cfa in func 401150 with 3 insts
    I: 401cfa
    I: 401cfd
    I: 401d02 (flow 402a78)
      Successors: 401d08, 402a78
  BB: 401504 in func 401150 with 1 insts
    I: 401504 (flow 401509)
      Successors: 401509
  BB: 401d08 in func 401150 with 1 insts
    I: 401d08 (flow 401d0d)
      Successors: 401d0d
  BB: 401509 in func 401150 with 3 insts
    I: 401509
    I: 40150c
    I: 401511 (flow 40274a)
      Successors: 40274a, 401517
  BB: 402d09 in func 401150 with 7 insts
    I: 402d09
    I: 402d0c
    I: 402d11
    I: 402d16
    I: 402d19
    I: 402d1c
    I: 402d1f (flow 403a4d)
      Successors: 403a4d
  BB: 401d0d in func 401150 with 3 insts
    I: 401d0d
    I: 401d10
    I: 401d15 (flow 40300a)
      Successors: 40300a, 401d1b
  BB: 401517 in func 401150 with 1 insts
    I: 401517 (flow 40151c)
      Successors: 40151c
  BB: 401d1b in func 401150 with 1 insts
    I: 401d1b (flow 401d20)
      Successors: 401d20
  BB: 40151c in func 401150 with 3 insts
    I: 40151c
    I: 40151f
    I: 401524 (flow 402bde)
      Successors: 40152a, 402bde
  BB: 401d20 in func 401150 with 3 insts
    I: 401d20
    I: 401d23
    I: 401d28 (flow 403393)
      Successors: 403393, 401d2e
  BB: 402524 in func 401150 with 2 insts
    I: 402524
    I: 40252b (flow 403a4d)
      Successors: 403a4d
  BB: 402d24 in func 401150 with 19 insts
    I: 402d24 (imm 40602c)
    I: 402d2b
    I: 402d2d (imm 406030)
    I: 402d34
    I: 402d36
    I: 402d38
    I: 402d3b
    I: 402d3e
    I: 402d41
    I: 402d44
    I: 402d47
    I: 402d4a
    I: 402d4d
    I: 402d4f
    I: 402d54
    I: 402d59
    I: 402d5c
    I: 402d5f
    I: 402d62 (flow 403a4d)
      Successors: 403a4d
  BB: 403526 in func 401150 with 24 insts
    I: 403526
    I: 40352a
    I: 40352f
    I: 403532
    I: 403534
    I: 403537 (imm 40602c)
    I: 40353e
    I: 403540 (imm 406030)
    I: 403547
    I: 403549
    I: 40354b
    I: 40354e
    I: 403551
    I: 403554
    I: 403557
    I: 40355a
    I: 40355d
    I: 403560
    I: 403562
    I: 403567
    I: 40356c
    I: 40356f
    I: 403572
    I: 403575 (flow 403a4d)
      Successors: 403a4d
  BB: 40152a in func 401150 with 1 insts
    I: 40152a (flow 40152f)
      Successors: 40152f
  BB: 401d2e in func 401150 with 1 insts
    I: 401d2e (flow 401d33)
      Successors: 401d33
  BB: 40152f in func 401150 with 3 insts
    I: 40152f
    I: 401532
    I: 401537 (flow 4028fe)
      Successors: 40153d, 4028fe
  BB: 402530 in func 401150 with 19 insts
    I: 402530 (imm 40602c)
    I: 402537
    I: 402539 (imm 406030)
    I: 402540
    I: 402542
    I: 402544
    I: 402547
    I: 40254a
    I: 40254d
    I: 402550
    I: 402553
    I: 402556
    I: 402559
    I: 40255b
    I: 402560
    I: 402565
    I: 402568
    I: 40256b
    I: 40256e (flow 403a4d)
      Successors: 403a4d
  BB: 401d33 in func 401150 with 3 insts
    I: 401d33
    I: 401d36
    I: 401d3b (flow 402268)
      Successors: 402268, 401d41
  BB: 40153d in func 401150 with 1 insts
    I: 40153d (flow 401542)
      Successors: 401542
  BB: 401d41 in func 401150 with 1 insts
    I: 401d41 (flow 401d46)
      Successors: 401d46
  BB: 401542 in func 401150 with 3 insts
    I: 401542
    I: 401545
    I: 40154a (flow 4020b1)
      Successors: 401550, 4020b1
  BB: 401d46 in func 401150 with 3 insts
    I: 401d46
    I: 401d49
    I: 401d4e (flow 4031a9)
      Successors: 4031a9, 401d54
  BB: 401550 in func 401150 with 1 insts
    I: 401550 (flow 401555)
      Successors: 401555
  BB: 401d54 in func 401150 with 1 insts
    I: 401d54 (flow 401d59)
      Successors: 401d59
  BB: 401555 in func 401150 with 3 insts
    I: 401555
    I: 401558
    I: 40155d (flow 4027e5)
      Successors: 401563, 4027e5
  BB: 401d59 in func 401150 with 3 insts
    I: 401d59
    I: 401d5c
    I: 401d61 (flow 403109)
      Successors: 403109, 401d67
  BB: 401563 in func 401150 with 1 insts
    I: 401563 (flow 401568)
      Successors: 401568
  BB: 401d67 in func 401150 with 1 insts
    I: 401d67 (flow 401d6c)
      Successors: 401d6c
  BB: 401568 in func 401150 with 3 insts
    I: 401568
    I: 40156b
    I: 401570 (flow 40348d)
      Successors: 40348d, 401576
  BB: 402d67 in func 401150 with 24 insts
    I: 402d67
    I: 402d6a
    I: 402d6d
    I: 402d70
    I: 402d72
    I: 402d75 (imm 40602c)
    I: 402d7c
    I: 402d7e (imm 406030)
    I: 402d85
    I: 402d87
    I: 402d89
    I: 402d8c
    I: 402d8f
    I: 402d92
    I: 402d95
    I: 402d98
    I: 402d9b
    I: 402d9e
    I: 402da0
    I: 402da5
    I: 402daa
    I: 402dad
    I: 402db0
    I: 402db3 (flow 403a4d)
      Successors: 403a4d
  BB: 401d6c in func 401150 with 3 insts
    I: 401d6c
    I: 401d6f
    I: 401d74 (flow 403967)
      Successors: 401d7a, 403967
  BB: 402573 in func 401150 with 24 insts
    I: 402573
    I: 402577
    I: 40257c
    I: 40257f
    I: 402581
    I: 402584 (imm 40602c)
    I: 40258b
    I: 40258d (imm 406030)
    I: 402594
    I: 402596
    I: 402598
    I: 40259b
    I: 40259e
    I: 4025a1
    I: 4025a4
    I: 4025a7
    I: 4025aa
    I: 4025ad
    I: 4025af
    I: 4025b4
    I: 4025b9
    I: 4025bc
    I: 4025bf
    I: 4025c2 (flow 403a4d)
      Successors: 403a4d
  BB: 401576 in func 401150 with 1 insts
    I: 401576 (flow 40157b)
      Successors: 40157b
  BB: 401d7a in func 401150 with 1 insts
    I: 401d7a (flow 401d7f)
      Successors: 401d7f
  BB: 40157b in func 401150 with 3 insts
    I: 40157b
    I: 40157e
    I: 401583 (flow 402890)
      Successors: 402890, 401589
  BB: 40357a in func 401150 with 7 insts
    I: 40357a
    I: 40357d
    I: 403582
    I: 403587
    I: 40358a
    I: 40358d
    I: 403590 (flow 403a4d)
      Successors: 403a4d
  BB: 401d7f in func 401150 with 3 insts
    I: 401d7f
    I: 401d82
    I: 401d87 (flow 402e47)
      Successors: 401d8d, 402e47
  BB: 401589 in func 401150 with 1 insts
    I: 401589 (flow 40158e)
      Successors: 40158e
  BB: 401d8d in func 401150 with 1 insts
    I: 401d8d (flow 401d92)
      Successors: 401d92
  BB: 40158e in func 401150 with 3 insts
    I: 40158e
    I: 401591
    I: 401596 (flow 402b9c)
      Successors: 402b9c, 40159c
  BB: 401d92 in func 401150 with 3 insts
    I: 401d92
    I: 401d95
    I: 401d9a (flow 40329a)
      Successors: 401da0, 40329a
  BB: 403595 in func 401150 with 3 insts
    I: 403595
    I: 40359c
    I: 4035a3 (flow 403a4d)
      Successors: 403a4d
  BB: 40159c in func 401150 with 1 insts
    I: 40159c (flow 4015a1)
      Successors: 4015a1
  BB: 401da0 in func 401150 with 1 insts
    I: 401da0 (flow 401da5)
      Successors: 401da5
  BB: 4015a1 in func 401150 with 3 insts
    I: 4015a1
    I: 4015a4
    I: 4015a9 (flow 4027fe)
      Successors: 4027fe, 4015af
  BB: 401da5 in func 401150 with 3 insts
    I: 401da5
    I: 401da8
    I: 401dad (flow 402e04)
      Successors: 401db3, 402e04
  BB: 4035a8 in func 401150 with 2 insts
    I: 4035a8
    I: 4035af (flow 403a4d)
      Successors: 403a4d
  BB: 4015af in func 401150 with 1 insts
    I: 4015af (flow 4015b4)
      Successors: 4015b4
  BB: 401db3 in func 401150 with 1 insts
    I: 401db3 (flow 401db8)
      Successors: 401db8
  BB: 4015b4 in func 401150 with 3 insts
    I: 4015b4
    I: 4015b7
    I: 4015bc (flow 4039d3)
      Successors: 4015c2, 4039d3
  BB: 4035b4 in func 401150 with 2 insts
    I: 4035b4
    I: 4035bb (flow 403a4d)
      Successors: 403a4d
  BB: 401db8 in func 401150 with 3 insts
    I: 401db8
    I: 401dbb
    I: 401dc0 (flow 40369b)
      Successors: 40369b, 401dc6
  BB: 402db8 in func 401150 with 7 insts
    I: 402db8
    I: 402dbb
    I: 402dc0
    I: 402dc5
    I: 402dc8
    I: 402dcb
    I: 402dce (flow 403a4d)
      Successors: 403a4d
  BB: 4035c0 in func 401150 with 5 insts
    I: 4035c0
    I: 4035c3
    I: 4035c6
    I: 4035c9
    I: 4035d0 (flow 403a4d)
      Successors: 403a4d
  BB: 4015c2 in func 401150 with 1 insts
    I: 4015c2 (flow 4015c7)
      Successors: 4015c7
  BB: 401dc6 in func 401150 with 1 insts
    I: 401dc6 (flow 401dcb)
      Successors: 401dcb
  BB: 4015c7 in func 401150 with 3 insts
    I: 4015c7
    I: 4015ca
    I: 4015cf (flow 4030ba)
      Successors: 4030ba, 4015d5
  BB: 4025c7 in func 401150 with 7 insts
    I: 4025c7
    I: 4025ca
    I: 4025cf
    I: 4025d4
    I: 4025d7
    I: 4025da
    I: 4025dd (flow 403a4d)
      Successors: 403a4d
  BB: 401dcb in func 401150 with 3 insts
    I: 401dcb
    I: 401dce
    I: 401dd3 (flow 402df1)
      Successors: 401dd9, 402df1
  BB: 402dd3 in func 401150 with 7 insts
    I: 402dd3
    I: 402dd7
    I: 402ddc
    I: 402de1
    I: 402de6
    I: 402de9
    I: 402dec (flow 403a4d)
      Successors: 403a4d
  BB: 4015d5 in func 401150 with 1 insts
    I: 4015d5 (flow 4015da)
      Successors: 4015da
  BB: 4035d5 in func 401150 with 6 insts
    I: 4035d5
    I: 4035da
    I: 4035df
    I: 4035e3
    I: 4035e6
    I: 4035e9 (flow 403a4d)
      Successors: 403a4d
  BB: 401dd9 in func 401150 with 1 insts
    I: 401dd9 (flow 401dde)
      Successors: 401dde
  BB: 4015da in func 401150 with 3 insts
    I: 4015da
    I: 4015dd
    I: 4015e2 (flow 402f6a)
      Successors: 4015e8, 402f6a
  BB: 401dde in func 401150 with 3 insts
    I: 401dde
    I: 401de1
    I: 401de6 (flow 402c77)
      Successors: 401dec, 402c77
  BB: 4025e2 in func 401150 with 19 insts
    I: 4025e2 (imm 40602c)
    I: 4025e9
    I: 4025eb (imm 406030)
    I: 4025f2
    I: 4025f4
    I: 4025f6
    I: 4025f9
    I: 4025fc
    I: 4025ff
    I: 402602
    I: 402605
    I: 402608
    I: 40260b
    I: 40260d
    I: 402612
    I: 402617
    I: 40261a
    I: 40261d
    I: 402620 (flow 403a4d)
      Successors: 403a4d
  BB: 4015e8 in func 401150 with 1 insts
    I: 4015e8 (flow 4015ed)
      Successors: 4015ed
  BB: 401dec in func 401150 with 1 insts
    I: 401dec (flow 401df1)
      Successors: 401df1
  BB: 4015ed in func 401150 with 3 insts
    I: 4015ed
    I: 4015f0
    I: 4015f5 (flow 4023ca)
      Successors: 4023ca, 4015fb
  BB: 4035ee in func 401150 with 19 insts
    I: 4035ee (imm 40602c)
    I: 4035f5
    I: 4035f7 (imm 406030)
    I: 4035fe
    I: 403600
    I: 403602
    I: 403605
    I: 403608
    I: 40360b
    I: 40360e
    I: 403611
    I: 403614
    I: 403617
    I: 403619
    I: 40361e
    I: 403623
    I: 403626
    I: 403629
    I: 40362c (flow 403a4d)
      Successors: 403a4d
  BB: 401df1 in func 401150 with 3 insts
    I: 401df1
    I: 401df4
    I: 401df9 (flow 40267b)
      Successors: 40267b, 401dff
  BB: 402df1 in func 401150 with 3 insts
    I: 402df1
    I: 402df8
    I: 402dff (flow 403a4d)
      Successors: 403a4d
  BB: 4015fb in func 401150 with 1 insts
    I: 4015fb (flow 401600)
      Successors: 401600
  BB: 401dff in func 401150 with 1 insts
    I: 401dff (flow 401e04)
      Successors: 401e04
  BB: 401600 in func 401150 with 3 insts
    I: 401600
    I: 401603
    I: 401608 (flow 402497)
      Successors: 40160e, 402497
  BB: 401e04 in func 401150 with 3 insts
    I: 401e04
    I: 401e07
    I: 401e0c (flow 4028ab)
      Successors: 401e12, 4028ab
  BB: 402e04 in func 401150 with 19 insts
    I: 402e04 (imm 40602c)
    I: 402e0b
    I: 402e0d (imm 406030)
    I: 402e14
    I: 402e16
    I: 402e18
    I: 402e1b
    I: 402e1e
    I: 402e21
    I: 402e24
    I: 402e27
    I: 402e2a
    I: 402e2d
    I: 402e2f
    I: 402e34
    I: 402e39
    I: 402e3c
    I: 402e3f
    I: 402e42 (flow 403a4d)
      Successors: 403a4d
  BB: 40160e in func 401150 with 1 insts
    I: 40160e (flow 401613)
      Successors: 401613
  BB: 401e12 in func 401150 with 1 insts
    I: 401e12 (flow 401e17)
      Successors: 401e17
  BB: 401613 in func 401150 with 3 insts
    I: 401613
    I: 401616
    I: 40161b (flow 40215e)
      Successors: 401621, 40215e
  BB: 401e17 in func 401150 with 3 insts
    I: 401e17
    I: 401e1a
    I: 401e1f (flow 403158)
      Successors: 403158, 401e25
  BB: 401621 in func 401150 with 1 insts
    I: 401621 (flow 401626)
      Successors: 401626
  BB: 401e25 in func 401150 with 1 insts
    I: 401e25 (flow 401e2a)
      Successors: 401e2a
  BB: 401626 in func 401150 with 3 insts
    I: 401626
    I: 401629
    I: 40162e (flow 403932)
      Successors: 403932, 401634
  BB: 402625 in func 401150 with 20 insts
    I: 402625
    I: 40262c (imm 40602c)
    I: 402633
    I: 402635 (imm 406030)
    I: 40263c
    I: 40263e
    I: 402640
    I: 402643
    I: 402646
    I: 402649
    I: 40264c
    I: 40264f
    I: 402652
    I: 402655
    I: 402657
    I: 40265c
    I: 402661
    I: 402664
    I: 402667
    I: 40266a (flow 403a4d)
      Successors: 403a4d
  BB: 401e2a in func 401150 with 3 insts
    I: 401e2a
    I: 401e2d
    I: 401e32 (flow 40383f)
      Successors: 401e38, 40383f
  BB: 403631 in func 401150 with 23 insts
    I: 403631
    I: 403635
    I: 403638
    I: 40363a
    I: 40363d (imm 40602c)
    I: 403644
    I: 403646 (imm 406030)
    I: 40364d
    I: 40364f
    I: 403651
    I: 403654
    I: 403657
    I: 40365a
    I: 40365d
    I: 403660
    I: 403663
    I: 403666
    I: 403668
    I: 40366d
    I: 403672
    I: 403675
    I: 403678
    I: 40367b (flow 403a4d)
      Successors: 403a4d
  BB: 401634 in func 401150 with 1 insts
    I: 401634 (flow 401639)
      Successors: 401639
  BB: 401e38 in func 401150 with 1 insts
    I: 401e38 (flow 401e3d)
      Successors: 401e3d
  BB: 401639 in func 401150 with 3 insts
    I: 401639
    I: 40163c
    I: 401641 (flow 402530)
      Successors: 402530, 401647
  BB: 401e3d in func 401150 with 3 insts
    I: 401e3d
    I: 401e40
    I: 401e45 (flow 4030c6)
      Successors: 401e4b, 4030c6
  BB: 401647 in func 401150 with 1 insts
    I: 401647 (flow 40164c)
      Successors: 40164c
  BB: 402e47 in func 401150 with 24 insts
    I: 402e47
    I: 402e4b
    I: 402e50
    I: 402e53
    I: 402e55
    I: 402e58 (imm 40602c)
    I: 402e5f
    I: 402e61 (imm 406030)
    I: 402e68
    I: 402e6a
    I: 402e6c
    I: 402e6f
    I: 402e72
    I: 402e75
    I: 402e78
    I: 402e7b
    I: 402e7e
    I: 402e81
    I: 402e83
    I: 402e88
    I: 402e8d
    I: 402e90
    I: 402e93
    I: 402e96 (flow 403a4d)
      Successors: 403a4d
  BB: 401e4b in func 401150 with 1 insts
    I: 401e4b (flow 401e50)
      Successors: 401e50
  BB: 40164c in func 401150 with 3 insts
    I: 40164c
    I: 40164f
    I: 401654 (flow 4029c6)
      Successors: 40165a, 4029c6
  BB: 401e50 in func 401150 with 3 insts
    I: 401e50
    I: 401e53
    I: 401e58 (flow 40240d)
      Successors: 40240d, 401e5e
  BB: 40165a in func 401150 with 1 insts
    I: 40165a (flow 40165f)
      Successors: 40165f
  BB: 401e5e in func 401150 with 1 insts
    I: 401e5e (flow 401e63)
      Successors: 401e63
  BB: 40165f in func 401150 with 3 insts
    I: 40165f
    I: 401662
    I: 401667 (flow 402efa)
      Successors: 402efa, 40166d
  BB: 401e63 in func 401150 with 3 insts
    I: 401e63
    I: 401e66
    I: 401e6b (flow 4036fb)
      Successors: 401e71, 4036fb
  BB: 40166d in func 401150 with 1 insts
    I: 40166d (flow 401672)
      Successors: 401672
  BB: 40266f in func 401150 with 2 insts
    I: 40266f
    I: 402676 (flow 403a4d)
      Successors: 403a4d
  BB: 401e71 in func 401150 with 1 insts
    I: 401e71 (flow 401e76)
      Successors: 401e76
  BB: 401672 in func 401150 with 3 insts
    I: 401672
    I: 401675
    I: 40167a (flow 402fed)
      Successors: 401680, 402fed
  BB: 401e76 in func 401150 with 3 insts
    I: 401e76
    I: 401e79
    I: 401e7e (flow 4038e6)
      Successors: 401e84, 4038e6
  BB: 40267b in func 401150 with 7 insts
    I: 40267b
    I: 40267f
    I: 402684
    I: 402689
    I: 40268e
    I: 402691
    I: 402694 (flow 403a4d)
      Successors: 403a4d
  BB: 401680 in func 401150 with 1 insts
    I: 401680 (flow 401685)
      Successors: 401685
  BB: 403680 in func 401150 with 7 insts
    I: 403680
    I: 403683
    I: 403688
    I: 40368d
    I: 403690
    I: 403693
    I: 403696 (flow 403a4d)
      Successors: 403a4d
  BB: 401e84 in func 401150 with 1 insts
    I: 401e84 (flow 401e89)
      Successors: 401e89
  BB: 401685 in func 401150 with 3 insts
    I: 401685
    I: 401688
    I: 40168d (flow 4031ec)
      Successors: 401693, 4031ec
  BB: 401e89 in func 401150 with 3 insts
    I: 401e89
    I: 401e8c
    I: 401e91 (flow 4036b8)
      Successors: 4036b8, 401e97
  BB: 401693 in func 401150 with 1 insts
    I: 401693 (flow 401698)
      Successors: 401698
  BB: 401e97 in func 401150 with 1 insts
    I: 401e97 (flow 401e9c)
      Successors: 401e9c
  BB: 401698 in func 401150 with 3 insts
    I: 401698
    I: 40169b
    I: 4016a0 (flow 4032c6)
      Successors: 4032c6, 4016a6
  BB: 402699 in func 401150 with 3 insts
    I: 402699
    I: 4026a0
    I: 4026a7 (flow 403a4d)
      Successors: 403a4d
  BB: 402e9b in func 401150 with 7 insts
    I: 402e9b
    I: 402e9e
    I: 402ea3
    I: 402ea8
    I: 402eab
    I: 402eae
    I: 402eb1 (flow 403a4d)
      Successors: 403a4d
  BB: 401e9c in func 401150 with 3 insts
    I: 401e9c
    I: 401e9f
    I: 401ea4 (flow 402479)
      Successors: 402479, 401eaa
  BB: 40369b in func 401150 with 5 insts
    I: 40369b (imm 404007)
    I: 4036a5
    I: 4036a7 (flow 406040)
    I: 4036ac
    I: 4036b3 (flow 403a4d)
      Successors: 403a4d
  BB: 4016a6 in func 401150 with 1 insts
    I: 4016a6 (flow 4016ab)
      Successors: 4016ab
  BB: 401eaa in func 401150 with 1 insts
    I: 401eaa (flow 401eaf)
      Successors: 401eaf
  BB: 4016ab in func 401150 with 3 insts
    I: 4016ab
    I: 4016ae
    I: 4016b3 (flow 403023)
      Successors: 4016b9, 403023
  BB: 4026ac in func 401150 with 2 insts
    I: 4026ac
    I: 4026b3 (flow 403a4d)
      Successors: 403a4d
  BB: 401eaf in func 401150 with 3 insts
    I: 401eaf
    I: 401eb2
    I: 401eb7 (flow 4026fb)
      Successors: 4026fb, 401ebd
  BB: 402eb6 in func 401150 with 3 insts
    I: 402eb6
    I: 402ebd
    I: 402ec4 (flow 403a4d)
      Successors: 403a4d
  BB: 4026b8 in func 401150 with 19 insts
    I: 4026b8 (imm 40602c)
    I: 4026bf
    I: 4026c1 (imm 406030)
    I: 4026c8
    I: 4026ca
    I: 4026cc
    I: 4026cf
    I: 4026d2
    I: 4026d5
    I: 4026d8
    I: 4026db
    I: 4026de
    I: 4026e1
    I: 4026e3
    I: 4026e8
    I: 4026ed
    I: 4026f0
    I: 4026f3
    I: 4026f6 (flow 403a4d)
      Successors: 403a4d
  BB: 4016b9 in func 401150 with 1 insts
    I: 4016b9 (flow 4016be)
      Successors: 4016be
  BB: 4036b8 in func 401150 with 19 insts
    I: 4036b8 (imm 40602c)
    I: 4036bf
    I: 4036c1 (imm 406030)
    I: 4036c8
    I: 4036ca
    I: 4036cc
    I: 4036cf
    I: 4036d2
    I: 4036d5
    I: 4036d8
    I: 4036db
    I: 4036de
    I: 4036e1
    I: 4036e3
    I: 4036e8
    I: 4036ed
    I: 4036f0
    I: 4036f3
    I: 4036f6 (flow 403a4d)
      Successors: 403a4d
  BB: 401ebd in func 401150 with 1 insts
    I: 401ebd (flow 401ec2)
      Successors: 401ec2
  BB: 4016be in func 401150 with 3 insts
    I: 4016be
    I: 4016c1
    I: 4016c6 (flow 4025c7)
      Successors: 4016cc, 4025c7
  BB: 401ec2 in func 401150 with 3 insts
    I: 401ec2
    I: 401ec5
    I: 401eca (flow 40387e)
      Successors: 401ed0, 40387e
  BB: 402ec9 in func 401150 with 7 insts
    I: 402ec9
    I: 402ecd
    I: 402ed2
    I: 402ed7
    I: 402edc
    I: 402edf
    I: 402ee2 (flow 403a4d)
      Successors: 403a4d
  BB: 4016cc in func 401150 with 1 insts
    I: 4016cc (flow 4016d1)
      Successors: 4016d1
  BB: 401ed0 in func 401150 with 1 insts
    I: 401ed0 (flow 401ed5)
      Successors: 401ed5
  BB: 4016d1 in func 401150 with 3 insts
    I: 4016d1
    I: 4016d4
    I: 4016d9 (flow 4035c0)
      Successors: 4035c0, 4016df
  BB: 401ed5 in func 401150 with 3 insts
    I: 401ed5
    I: 401ed8
    I: 401edd (flow 401feb)
      Successors: 401ee3, 401feb
  BB: 4016df in func 401150 with 1 insts
    I: 4016df (flow 4016e4)
      Successors: 4016e4
  BB: 401ee3 in func 401150 with 1 insts
    I: 401ee3 (flow 401ee8)
      Successors: 401ee8
  BB: 4016e4 in func 401150 with 3 insts
    I: 4016e4
    I: 4016e7
    I: 4016ec (flow 4029e1)
      Successors: 4029e1, 4016f2
  BB: 402ee7 in func 401150 with 3 insts
    I: 402ee7
    I: 402eee
    I: 402ef5 (flow 403a4d)
      Successors: 403a4d
  BB: 401ee8 in func 401150 with 3 insts
    I: 401ee8
    I: 401eeb
    I: 401ef0 (flow 40393e)
      Successors: 40393e, 401ef6
  BB: 4016f2 in func 401150 with 1 insts
    I: 4016f2 (flow 4016f7)
      Successors: 4016f7
  BB: 401ef6 in func 401150 with 1 insts
    I: 401ef6 (flow 401efb)
      Successors: 401efb
  BB: 4016f7 in func 401150 with 3 insts
    I: 4016f7
    I: 4016fa
    I: 4016ff (flow 403a1b)
      Successors: 403a1b, 401705
  BB: 402efa in func 401150 with 2 insts
    I: 402efa
    I: 402f01 (flow 403a4d)
      Successors: 403a4d
  BB: 401efb in func 401150 with 3 insts
    I: 401efb
    I: 401efe
    I: 401f03 (flow 40205b)
      Successors: 401f09, 40205b
  BB: 4026fb in func 401150 with 19 insts
    I: 4026fb (imm 40602c)
    I: 402702
    I: 402704 (imm 406030)
    I: 40270b
    I: 40270d
    I: 40270f
    I: 402712
    I: 402715
    I: 402718
    I: 40271b
    I: 40271e
    I: 402721
    I: 402724
    I: 402726
    I: 40272b
    I: 402730
    I: 402733
    I: 402736
    I: 402739 (flow 403a4d)
      Successors: 403a4d
  BB: 4036fb in func 401150 with 23 insts
    I: 4036fb
    I: 4036ff
    I: 403702
    I: 403704
    I: 403707 (imm 40602c)
    I: 40370e
    I: 403710 (imm 406030)
    I: 403717
    I: 403719
    I: 40371b
    I: 40371e
    I: 403721
    I: 403724
    I: 403727
    I: 40372a
    I: 40372d
    I: 403730
    I: 403732
    I: 403737
    I: 40373c
    I: 40373f
    I: 403742
    I: 403745 (flow 403a4d)
      Successors: 403a4d
  BB: 401705 in func 401150 with 1 insts
    I: 401705 (flow 40170a)
      Successors: 40170a
  BB: 402f06 in func 401150 with 2 insts
    I: 402f06
    I: 402f0d (flow 403a4d)
      Successors: 403a4d
  BB: 401f09 in func 401150 with 1 insts
    I: 401f09 (flow 401f0e)
      Successors: 401f0e
  BB: 40170a in func 401150 with 3 insts
    I: 40170a
    I: 40170d
    I: 401712 (flow 402c21)
      Successors: 401718, 402c21
  BB: 401f0e in func 401150 with 3 insts
    I: 401f0e
    I: 401f11
    I: 401f16 (flow 403066)
      Successors: 401f1c, 403066
  BB: 402f12 in func 401150 with 5 insts
    I: 402f12
    I: 402f15
    I: 402f18
    I: 402f1b
    I: 402f22 (flow 403a4d)
      Successors: 403a4d
  BB: 401718 in func 401150 with 1 insts
    I: 401718 (flow 40171d)
      Successors: 40171d
  BB: 401f1c in func 401150 with 1 insts
    I: 401f1c (flow 401f21)
      Successors: 401f21
  BB: 40171d in func 401150 with 3 insts
    I: 40171d
    I: 401720
    I: 401725 (flow 403893)
      Successors: 40172b, 403893
  BB: 401f21 in func 401150 with 1 insts
    I: 401f21 (flow 403a4d)
      Successors: 403a4d
  BB: 401f26 in func 401150 with 12 insts
    I: 401f26
    I: 401f2a (imm 404004)
    I: 401f34
    I: 401f36 (flow 406050)
    I: 401f3b
    I: 401f3d
    I: 401f42
    I: 401f47
    I: 401f4a
    I: 401f4d
    I: 401f50
    I: 401f54 (flow 403a4d)
      Successors: 403a4d
  BB: 402f27 in func 401150 with 19 insts
    I: 402f27 (imm 40602c)
    I: 402f2e
    I: 402f30 (imm 406030)
    I: 402f37
    I: 402f39
    I: 402f3b
    I: 402f3e
    I: 402f41
    I: 402f44
    I: 402f47
    I: 402f4a
    I: 402f4d
    I: 402f50
    I: 402f52
    I: 402f57
    I: 402f5c
    I: 402f5f
    I: 402f62
    I: 402f65 (flow 403a4d)
      Successors: 403a4d
  BB: 40172b in func 401150 with 1 insts
    I: 40172b (flow 401730)
      Successors: 401730
  BB: 401730 in func 401150 with 3 insts
    I: 401730
    I: 401733
    I: 401738 (flow 402977)
      Successors: 40173e, 402977
  BB: 40173e in func 401150 with 1 insts
    I: 40173e (flow 401743)
      Successors: 401743
  BB: 40273e in func 401150 with 2 insts
    I: 40273e
    I: 402745 (flow 403a4d)
      Successors: 403a4d
  BB: 401743 in func 401150 with 3 insts
    I: 401743
    I: 401746
    I: 40174b (flow 4038d3)
      Successors: 401751, 4038d3
  BB: 40274a in func 401150 with 19 insts
    I: 40274a (imm 40602c)
    I: 402751
    I: 402753 (imm 406030)
    I: 40275a
    I: 40275c
    I: 40275e
    I: 402761
    I: 402764
    I: 402767
    I: 40276a
    I: 40276d
    I: 402770
    I: 402773
    I: 402775
    I: 40277a
    I: 40277f
    I: 402782
    I: 402785
    I: 402788 (flow 403a4d)
      Successors: 403a4d
  BB: 40374a in func 401150 with 7 insts
    I: 40374a
    I: 40374d
    I: 403752
    I: 403757
    I: 40375a
    I: 40375d
    I: 403760 (flow 403a4d)
      Successors: 403a4d
  BB: 401751 in func 401150 with 1 insts
    I: 401751 (flow 401756)
      Successors: 401756
  BB: 401756 in func 401150 with 3 insts
    I: 401756
    I: 401759
    I: 40175e (flow 401f59)
      Successors: 401f59, 401764
  BB: 401f59 in func 401150 with 19 insts
    I: 401f59 (imm 40602c)
    I: 401f60
    I: 401f62 (imm 406030)
    I: 401f69
    I: 401f6b
    I: 401f6d
    I: 401f70
    I: 401f73
    I: 401f76
    I: 401f79
    I: 401f7c
    I: 401f7f
    I: 401f82
    I: 401f84
    I: 401f89
    I: 401f8e
    I: 401f91
    I: 401f94
    I: 401f97 (flow 403a4d)
      Successors: 403a4d
  BB: 401764 in func 401150 with 1 insts
    I: 401764 (flow 401769)
      Successors: 401769
  BB: 403765 in func 401150 with 5 insts
    I: 403765 (imm 40400a)
    I: 40376f
    I: 403771 (flow 406040)
    I: 403776
    I: 40377d (flow 403a4d)
      Successors: 403a4d
  BB: 401769 in func 401150 with 3 insts
    I: 401769
    I: 40176c
    I: 401771 (flow 4035b4)
      Successors: 4035b4, 401777
  BB: 402f6a in func 401150 with 23 insts
    I: 402f6a
    I: 402f6e
    I: 402f71
    I: 402f73
    I: 402f76 (imm 40602c)
    I: 402f7d
    I: 402f7f (imm 406030)
    I: 402f86
    I: 402f88
    I: 402f8a
    I: 402f8d
    I: 402f90
    I: 402f93
    I: 402f96
    I: 402f99
    I: 402f9c
    I: 402f9f
    I: 402fa1
    I: 402fa6
    I: 402fab
    I: 402fae
    I: 402fb1
    I: 402fb4 (flow 403a4d)
      Successors: 403a4d
  BB: 401777 in func 401150 with 1 insts
    I: 401777 (flow 40177c)
      Successors: 40177c
  BB: 40177c in func 401150 with 3 insts
    I: 40177c
    I: 40177f
    I: 401784 (flow 4039df)
      Successors: 40178a, 4039df
  BB: 403782 in func 401150 with 6 insts
    I: 403782
    I: 403787
    I: 40378c
    I: 403790
    I: 403793
    I: 403796 (flow 403a4d)
      Successors: 403a4d
  BB: 40178a in func 401150 with 1 insts
    I: 40178a (flow 40178f)
      Successors: 40178f
  BB: 40278d in func 401150 with 22 insts
    I: 40278d
    I: 402790
    I: 402793
    I: 402796 (imm 40602c)
    I: 40279d
    I: 40279f (imm 406030)
    I: 4027a6
    I: 4027a8
    I: 4027aa
    I: 4027ad
    I: 4027b0
    I: 4027b3
    I: 4027b6
    I: 4027b9
    I: 4027bc
    I: 4027bf
    I: 4027c1
    I: 4027c6
    I: 4027cb
    I: 4027ce
    I: 4027d1
    I: 4027d4 (flow 403a4d)
      Successors: 403a4d
  BB: 40178f in func 401150 with 3 insts
    I: 40178f
    I: 401792
    I: 401797 (flow 4020f4)
      Successors: 4020f4, 40179d
  BB: 40379b in func 401150 with 5 insts
    I: 40379b (imm 40400d)
    I: 4037a5
    I: 4037a7 (flow 406040)
    I: 4037ac
    I: 4037b3 (flow 403a4d)
      Successors: 403a4d
  BB: 401f9c in func 401150 with 23 insts
    I: 401f9c
    I: 401fa0
    I: 401fa3
    I: 401fa5
    I: 401fa8 (imm 40602c)
    I: 401faf
    I: 401fb1 (imm 406030)
    I: 401fb8
    I: 401fba
    I: 401fbc
    I: 401fbf
    I: 401fc2
    I: 401fc5
    I: 401fc8
    I: 401fcb
    I: 401fce
    I: 401fd1
    I: 401fd3
    I: 401fd8
    I: 401fdd
    I: 401fe0
    I: 401fe3
    I: 401fe6 (flow 403a4d)
      Successors: 403a4d
  BB: 40179d in func 401150 with 1 insts
    I: 40179d (flow 4017a2)
      Successors: 4017a2
  BB: 4017a2 in func 401150 with 3 insts
    I: 4017a2
    I: 4017a5
    I: 4017aa (flow 402eb6)
      Successors: 4017b0, 402eb6
  BB: 4017b0 in func 401150 with 1 insts
    I: 4017b0 (flow 4017b5)
      Successors: 4017b5
  BB: 4017b5 in func 401150 with 3 insts
    I: 4017b5
    I: 4017b8
    I: 4017bd (flow 403595)
      Successors: 4017c3, 403595
  BB: 4037b8 in func 401150 with 6 insts
    I: 4037b8
    I: 4037bd
    I: 4037c2
    I: 4037c6
    I: 4037c9
    I: 4037cc (flow 403a4d)
      Successors: 403a4d
  BB: 402fb9 in func 401150 with 7 insts
    I: 402fb9
    I: 402fbc
    I: 402fc1
    I: 402fc6
    I: 402fc9
    I: 402fcc
    I: 402fcf (flow 403a4d)
      Successors: 403a4d
  BB: 4017c3 in func 401150 with 1 insts
    I: 4017c3 (flow 4017c8)
      Successors: 4017c8
  BB: 4017c8 in func 401150 with 3 insts
    I: 4017c8
    I: 4017cb
    I: 4017d0 (flow 4038f2)
      Successors: 4038f2, 4017d6
  BB: 4037d1 in func 401150 with 5 insts
    I: 4037d1 (imm 404007)
    I: 4037db
    I: 4037dd (flow 406040)
    I: 4037e2
    I: 4037e9 (flow 403a4d)
      Successors: 403a4d
  BB: 402fd4 in func 401150 with 6 insts
    I: 402fd4
    I: 402fd9
    I: 402fde
    I: 402fe2
    I: 402fe5
    I: 402fe8 (flow 403a4d)
      Successors: 403a4d
  BB: 4017d6 in func 401150 with 1 insts
    I: 4017d6 (flow 4017db)
      Successors: 4017db
  BB: 4027d9 in func 401150 with 2 insts
    I: 4027d9
    I: 4027e0 (flow 403a4d)
      Successors: 403a4d
  BB: 4017db in func 401150 with 3 insts
    I: 4017db
    I: 4017de
    I: 4017e3 (flow 402c6b)
      Successors: 4017e9, 402c6b
  BB: 4027e5 in func 401150 with 6 insts
    I: 4027e5
    I: 4027ea
    I: 4027ef
    I: 4027f3
    I: 4027f6
    I: 4027f9 (flow 403a4d)
      Successors: 403a4d
  BB: 4017e9 in func 401150 with 1 insts
    I: 4017e9 (flow 4017ee)
      Successors: 4017ee
  BB: 401feb in func 401150 with 5 insts
    I: 401feb
    I: 401ff2
    I: 401ff5
    I: 401ff7
    I: 401ffa (flow 403a4d)
      Successors: 403a4d
  BB: 402fed in func 401150 with 5 insts
    I: 402fed (imm 404007)
    I: 402ff7
    I: 402ff9 (flow 406040)
    I: 402ffe
    I: 403005 (flow 403a4d)
      Successors: 403a4d
  BB: 4017ee in func 401150 with 3 insts
    I: 4017ee
    I: 4017f1
    I: 4017f6 (flow 403631)
      Successors: 403631, 4017fc
  BB: 4037ee in func 401150 with 2 insts
    I: 4037ee
    I: 4037f5 (flow 403a4d)
      Successors: 403a4d
  BB: 4037fa in func 401150 with 2 insts
    I: 4037fa
    I: 403801 (flow 403a4d)
      Successors: 403a4d
  BB: 4017fc in func 401150 with 1 insts
    I: 4017fc (flow 401801)
      Successors: 401801
  BB: 4027fe in func 401150 with 19 insts
    I: 4027fe (imm 40602c)
    I: 402805
    I: 402807 (imm 406030)
    I: 40280e
    I: 402810
    I: 402812
    I: 402815
    I: 402818
    I: 40281b
    I: 40281e
    I: 402821
    I: 402824
    I: 402827
    I: 402829
    I: 40282e
    I: 402833
    I: 402836
    I: 402839
    I: 40283c (flow 403a4d)
      Successors: 403a4d
  BB: 401fff in func 401150 with 6 insts
    I: 401fff
    I: 402004
    I: 402009
    I: 40200d
    I: 402010
    I: 402013 (flow 403a4d)
      Successors: 403a4d
Recovering .term_proc at 403a54
  Analysing subroutine .term_proc at 403a54
    Block head at 00403a61 is not code.
  Subroutine .term_proc at 403a54 has 1 blocks
  BB: 403a54 in func 403a54 with 4 insts
    I: 403a54
    I: 403a58
    I: 403a5c
    I: 403a60
      No successors
Global Variable None
WARNING: Global constructor and destructor sections are adjacent!
Recovering region LOAD [400000, 400520) in segment LOAD
  8-byte reference at 400018 to 401060 (start)
  8-byte reference at 4000f8 to 401000 (.init_proc)
  8-byte reference at 400130 to 404000 ()
  8-byte reference at 400168 to 405de8 ()
  8-byte reference at 400280 to 404010 ()
  8-byte reference at 4002f0 to 405de8 ()
Recovering region .init [401000, 40101b) in segment .init
Recovering region LOAD [40101b, 401020) in segment LOAD
Recovering region .plt [401020, 401060) in segment .plt
Recovering region .text [401060, 403a52) in segment .text
Recovering region LOAD [403a52, 403a54) in segment LOAD
Recovering region .fini [403a54, 403a61) in segment .fini
Recovering region .rodata [404000, 404010) in segment .rodata
  Variable format at 404007
  Variable a1 at 40400a
  Variable a2 at 40400d
Recovering region .eh_frame_hdr [404010, 40403c) in segment .eh_frame_hdr
Recovering region LOAD [40403c, 404040) in segment LOAD
Recovering region .eh_frame [404040, 4040d0) in segment .eh_frame
Recovering region LOAD [4040d0, 404110) in segment LOAD
Recovering region .init_array [405de8, 405df8) in segment .init_array
  8-byte reference at 405de8 to 401140 ()
  8-byte reference at 405df0 to 401110 ()
Recovering region LOAD [405df8, 405fd8) in segment LOAD
Recovering region .got [405fd8, 405fe8) in segment .got
  8-byte reference at 405fd8 to 406038 (__libc_start_main)
  8-byte reference at 405fe0 to 406058 (__gmon_start__)
Recovering region .got.plt [405fe8, 406018) in segment .got.plt
  8-byte reference at 406000 to 406040 (printf)
  8-byte reference at 406008 to 406048 (memset)
  8-byte reference at 406010 to 406050 (__isoc99_scanf)
Recovering region .data [406018, 406028) in segment .data
Recovering region .bss [406028, 406038) in segment .bss
Recovering extern function printf at 401030
Recovering extern function memset at 401040
Recovering extern function __isoc99_scanf at 401050
Recovering extern function __libc_start_main at 406038
Recovering extern function printf at 406040
Recovering extern function memset at 406048
Recovering extern function __isoc99_scanf at 406050
Recovering extern function __gmon_start__ at 406058
Recovered 8 functions.
Saving to: /home/ubuntu/capstone_project/result/pipeline_20260629_141746/s202037324_fla_bcf.cfg
Done analysis!
