Debugging is enabled.
Loading Standard Definitions file: /home/ubuntu/capstone_project/dependency/mcsema/mcsema/lib/python3/site-packages/mcsema_disass-3.1.3.8-py3.8.egg/mcsema_disass/defs/linux.txt
Using Batch mode.
Starting analysis
Recovering module s202037324_fla_bcf_instsub.elf
Found main at 401150
Looking for instructions in segment .init
  Default block heads for function 401000 with loose bounds [401000, 40101b)
    block [401000, 401014)
    block [401014, 401016)
    block [401016, 40101b)
    chunk [401000, 40101b)
Looking for instructions in segment .plt
  Default block heads for function 401020 with loose bounds [401020, 40102c)
    block [401020, 40102c)
    chunk [401020, 40102c)
  Default block heads for function 401030 with loose bounds [401030, 401036)
    block [401030, 401036)
    chunk [401030, 401036)
  Default block heads for function 401040 with loose bounds [401040, 401046)
    block [401040, 401046)
    chunk [401040, 401046)
  Default block heads for function 401050 with loose bounds [401050, 401056)
    block [401050, 401056)
    chunk [401050, 401056)
Looking for instructions in segment .text
  Default block heads for function 401060 with loose bounds [401060, 401086)
    block [401060, 401086)
    chunk [401060, 401086)
  Default block heads for function 4010a0 with loose bounds [4010a0, 4010c1)
    block [4010a0, 4010ad)
    block [4010ad, 4010b7)
    block [4010b7, 4010be)
    block [4010c0, 4010c1)
    chunk [4010a0, 4010c1)
  Default block heads for function 401110 with loose bounds [401110, 401131)
    block [401110, 40111d)
    block [40111d, 40112f)
    block [401130, 401131)
    chunk [401110, 401131)
  Default block heads for function 401140 with loose bounds [401140, 401146)
    block [401140, 401146)
    chunk [401140, 401146)
    chunk [4010d0, 401101)
  Default block heads for function 401150 with loose bounds [401150, 404558)
    block [401150, 401176)
    block [401176, 401187)
    block [401187, 40118c)
    block [40118c, 40119a)
    block [40119a, 40119f)
    block [40119f, 4011ad)
    block [4011ad, 4011b2)
    block [4011b2, 4011c0)
    block [4011c0, 4011c5)
    block [4011c5, 4011d3)
    block [4011d3, 4011d8)
    block [4011d8, 4011e6)
    block [4011e6, 4011eb)
    block [4011eb, 4011f9)
    block [4011f9, 4011fe)
    block [4011fe, 40120c)
    block [40120c, 401211)
    block [401211, 40121f)
    block [40121f, 401224)
    block [401224, 401232)
    block [401232, 401237)
    block [401237, 401245)
    block [401245, 40124a)
    block [40124a, 401258)
    block [401258, 40125d)
    block [40125d, 40126b)
    block [40126b, 401270)
    block [401270, 40127e)
    block [40127e, 401283)
    block [401283, 401291)
    block [401291, 401296)
    block [401296, 4012a4)
    block [4012a4, 4012a9)
    block [4012a9, 4012b7)
    block [4012b7, 4012bc)
    block [4012bc, 4012ca)
    block [4012ca, 4012cf)
    block [4012cf, 4012dd)
    block [4012dd, 4012e2)
    block [4012e2, 4012f0)
    block [4012f0, 4012f5)
    block [4012f5, 401303)
    block [401303, 401308)
    block [401308, 401316)
    block [401316, 40131b)
    block [40131b, 401329)
    block [401329, 40132e)
    block [40132e, 40133c)
    block [40133c, 401341)
    block [401341, 40134f)
    block [40134f, 401354)
    block [401354, 401362)
    block [401362, 401367)
    block [401367, 401375)
    block [401375, 40137a)
    block [40137a, 401388)
    block [401388, 40138d)
    block [40138d, 40139b)
    block [40139b, 4013a0)
    block [4013a0, 4013ae)
    block [4013ae, 4013b3)
    block [4013b3, 4013c1)
    block [4013c1, 4013c6)
    block [4013c6, 4013d4)
    block [4013d4, 4013d9)
    block [4013d9, 4013e7)
    block [4013e7, 4013ec)
    block [4013ec, 4013fa)
    block [4013fa, 4013ff)
    block [4013ff, 40140d)
    block [40140d, 401412)
    block [401412, 401420)
    block [401420, 401425)
    block [401425, 401433)
    block [401433, 401438)
    block [401438, 401446)
    block [401446, 40144b)
    block [40144b, 401459)
    block [401459, 40145e)
    block [40145e, 40146c)
    block [40146c, 401471)
    block [401471, 40147f)
    block [40147f, 401484)
    block [401484, 401492)
    block [401492, 401497)
    block [401497, 4014a5)
    block [4014a5, 4014aa)
    block [4014aa, 4014b8)
    block [4014b8, 4014bd)
    block [4014bd, 4014cb)
    block [4014cb, 4014d0)
    block [4014d0, 4014de)
    block [4014de, 4014e3)
    block [4014e3, 4014f1)
    block [4014f1, 4014f6)
    block [4014f6, 401504)
    block [401504, 401509)
    block [401509, 401517)
    block [401517, 40151c)
    block [40151c, 40152a)
    block [40152a, 40152f)
    block [40152f, 40153d)
    block [40153d, 401542)
    block [401542, 401550)
    block [401550, 401555)
    block [401555, 401563)
    block [401563, 401568)
    block [401568, 401576)
    block [401576, 40157b)
    block [40157b, 401589)
    block [401589, 40158e)
    block [40158e, 40159c)
    block [40159c, 4015a1)
    block [4015a1, 4015af)
    block [4015af, 4015b4)
    block [4015b4, 4015c2)
    block [4015c2, 4015c7)
    block [4015c7, 4015d5)
    block [4015d5, 4015da)
    block [4015da, 4015e8)
    block [4015e8, 4015ed)
    block [4015ed, 4015fb)
    block [4015fb, 401600)
    block [401600, 40160e)
    block [40160e, 401613)
    block [401613, 401621)
    block [401621, 401626)
    block [401626, 401634)
    block [401634, 401639)
    block [401639, 401647)
    block [401647, 40164c)
    block [40164c, 40165a)
    block [40165a, 40165f)
    block [40165f, 40166d)
    block [40166d, 401672)
    block [401672, 401680)
    block [401680, 401685)
    block [401685, 401693)
    block [401693, 401698)
    block [401698, 4016a6)
    block [4016a6, 4016ab)
    block [4016ab, 4016b9)
    block [4016b9, 4016be)
    block [4016be, 4016cc)
    block [4016cc, 4016d1)
    block [4016d1, 4016df)
    block [4016df, 4016e4)
    block [4016e4, 4016f2)
    block [4016f2, 4016f7)
    block [4016f7, 401705)
    block [401705, 40170a)
    block [40170a, 401718)
    block [401718, 40171d)
    block [40171d, 40172b)
    block [40172b, 401730)
    block [401730, 40173e)
    block [40173e, 401743)
    block [401743, 401751)
    block [401751, 401756)
    block [401756, 401764)
    block [401764, 401769)
    block [401769, 401777)
    block [401777, 40177c)
    block [40177c, 40178a)
    block [40178a, 40178f)
    block [40178f, 40179d)
    block [40179d, 4017a2)
    block [4017a2, 4017b0)
    block [4017b0, 4017b5)
    block [4017b5, 4017c3)
    block [4017c3, 4017c8)
    block [4017c8, 4017d6)
    block [4017d6, 4017db)
    block [4017db, 4017e9)
    block [4017e9, 4017ee)
    block [4017ee, 4017fc)
    block [4017fc, 401801)
    block [401801, 40180f)
    block [40180f, 401814)
    block [401814, 401822)
    block [401822, 401827)
    block [401827, 401835)
    block [401835, 40183a)
    block [40183a, 401848)
    block [401848, 40184d)
    block [40184d, 40185b)
    block [40185b, 401860)
    block [401860, 40186e)
    block [40186e, 401873)
    block [401873, 401881)
    block [401881, 401886)
    block [401886, 401894)
    block [401894, 401899)
    block [401899, 4018a7)
    block [4018a7, 4018ac)
    block [4018ac, 4018ba)
    block [4018ba, 4018bf)
    block [4018bf, 4018cd)
    block [4018cd, 4018d2)
    block [4018d2, 4018e0)
    block [4018e0, 4018e5)
    block [4018e5, 4018f3)
    block [4018f3, 4018f8)
    block [4018f8, 401906)
    block [401906, 40190b)
    block [40190b, 401919)
    block [401919, 40191e)
    block [40191e, 40192c)
    block [40192c, 401931)
    block [401931, 40193f)
    block [40193f, 401944)
    block [401944, 401952)
    block [401952, 401957)
    block [401957, 401965)
    block [401965, 40196a)
    block [40196a, 401978)
    block [401978, 40197d)
    block [40197d, 40198b)
    block [40198b, 401990)
    block [401990, 40199e)
    block [40199e, 4019a3)
    block [4019a3, 4019b1)
    block [4019b1, 4019b6)
    block [4019b6, 4019c4)
    block [4019c4, 4019c9)
    block [4019c9, 4019d7)
    block [4019d7, 4019dc)
    block [4019dc, 4019ea)
    block [4019ea, 4019ef)
    block [4019ef, 4019fd)
    block [4019fd, 401a02)
    block [401a02, 401a10)
    block [401a10, 401a15)
    block [401a15, 401a23)
    block [401a23, 401a28)
    block [401a28, 401a36)
    block [401a36, 401a3b)
    block [401a3b, 401a49)
    block [401a49, 401a4e)
    block [401a4e, 401a5c)
    block [401a5c, 401a61)
    block [401a61, 401a6f)
    block [401a6f, 401a74)
    block [401a74, 401a82)
    block [401a82, 401a87)
    block [401a87, 401a95)
    block [401a95, 401a9a)
    block [401a9a, 401aa8)
    block [401aa8, 401aad)
    block [401aad, 401abb)
    block [401abb, 401ac0)
    block [401ac0, 401ace)
    block [401ace, 401ad3)
    block [401ad3, 401ae1)
    block [401ae1, 401ae6)
    block [401ae6, 401af4)
    block [401af4, 401af9)
    block [401af9, 401b07)
    block [401b07, 401b0c)
    block [401b0c, 401b1a)
    block [401b1a, 401b1f)
    block [401b1f, 401b2d)
    block [401b2d, 401b32)
    block [401b32, 401b40)
    block [401b40, 401b45)
    block [401b45, 401b53)
    block [401b53, 401b58)
    block [401b58, 401b66)
    block [401b66, 401b6b)
    block [401b6b, 401b79)
    block [401b79, 401b7e)
    block [401b7e, 401b8c)
    block [401b8c, 401b91)
    block [401b91, 401b9f)
    block [401b9f, 401ba4)
    block [401ba4, 401bb2)
    block [401bb2, 401bb7)
    block [401bb7, 401bc5)
    block [401bc5, 401bca)
    block [401bca, 401bd8)
    block [401bd8, 401bdd)
    block [401bdd, 401beb)
    block [401beb, 401bf0)
    block [401bf0, 401bfe)
    block [401bfe, 401c03)
    block [401c03, 401c11)
    block [401c11, 401c16)
    block [401c16, 401c24)
    block [401c24, 401c29)
    block [401c29, 401c37)
    block [401c37, 401c3c)
    block [401c3c, 401c4a)
    block [401c4a, 401c4f)
    block [401c4f, 401c5d)
    block [401c5d, 401c62)
    block [401c62, 401c70)
    block [401c70, 401c75)
    block [401c75, 401c83)
    block [401c83, 401c88)
    block [401c88, 401c96)
    block [401c96, 401c9b)
    block [401c9b, 401ca9)
    block [401ca9, 401cae)
    block [401cae, 401cbc)
    block [401cbc, 401cc1)
    block [401cc1, 401ccf)
    block [401ccf, 401cd4)
    block [401cd4, 401ce2)
    block [401ce2, 401ce7)
    block [401ce7, 401cf5)
    block [401cf5, 401cfa)
    block [401cfa, 401d08)
    block [401d08, 401d0d)
    block [401d0d, 401d1b)
    block [401d1b, 401d20)
    block [401d20, 401d2e)
    block [401d2e, 401d33)
    block [401d33, 401d41)
    block [401d41, 401d46)
    block [401d46, 401d54)
    block [401d54, 401d59)
    block [401d59, 401d67)
    block [401d67, 401d6c)
    block [401d6c, 401d7a)
    block [401d7a, 401d7f)
    block [401d7f, 401d8d)
    block [401d8d, 401d92)
    block [401d92, 401da0)
    block [401da0, 401da5)
    block [401da5, 401db3)
    block [401db3, 401db8)
    block [401db8, 401dc6)
    block [401dc6, 401dcb)
    block [401dcb, 401dd9)
    block [401dd9, 401dde)
    block [401dde, 401dec)
    block [401dec, 401df1)
    block [401df1, 401dff)
    block [401dff, 401e04)
    block [401e04, 401e12)
    block [401e12, 401e17)
    block [401e17, 401e25)
    block [401e25, 401e2a)
    block [401e2a, 401e38)
    block [401e38, 401e3d)
    block [401e3d, 401e4b)
    block [401e4b, 401e50)
    block [401e50, 401e5e)
    block [401e5e, 401e63)
    block [401e63, 401e71)
    block [401e71, 401e76)
    block [401e76, 401e84)
    block [401e84, 401e89)
    block [401e89, 401e97)
    block [401e97, 401e9c)
    block [401e9c, 401eaa)
    block [401eaa, 401eaf)
    block [401eaf, 401ebd)
    block [401ebd, 401ec2)
    block [401ec2, 401ed0)
    block [401ed0, 401ed5)
    block [401ed5, 401ee3)
    block [401ee3, 401ee8)
    block [401ee8, 401ef6)
    block [401ef6, 401efb)
    block [401efb, 401f09)
    block [401f09, 401f0e)
    block [401f0e, 401f1c)
    block [401f1c, 401f21)
    block [401f21, 401f2f)
    block [401f2f, 401f34)
    block [401f34, 401f42)
    block [401f42, 401f47)
    block [401f47, 401f55)
    block [401f55, 401f5a)
    block [401f5a, 401f5f)
    block [401f5f, 401fac)
    block [401fac, 402019)
    block [402019, 402038)
    block [402038, 402050)
    block [402050, 4020df)
    block [4020df, 40212c)
    block [40212c, 402147)
    block [402147, 40219c)
    block [40219c, 40222a)
    block [40222a, 402236)
    block [402236, 40224f)
    block [40224f, 40227b)
    block [40227b, 40229c)
    block [40229c, 4022af)
    block [4022af, 4022c8)
    block [4022c8, 40234f)
    block [40234f, 4023c2)
    block [4023c2, 4023dd)
    block [4023dd, 40245c)
    block [40245c, 4024ea)
    block [4024ea, 4024f6)
    block [4024f6, 40250f)
    block [40250f, 402596)
    block [402596, 4025f9)
    block [4025f9, 402614)
    block [402614, 402669)
    block [402669, 4026f9)
    block [4026f9, 402714)
    block [402714, 402769)
    block [402769, 4027c5)
    block [4027c5, 4027d1)
    block [4027d1, 4027ef)
    block [4027ef, 402802)
    block [402802, 402889)
    block [402889, 402921)
    block [402921, 40293c)
    block [40293c, 40294f)
    block [40294f, 4029d6)
    block [4029d6, 402a2b)
    block [402a2b, 402a37)
    block [402a37, 402ab6)
    block [402ab6, 402b35)
    block [402b35, 402b41)
    block [402b41, 402b8e)
    block [402b8e, 402bf0)
    block [402bf0, 402bfc)
    block [402bfc, 402c15)
    block [402c15, 402c2e)
    block [402c2e, 402c4b)
    block [402c4b, 402cca)
    block [402cca, 402d2b)
    block [402d2b, 402d46)
    block [402d46, 402d63)
    block [402d63, 402dea)
    block [402dea, 402e43)
    block [402e43, 402e5e)
    block [402e5e, 402e7b)
    block [402e7b, 402efa)
    block [402efa, 402f53)
    block [402f53, 402f6e)
    block [402f6e, 402f8b)
    block [402f8b, 402f97)
    block [402f97, 402fa3)
    block [402fa3, 402faf)
    block [402faf, 402fbb)
    block [402fbb, 402fd9)
    block [402fd9, 402fec)
    block [402fec, 403005)
    block [403005, 403020)
    block [403020, 40303e)
    block [40303e, 403051)
    block [403051, 40306f)
    block [40306f, 403082)
    block [403082, 4030a0)
    block [4030a0, 4030b3)
    block [4030b3, 4030bf)
    block [4030bf, 40313e)
    block [40313e, 4031c5)
    block [4031c5, 4031d1)
    block [4031d1, 4031f0)
    block [4031f0, 403209)
    block [403209, 403222)
    block [403222, 40326f)
    block [40326f, 4032d5)
    block [4032d5, 4032e1)
    block [4032e1, 403336)
    block [403336, 403397)
    block [403397, 4033b2)
    block [4033b2, 403439)
    block [403439, 4034d1)
    block [4034d1, 4034dd)
    block [4034dd, 40355c)
    block [40355c, 4035b5)
    block [4035b5, 4035d0)
    block [4035d0, 4035ed)
    block [4035ed, 40363a)
    block [40363a, 4036cd)
    block [4036cd, 4036e8)
    block [4036e8, 403705)
    block [403705, 403711)
    block [403711, 40371d)
    block [40371d, 40379c)
    block [40379c, 403823)
    block [403823, 40382f)
    block [40382f, 4038b6)
    block [4038b6, 40390b)
    block [40390b, 403917)
    block [403917, 403996)
    block [403996, 4039fc)
    block [4039fc, 403a17)
    block [403a17, 403a2a)
    block [403a2a, 403a43)
    block [403a43, 403a5e)
    block [403a5e, 403aab)
    block [403aab, 403b43)
    block [403b43, 403b5e)
    block [403b5e, 403bb3)
    block [403bb3, 403c41)
    block [403c41, 403c4d)
    block [403c4d, 403ccc)
    block [403ccc, 403d64)
    block [403d64, 403d7f)
    block [403d7f, 403dd4)
    block [403dd4, 403e30)
    block [403e30, 403e3c)
    block [403e3c, 403e5a)
    block [403e5a, 403e6d)
    block [403e6d, 403ec2)
    block [403ec2, 403f17)
    block [403f17, 403f23)
    block [403f23, 403f2f)
    block [403f2f, 403f4e)
    block [403f4e, 403f67)
    block [403f67, 403f80)
    block [403f80, 404007)
    block [404007, 40409f)
    block [40409f, 4040ab)
    block [4040ab, 4040c4)
    block [4040c4, 4040e1)
    block [4040e1, 4040fa)
    block [4040fa, 404117)
    block [404117, 404130)
    block [404130, 40414d)
    block [40414d, 404159)
    block [404159, 404165)
    block [404165, 4041e4)
    block [4041e4, 404239)
    block [404239, 404245)
    block [404245, 404251)
    block [404251, 40425d)
    block [40425d, 4042b2)
    block [4042b2, 404312)
    block [404312, 40431e)
    block [40431e, 40432a)
    block [40432a, 404332)
    block [404332, 404353)
    block [404353, 40435f)
    block [40435f, 404372)
    block [404372, 404393)
    block [404393, 4043a6)
    block [4043a6, 4043b2)
    block [4043b2, 4043be)
    block [4043be, 4043d1)
    block [4043d1, 4043dd)
    block [4043dd, 4043e9)
    block [4043e9, 4043f5)
    block [4043f5, 404414)
    block [404414, 404420)
    block [404420, 40442c)
    block [40442c, 404438)
    block [404438, 404444)
    block [404444, 404461)
    block [404461, 40446d)
    block [40446d, 40448a)
    block [40448a, 404496)
    block [404496, 4044a2)
    block [4044a2, 4044ae)
    block [4044ae, 4044ba)
    block [4044ba, 4044c6)
    block [4044c6, 4044d2)
    block [4044d2, 4044e5)
    block [4044e5, 4044f1)
    block [4044f1, 404504)
    block [404504, 404510)
    block [404510, 40452d)
    block [40452d, 404539)
    block [404539, 404553)
    block [404553, 404558)
    chunk [401150, 404558)
Looking for instructions in segment .fini
  Default block heads for function 404558 with loose bounds [404558, 404565)
    block [404558, 404565)
    chunk [404558, 404565)
Looking for strings in segment .rodata [405000, 405010)
  Found string b'3\n' of length 3 at 405007, jumping to 40500a
  Found string b'1\n' of length 3 at 40500a, jumping to 40500d
  Found string b'2\n' of length 3 at 40500d, jumping to 405010
Looking for strings in segment .eh_frame_hdr [405010, 40503c)
Looking for strings in segment .eh_frame [405040, 4050d0)
Looking for strings in segment .init_array [406de8, 406df0)
Looking for strings in segment .fini_array [406df0, 406df8)
Looking for strings in segment .got [406fd8, 406fe8)
Looking for strings in segment .got.plt [406fe8, 407018)
Looking for strings in segment .data [407018, 407028)
Looking for strings in segment .bss [407028, 407038)
Looking for strings in segment extern [407038, 407060)
Looking for cross-references in segment .init [401000, 40101b)
Looking for cross-references in segment .plt [401020, 401060)
  Stopping scan at 40102c
Looking for cross-references in segment .text [401060, 404558)
  Stopping scan at 40108c
  Stopping scan at 40109c
  Stopping scan at ffffffffffffffff
  Stopping scan at 4010cc
  Stopping scan at 40110c
  Stopping scan at ffffffffffffffff
  Stopping scan at 40113c
  Stopping scan at 40114c
Looking for cross-references in segment .fini [404558, 404565)
Looking for cross-references in segment .rodata [405000, 405010)
  Stopping scan at 40500c
Looking for cross-references in segment .eh_frame_hdr [405010, 40503c)
  Stopping scan at 405038
Looking for cross-references in segment .eh_frame [405040, 4050d0)
  Stopping scan at 4050cc
Looking for cross-references in segment .init_array [406de8, 406df0)
  Adding qword reference from 406de8 to 401140
  Stopping scan at 406de8
Looking for cross-references in segment .fini_array [406df0, 406df8)
  Adding qword reference from 406df0 to 401110
  Stopping scan at 406df0
Looking for cross-references in segment .got [406fd8, 406fe8)
  Adding qword reference from 406fd8 to 407038
  Adding qword reference from 406fe0 to 407058
  Stopping scan at 406fe0
Looking for cross-references in segment .got.plt [406fe8, 407018)
  Adding qword reference from 407000 to 407040
  Adding qword reference from 407008 to 407048
  Adding qword reference from 407010 to 407050
  Stopping scan at 407010
Looking for cross-references in segment .data [407018, 407028)
  Stopping scan at 407024
Looking for cross-references in segment .bss [407028, 407038)
  Stopping scan at 407034
Looking for cross-references in segment extern [407038, 407060)
  Stopping scan at 40705c
Looking for thunks
  Found thunk for printf targeting 407040 at 401030
  Found thunk for memset targeting 407048 at 401040
  Found thunk for __isoc99_scanf targeting 407050 at 401050
Looking for external symbols
  Function at 401030 is the external function printf
  Function at 401040 is the external function memset
  Function at 401050 is the external function __isoc99_scanf
  Function at 407038 is the external function __libc_start_main
  Function at 407040 is the external function printf
  Function at 407048 is the external function memset
  Function at 407050 is the external function __isoc99_scanf
  Function at 407058 is the external function __gmon_start__
Looking for entrypoints
Recovering .init_proc at 401000
  Analysing subroutine .init_proc at 401000
    Block head at 0040101b is not code.
  Subroutine .init_proc at 401000 has 3 blocks
  BB: 401000 in func 401000 with 5 insts
    Referenced by data
    I: 401000
    I: 401004
    I: 401008 (mem 406fe0)
    I: 40100f
    I: 401012 (flow 401016)
      Successors: 401014, 401016
  BB: 401014 in func 401000 with 1 insts
    I: 401014
      Successors: 401016
  BB: 401016 in func 401000 with 2 insts
    I: 401016
    I: 40101a
      No successors
Recovering 401020
  Analysing subroutine sub_401020 at 401020
  WARNING: No table entries for indirect jump at 401026; Adding next_ea 40102c as successor.
  Subroutine sub_401020 at 401020 has 2 blocks
  WARNING: No table entries for indirect jump at 401026; Adding next_ea 40102c as successor.
  BB: 401020 in func 401020 with 2 insts
    I: 401020 (mem 406ff0)
    I: 401026 (mem 406ff8)
      Successors: 40102c
  BB: 40102c in func 401020 with 1 insts
    I: 40102c
      No successors
Recovering start at 401060
  Analysing subroutine start at 401060
  Subroutine start at 401060 has 3 blocks
  BB: 401060 in func 401060 with 13 insts
    Referenced by data
    I: 401060
    I: 401064
    I: 401066
    I: 401069
    I: 40106a
    I: 40106d
    I: 401071
    I: 401072
    I: 401073
    I: 401076
    I: 401078 (imm 401150)
    I: 40107f (mem 406fd8)
    I: 401085
      No successors
  BB: 401095 in func 401060 with 2 insts
    I: 401095
    I: 40109f
      No successors
  BB: 401086 in func 401060 with 3 insts
    I: 401086
    I: 401090
    I: 401094
      No successors
Recovering 4010a0
  Analysing subroutine sub_4010A0 at 4010a0
  WARNING: No table entries for indirect jump at 4010bc; Adding next_ea 4010be as successor.
  WARNING: No table entries for indirect jump at 4010fe; Adding next_ea 401100 as successor.
  Subroutine sub_4010A0 at 4010a0 has 11 blocks
  BB: 4010a0 in func 4010a0 with 3 insts
    I: 4010a0 (imm 407028)
    I: 4010a5 (imm 407028)
    I: 4010ab (flow 4010c0)
      Successors: 4010c0, 4010ad
  BB: 4010c0 in func 4010a0 with 1 insts
    I: 4010c0
      No successors
  BB: 4010c1 in func 4010a0 with 2 insts
    I: 4010c1
    I: 4010c5
      Successors: 4010d0
  BB: 401100 in func 4010a0 with 1 insts
    I: 401100
      No successors
  BB: 401101 in func 4010a0 with 2 insts
    I: 401101
    I: 401105
      No successors
  BB: 4010ad in func 4010a0 with 3 insts
    I: 4010ad
    I: 4010b2
    I: 4010b5 (flow 4010c0)
      Successors: 4010c0, 4010b7
  BB: 4010ef in func 4010a0 with 3 insts
    I: 4010ef
    I: 4010f4
    I: 4010f7 (flow 401100)
      Successors: 401100, 4010f9
  BB: 4010d0 in func 4010a0 with 8 insts
    I: 4010d0 (imm 407028)
    I: 4010d5 (imm 407028)
    I: 4010dc
    I: 4010df
    I: 4010e3
    I: 4010e7
    I: 4010ea
    I: 4010ed (flow 401100)
      Successors: 401100, 4010ef
  WARNING: No table entries for indirect jump at 4010bc; Adding next_ea 4010be as successor.
  BB: 4010b7 in func 4010a0 with 2 insts
    I: 4010b7 (imm 407028)
    I: 4010bc
      Successors: 4010be
  WARNING: No table entries for indirect jump at 4010fe; Adding next_ea 401100 as successor.
  BB: 4010f9 in func 4010a0 with 2 insts
    I: 4010f9 (imm 407028)
    I: 4010fe
      Successors: 401100
  BB: 4010be in func 4010a0 with 1 insts
    I: 4010be
      Successors: 4010c0
Recovering 401110
  Analysing subroutine sub_401110 at 401110
  Subroutine sub_401110 at 401110 has 5 blocks
  BB: 40112f in func 401110 with 1 insts
    I: 40112f
      Successors: 401130
  BB: 401110 in func 401110 with 3 insts
    Referenced by data
    I: 401110
    I: 401114 (mem 407028)
    I: 40111b (flow 401130)
      Successors: 401130, 40111d
  BB: 401131 in func 401110 with 2 insts
    I: 401131
    I: 401135
      No successors
  BB: 401130 in func 401110 with 1 insts
    I: 401130
      No successors
  BB: 40111d in func 401110 with 6 insts
    I: 40111d
    I: 40111e
    I: 401121 (flow 4010a0)
    I: 401126 (mem 407028)
    I: 40112d
    I: 40112e
      No successors
Recovering 401140
  Analysing subroutine sub_401140 at 401140
  WARNING: No table entries for indirect jump at 4010fe; Adding next_ea 401100 as successor.
  Subroutine sub_401140 at 401140 has 6 blocks
  BB: 401140 in func 401140 with 2 insts
    Referenced by data
    I: 401140
    I: 401144 (flow 4010d0)
      Successors: 4010d0
  BB: 401100 in func 401140 with 1 insts
    I: 401100
      No successors
  BB: 401146 in func 401140 with 1 insts
    I: 401146
      No successors
  BB: 4010ef in func 401140 with 3 insts
    I: 4010ef
    I: 4010f4
    I: 4010f7 (flow 401100)
      Successors: 401100, 4010f9
  BB: 4010d0 in func 401140 with 8 insts
    I: 4010d0 (imm 407028)
    I: 4010d5 (imm 407028)
    I: 4010dc
    I: 4010df
    I: 4010e3
    I: 4010e7
    I: 4010ea
    I: 4010ed (flow 401100)
      Successors: 401100, 4010ef
  WARNING: No table entries for indirect jump at 4010fe; Adding next_ea 401100 as successor.
  BB: 4010f9 in func 401140 with 2 insts
    I: 4010f9 (imm 407028)
    I: 4010fe
      Successors: 401100
Recovering main at 401150
  Analysing subroutine main at 401150
  Subroutine main at 401150 has 564 blocks
  BB: 401801 in func 401150 with 3 insts
    I: 401801
    I: 401804
    I: 401809 (flow 402b8e)
      Successors: 402b8e, 40180f
  BB: 402802 in func 401150 with 40 insts
    I: 402802 (imm 40702c)
    I: 402809
    I: 40280b (imm 407030)
    I: 402812
    I: 402814
    I: 402816
    I: 40281c
    I: 40281f
    I: 402825
    I: 402828
    I: 40282b
    I: 40282e
    I: 402832
    I: 402835
    I: 402839
    I: 40283c
    I: 40283e
    I: 402841
    I: 402845
    I: 402847
    I: 40284a
    I: 40284c
    I: 40284f
    I: 402852
    I: 402855
    I: 402859
    I: 40285c
    I: 40285f
    I: 402862
    I: 402865
    I: 402868
    I: 40286a
    I: 40286d
    I: 40286f
    I: 402871
    I: 402876
    I: 40287b
    I: 40287e
    I: 402881
    I: 402884 (flow 404553)
      Successors: 404553
  BB: 403005 in func 401150 with 7 insts
    I: 403005
    I: 403008
    I: 40300d
    I: 403012
    I: 403015
    I: 403018
    I: 40301b (flow 404553)
      Successors: 404553
  BB: 404007 in func 401150 with 43 insts
    I: 404007 (imm 405007)
    I: 404011
    I: 404013 (flow 407040)
    I: 404018 (imm 40702c)
    I: 40401f
    I: 404021 (imm 407030)
    I: 404028
    I: 40402a
    I: 40402c
    I: 404032
    I: 404035
    I: 40403b
    I: 40403e
    I: 404041
    I: 404044
    I: 404048
    I: 40404b
    I: 40404f
    I: 404052
    I: 404054
    I: 404057
    I: 40405b
    I: 40405d
    I: 404060
    I: 404062
    I: 404065
    I: 404068
    I: 40406b
    I: 40406f
    I: 404072
    I: 404075
    I: 404078
    I: 40407b
    I: 40407e
    I: 404080
    I: 404083
    I: 404085
    I: 404087
    I: 40408c
    I: 404091
    I: 404094
    I: 404097
    I: 40409a (flow 404553)
      Successors: 404553
  BB: 40180f in func 401150 with 1 insts
    I: 40180f (flow 401814)
      Successors: 401814
  BB: 401814 in func 401150 with 3 insts
    I: 401814
    I: 401817
    I: 40181c (flow 402f53)
      Successors: 401822, 402f53
  BB: 402019 in func 401150 with 8 insts
    I: 402019
    I: 40201c
    I: 402021
    I: 402026
    I: 402029
    I: 40202c
    I: 40202f
    I: 402033 (flow 404553)
      Successors: 404553
  BB: 403020 in func 401150 with 7 insts
    I: 403020
    I: 403024
    I: 403029
    I: 40302e
    I: 403033
    I: 403036
    I: 403039 (flow 404553)
      Successors: 404553
  BB: 401822 in func 401150 with 1 insts
    I: 401822 (flow 401827)
      Successors: 401827
  BB: 403823 in func 401150 with 2 insts
    I: 403823
    I: 40382a (flow 404553)
      Successors: 404553
  BB: 401827 in func 401150 with 3 insts
    I: 401827
    I: 40182a
    I: 40182f (flow 404444)
      Successors: 404444, 401835
  BB: 40382f in func 401150 with 40 insts
    I: 40382f (imm 40702c)
    I: 403836
    I: 403838 (imm 407030)
    I: 40383f
    I: 403841
    I: 403843
    I: 403849
    I: 40384c
    I: 403852
    I: 403855
    I: 403858
    I: 40385b
    I: 40385f
    I: 403862
    I: 403866
    I: 403869
    I: 40386b
    I: 40386e
    I: 403872
    I: 403874
    I: 403877
    I: 403879
    I: 40387c
    I: 40387f
    I: 403882
    I: 403886
    I: 403889
    I: 40388c
    I: 40388f
    I: 403892
    I: 403895
    I: 403897
    I: 40389a
    I: 40389c
    I: 40389e
    I: 4038a3
    I: 4038a8
    I: 4038ab
    I: 4038ae
    I: 4038b1 (flow 404553)
      Successors: 404553
  BB: 401835 in func 401150 with 1 insts
    I: 401835 (flow 40183a)
      Successors: 40183a
  BB: 402038 in func 401150 with 6 insts
    I: 402038
    I: 40203c
    I: 40203f
    I: 402046
    I: 402048
    I: 40204b (flow 404553)
      Successors: 404553
  BB: 40183a in func 401150 with 3 insts
    I: 40183a
    I: 40183d
    I: 401842 (flow 404504)
      Successors: 401848, 404504
  BB: 40303e in func 401150 with 3 insts
    I: 40303e
    I: 403045
    I: 40304c (flow 404553)
      Successors: 404553
  BB: 401848 in func 401150 with 1 insts
    I: 401848 (flow 40184d)
      Successors: 40184d
  BB: 40184d in func 401150 with 3 insts
    I: 40184d
    I: 401850
    I: 401855 (flow 402f6e)
      Successors: 40185b, 402f6e
  BB: 402050 in func 401150 with 43 insts
    I: 402050
    I: 402053
    I: 402055
    I: 402058 (imm 40702c)
    I: 40205f
    I: 402061 (imm 407030)
    I: 402068
    I: 40206a
    I: 40206c
    I: 402072
    I: 402075
    I: 40207b
    I: 40207e
    I: 402081
    I: 402084
    I: 402088
    I: 40208b
    I: 40208f
    I: 402092
    I: 402094
    I: 402097
    I: 40209b
    I: 40209d
    I: 4020a0
    I: 4020a2
    I: 4020a5
    I: 4020a8
    I: 4020ab
    I: 4020af
    I: 4020b2
    I: 4020b5
    I: 4020b8
    I: 4020bb
    I: 4020be
    I: 4020c0
    I: 4020c3
    I: 4020c5
    I: 4020c7
    I: 4020cc
    I: 4020d1
    I: 4020d4
    I: 4020d7
    I: 4020da (flow 404553)
      Successors: 404553
  BB: 403051 in func 401150 with 7 insts
    I: 403051
    I: 403055
    I: 40305a
    I: 40305f
    I: 403064
    I: 403067
    I: 40306a (flow 404553)
      Successors: 404553
  BB: 40185b in func 401150 with 1 insts
    I: 40185b (flow 401860)
      Successors: 401860
  BB: 401860 in func 401150 with 3 insts
    I: 401860
    I: 401863
    I: 401868 (flow 40382f)
      Successors: 40186e, 40382f
  BB: 40186e in func 401150 with 1 insts
    I: 40186e (flow 401873)
      Successors: 401873
  BB: 40306f in func 401150 with 3 insts
    I: 40306f
    I: 403076
    I: 40307d (flow 404553)
      Successors: 404553
  BB: 401873 in func 401150 with 3 insts
    I: 401873
    I: 401876
    I: 40187b (flow 40452d)
      Successors: 401881, 40452d
  BB: 401881 in func 401150 with 1 insts
    I: 401881 (flow 401886)
      Successors: 401886
  BB: 403082 in func 401150 with 7 insts
    I: 403082
    I: 403086
    I: 40308b
    I: 403090
    I: 403095
    I: 403098
    I: 40309b (flow 404553)
      Successors: 404553
  BB: 401886 in func 401150 with 3 insts
    I: 401886
    I: 401889
    I: 40188e (flow 403f23)
      Successors: 403f23, 401894
  BB: 402889 in func 401150 with 45 insts
    I: 402889
    I: 40288d
    I: 402892
    I: 402895
    I: 402897
    I: 40289a (imm 40702c)
    I: 4028a1
    I: 4028a3 (imm 407030)
    I: 4028aa
    I: 4028ac
    I: 4028ae
    I: 4028b4
    I: 4028b7
    I: 4028bd
    I: 4028c0
    I: 4028c3
    I: 4028c6
    I: 4028ca
    I: 4028cd
    I: 4028d1
    I: 4028d4
    I: 4028d6
    I: 4028d9
    I: 4028dd
    I: 4028df
    I: 4028e2
    I: 4028e4
    I: 4028e7
    I: 4028ea
    I: 4028ed
    I: 4028f1
    I: 4028f4
    I: 4028f7
    I: 4028fa
    I: 4028fd
    I: 402900
    I: 402902
    I: 402905
    I: 402907
    I: 402909
    I: 40290e
    I: 402913
    I: 402916
    I: 402919
    I: 40291c (flow 404553)
      Successors: 404553
  BB: 401894 in func 401150 with 1 insts
    I: 401894 (flow 401899)
      Successors: 401899
  BB: 401899 in func 401150 with 3 insts
    I: 401899
    I: 40189c
    I: 4018a1 (flow 403082)
      Successors: 403082, 4018a7
  BB: 40409f in func 401150 with 2 insts
    I: 40409f
    I: 4040a6 (flow 404553)
      Successors: 404553
  BB: 4030a0 in func 401150 with 3 insts
    I: 4030a0
    I: 4030a7
    I: 4030ae (flow 404553)
      Successors: 404553
  BB: 4018a7 in func 401150 with 1 insts
    I: 4018a7 (flow 4018ac)
      Successors: 4018ac
  BB: 4040ab in func 401150 with 6 insts
    I: 4040ab
    I: 4040b0
    I: 4040b5
    I: 4040b9
    I: 4040bc
    I: 4040bf (flow 404553)
      Successors: 404553
  BB: 4018ac in func 401150 with 3 insts
    I: 4018ac
    I: 4018af
    I: 4018b4 (flow 403005)
      Successors: 4018ba, 403005
  BB: 4030b3 in func 401150 with 2 insts
    I: 4030b3
    I: 4030ba (flow 404553)
      Successors: 404553
  BB: 4038b6 in func 401150 with 24 insts
    I: 4038b6 (imm 40702c)
    I: 4038bd
    I: 4038bf (imm 407030)
    I: 4038c6
    I: 4038c8
    I: 4038ca
    I: 4038d0
    I: 4038d3
    I: 4038d9
    I: 4038dc
    I: 4038df
    I: 4038e2
    I: 4038e5
    I: 4038e8
    I: 4038eb
    I: 4038ed
    I: 4038ef
    I: 4038f1
    I: 4038f3
    I: 4038f8
    I: 4038fd
    I: 403900
    I: 403903
    I: 403906 (flow 404553)
      Successors: 404553
  BB: 4018ba in func 401150 with 1 insts
    I: 4018ba (flow 4018bf)
      Successors: 4018bf
  BB: 4018bf in func 401150 with 3 insts
    I: 4018bf
    I: 4018c2
    I: 4018c7 (flow 4040c4)
      Successors: 4040c4, 4018cd
  BB: 4030bf in func 401150 with 40 insts
    I: 4030bf (imm 40702c)
    I: 4030c6
    I: 4030c8 (imm 407030)
    I: 4030cf
    I: 4030d1
    I: 4030d3
    I: 4030d6
    I: 4030d8
    I: 4030da
    I: 4030dd
    I: 4030e0
    I: 4030e3
    I: 4030e7
    I: 4030ea
    I: 4030ee
    I: 4030f1
    I: 4030f3
    I: 4030f6
    I: 4030fa
    I: 4030fc
    I: 4030ff
    I: 403101
    I: 403104
    I: 403107
    I: 40310a
    I: 40310e
    I: 403111
    I: 403114
    I: 403117
    I: 40311a
    I: 40311d
    I: 40311f
    I: 403122
    I: 403124
    I: 403126
    I: 40312b
    I: 403130
    I: 403133
    I: 403136
    I: 403139 (flow 404553)
      Successors: 404553
  BB: 4040c4 in func 401150 with 5 insts
    I: 4040c4 (imm 40500a)
    I: 4040ce
    I: 4040d0 (flow 407040)
    I: 4040d5
    I: 4040dc (flow 404553)
      Successors: 404553
  BB: 4018cd in func 401150 with 1 insts
    I: 4018cd (flow 4018d2)
      Successors: 4018d2
  BB: 4018d2 in func 401150 with 3 insts
    I: 4018d2
    I: 4018d5
    I: 4018da (flow 403b43)
      Successors: 4018e0, 403b43
  BB: 4020df in func 401150 with 24 insts
    I: 4020df (imm 40702c)
    I: 4020e6
    I: 4020e8 (imm 407030)
    I: 4020ef
    I: 4020f1
    I: 4020f3
    I: 4020f6
    I: 4020f8
    I: 4020fa
    I: 4020fd
    I: 402100
    I: 402103
    I: 402106
    I: 402109
    I: 40210c
    I: 40210e
    I: 402110
    I: 402112
    I: 402114
    I: 402119
    I: 40211e
    I: 402121
    I: 402124
    I: 402127 (flow 404553)
      Successors: 404553
  BB: 4018e0 in func 401150 with 1 insts
    I: 4018e0 (flow 4018e5)
      Successors: 4018e5
  BB: 4040e1 in func 401150 with 6 insts
    I: 4040e1
    I: 4040e6
    I: 4040eb
    I: 4040ef
    I: 4040f2
    I: 4040f5 (flow 404553)
      Successors: 404553
  BB: 4018e5 in func 401150 with 3 insts
    I: 4018e5
    I: 4018e8
    I: 4018ed (flow 4027d1)
      Successors: 4027d1, 4018f3
  BB: 4018f3 in func 401150 with 1 insts
    I: 4018f3 (flow 4018f8)
      Successors: 4018f8
  BB: 4018f8 in func 401150 with 3 insts
    I: 4018f8
    I: 4018fb
    I: 401900 (flow 40303e)
      Successors: 40303e, 401906
  BB: 4040fa in func 401150 with 5 insts
    I: 4040fa (imm 40500d)
    I: 404104
    I: 404106 (flow 407040)
    I: 40410b
    I: 404112 (flow 404553)
      Successors: 404553
  BB: 401906 in func 401150 with 1 insts
    I: 401906 (flow 40190b)
      Successors: 40190b
  BB: 40190b in func 401150 with 3 insts
    I: 40190b
    I: 40190e
    I: 401913 (flow 4038b6)
      Successors: 401919, 4038b6
  BB: 40390b in func 401150 with 2 insts
    I: 40390b
    I: 403912 (flow 404553)
      Successors: 404553
  BB: 403917 in func 401150 with 40 insts
    I: 403917 (imm 40702c)
    I: 40391e
    I: 403920 (imm 407030)
    I: 403927
    I: 403929
    I: 40392b
    I: 40392e
    I: 403930
    I: 403932
    I: 403935
    I: 403938
    I: 40393b
    I: 40393f
    I: 403942
    I: 403946
    I: 403949
    I: 40394b
    I: 40394e
    I: 403952
    I: 403954
    I: 403957
    I: 403959
    I: 40395c
    I: 40395f
    I: 403962
    I: 403966
    I: 403969
    I: 40396c
    I: 40396f
    I: 403972
    I: 403975
    I: 403977
    I: 40397a
    I: 40397c
    I: 40397e
    I: 403983
    I: 403988
    I: 40398b
    I: 40398e
    I: 403991 (flow 404553)
      Successors: 404553
  BB: 404117 in func 401150 with 6 insts
    I: 404117
    I: 40411c
    I: 404121
    I: 404125
    I: 404128
    I: 40412b (flow 404553)
      Successors: 404553
  BB: 401919 in func 401150 with 1 insts
    I: 401919 (flow 40191e)
      Successors: 40191e
  BB: 40191e in func 401150 with 3 insts
    I: 40191e
    I: 401921
    I: 401926 (flow 403e30)
      Successors: 403e30, 40192c
  BB: 402921 in func 401150 with 7 insts
    I: 402921
    I: 402924
    I: 402929
    I: 40292e
    I: 402931
    I: 402934
    I: 402937 (flow 404553)
      Successors: 404553
  BB: 40192c in func 401150 with 1 insts
    I: 40192c (flow 401931)
      Successors: 401931
  BB: 40212c in func 401150 with 7 insts
    I: 40212c
    I: 40212f
    I: 402134
    I: 402139
    I: 40213c
    I: 40213f
    I: 402142 (flow 404553)
      Successors: 404553
  BB: 404130 in func 401150 with 5 insts
    I: 404130 (imm 405007)
    I: 40413a
    I: 40413c (flow 407040)
    I: 404141
    I: 404148 (flow 404553)
      Successors: 404553
  BB: 401931 in func 401150 with 3 insts
    I: 401931
    I: 401934
    I: 401939 (flow 4033b2)
      Successors: 4033b2, 40193f
  BB: 40293c in func 401150 with 3 insts
    I: 40293c
    I: 402943
    I: 40294a (flow 404553)
      Successors: 404553
  BB: 40313e in func 401150 with 40 insts
    I: 40313e (imm 40702c)
    I: 403145
    I: 403147 (imm 407030)
    I: 40314e
    I: 403150
    I: 403152
    I: 403158
    I: 40315b
    I: 403161
    I: 403164
    I: 403167
    I: 40316a
    I: 40316e
    I: 403171
    I: 403175
    I: 403178
    I: 40317a
    I: 40317d
    I: 403181
    I: 403183
    I: 403186
    I: 403188
    I: 40318b
    I: 40318e
    I: 403191
    I: 403195
    I: 403198
    I: 40319b
    I: 40319e
    I: 4031a1
    I: 4031a4
    I: 4031a6
    I: 4031a9
    I: 4031ab
    I: 4031ad
    I: 4031b2
    I: 4031b7
    I: 4031ba
    I: 4031bd
    I: 4031c0 (flow 404553)
      Successors: 404553
  BB: 40193f in func 401150 with 1 insts
    I: 40193f (flow 401944)
      Successors: 401944
  BB: 401944 in func 401150 with 3 insts
    I: 401944
    I: 401947
    I: 40194c (flow 4032e1)
      Successors: 4032e1, 401952
  BB: 402147 in func 401150 with 24 insts
    I: 402147 (imm 40702c)
    I: 40214e
    I: 402150 (imm 407030)
    I: 402157
    I: 402159
    I: 40215b
    I: 402161
    I: 402164
    I: 40216a
    I: 40216d
    I: 402170
    I: 402173
    I: 402176
    I: 402179
    I: 40217c
    I: 40217e
    I: 402180
    I: 402182
    I: 402184
    I: 402189
    I: 40218e
    I: 402191
    I: 402194
    I: 402197 (flow 404553)
      Successors: 404553
  BB: 40414d in func 401150 with 2 insts
    I: 40414d
    I: 404154 (flow 404553)
      Successors: 404553
  BB: 40294f in func 401150 with 40 insts
    I: 40294f (imm 40702c)
    I: 402956
    I: 402958 (imm 407030)
    I: 40295f
    I: 402961
    I: 402963
    I: 402969
    I: 40296c
    I: 402972
    I: 402975
    I: 402978
    I: 40297b
    I: 40297f
    I: 402982
    I: 402986
    I: 402989
    I: 40298b
    I: 40298e
    I: 402992
    I: 402994
    I: 402997
    I: 402999
    I: 40299c
    I: 40299f
    I: 4029a2
    I: 4029a6
    I: 4029a9
    I: 4029ac
    I: 4029af
    I: 4029b2
    I: 4029b5
    I: 4029b7
    I: 4029ba
    I: 4029bc
    I: 4029be
    I: 4029c3
    I: 4029c8
    I: 4029cb
    I: 4029ce
    I: 4029d1 (flow 404553)
      Successors: 404553
  BB: 401150 in func 401150 with 9 insts
    Referenced by data
    I: 401150
    I: 401151
    I: 401154
    I: 401158
    I: 40115f
    I: 401163
    I: 401165
    I: 40116a (flow 407048)
    I: 40116f
      Successors: 401176
  BB: 401952 in func 401150 with 1 insts
    I: 401952 (flow 401957)
      Successors: 401957
  BB: 401957 in func 401150 with 3 insts
    I: 401957
    I: 40195a
    I: 40195f (flow 40313e)
      Successors: 401965, 40313e
  BB: 404159 in func 401150 with 2 insts
    I: 404159
    I: 404160 (flow 404553)
      Successors: 404553
  BB: 401965 in func 401150 with 1 insts
    I: 401965 (flow 40196a)
      Successors: 40196a
  BB: 404165 in func 401150 with 40 insts
    I: 404165 (imm 40702c)
    I: 40416c
    I: 40416e (imm 407030)
    I: 404175
    I: 404177
    I: 404179
    I: 40417c
    I: 40417e
    I: 404180
    I: 404183
    I: 404186
    I: 404189
    I: 40418d
    I: 404190
    I: 404194
    I: 404197
    I: 404199
    I: 40419c
    I: 4041a0
    I: 4041a2
    I: 4041a5
    I: 4041a7
    I: 4041aa
    I: 4041ad
    I: 4041b0
    I: 4041b4
    I: 4041b7
    I: 4041ba
    I: 4041bd
    I: 4041c0
    I: 4041c3
    I: 4041c5
    I: 4041c8
    I: 4041ca
    I: 4041cc
    I: 4041d1
    I: 4041d6
    I: 4041d9
    I: 4041dc
    I: 4041df (flow 404553)
      Successors: 404553
  BB: 40196a in func 401150 with 3 insts
    I: 40196a
    I: 40196d
    I: 401972 (flow 403439)
      Successors: 401978, 403439
  BB: 401176 in func 401150 with 4 insts
    I: 401176
    I: 401179
    I: 40117c
    I: 401181 (flow 4044f1)
      Successors: 4044f1, 401187
  BB: 401978 in func 401150 with 1 insts
    I: 401978 (flow 40197d)
      Successors: 40197d
  BB: 40197d in func 401150 with 3 insts
    I: 40197d
    I: 401980
    I: 401985 (flow 402769)
      Successors: 402769, 40198b
  BB: 401187 in func 401150 with 1 insts
    I: 401187 (flow 40118c)
      Successors: 40118c
  BB: 40198b in func 401150 with 1 insts
    I: 40198b (flow 401990)
      Successors: 401990
  BB: 40118c in func 401150 with 3 insts
    I: 40118c
    I: 40118f
    I: 401194 (flow 403051)
      Successors: 403051, 40119a
  BB: 401990 in func 401150 with 3 insts
    I: 401990
    I: 401993
    I: 401998 (flow 402f8b)
      Successors: 402f8b, 40199e
  BB: 403996 in func 401150 with 29 insts
    I: 403996
    I: 40399a
    I: 40399f
    I: 4039a2
    I: 4039a4
    I: 4039a7 (imm 40702c)
    I: 4039ae
    I: 4039b0 (imm 407030)
    I: 4039b7
    I: 4039b9
    I: 4039bb
    I: 4039c1
    I: 4039c4
    I: 4039ca
    I: 4039cd
    I: 4039d0
    I: 4039d3
    I: 4039d6
    I: 4039d9
    I: 4039dc
    I: 4039de
    I: 4039e0
    I: 4039e2
    I: 4039e4
    I: 4039e9
    I: 4039ee
    I: 4039f1
    I: 4039f4
    I: 4039f7 (flow 404553)
      Successors: 404553
  BB: 40119a in func 401150 with 1 insts
    I: 40119a (flow 40119f)
      Successors: 40119f
  BB: 40219c in func 401150 with 41 insts
    I: 40219c
    I: 4021a3 (imm 40702c)
    I: 4021aa
    I: 4021ac (imm 407030)
    I: 4021b3
    I: 4021b5
    I: 4021b7
    I: 4021bd
    I: 4021c0
    I: 4021c6
    I: 4021c9
    I: 4021cc
    I: 4021cf
    I: 4021d3
    I: 4021d6
    I: 4021da
    I: 4021dd
    I: 4021df
    I: 4021e2
    I: 4021e6
    I: 4021e8
    I: 4021eb
    I: 4021ed
    I: 4021f0
    I: 4021f3
    I: 4021f6
    I: 4021fa
    I: 4021fd
    I: 402200
    I: 402203
    I: 402206
    I: 402209
    I: 40220b
    I: 40220e
    I: 402210
    I: 402212
    I: 402217
    I: 40221c
    I: 40221f
    I: 402222
    I: 402225 (flow 404553)
      Successors: 404553
  BB: 40199e in func 401150 with 1 insts
    I: 40199e (flow 4019a3)
      Successors: 4019a3
  BB: 40119f in func 401150 with 3 insts
    I: 40119f
    I: 4011a2
    I: 4011a7 (flow 40379c)
      Successors: 40379c, 4011ad
  BB: 4019a3 in func 401150 with 3 insts
    I: 4019a3
    I: 4019a6
    I: 4019ab (flow 403f80)
      Successors: 403f80, 4019b1
  BB: 4011ad in func 401150 with 1 insts
    I: 4011ad (flow 4011b2)
      Successors: 4011b2
  BB: 4019b1 in func 401150 with 1 insts
    I: 4019b1 (flow 4019b6)
      Successors: 4019b6
  BB: 4011b2 in func 401150 with 3 insts
    I: 4011b2
    I: 4011b5
    I: 4011ba (flow 403c4d)
      Successors: 4011c0, 403c4d
  BB: 4019b6 in func 401150 with 3 insts
    I: 4019b6
    I: 4019b9
    I: 4019be (flow 40229c)
      Successors: 40229c, 4019c4
  BB: 4011c0 in func 401150 with 1 insts
    I: 4011c0 (flow 4011c5)
      Successors: 4011c5
  BB: 4019c4 in func 401150 with 1 insts
    I: 4019c4 (flow 4019c9)
      Successors: 4019c9
  BB: 4011c5 in func 401150 with 3 insts
    I: 4011c5
    I: 4011c8
    I: 4011cd (flow 402802)
      Successors: 402802, 4011d3
  BB: 4031c5 in func 401150 with 2 insts
    I: 4031c5
    I: 4031cc (flow 404553)
      Successors: 404553
  BB: 4019c9 in func 401150 with 3 insts
    I: 4019c9
    I: 4019cc
    I: 4019d1 (flow 404007)
      Successors: 404007, 4019d7
  BB: 4031d1 in func 401150 with 7 insts
    I: 4031d1
    I: 4031d4
    I: 4031d9
    I: 4031dc
    I: 4031e1
    I: 4031e4
    I: 4031eb (flow 404553)
      Successors: 404553
  BB: 4011d3 in func 401150 with 1 insts
    I: 4011d3 (flow 4011d8)
      Successors: 4011d8
  BB: 4029d6 in func 401150 with 24 insts
    I: 4029d6 (imm 40702c)
    I: 4029dd
    I: 4029df (imm 407030)
    I: 4029e6
    I: 4029e8
    I: 4029ea
    I: 4029f0
    I: 4029f3
    I: 4029f9
    I: 4029fc
    I: 4029ff
    I: 402a02
    I: 402a05
    I: 402a08
    I: 402a0b
    I: 402a0d
    I: 402a0f
    I: 402a11
    I: 402a13
    I: 402a18
    I: 402a1d
    I: 402a20
    I: 402a23
    I: 402a26 (flow 404553)
      Successors: 404553
  BB: 4019d7 in func 401150 with 1 insts
    I: 4019d7 (flow 4019dc)
      Successors: 4019dc
  BB: 4011d8 in func 401150 with 3 insts
    I: 4011d8
    I: 4011db
    I: 4011e0 (flow 4040ab)
      Successors: 4040ab, 4011e6
  BB: 4019dc in func 401150 with 3 insts
    I: 4019dc
    I: 4019df
    I: 4019e4 (flow 4035b5)
      Successors: 4019ea, 4035b5
  BB: 4041e4 in func 401150 with 24 insts
    I: 4041e4 (imm 40702c)
    I: 4041eb
    I: 4041ed (imm 407030)
    I: 4041f4
    I: 4041f6
    I: 4041f8
    I: 4041fe
    I: 404201
    I: 404207
    I: 40420a
    I: 40420d
    I: 404210
    I: 404213
    I: 404216
    I: 404219
    I: 40421b
    I: 40421d
    I: 40421f
    I: 404221
    I: 404226
    I: 40422b
    I: 40422e
    I: 404231
    I: 404234 (flow 404553)
      Successors: 404553
  BB: 4011e6 in func 401150 with 1 insts
    I: 4011e6 (flow 4011eb)
      Successors: 4011eb
  BB: 4019ea in func 401150 with 1 insts
    I: 4019ea (flow 4019ef)
      Successors: 4019ef
  BB: 4011eb in func 401150 with 3 insts
    I: 4011eb
    I: 4011ee
    I: 4011f3 (flow 4030a0)
      Successors: 4030a0, 4011f9
  BB: 4019ef in func 401150 with 3 insts
    I: 4019ef
    I: 4019f2
    I: 4019f7 (flow 403bb3)
      Successors: 403bb3, 4019fd
  BB: 4031f0 in func 401150 with 6 insts
    I: 4031f0
    I: 4031f5
    I: 4031fa
    I: 4031fe
    I: 403201
    I: 403204 (flow 404553)
      Successors: 404553
  BB: 4011f9 in func 401150 with 1 insts
    I: 4011f9 (flow 4011fe)
      Successors: 4011fe
  BB: 4039fc in func 401150 with 7 insts
    I: 4039fc
    I: 4039ff
    I: 403a04
    I: 403a09
    I: 403a0c
    I: 403a0f
    I: 403a12 (flow 404553)
      Successors: 404553
  BB: 4019fd in func 401150 with 1 insts
    I: 4019fd (flow 401a02)
      Successors: 401a02
  BB: 4011fe in func 401150 with 3 insts
    I: 4011fe
    I: 401201
    I: 401206 (flow 403a17)
      Successors: 40120c, 403a17
  BB: 401a02 in func 401150 with 3 insts
    I: 401a02
    I: 401a05
    I: 401a0a (flow 4039fc)
      Successors: 401a10, 4039fc
  BB: 403209 in func 401150 with 6 insts
    I: 403209
    I: 40320e
    I: 403213
    I: 403217
    I: 40321a
    I: 40321d (flow 404553)
      Successors: 404553
  BB: 40120c in func 401150 with 1 insts
    I: 40120c (flow 401211)
      Successors: 401211
  BB: 401a10 in func 401150 with 1 insts
    I: 401a10 (flow 401a15)
      Successors: 401a15
  BB: 401211 in func 401150 with 3 insts
    I: 401211
    I: 401214
    I: 401219 (flow 404393)
      Successors: 404393, 40121f
  BB: 401a15 in func 401150 with 3 insts
    I: 401a15
    I: 401a18
    I: 401a1d (flow 402a37)
      Successors: 401a23, 402a37
  BB: 403a17 in func 401150 with 3 insts
    I: 403a17
    I: 403a1e
    I: 403a25 (flow 404553)
      Successors: 404553
  BB: 40121f in func 401150 with 1 insts
    I: 40121f (flow 401224)
      Successors: 401224
  BB: 403222 in func 401150 with 24 insts
    I: 403222 (imm 40702c)
    I: 403229
    I: 40322b (imm 407030)
    I: 403232
    I: 403234
    I: 403236
    I: 403239
    I: 40323b
    I: 40323d
    I: 403240
    I: 403243
    I: 403246
    I: 403249
    I: 40324c
    I: 40324f
    I: 403251
    I: 403253
    I: 403255
    I: 403257
    I: 40325c
    I: 403261
    I: 403264
    I: 403267
    I: 40326a (flow 404553)
      Successors: 404553
  BB: 401a23 in func 401150 with 1 insts
    I: 401a23 (flow 401a28)
      Successors: 401a28
  BB: 401224 in func 401150 with 3 insts
    I: 401224
    I: 401227
    I: 40122c (flow 4042b2)
      Successors: 4042b2, 401232
  BB: 401a28 in func 401150 with 3 insts
    I: 401a28
    I: 401a2b
    I: 401a30 (flow 402e43)
      Successors: 402e43, 401a36
  BB: 40222a in func 401150 with 2 insts
    I: 40222a
    I: 402231 (flow 404553)
      Successors: 404553
  BB: 402a2b in func 401150 with 2 insts
    I: 402a2b
    I: 402a32 (flow 404553)
      Successors: 404553
  BB: 403a2a in func 401150 with 6 insts
    I: 403a2a
    I: 403a2f
    I: 403a34
    I: 403a38
    I: 403a3b
    I: 403a3e (flow 404553)
      Successors: 404553
  BB: 401232 in func 401150 with 1 insts
    I: 401232 (flow 401237)
      Successors: 401237
  BB: 401a36 in func 401150 with 1 insts
    I: 401a36 (flow 401a3b)
      Successors: 401a3b
  BB: 401237 in func 401150 with 3 insts
    I: 401237
    I: 40123a
    I: 40123f (flow 404539)
      Successors: 404539, 401245
  BB: 402236 in func 401150 with 6 insts
    I: 402236
    I: 40223b
    I: 402240
    I: 402244
    I: 402247
    I: 40224a (flow 404553)
      Successors: 404553
  BB: 402a37 in func 401150 with 40 insts
    I: 402a37 (imm 40702c)
    I: 402a3e
    I: 402a40 (imm 407030)
    I: 402a47
    I: 402a49
    I: 402a4b
    I: 402a4e
    I: 402a50
    I: 402a52
    I: 402a55
    I: 402a58
    I: 402a5b
    I: 402a5f
    I: 402a62
    I: 402a66
    I: 402a69
    I: 402a6b
    I: 402a6e
    I: 402a72
    I: 402a74
    I: 402a77
    I: 402a79
    I: 402a7c
    I: 402a7f
    I: 402a82
    I: 402a86
    I: 402a89
    I: 402a8c
    I: 402a8f
    I: 402a92
    I: 402a95
    I: 402a97
    I: 402a9a
    I: 402a9c
    I: 402a9e
    I: 402aa3
    I: 402aa8
    I: 402aab
    I: 402aae
    I: 402ab1 (flow 404553)
      Successors: 404553
  BB: 404239 in func 401150 with 2 insts
    I: 404239
    I: 404240 (flow 404553)
      Successors: 404553
  BB: 401a3b in func 401150 with 3 insts
    I: 401a3b
    I: 401a3e
    I: 401a43 (flow 4041e4)
      Successors: 401a49, 4041e4
  BB: 403a43 in func 401150 with 7 insts
    I: 403a43
    I: 403a46
    I: 403a4b
    I: 403a50
    I: 403a53
    I: 403a56
    I: 403a59 (flow 404553)
      Successors: 404553
  BB: 401245 in func 401150 with 1 insts
    I: 401245 (flow 40124a)
      Successors: 40124a
  BB: 404245 in func 401150 with 2 insts
    I: 404245
    I: 40424c (flow 404553)
      Successors: 404553
  BB: 401a49 in func 401150 with 1 insts
    I: 401a49 (flow 401a4e)
      Successors: 401a4e
  BB: 40124a in func 401150 with 3 insts
    I: 40124a
    I: 40124d
    I: 401252 (flow 40435f)
      Successors: 401258, 40435f
  BB: 401a4e in func 401150 with 3 insts
    I: 401a4e
    I: 401a51
    I: 401a56 (flow 4032d5)
      Successors: 401a5c, 4032d5
  BB: 40224f in func 401150 with 9 insts
    I: 40224f
    I: 402253
    I: 402257
    I: 40225b
    I: 40225e (imm 405004)
    I: 402268
    I: 40226a (flow 407050)
    I: 40226f
    I: 402276 (flow 404553)
      Successors: 404553
  BB: 404251 in func 401150 with 2 insts
    I: 404251
    I: 404258 (flow 404553)
      Successors: 404553
  BB: 401258 in func 401150 with 1 insts
    I: 401258 (flow 40125d)
      Successors: 40125d
  BB: 401a5c in func 401150 with 1 insts
    I: 401a5c (flow 401a61)
      Successors: 401a61
  BB: 40125d in func 401150 with 3 insts
    I: 40125d
    I: 401260
    I: 401265 (flow 402fd9)
      Successors: 402fd9, 40126b
  BB: 403a5e in func 401150 with 24 insts
    I: 403a5e (imm 40702c)
    I: 403a65
    I: 403a67 (imm 407030)
    I: 403a6e
    I: 403a70
    I: 403a72
    I: 403a75
    I: 403a77
    I: 403a79
    I: 403a7c
    I: 403a7f
    I: 403a82
    I: 403a85
    I: 403a88
    I: 403a8b
    I: 403a8d
    I: 403a8f
    I: 403a91
    I: 403a93
    I: 403a98
    I: 403a9d
    I: 403aa0
    I: 403aa3
    I: 403aa6 (flow 404553)
      Successors: 404553
  BB: 40425d in func 401150 with 24 insts
    I: 40425d (imm 40702c)
    I: 404264
    I: 404266 (imm 407030)
    I: 40426d
    I: 40426f
    I: 404271
    I: 404277
    I: 40427a
    I: 404280
    I: 404283
    I: 404286
    I: 404289
    I: 40428c
    I: 40428f
    I: 404292
    I: 404294
    I: 404296
    I: 404298
    I: 40429a
    I: 40429f
    I: 4042a4
    I: 4042a7
    I: 4042aa
    I: 4042ad (flow 404553)
      Successors: 404553
  BB: 401a61 in func 401150 with 3 insts
    I: 401a61
    I: 401a64
    I: 401a69 (flow 402c4b)
      Successors: 402c4b, 401a6f
  BB: 40126b in func 401150 with 1 insts
    I: 40126b (flow 401270)
      Successors: 401270
  BB: 401a6f in func 401150 with 1 insts
    I: 401a6f (flow 401a74)
      Successors: 401a74
  BB: 401270 in func 401150 with 3 insts
    I: 401270
    I: 401273
    I: 401278 (flow 403ccc)
      Successors: 403ccc, 40127e
  BB: 40326f in func 401150 with 27 insts
    I: 40326f (imm 405007)
    I: 403279
    I: 40327b (flow 407040)
    I: 403280 (imm 40702c)
    I: 403287
    I: 403289 (imm 407030)
    I: 403290
    I: 403292
    I: 403294
    I: 40329a
    I: 40329d
    I: 4032a3
    I: 4032a6
    I: 4032a9
    I: 4032ac
    I: 4032af
    I: 4032b2
    I: 4032b5
    I: 4032b7
    I: 4032b9
    I: 4032bb
    I: 4032bd
    I: 4032c2
    I: 4032c7
    I: 4032ca
    I: 4032cd
    I: 4032d0 (flow 404553)
      Successors: 404553
  BB: 401a74 in func 401150 with 3 insts
    I: 401a74
    I: 401a77
    I: 401a7c (flow 402fa3)
      Successors: 401a82, 402fa3
  BB: 40227b in func 401150 with 11 insts
    I: 40227b
    I: 40227e
    I: 402280
    I: 402282
    I: 402284
    I: 402287
    I: 402289
    I: 40228b
    I: 40228d
    I: 402290
    I: 402297 (flow 404553)
      Successors: 404553
  BB: 40127e in func 401150 with 1 insts
    I: 40127e (flow 401283)
      Successors: 401283
  BB: 401a82 in func 401150 with 1 insts
    I: 401a82 (flow 401a87)
      Successors: 401a87
  BB: 401283 in func 401150 with 3 insts
    I: 401283
    I: 401286
    I: 40128b (flow 4035ed)
      Successors: 401291, 4035ed
  BB: 401a87 in func 401150 with 3 insts
    I: 401a87
    I: 401a8a
    I: 401a8f (flow 4034dd)
      Successors: 4034dd, 401a95
  BB: 401291 in func 401150 with 1 insts
    I: 401291 (flow 401296)
      Successors: 401296
  BB: 401a95 in func 401150 with 1 insts
    I: 401a95 (flow 401a9a)
      Successors: 401a9a
  BB: 401296 in func 401150 with 3 insts
    I: 401296
    I: 401299
    I: 40129e (flow 40390b)
      Successors: 40390b, 4012a4
  BB: 401a9a in func 401150 with 3 insts
    I: 401a9a
    I: 401a9d
    I: 401aa2 (flow 403b5e)
      Successors: 401aa8, 403b5e
  BB: 40229c in func 401150 with 3 insts
    I: 40229c
    I: 4022a3
    I: 4022aa (flow 404553)
      Successors: 404553
  BB: 4012a4 in func 401150 with 1 insts
    I: 4012a4 (flow 4012a9)
      Successors: 4012a9
  BB: 401aa8 in func 401150 with 1 insts
    I: 401aa8 (flow 401aad)
      Successors: 401aad
  BB: 4012a9 in func 401150 with 3 insts
    I: 4012a9
    I: 4012ac
    I: 4012b1 (flow 4036cd)
      Successors: 4036cd, 4012b7
  BB: 403aab in func 401150 with 45 insts
    I: 403aab
    I: 403aaf
    I: 403ab4
    I: 403ab7
    I: 403ab9
    I: 403abc (imm 40702c)
    I: 403ac3
    I: 403ac5 (imm 407030)
    I: 403acc
    I: 403ace
    I: 403ad0
    I: 403ad6
    I: 403ad9
    I: 403adf
    I: 403ae2
    I: 403ae5
    I: 403ae8
    I: 403aec
    I: 403aef
    I: 403af3
    I: 403af6
    I: 403af8
    I: 403afb
    I: 403aff
    I: 403b01
    I: 403b04
    I: 403b06
    I: 403b09
    I: 403b0c
    I: 403b0f
    I: 403b13
    I: 403b16
    I: 403b19
    I: 403b1c
    I: 403b1f
    I: 403b22
    I: 403b24
    I: 403b27
    I: 403b29
    I: 403b2b
    I: 403b30
    I: 403b35
    I: 403b38
    I: 403b3b
    I: 403b3e (flow 404553)
      Successors: 404553
  BB: 401aad in func 401150 with 3 insts
    I: 401aad
    I: 401ab0
    I: 401ab5 (flow 40409f)
      Successors: 401abb, 40409f
  BB: 4022af in func 401150 with 6 insts
    I: 4022af
    I: 4022b4
    I: 4022b9
    I: 4022bd
    I: 4022c0
    I: 4022c3 (flow 404553)
      Successors: 404553
  BB: 4042b2 in func 401150 with 29 insts
    I: 4042b2
    I: 4042b5
    I: 4042ba
    I: 4042bd
    I: 4042c2
    I: 4042c5 (imm 40702c)
    I: 4042cc
    I: 4042ce (imm 407030)
    I: 4042d5
    I: 4042d7
    I: 4042d9
    I: 4042dc
    I: 4042de
    I: 4042e0
    I: 4042e3
    I: 4042e6
    I: 4042e9
    I: 4042ec
    I: 4042ef
    I: 4042f2
    I: 4042f4
    I: 4042f6
    I: 4042f8
    I: 4042fa
    I: 4042ff
    I: 404304
    I: 404307
    I: 40430a
    I: 40430d (flow 404553)
      Successors: 404553
  BB: 402ab6 in func 401150 with 40 insts
    I: 402ab6 (imm 40702c)
    I: 402abd
    I: 402abf (imm 407030)
    I: 402ac6
    I: 402ac8
    I: 402aca
    I: 402acd
    I: 402acf
    I: 402ad1
    I: 402ad4
    I: 402ad7
    I: 402ada
    I: 402ade
    I: 402ae1
    I: 402ae5
    I: 402ae8
    I: 402aea
    I: 402aed
    I: 402af1
    I: 402af3
    I: 402af6
    I: 402af8
    I: 402afb
    I: 402afe
    I: 402b01
    I: 402b05
    I: 402b08
    I: 402b0b
    I: 402b0e
    I: 402b11
    I: 402b14
    I: 402b16
    I: 402b19
    I: 402b1b
    I: 402b1d
    I: 402b22
    I: 402b27
    I: 402b2a
    I: 402b2d
    I: 402b30 (flow 404553)
      Successors: 404553
  BB: 4012b7 in func 401150 with 1 insts
    I: 4012b7 (flow 4012bc)
      Successors: 4012bc
  BB: 401abb in func 401150 with 1 insts
    I: 401abb (flow 401ac0)
      Successors: 401ac0
  BB: 4012bc in func 401150 with 3 insts
    I: 4012bc
    I: 4012bf
    I: 4012c4 (flow 402050)
      Successors: 402050, 4012ca
  BB: 401ac0 in func 401150 with 3 insts
    I: 401ac0
    I: 401ac3
    I: 401ac8 (flow 404496)
      Successors: 404496, 401ace
  BB: 4022c8 in func 401150 with 40 insts
    I: 4022c8 (imm 40702c)
    I: 4022cf
    I: 4022d1 (imm 407030)
    I: 4022d8
    I: 4022da
    I: 4022dc
    I: 4022e2
    I: 4022e5
    I: 4022eb
    I: 4022ee
    I: 4022f1
    I: 4022f4
    I: 4022f8
    I: 4022fb
    I: 4022ff
    I: 402302
    I: 402304
    I: 402307
    I: 40230b
    I: 40230d
    I: 402310
    I: 402312
    I: 402315
    I: 402318
    I: 40231b
    I: 40231f
    I: 402322
    I: 402325
    I: 402328
    I: 40232b
    I: 40232e
    I: 402330
    I: 402333
    I: 402335
    I: 402337
    I: 40233c
    I: 402341
    I: 402344
    I: 402347
    I: 40234a (flow 404553)
      Successors: 404553
  BB: 4012ca in func 401150 with 1 insts
    I: 4012ca (flow 4012cf)
      Successors: 4012cf
  BB: 401ace in func 401150 with 1 insts
    I: 401ace (flow 401ad3)
      Successors: 401ad3
  BB: 4012cf in func 401150 with 3 insts
    I: 4012cf
    I: 4012d2
    I: 4012d7 (flow 40425d)
      Successors: 40425d, 4012dd
  BB: 401ad3 in func 401150 with 3 insts
    I: 401ad3
    I: 401ad6
    I: 401adb (flow 4029d6)
      Successors: 401ae1, 4029d6
  BB: 4032d5 in func 401150 with 2 insts
    I: 4032d5
    I: 4032dc (flow 404553)
      Successors: 404553
  BB: 4012dd in func 401150 with 1 insts
    I: 4012dd (flow 4012e2)
      Successors: 4012e2
  BB: 401ae1 in func 401150 with 1 insts
    I: 401ae1 (flow 401ae6)
      Successors: 401ae6
  BB: 4012e2 in func 401150 with 3 insts
    I: 4012e2
    I: 4012e5
    I: 4012ea (flow 403917)
      Successors: 4012f0, 403917
  BB: 4032e1 in func 401150 with 24 insts
    I: 4032e1 (imm 40702c)
    I: 4032e8
    I: 4032ea (imm 407030)
    I: 4032f1
    I: 4032f3
    I: 4032f5
    I: 4032fb
    I: 4032fe
    I: 403304
    I: 403307
    I: 40330a
    I: 40330d
    I: 403310
    I: 403313
    I: 403316
    I: 403318
    I: 40331a
    I: 40331c
    I: 40331e
    I: 403323
    I: 403328
    I: 40332b
    I: 40332e
    I: 403331 (flow 404553)
      Successors: 404553
  BB: 401ae6 in func 401150 with 3 insts
    I: 401ae6
    I: 401ae9
    I: 401aee (flow 401f5f)
      Successors: 401af4, 401f5f
  BB: 4012f0 in func 401150 with 1 insts
    I: 4012f0 (flow 4012f5)
      Successors: 4012f5
  BB: 401af4 in func 401150 with 1 insts
    I: 401af4 (flow 401af9)
      Successors: 401af9
  BB: 4012f5 in func 401150 with 3 insts
    I: 4012f5
    I: 4012f8
    I: 4012fd (flow 404130)
      Successors: 404130, 401303
  BB: 401af9 in func 401150 with 3 insts
    I: 401af9
    I: 401afc
    I: 401b01 (flow 402921)
      Successors: 402921, 401b07
  BB: 401303 in func 401150 with 1 insts
    I: 401303 (flow 401308)
      Successors: 401308
  BB: 401b07 in func 401150 with 1 insts
    I: 401b07 (flow 401b0c)
      Successors: 401b0c
  BB: 401308 in func 401150 with 3 insts
    I: 401308
    I: 40130b
    I: 401310 (flow 404245)
      Successors: 404245, 401316
  BB: 401b0c in func 401150 with 3 insts
    I: 401b0c
    I: 401b0f
    I: 401b14 (flow 402c15)
      Successors: 401b1a, 402c15
  BB: 404312 in func 401150 with 2 insts
    I: 404312
    I: 404319 (flow 404553)
      Successors: 404553
  BB: 401316 in func 401150 with 1 insts
    I: 401316 (flow 40131b)
      Successors: 40131b
  BB: 401b1a in func 401150 with 1 insts
    I: 401b1a (flow 401b1f)
      Successors: 401b1f
  BB: 40131b in func 401150 with 3 insts
    I: 40131b
    I: 40131e
    I: 401323 (flow 402fbb)
      Successors: 401329, 402fbb
  BB: 40431e in func 401150 with 2 insts
    I: 40431e
    I: 404325 (flow 404553)
      Successors: 404553
  BB: 401b1f in func 401150 with 3 insts
    I: 401b1f
    I: 401b22
    I: 401b27 (flow 403d7f)
      Successors: 401b2d, 403d7f
  BB: 401329 in func 401150 with 1 insts
    I: 401329 (flow 40132e)
      Successors: 40132e
  BB: 40432a in func 401150 with 4 insts
    I: 40432a
    I: 40432c
    I: 404330
    I: 404331
      No successors
  BB: 401b2d in func 401150 with 1 insts
    I: 401b2d (flow 401b32)
      Successors: 401b32
  BB: 40132e in func 401150 with 3 insts
    I: 40132e
    I: 401331
    I: 401336 (flow 4043a6)
      Successors: 40133c, 4043a6
  BB: 401b32 in func 401150 with 3 insts
    I: 401b32
    I: 401b35
    I: 401b3a (flow 402f97)
      Successors: 401b40, 402f97
  BB: 404332 in func 401150 with 6 insts
    I: 404332
    I: 404336 (imm 405004)
    I: 404340
    I: 404342 (flow 407050)
    I: 404347
    I: 40434e (flow 404553)
      Successors: 404553
  BB: 402b35 in func 401150 with 2 insts
    I: 402b35
    I: 402b3c (flow 404553)
      Successors: 404553
  BB: 403336 in func 401150 with 28 insts
    I: 403336
    I: 40333a
    I: 40333d
    I: 40333f
    I: 403342 (imm 40702c)
    I: 403349
    I: 40334b (imm 407030)
    I: 403352
    I: 403354
    I: 403356
    I: 40335c
    I: 40335f
    I: 403365
    I: 403368
    I: 40336b
    I: 40336e
    I: 403371
    I: 403374
    I: 403377
    I: 403379
    I: 40337b
    I: 40337d
    I: 40337f
    I: 403384
    I: 403389
    I: 40338c
    I: 40338f
    I: 403392 (flow 404553)
      Successors: 404553
  BB: 40133c in func 401150 with 1 insts
    I: 40133c (flow 401341)
      Successors: 401341
  BB: 401b40 in func 401150 with 1 insts
    I: 401b40 (flow 401b45)
      Successors: 401b45
  BB: 401341 in func 401150 with 3 insts
    I: 401341
    I: 401344
    I: 401349 (flow 40431e)
      Successors: 40431e, 40134f
  BB: 402b41 in func 401150 with 24 insts
    I: 402b41 (imm 40702c)
    I: 402b48
    I: 402b4a (imm 407030)
    I: 402b51
    I: 402b53
    I: 402b55
    I: 402b58
    I: 402b5a
    I: 402b5c
    I: 402b5f
    I: 402b62
    I: 402b65
    I: 402b68
    I: 402b6b
    I: 402b6e
    I: 402b70
    I: 402b72
    I: 402b74
    I: 402b76
    I: 402b7b
    I: 402b80
    I: 402b83
    I: 402b86
    I: 402b89 (flow 404553)
      Successors: 404553
  BB: 403b43 in func 401150 with 7 insts
    I: 403b43
    I: 403b46
    I: 403b4b
    I: 403b50
    I: 403b53
    I: 403b56
    I: 403b59 (flow 404553)
      Successors: 404553
  BB: 401b45 in func 401150 with 3 insts
    I: 401b45
    I: 401b48
    I: 401b4d (flow 404117)
      Successors: 401b53, 404117
  BB: 40134f in func 401150 with 1 insts
    I: 40134f (flow 401354)
      Successors: 401354
  BB: 40234f in func 401150 with 32 insts
    I: 40234f
    I: 402356
    I: 40235d
    I: 402364
    I: 402368
    I: 40236d
    I: 402370
    I: 402372
    I: 402375 (imm 40702c)
    I: 40237c
    I: 40237e (imm 407030)
    I: 402385
    I: 402387
    I: 402389
    I: 40238c
    I: 40238e
    I: 402390
    I: 402393
    I: 402396
    I: 402399
    I: 40239c
    I: 40239f
    I: 4023a2
    I: 4023a4
    I: 4023a6
    I: 4023a8
    I: 4023aa
    I: 4023af
    I: 4023b4
    I: 4023b7
    I: 4023ba
    I: 4023bd (flow 404553)
      Successors: 404553
  BB: 401b53 in func 401150 with 1 insts
    I: 401b53 (flow 401b58)
      Successors: 401b58
  BB: 401354 in func 401150 with 3 insts
    I: 401354
    I: 401357
    I: 40135c (flow 403996)
      Successors: 401362, 403996
  BB: 404353 in func 401150 with 2 insts
    I: 404353
    I: 40435a (flow 404553)
      Successors: 404553
  BB: 401b58 in func 401150 with 3 insts
    I: 401b58
    I: 401b5b
    I: 401b60 (flow 4030bf)
      Successors: 401b66, 4030bf
  BB: 403b5e in func 401150 with 24 insts
    I: 403b5e (imm 40702c)
    I: 403b65
    I: 403b67 (imm 407030)
    I: 403b6e
    I: 403b70
    I: 403b72
    I: 403b78
    I: 403b7b
    I: 403b81
    I: 403b84
    I: 403b87
    I: 403b8a
    I: 403b8d
    I: 403b90
    I: 403b93
    I: 403b95
    I: 403b97
    I: 403b99
    I: 403b9b
    I: 403ba0
    I: 403ba5
    I: 403ba8
    I: 403bab
    I: 403bae (flow 404553)
      Successors: 404553
  BB: 40435f in func 401150 with 3 insts
    I: 40435f
    I: 404366
    I: 40436d (flow 404553)
      Successors: 404553
  BB: 401362 in func 401150 with 1 insts
    I: 401362 (flow 401367)
      Successors: 401367
  BB: 401b66 in func 401150 with 1 insts
    I: 401b66 (flow 401b6b)
      Successors: 401b6b
  BB: 401367 in func 401150 with 3 insts
    I: 401367
    I: 40136a
    I: 40136f (flow 402b35)
      Successors: 402b35, 401375
  BB: 401b6b in func 401150 with 3 insts
    I: 401b6b
    I: 401b6e
    I: 401b73 (flow 402faf)
      Successors: 401b79, 402faf
  BB: 404372 in func 401150 with 5 insts
    I: 404372
    I: 404379
    I: 404380
    I: 404387
    I: 40438e (flow 404553)
      Successors: 404553
  BB: 401375 in func 401150 with 1 insts
    I: 401375 (flow 40137a)
      Successors: 40137a
  BB: 401b79 in func 401150 with 1 insts
    I: 401b79 (flow 401b7e)
      Successors: 401b7e
  BB: 40137a in func 401150 with 3 insts
    I: 40137a
    I: 40137d
    I: 401382 (flow 402019)
      Successors: 401388, 402019
  BB: 401b7e in func 401150 with 3 insts
    I: 401b7e
    I: 401b81
    I: 401b86 (flow 403020)
      Successors: 403020, 401b8c
  BB: 401388 in func 401150 with 1 insts
    I: 401388 (flow 40138d)
      Successors: 40138d
  BB: 401b8c in func 401150 with 1 insts
    I: 401b8c (flow 401b91)
      Successors: 401b91
  BB: 40138d in func 401150 with 3 insts
    I: 40138d
    I: 401390
    I: 401395 (flow 4026f9)
      Successors: 4026f9, 40139b
  BB: 402b8e in func 401150 with 29 insts
    I: 402b8e
    I: 402b91
    I: 402b93
    I: 402b96
    I: 402b98
    I: 402b9b (imm 40702c)
    I: 402ba2
    I: 402ba4 (imm 407030)
    I: 402bab
    I: 402bad
    I: 402baf
    I: 402bb5
    I: 402bb8
    I: 402bbe
    I: 402bc1
    I: 402bc4
    I: 402bc7
    I: 402bca
    I: 402bcd
    I: 402bd0
    I: 402bd2
    I: 402bd4
    I: 402bd6
    I: 402bd8
    I: 402bdd
    I: 402be2
    I: 402be5
    I: 402be8
    I: 402beb (flow 404553)
      Successors: 404553
  BB: 401b91 in func 401150 with 3 insts
    I: 401b91
    I: 401b94
    I: 401b99 (flow 4044ae)
      Successors: 4044ae, 401b9f
  BB: 404393 in func 401150 with 3 insts
    I: 404393
    I: 40439a
    I: 4043a1 (flow 404553)
      Successors: 404553
  BB: 403397 in func 401150 with 7 insts
    I: 403397
    I: 40339a
    I: 40339f
    I: 4033a4
    I: 4033a7
    I: 4033aa
    I: 4033ad (flow 404553)
      Successors: 404553
  BB: 40139b in func 401150 with 1 insts
    I: 40139b (flow 4013a0)
      Successors: 4013a0
  BB: 401b9f in func 401150 with 1 insts
    I: 401b9f (flow 401ba4)
      Successors: 401ba4
  BB: 4013a0 in func 401150 with 3 insts
    I: 4013a0
    I: 4013a3
    I: 4013a8 (flow 402e7b)
      Successors: 402e7b, 4013ae
  BB: 401ba4 in func 401150 with 3 insts
    I: 401ba4
    I: 401ba7
    I: 401bac (flow 4043d1)
      Successors: 4043d1, 401bb2
  BB: 4043a6 in func 401150 with 2 insts
    I: 4043a6
    I: 4043ad (flow 404553)
      Successors: 404553
  BB: 4013ae in func 401150 with 1 insts
    I: 4013ae (flow 4013b3)
      Successors: 4013b3
  BB: 401bb2 in func 401150 with 1 insts
    I: 401bb2 (flow 401bb7)
      Successors: 401bb7
  BB: 4013b3 in func 401150 with 3 insts
    I: 4013b3
    I: 4013b6
    I: 4013bb (flow 4043be)
      Successors: 4013c1, 4043be
  BB: 4033b2 in func 401150 with 40 insts
    I: 4033b2 (imm 40702c)
    I: 4033b9
    I: 4033bb (imm 407030)
    I: 4033c2
    I: 4033c4
    I: 4033c6
    I: 4033cc
    I: 4033cf
    I: 4033d5
    I: 4033d8
    I: 4033db
    I: 4033de
    I: 4033e2
    I: 4033e5
    I: 4033e9
    I: 4033ec
    I: 4033ee
    I: 4033f1
    I: 4033f5
    I: 4033f7
    I: 4033fa
    I: 4033fc
    I: 4033ff
    I: 403402
    I: 403405
    I: 403409
    I: 40340c
    I: 40340f
    I: 403412
    I: 403415
    I: 403418
    I: 40341a
    I: 40341d
    I: 40341f
    I: 403421
    I: 403426
    I: 40342b
    I: 40342e
    I: 403431
    I: 403434 (flow 404553)
      Successors: 404553
  BB: 403bb3 in func 401150 with 41 insts
    I: 403bb3
    I: 403bba (imm 40702c)
    I: 403bc1
    I: 403bc3 (imm 407030)
    I: 403bca
    I: 403bcc
    I: 403bce
    I: 403bd4
    I: 403bd7
    I: 403bdd
    I: 403be0
    I: 403be3
    I: 403be6
    I: 403bea
    I: 403bed
    I: 403bf1
    I: 403bf4
    I: 403bf6
    I: 403bf9
    I: 403bfd
    I: 403bff
    I: 403c02
    I: 403c04
    I: 403c07
    I: 403c0a
    I: 403c0d
    I: 403c11
    I: 403c14
    I: 403c17
    I: 403c1a
    I: 403c1d
    I: 403c20
    I: 403c22
    I: 403c25
    I: 403c27
    I: 403c29
    I: 403c2e
    I: 403c33
    I: 403c36
    I: 403c39
    I: 403c3c (flow 404553)
      Successors: 404553
  BB: 4043b2 in func 401150 with 2 insts
    I: 4043b2
    I: 4043b9 (flow 404553)
      Successors: 404553
  BB: 401bb7 in func 401150 with 3 insts
    I: 401bb7
    I: 401bba
    I: 401bbf (flow 4044e5)
      Successors: 4044e5, 401bc5
  BB: 4043be in func 401150 with 3 insts
    I: 4043be
    I: 4043c5
    I: 4043cc (flow 404553)
      Successors: 404553
  BB: 4013c1 in func 401150 with 1 insts
    I: 4013c1 (flow 4013c6)
      Successors: 4013c6
  BB: 4023c2 in func 401150 with 7 insts
    I: 4023c2
    I: 4023c5
    I: 4023ca
    I: 4023cf
    I: 4023d2
    I: 4023d5
    I: 4023d8 (flow 404553)
      Successors: 404553
  BB: 401bc5 in func 401150 with 1 insts
    I: 401bc5 (flow 401bca)
      Successors: 401bca
  BB: 4013c6 in func 401150 with 3 insts
    I: 4013c6
    I: 4013c9
    I: 4013ce (flow 403ec2)
      Successors: 403ec2, 4013d4
  BB: 401bca in func 401150 with 3 insts
    I: 401bca
    I: 401bcd
    I: 401bd2 (flow 404239)
      Successors: 401bd8, 404239
  BB: 4043d1 in func 401150 with 2 insts
    I: 4043d1
    I: 4043d8 (flow 404553)
      Successors: 404553
  BB: 4013d4 in func 401150 with 1 insts
    I: 4013d4 (flow 4013d9)
      Successors: 4013d9
  BB: 401bd8 in func 401150 with 1 insts
    I: 401bd8 (flow 401bdd)
      Successors: 401bdd
  BB: 4013d9 in func 401150 with 3 insts
    I: 4013d9
    I: 4013dc
    I: 4013e1 (flow 403d64)
      Successors: 403d64, 4013e7
  BB: 401bdd in func 401150 with 3 insts
    I: 401bdd
    I: 401be0
    I: 401be5 (flow 401fac)
      Successors: 401beb, 401fac
  BB: 4023dd in func 401150 with 40 insts
    I: 4023dd (imm 40702c)
    I: 4023e4
    I: 4023e6 (imm 407030)
    I: 4023ed
    I: 4023ef
    I: 4023f1
    I: 4023f4
    I: 4023f6
    I: 4023f8
    I: 4023fb
    I: 4023fe
    I: 402401
    I: 402405
    I: 402408
    I: 40240c
    I: 40240f
    I: 402411
    I: 402414
    I: 402418
    I: 40241a
    I: 40241d
    I: 40241f
    I: 402422
    I: 402425
    I: 402428
    I: 40242c
    I: 40242f
    I: 402432
    I: 402435
    I: 402438
    I: 40243b
    I: 40243d
    I: 402440
    I: 402442
    I: 402444
    I: 402449
    I: 40244e
    I: 402451
    I: 402454
    I: 402457 (flow 404553)
      Successors: 404553
  BB: 4043dd in func 401150 with 2 insts
    I: 4043dd
    I: 4043e4 (flow 404553)
      Successors: 404553
  BB: 4013e7 in func 401150 with 1 insts
    I: 4013e7 (flow 4013ec)
      Successors: 4013ec
  BB: 4043e9 in func 401150 with 2 insts
    I: 4043e9
    I: 4043f0 (flow 404553)
      Successors: 404553
  BB: 401beb in func 401150 with 1 insts
    I: 401beb (flow 401bf0)
      Successors: 401bf0
  BB: 4013ec in func 401150 with 3 insts
    I: 4013ec
    I: 4013ef
    I: 4013f4 (flow 403dd4)
      Successors: 4013fa, 403dd4
  BB: 401bf0 in func 401150 with 3 insts
    I: 401bf0
    I: 401bf3
    I: 401bf8 (flow 4020df)
      Successors: 401bfe, 4020df
  BB: 402bf0 in func 401150 with 2 insts
    I: 402bf0
    I: 402bf7 (flow 404553)
      Successors: 404553
  BB: 4043f5 in func 401150 with 7 insts
    I: 4043f5
    I: 4043f8
    I: 4043fd
    I: 404400
    I: 404405
    I: 404408
    I: 40440f (flow 404553)
      Successors: 404553
  BB: 4013fa in func 401150 with 1 insts
    I: 4013fa (flow 4013ff)
      Successors: 4013ff
  BB: 402bfc in func 401150 with 6 insts
    I: 402bfc
    I: 402c01
    I: 402c06
    I: 402c0a
    I: 402c0d
    I: 402c10 (flow 404553)
      Successors: 404553
  BB: 401bfe in func 401150 with 1 insts
    I: 401bfe (flow 401c03)
      Successors: 401c03
  BB: 4013ff in func 401150 with 3 insts
    I: 4013ff
    I: 401402
    I: 401407 (flow 4034d1)
      Successors: 4034d1, 40140d
  BB: 401c03 in func 401150 with 3 insts
    I: 401c03
    I: 401c06
    I: 401c0b (flow 40448a)
      Successors: 401c11, 40448a
  BB: 40140d in func 401150 with 1 insts
    I: 40140d (flow 401412)
      Successors: 401412
  BB: 401c11 in func 401150 with 1 insts
    I: 401c11 (flow 401c16)
      Successors: 401c16
  BB: 401412 in func 401150 with 3 insts
    I: 401412
    I: 401415
    I: 40141a (flow 4024ea)
      Successors: 401420, 4024ea
  BB: 404414 in func 401150 with 2 insts
    I: 404414
    I: 40441b (flow 404553)
      Successors: 404553
  BB: 402c15 in func 401150 with 6 insts
    I: 402c15
    I: 402c1a
    I: 402c1f
    I: 402c23
    I: 402c26
    I: 402c29 (flow 404553)
      Successors: 404553
  BB: 401c16 in func 401150 with 3 insts
    I: 401c16
    I: 401c19
    I: 401c1e (flow 404165)
      Successors: 401c24, 404165
  BB: 401420 in func 401150 with 1 insts
    I: 401420 (flow 401425)
      Successors: 401425
  BB: 404420 in func 401150 with 2 insts
    I: 404420
    I: 404427 (flow 404553)
      Successors: 404553
  BB: 401c24 in func 401150 with 1 insts
    I: 401c24 (flow 401c29)
      Successors: 401c29
  BB: 401425 in func 401150 with 3 insts
    I: 401425
    I: 401428
    I: 40142d (flow 4031c5)
      Successors: 401433, 4031c5
  BB: 401c29 in func 401150 with 3 insts
    I: 401c29
    I: 401c2c
    I: 401c31 (flow 402614)
      Successors: 402614, 401c37
  BB: 40442c in func 401150 with 2 insts
    I: 40442c
    I: 404433 (flow 404553)
      Successors: 404553
  BB: 402c2e in func 401150 with 5 insts
    I: 402c2e (imm 405007)
    I: 402c38
    I: 402c3a (flow 407040)
    I: 402c3f
    I: 402c46 (flow 404553)
      Successors: 404553
  BB: 401433 in func 401150 with 1 insts
    I: 401433 (flow 401438)
      Successors: 401438
  BB: 401c37 in func 401150 with 1 insts
    I: 401c37 (flow 401c3c)
      Successors: 401c3c
  BB: 401438 in func 401150 with 3 insts
    I: 401438
    I: 40143b
    I: 401440 (flow 403823)
      Successors: 403823, 401446
  BB: 403439 in func 401150 with 43 insts
    I: 403439 (imm 40500a)
    I: 403443
    I: 403445 (flow 407040)
    I: 40344a (imm 40702c)
    I: 403451
    I: 403453 (imm 407030)
    I: 40345a
    I: 40345c
    I: 40345e
    I: 403464
    I: 403467
    I: 40346d
    I: 403470
    I: 403473
    I: 403476
    I: 40347a
    I: 40347d
    I: 403481
    I: 403484
    I: 403486
    I: 403489
    I: 40348d
    I: 40348f
    I: 403492
    I: 403494
    I: 403497
    I: 40349a
    I: 40349d
    I: 4034a1
    I: 4034a4
    I: 4034a7
    I: 4034aa
    I: 4034ad
    I: 4034b0
    I: 4034b2
    I: 4034b5
    I: 4034b7
    I: 4034b9
    I: 4034be
    I: 4034c3
    I: 4034c6
    I: 4034c9
    I: 4034cc (flow 404553)
      Successors: 404553
  BB: 404438 in func 401150 with 2 insts
    I: 404438
    I: 40443f (flow 404553)
      Successors: 404553
  BB: 401c3c in func 401150 with 3 insts
    I: 401c3c
    I: 401c3f
    I: 401c44 (flow 40224f)
      Successors: 401c4a, 40224f
  BB: 403c41 in func 401150 with 2 insts
    I: 403c41
    I: 403c48 (flow 404553)
      Successors: 404553
  BB: 404444 in func 401150 with 5 insts
    I: 404444 (imm 405007)
    I: 40444e
    I: 404450 (flow 407040)
    I: 404455
    I: 40445c (flow 404553)
      Successors: 404553
  BB: 401446 in func 401150 with 1 insts
    I: 401446 (flow 40144b)
      Successors: 40144b
  BB: 401c4a in func 401150 with 1 insts
    I: 401c4a (flow 401c4f)
      Successors: 401c4f
  BB: 40144b in func 401150 with 3 insts
    I: 40144b
    I: 40144e
    I: 401453 (flow 402cca)
      Successors: 401459, 402cca
  BB: 402c4b in func 401150 with 40 insts
    I: 402c4b (imm 40702c)
    I: 402c52
    I: 402c54 (imm 407030)
    I: 402c5b
    I: 402c5d
    I: 402c5f
    I: 402c62
    I: 402c64
    I: 402c66
    I: 402c69
    I: 402c6c
    I: 402c6f
    I: 402c73
    I: 402c76
    I: 402c7a
    I: 402c7d
    I: 402c7f
    I: 402c82
    I: 402c86
    I: 402c88
    I: 402c8b
    I: 402c8d
    I: 402c90
    I: 402c93
    I: 402c96
    I: 402c9a
    I: 402c9d
    I: 402ca0
    I: 402ca3
    I: 402ca6
    I: 402ca9
    I: 402cab
    I: 402cae
    I: 402cb0
    I: 402cb2
    I: 402cb7
    I: 402cbc
    I: 402cbf
    I: 402cc2
    I: 402cc5 (flow 404553)
      Successors: 404553
  BB: 403c4d in func 401150 with 40 insts
    I: 403c4d (imm 40702c)
    I: 403c54
    I: 403c56 (imm 407030)
    I: 403c5d
    I: 403c5f
    I: 403c61
    I: 403c64
    I: 403c66
    I: 403c68
    I: 403c6b
    I: 403c6e
    I: 403c71
    I: 403c75
    I: 403c78
    I: 403c7c
    I: 403c7f
    I: 403c81
    I: 403c84
    I: 403c88
    I: 403c8a
    I: 403c8d
    I: 403c8f
    I: 403c92
    I: 403c95
    I: 403c98
    I: 403c9c
    I: 403c9f
    I: 403ca2
    I: 403ca5
    I: 403ca8
    I: 403cab
    I: 403cad
    I: 403cb0
    I: 403cb2
    I: 403cb4
    I: 403cb9
    I: 403cbe
    I: 403cc1
    I: 403cc4
    I: 403cc7 (flow 404553)
      Successors: 404553
  BB: 401c4f in func 401150 with 3 insts
    I: 401c4f
    I: 401c52
    I: 401c57 (flow 40294f)
      Successors: 401c5d, 40294f
  BB: 401459 in func 401150 with 1 insts
    I: 401459 (flow 40145e)
      Successors: 40145e
  BB: 40245c in func 401150 with 41 insts
    I: 40245c
    I: 402463 (imm 40702c)
    I: 40246a
    I: 40246c (imm 407030)
    I: 402473
    I: 402475
    I: 402477
    I: 40247d
    I: 402480
    I: 402486
    I: 402489
    I: 40248c
    I: 40248f
    I: 402493
    I: 402496
    I: 40249a
    I: 40249d
    I: 40249f
    I: 4024a2
    I: 4024a6
    I: 4024a8
    I: 4024ab
    I: 4024ad
    I: 4024b0
    I: 4024b3
    I: 4024b6
    I: 4024ba
    I: 4024bd
    I: 4024c0
    I: 4024c3
    I: 4024c6
    I: 4024c9
    I: 4024cb
    I: 4024ce
    I: 4024d0
    I: 4024d2
    I: 4024d7
    I: 4024dc
    I: 4024df
    I: 4024e2
    I: 4024e5 (flow 404553)
      Successors: 404553
  BB: 401c5d in func 401150 with 1 insts
    I: 401c5d (flow 401c62)
      Successors: 401c62
  BB: 40145e in func 401150 with 3 insts
    I: 40145e
    I: 401461
    I: 401466 (flow 4040e1)
      Successors: 4040e1, 40146c
  BB: 404461 in func 401150 with 2 insts
    I: 404461
    I: 404468 (flow 404553)
      Successors: 404553
  BB: 401c62 in func 401150 with 3 insts
    I: 401c62
    I: 401c65
    I: 401c6a (flow 40355c)
      Successors: 401c70, 40355c
  BB: 40146c in func 401150 with 1 insts
    I: 40146c (flow 401471)
      Successors: 401471
  BB: 40446d in func 401150 with 5 insts
    I: 40446d (imm 40500a)
    I: 404477
    I: 404479 (flow 407040)
    I: 40447e
    I: 404485 (flow 404553)
      Successors: 404553
  BB: 401c70 in func 401150 with 1 insts
    I: 401c70 (flow 401c75)
      Successors: 401c75
  BB: 401471 in func 401150 with 3 insts
    I: 401471
    I: 401474
    I: 401479 (flow 4043b2)
      Successors: 4043b2, 40147f
  BB: 401c75 in func 401150 with 3 insts
    I: 401c75
    I: 401c78
    I: 401c7d (flow 402bfc)
      Successors: 401c83, 402bfc
  BB: 40147f in func 401150 with 1 insts
    I: 40147f (flow 401484)
      Successors: 401484
  BB: 401c83 in func 401150 with 1 insts
    I: 401c83 (flow 401c88)
      Successors: 401c88
  BB: 401484 in func 401150 with 3 insts
    I: 401484
    I: 401487
    I: 40148c (flow 4024f6)
      Successors: 401492, 4024f6
  BB: 401c88 in func 401150 with 3 insts
    I: 401c88
    I: 401c8b
    I: 401c90 (flow 40432a)
      Successors: 40432a, 401c96
  BB: 40448a in func 401150 with 2 insts
    I: 40448a
    I: 404491 (flow 404553)
      Successors: 404553
  BB: 401492 in func 401150 with 1 insts
    I: 401492 (flow 401497)
      Successors: 401497
  BB: 401c96 in func 401150 with 1 insts
    I: 401c96 (flow 401c9b)
      Successors: 401c9b
  BB: 401497 in func 401150 with 3 insts
    I: 401497
    I: 40149a
    I: 40149f (flow 404420)
      Successors: 404420, 4014a5
  BB: 404496 in func 401150 with 2 insts
    I: 404496
    I: 40449d (flow 404553)
      Successors: 404553
  BB: 401c9b in func 401150 with 3 insts
    I: 401c9b
    I: 401c9e
    I: 401ca3 (flow 402a2b)
      Successors: 401ca9, 402a2b
  BB: 4044a2 in func 401150 with 2 insts
    I: 4044a2
    I: 4044a9 (flow 404553)
      Successors: 404553
  BB: 4014a5 in func 401150 with 1 insts
    I: 4014a5 (flow 4014aa)
      Successors: 4014aa
  BB: 401ca9 in func 401150 with 1 insts
    I: 401ca9 (flow 401cae)
      Successors: 401cae
  BB: 4014aa in func 401150 with 3 insts
    I: 4014aa
    I: 4014ad
    I: 4014b2 (flow 404414)
      Successors: 4014b8, 404414
  BB: 401cae in func 401150 with 3 insts
    I: 401cae
    I: 401cb1
    I: 401cb6 (flow 402fec)
      Successors: 402fec, 401cbc
  BB: 4044ae in func 401150 with 2 insts
    I: 4044ae
    I: 4044b5 (flow 404553)
      Successors: 404553
  BB: 4014b8 in func 401150 with 1 insts
    I: 4014b8 (flow 4014bd)
      Successors: 4014bd
  BB: 4044ba in func 401150 with 2 insts
    I: 4044ba
    I: 4044c1 (flow 404553)
      Successors: 404553
  BB: 401cbc in func 401150 with 1 insts
    I: 401cbc (flow 401cc1)
      Successors: 401cc1
  BB: 4014bd in func 401150 with 3 insts
    I: 4014bd
    I: 4014c0
    I: 4014c5 (flow 402d2b)
      Successors: 402d2b, 4014cb
  BB: 401cc1 in func 401150 with 3 insts
    I: 401cc1
    I: 401cc4
    I: 401cc9 (flow 4025f9)
      Successors: 4025f9, 401ccf
  BB: 4044c6 in func 401150 with 2 insts
    I: 4044c6
    I: 4044cd (flow 404553)
      Successors: 404553
  BB: 402cca in func 401150 with 28 insts
    I: 402cca
    I: 402cce
    I: 402cd1
    I: 402cd3
    I: 402cd6 (imm 40702c)
    I: 402cdd
    I: 402cdf (imm 407030)
    I: 402ce6
    I: 402ce8
    I: 402cea
    I: 402cf0
    I: 402cf3
    I: 402cf9
    I: 402cfc
    I: 402cff
    I: 402d02
    I: 402d05
    I: 402d08
    I: 402d0b
    I: 402d0d
    I: 402d0f
    I: 402d11
    I: 402d13
    I: 402d18
    I: 402d1d
    I: 402d20
    I: 402d23
    I: 402d26 (flow 404553)
      Successors: 404553
  BB: 4014cb in func 401150 with 1 insts
    I: 4014cb (flow 4014d0)
      Successors: 4014d0
  BB: 403ccc in func 401150 with 45 insts
    I: 403ccc
    I: 403cd0
    I: 403cd5
    I: 403cd8
    I: 403cda
    I: 403cdd (imm 40702c)
    I: 403ce4
    I: 403ce6 (imm 407030)
    I: 403ced
    I: 403cef
    I: 403cf1
    I: 403cf7
    I: 403cfa
    I: 403d00
    I: 403d03
    I: 403d06
    I: 403d09
    I: 403d0d
    I: 403d10
    I: 403d14
    I: 403d17
    I: 403d19
    I: 403d1c
    I: 403d20
    I: 403d22
    I: 403d25
    I: 403d27
    I: 403d2a
    I: 403d2d
    I: 403d30
    I: 403d34
    I: 403d37
    I: 403d3a
    I: 403d3d
    I: 403d40
    I: 403d43
    I: 403d45
    I: 403d48
    I: 403d4a
    I: 403d4c
    I: 403d51
    I: 403d56
    I: 403d59
    I: 403d5c
    I: 403d5f (flow 404553)
      Successors: 404553
  BB: 401ccf in func 401150 with 1 insts
    I: 401ccf (flow 401cd4)
      Successors: 401cd4
  BB: 4014d0 in func 401150 with 3 insts
    I: 4014d0
    I: 4014d3
    I: 4014d8 (flow 4043f5)
      Successors: 4043f5, 4014de
  BB: 4034d1 in func 401150 with 2 insts
    I: 4034d1
    I: 4034d8 (flow 404553)
      Successors: 404553
  BB: 4044d2 in func 401150 with 3 insts
    I: 4044d2
    I: 4044d9
    I: 4044e0 (flow 404553)
      Successors: 404553
  BB: 401cd4 in func 401150 with 3 insts
    I: 401cd4
    I: 401cd7
    I: 401cdc (flow 402714)
      Successors: 401ce2, 402714
  BB: 4034dd in func 401150 with 40 insts
    I: 4034dd (imm 40702c)
    I: 4034e4
    I: 4034e6 (imm 407030)
    I: 4034ed
    I: 4034ef
    I: 4034f1
    I: 4034f4
    I: 4034f6
    I: 4034f8
    I: 4034fb
    I: 4034fe
    I: 403501
    I: 403505
    I: 403508
    I: 40350c
    I: 40350f
    I: 403511
    I: 403514
    I: 403518
    I: 40351a
    I: 40351d
    I: 40351f
    I: 403522
    I: 403525
    I: 403528
    I: 40352c
    I: 40352f
    I: 403532
    I: 403535
    I: 403538
    I: 40353b
    I: 40353d
    I: 403540
    I: 403542
    I: 403544
    I: 403549
    I: 40354e
    I: 403551
    I: 403554
    I: 403557 (flow 404553)
      Successors: 404553
  BB: 4014de in func 401150 with 1 insts
    I: 4014de (flow 4014e3)
      Successors: 4014e3
  BB: 401ce2 in func 401150 with 1 insts
    I: 401ce2 (flow 401ce7)
      Successors: 401ce7
  BB: 4014e3 in func 401150 with 3 insts
    I: 4014e3
    I: 4014e6
    I: 4014eb (flow 402efa)
      Successors: 4014f1, 402efa
  BB: 4044e5 in func 401150 with 2 insts
    I: 4044e5
    I: 4044ec (flow 404553)
      Successors: 404553
  BB: 401ce7 in func 401150 with 3 insts
    I: 401ce7
    I: 401cea
    I: 401cef (flow 40245c)
      Successors: 40245c, 401cf5
  BB: 4024ea in func 401150 with 2 insts
    I: 4024ea
    I: 4024f1 (flow 404553)
      Successors: 404553
  BB: 4014f1 in func 401150 with 1 insts
    I: 4014f1 (flow 4014f6)
      Successors: 4014f6
  BB: 4044f1 in func 401150 with 3 insts
    I: 4044f1
    I: 4044f8
    I: 4044ff (flow 404553)
      Successors: 404553
  BB: 401cf5 in func 401150 with 1 insts
    I: 401cf5 (flow 401cfa)
      Successors: 401cfa
  BB: 4014f6 in func 401150 with 3 insts
    I: 4014f6
    I: 4014f9
    I: 4014fe (flow 403222)
      Successors: 403222, 401504
  BB: 4024f6 in func 401150 with 6 insts
    I: 4024f6
    I: 4024fb
    I: 402500
    I: 402504
    I: 402507
    I: 40250a (flow 404553)
      Successors: 404553
  BB: 401cfa in func 401150 with 3 insts
    I: 401cfa
    I: 401cfd
    I: 401d02 (flow 402147)
      Successors: 401d08, 402147
  BB: 401504 in func 401150 with 1 insts
    I: 401504 (flow 401509)
      Successors: 401509
  BB: 404504 in func 401150 with 2 insts
    I: 404504
    I: 40450b (flow 404553)
      Successors: 404553
  BB: 401d08 in func 401150 with 1 insts
    I: 401d08 (flow 401d0d)
      Successors: 401d0d
  BB: 401509 in func 401150 with 3 insts
    I: 401509
    I: 40150c
    I: 401511 (flow 40414d)
      Successors: 40414d, 401517
  BB: 401d0d in func 401150 with 3 insts
    I: 401d0d
    I: 401d10
    I: 401d15 (flow 403336)
      Successors: 401d1b, 403336
  BB: 40250f in func 401150 with 40 insts
    I: 40250f (imm 40702c)
    I: 402516
    I: 402518 (imm 407030)
    I: 40251f
    I: 402521
    I: 402523
    I: 402529
    I: 40252c
    I: 402532
    I: 402535
    I: 402538
    I: 40253b
    I: 40253f
    I: 402542
    I: 402546
    I: 402549
    I: 40254b
    I: 40254e
    I: 402552
    I: 402554
    I: 402557
    I: 402559
    I: 40255c
    I: 40255f
    I: 402562
    I: 402566
    I: 402569
    I: 40256c
    I: 40256f
    I: 402572
    I: 402575
    I: 402577
    I: 40257a
    I: 40257c
    I: 40257e
    I: 402583
    I: 402588
    I: 40258b
    I: 40258e
    I: 402591 (flow 404553)
      Successors: 404553
  BB: 404510 in func 401150 with 5 insts
    I: 404510 (imm 405007)
    I: 40451a
    I: 40451c (flow 407040)
    I: 404521
    I: 404528 (flow 404553)
      Successors: 404553
  BB: 401517 in func 401150 with 1 insts
    I: 401517 (flow 40151c)
      Successors: 40151c
  BB: 401d1b in func 401150 with 1 insts
    I: 401d1b (flow 401d20)
      Successors: 401d20
  BB: 40151c in func 401150 with 3 insts
    I: 40151c
    I: 40151f
    I: 401524 (flow 4044a2)
      Successors: 4044a2, 40152a
  BB: 401d20 in func 401150 with 3 insts
    I: 401d20
    I: 401d23
    I: 401d28 (flow 403397)
      Successors: 401d2e, 403397
  BB: 40152a in func 401150 with 1 insts
    I: 40152a (flow 40152f)
      Successors: 40152f
  BB: 402d2b in func 401150 with 7 insts
    I: 402d2b
    I: 402d2e
    I: 402d33
    I: 402d38
    I: 402d3b
    I: 402d3e
    I: 402d41 (flow 404553)
      Successors: 404553
  BB: 40452d in func 401150 with 2 insts
    I: 40452d
    I: 404534 (flow 404553)
      Successors: 404553
  BB: 401d2e in func 401150 with 1 insts
    I: 401d2e (flow 401d33)
      Successors: 401d33
  BB: 40152f in func 401150 with 3 insts
    I: 40152f
    I: 401532
    I: 401537 (flow 4023c2)
      Successors: 4023c2, 40153d
  BB: 401d33 in func 401150 with 3 insts
    I: 401d33
    I: 401d36
    I: 401d3b (flow 40442c)
      Successors: 401d41, 40442c
  BB: 404539 in func 401150 with 6 insts
    I: 404539
    I: 40453c
    I: 404541
    I: 404544
    I: 404549
    I: 40454c
      Successors: 404553
  BB: 40153d in func 401150 with 1 insts
    I: 40153d (flow 401542)
      Successors: 401542
  BB: 401d41 in func 401150 with 1 insts
    I: 401d41 (flow 401d46)
      Successors: 401d46
  BB: 401542 in func 401150 with 3 insts
    I: 401542
    I: 401545
    I: 40154a (flow 4043e9)
      Successors: 401550, 4043e9
  BB: 401d46 in func 401150 with 3 insts
    I: 401d46
    I: 401d49
    I: 401d4e (flow 4022af)
      Successors: 401d54, 4022af
  BB: 402d46 in func 401150 with 5 insts
    I: 402d46 (imm 40500a)
    I: 402d50
    I: 402d52 (flow 407040)
    I: 402d57
    I: 402d5e (flow 404553)
      Successors: 404553
  BB: 401550 in func 401150 with 1 insts
    I: 401550 (flow 401555)
      Successors: 401555
  BB: 404553 in func 401150 with 1 insts
    I: 404553 (flow 401176)
      Successors: 401176
  BB: 401d54 in func 401150 with 1 insts
    I: 401d54 (flow 401d59)
      Successors: 401d59
  BB: 401555 in func 401150 with 3 insts
    I: 401555
    I: 401558
    I: 40155d (flow 403f4e)
      Successors: 401563, 403f4e
  BB: 401d59 in func 401150 with 3 insts
    I: 401d59
    I: 401d5c
    I: 401d61 (flow 4030b3)
      Successors: 4030b3, 401d67
  BB: 40355c in func 401150 with 28 insts
    I: 40355c
    I: 403560
    I: 403563
    I: 403565
    I: 403568 (imm 40702c)
    I: 40356f
    I: 403571 (imm 407030)
    I: 403578
    I: 40357a
    I: 40357c
    I: 40357f
    I: 403581
    I: 403583
    I: 403586
    I: 403589
    I: 40358c
    I: 40358f
    I: 403592
    I: 403595
    I: 403597
    I: 403599
    I: 40359b
    I: 40359d
    I: 4035a2
    I: 4035a7
    I: 4035aa
    I: 4035ad
    I: 4035b0 (flow 404553)
      Successors: 404553
  BB: 401563 in func 401150 with 1 insts
    I: 401563 (flow 401568)
      Successors: 401568
  BB: 402d63 in func 401150 with 40 insts
    I: 402d63 (imm 40702c)
    I: 402d6a
    I: 402d6c (imm 407030)
    I: 402d73
    I: 402d75
    I: 402d77
    I: 402d7d
    I: 402d80
    I: 402d86
    I: 402d89
    I: 402d8c
    I: 402d8f
    I: 402d93
    I: 402d96
    I: 402d9a
    I: 402d9d
    I: 402d9f
    I: 402da2
    I: 402da6
    I: 402da8
    I: 402dab
    I: 402dad
    I: 402db0
    I: 402db3
    I: 402db6
    I: 402dba
    I: 402dbd
    I: 402dc0
    I: 402dc3
    I: 402dc6
    I: 402dc9
    I: 402dcb
    I: 402dce
    I: 402dd0
    I: 402dd2
    I: 402dd7
    I: 402ddc
    I: 402ddf
    I: 402de2
    I: 402de5 (flow 404553)
      Successors: 404553
  BB: 403d64 in func 401150 with 7 insts
    I: 403d64
    I: 403d67
    I: 403d6c
    I: 403d71
    I: 403d74
    I: 403d77
    I: 403d7a (flow 404553)
      Successors: 404553
  BB: 401d67 in func 401150 with 1 insts
    I: 401d67 (flow 401d6c)
      Successors: 401d6c
  BB: 401568 in func 401150 with 3 insts
    I: 401568
    I: 40156b
    I: 401570 (flow 403f2f)
      Successors: 401576, 403f2f
  BB: 401d6c in func 401150 with 3 insts
    I: 401d6c
    I: 401d6f
    I: 401d74 (flow 4043dd)
      Successors: 401d7a, 4043dd
  BB: 401576 in func 401150 with 1 insts
    I: 401576 (flow 40157b)
      Successors: 40157b
  BB: 401d7a in func 401150 with 1 insts
    I: 401d7a (flow 401d7f)
      Successors: 401d7f
  BB: 40157b in func 401150 with 3 insts
    I: 40157b
    I: 40157e
    I: 401583 (flow 402dea)
      Successors: 401589, 402dea
  BB: 401d7f in func 401150 with 3 insts
    I: 401d7f
    I: 401d82
    I: 401d87 (flow 4031f0)
      Successors: 4031f0, 401d8d
  BB: 403d7f in func 401150 with 24 insts
    I: 403d7f (imm 40702c)
    I: 403d86
    I: 403d88 (imm 407030)
    I: 403d8f
    I: 403d91
    I: 403d93
    I: 403d99
    I: 403d9c
    I: 403da2
    I: 403da5
    I: 403da8
    I: 403dab
    I: 403dae
    I: 403db1
    I: 403db4
    I: 403db6
    I: 403db8
    I: 403dba
    I: 403dbc
    I: 403dc1
    I: 403dc6
    I: 403dc9
    I: 403dcc
    I: 403dcf (flow 404553)
      Successors: 404553
  BB: 401589 in func 401150 with 1 insts
    I: 401589 (flow 40158e)
      Successors: 40158e
  BB: 401d8d in func 401150 with 1 insts
    I: 401d8d (flow 401d92)
      Successors: 401d92
  BB: 40158e in func 401150 with 3 insts
    I: 40158e
    I: 401591
    I: 401596 (flow 4044d2)
      Successors: 4044d2, 40159c
  BB: 401d92 in func 401150 with 3 insts
    I: 401d92
    I: 401d95
    I: 401d9a (flow 40446d)
      Successors: 401da0, 40446d
  BB: 402596 in func 401150 with 29 insts
    I: 402596
    I: 402599
    I: 40259c
    I: 40259f
    I: 4025a1
    I: 4025a4 (imm 40702c)
    I: 4025ab
    I: 4025ad (imm 407030)
    I: 4025b4
    I: 4025b6
    I: 4025b8
    I: 4025be
    I: 4025c1
    I: 4025c7
    I: 4025ca
    I: 4025cd
    I: 4025d0
    I: 4025d3
    I: 4025d6
    I: 4025d9
    I: 4025db
    I: 4025dd
    I: 4025df
    I: 4025e1
    I: 4025e6
    I: 4025eb
    I: 4025ee
    I: 4025f1
    I: 4025f4 (flow 404553)
      Successors: 404553
  BB: 40159c in func 401150 with 1 insts
    I: 40159c (flow 4015a1)
      Successors: 4015a1
  BB: 401da0 in func 401150 with 1 insts
    I: 401da0 (flow 401da5)
      Successors: 401da5
  BB: 4015a1 in func 401150 with 3 insts
    I: 4015a1
    I: 4015a4
    I: 4015a9 (flow 403f17)
      Successors: 403f17, 4015af
  BB: 401da5 in func 401150 with 3 insts
    I: 401da5
    I: 401da8
    I: 401dad (flow 40219c)
      Successors: 401db3, 40219c
  BB: 4015af in func 401150 with 1 insts
    I: 4015af (flow 4015b4)
      Successors: 4015b4
  BB: 401db3 in func 401150 with 1 insts
    I: 401db3 (flow 401db8)
      Successors: 401db8
  BB: 4015b4 in func 401150 with 3 insts
    I: 4015b4
    I: 4015b7
    I: 4015bc (flow 402669)
      Successors: 402669, 4015c2
  BB: 4035b5 in func 401150 with 7 insts
    I: 4035b5
    I: 4035b8
    I: 4035bd
    I: 4035c2
    I: 4035c5
    I: 4035c8
    I: 4035cb (flow 404553)
      Successors: 404553
  BB: 401db8 in func 401150 with 3 insts
    I: 401db8
    I: 401dbb
    I: 401dc0 (flow 404312)
      Successors: 404312, 401dc6
  BB: 4015c2 in func 401150 with 1 insts
    I: 4015c2 (flow 4015c7)
      Successors: 4015c7
  BB: 401dc6 in func 401150 with 1 insts
    I: 401dc6 (flow 401dcb)
      Successors: 401dcb
  BB: 4015c7 in func 401150 with 3 insts
    I: 4015c7
    I: 4015ca
    I: 4015cf (flow 404332)
      Successors: 404332, 4015d5
  BB: 401dcb in func 401150 with 3 insts
    I: 401dcb
    I: 401dce
    I: 401dd3 (flow 403705)
      Successors: 401dd9, 403705
  BB: 4035d0 in func 401150 with 5 insts
    I: 4035d0 (imm 40500d)
    I: 4035da
    I: 4035dc (flow 407040)
    I: 4035e1
    I: 4035e8 (flow 404553)
      Successors: 404553
  BB: 403dd4 in func 401150 with 25 insts
    I: 403dd4
    I: 403ddb (imm 40702c)
    I: 403de2
    I: 403de4 (imm 407030)
    I: 403deb
    I: 403ded
    I: 403def
    I: 403df5
    I: 403df8
    I: 403dfe
    I: 403e01
    I: 403e04
    I: 403e07
    I: 403e0a
    I: 403e0d
    I: 403e10
    I: 403e12
    I: 403e14
    I: 403e16
    I: 403e18
    I: 403e1d
    I: 403e22
    I: 403e25
    I: 403e28
    I: 403e2b (flow 404553)
      Successors: 404553
  BB: 4015d5 in func 401150 with 1 insts
    I: 4015d5 (flow 4015da)
      Successors: 4015da
  BB: 401dd9 in func 401150 with 1 insts
    I: 401dd9 (flow 401dde)
      Successors: 401dde
  BB: 4015da in func 401150 with 3 insts
    I: 4015da
    I: 4015dd
    I: 4015e2 (flow 403209)
      Successors: 4015e8, 403209
  BB: 401dde in func 401150 with 3 insts
    I: 401dde
    I: 401de1
    I: 401de6 (flow 404251)
      Successors: 404251, 401dec
  BB: 4015e8 in func 401150 with 1 insts
    I: 4015e8 (flow 4015ed)
      Successors: 4015ed
  BB: 402dea in func 401150 with 28 insts
    I: 402dea
    I: 402dee
    I: 402df1
    I: 402df3
    I: 402df6 (imm 40702c)
    I: 402dfd
    I: 402dff (imm 407030)
    I: 402e06
    I: 402e08
    I: 402e0a
    I: 402e0d
    I: 402e0f
    I: 402e11
    I: 402e14
    I: 402e17
    I: 402e1a
    I: 402e1d
    I: 402e20
    I: 402e23
    I: 402e25
    I: 402e27
    I: 402e29
    I: 402e2b
    I: 402e30
    I: 402e35
    I: 402e38
    I: 402e3b
    I: 402e3e (flow 404553)
      Successors: 404553
  BB: 401dec in func 401150 with 1 insts
    I: 401dec (flow 401df1)
      Successors: 401df1
  BB: 4015ed in func 401150 with 3 insts
    I: 4015ed
    I: 4015f0
    I: 4015f5 (flow 404510)
      Successors: 404510, 4015fb
  BB: 4035ed in func 401150 with 24 insts
    I: 4035ed (imm 40702c)
    I: 4035f4
    I: 4035f6 (imm 407030)
    I: 4035fd
    I: 4035ff
    I: 403601
    I: 403604
    I: 403606
    I: 403608
    I: 40360b
    I: 40360e
    I: 403611
    I: 403614
    I: 403617
    I: 40361a
    I: 40361c
    I: 40361e
    I: 403620
    I: 403622
    I: 403627
    I: 40362c
    I: 40362f
    I: 403632
    I: 403635 (flow 404553)
      Successors: 404553
  BB: 401df1 in func 401150 with 3 insts
    I: 401df1
    I: 401df4
    I: 401df9 (flow 403711)
      Successors: 403711, 401dff
  BB: 4025f9 in func 401150 with 7 insts
    I: 4025f9
    I: 4025fc
    I: 402601
    I: 402606
    I: 402609
    I: 40260c
    I: 40260f (flow 404553)
      Successors: 404553
  BB: 4015fb in func 401150 with 1 insts
    I: 4015fb (flow 401600)
      Successors: 401600
  BB: 401dff in func 401150 with 1 insts
    I: 401dff (flow 401e04)
      Successors: 401e04
  BB: 401600 in func 401150 with 3 insts
    I: 401600
    I: 401603
    I: 401608 (flow 4022c8)
      Successors: 4022c8, 40160e
  BB: 401e04 in func 401150 with 3 insts
    I: 401e04
    I: 401e07
    I: 401e0c (flow 4027ef)
      Successors: 401e12, 4027ef
  BB: 40160e in func 401150 with 1 insts
    I: 40160e (flow 401613)
      Successors: 401613
  BB: 401e12 in func 401150 with 1 insts
    I: 401e12 (flow 401e17)
      Successors: 401e17
  BB: 401613 in func 401150 with 3 insts
    I: 401613
    I: 401616
    I: 40161b (flow 4023dd)
      Successors: 401621, 4023dd
  BB: 402614 in func 401150 with 24 insts
    I: 402614 (imm 40702c)
    I: 40261b
    I: 40261d (imm 407030)
    I: 402624
    I: 402626
    I: 402628
    I: 40262e
    I: 402631
    I: 402637
    I: 40263a
    I: 40263d
    I: 402640
    I: 402643
    I: 402646
    I: 402649
    I: 40264b
    I: 40264d
    I: 40264f
    I: 402651
    I: 402656
    I: 40265b
    I: 40265e
    I: 402661
    I: 402664 (flow 404553)
      Successors: 404553
  BB: 401e17 in func 401150 with 3 insts
    I: 401e17
    I: 401e1a
    I: 401e1f (flow 403f67)
      Successors: 401e25, 403f67
  BB: 401621 in func 401150 with 1 insts
    I: 401621 (flow 401626)
      Successors: 401626
  BB: 401e25 in func 401150 with 1 insts
    I: 401e25 (flow 401e2a)
      Successors: 401e2a
  BB: 401626 in func 401150 with 3 insts
    I: 401626
    I: 401629
    I: 40162e (flow 40222a)
      Successors: 40222a, 401634
  BB: 401e2a in func 401150 with 3 insts
    I: 401e2a
    I: 401e2d
    I: 401e32 (flow 403e5a)
      Successors: 401e38, 403e5a
  BB: 403e30 in func 401150 with 2 insts
    I: 403e30
    I: 403e37 (flow 404553)
      Successors: 404553
  BB: 401634 in func 401150 with 1 insts
    I: 401634 (flow 401639)
      Successors: 401639
  BB: 401e38 in func 401150 with 1 insts
    I: 401e38 (flow 401e3d)
      Successors: 401e3d
  BB: 401639 in func 401150 with 3 insts
    I: 401639
    I: 40163c
    I: 401641 (flow 4040fa)
      Successors: 4040fa, 401647
  BB: 40363a in func 401150 with 44 insts
    I: 40363a
    I: 40363e
    I: 403641
    I: 403643
    I: 403646 (imm 40702c)
    I: 40364d
    I: 40364f (imm 407030)
    I: 403656
    I: 403658
    I: 40365a
    I: 403660
    I: 403663
    I: 403669
    I: 40366c
    I: 40366f
    I: 403672
    I: 403676
    I: 403679
    I: 40367d
    I: 403680
    I: 403682
    I: 403685
    I: 403689
    I: 40368b
    I: 40368e
    I: 403690
    I: 403693
    I: 403696
    I: 403699
    I: 40369d
    I: 4036a0
    I: 4036a3
    I: 4036a6
    I: 4036a9
    I: 4036ac
    I: 4036ae
    I: 4036b1
    I: 4036b3
    I: 4036b5
    I: 4036ba
    I: 4036bf
    I: 4036c2
    I: 4036c5
    I: 4036c8 (flow 404553)
      Successors: 404553
  BB: 403e3c in func 401150 with 7 insts
    I: 403e3c
    I: 403e40
    I: 403e45
    I: 403e4a
    I: 403e4f
    I: 403e52
    I: 403e55 (flow 404553)
      Successors: 404553
  BB: 401e3d in func 401150 with 3 insts
    I: 401e3d
    I: 401e40
    I: 401e45 (flow 403a5e)
      Successors: 401e4b, 403a5e
  BB: 402e43 in func 401150 with 7 insts
    I: 402e43
    I: 402e46
    I: 402e4b
    I: 402e50
    I: 402e53
    I: 402e56
    I: 402e59 (flow 404553)
      Successors: 404553
  BB: 401647 in func 401150 with 1 insts
    I: 401647 (flow 40164c)
      Successors: 40164c
  BB: 401e4b in func 401150 with 1 insts
    I: 401e4b (flow 401e50)
      Successors: 401e50
  BB: 40164c in func 401150 with 3 insts
    I: 40164c
    I: 40164f
    I: 401654 (flow 402e5e)
      Successors: 40165a, 402e5e
  BB: 401e50 in func 401150 with 3 insts
    I: 401e50
    I: 401e53
    I: 401e58 (flow 40250f)
      Successors: 401e5e, 40250f
  BB: 40165a in func 401150 with 1 insts
    I: 40165a (flow 40165f)
      Successors: 40165f
  BB: 403e5a in func 401150 with 3 insts
    I: 403e5a
    I: 403e61
    I: 403e68 (flow 404553)
      Successors: 404553
  BB: 401e5e in func 401150 with 1 insts
    I: 401e5e (flow 401e63)
      Successors: 401e63
  BB: 40165f in func 401150 with 3 insts
    I: 40165f
    I: 401662
    I: 401667 (flow 40326f)
      Successors: 40166d, 40326f
  BB: 402e5e in func 401150 with 5 insts
    I: 402e5e (imm 40500d)
    I: 402e68
    I: 402e6a (flow 407040)
    I: 402e6f
    I: 402e76 (flow 404553)
      Successors: 404553
  BB: 401e63 in func 401150 with 3 insts
    I: 401e63
    I: 401e66
    I: 401e6b (flow 403a43)
      Successors: 401e71, 403a43
  BB: 402669 in func 401150 with 45 insts
    I: 402669
    I: 40266d
    I: 402672
    I: 402675
    I: 402677
    I: 40267a (imm 40702c)
    I: 402681
    I: 402683 (imm 407030)
    I: 40268a
    I: 40268c
    I: 40268e
    I: 402691
    I: 402693
    I: 402695
    I: 402698
    I: 40269b
    I: 40269e
    I: 4026a2
    I: 4026a5
    I: 4026a9
    I: 4026ac
    I: 4026ae
    I: 4026b1
    I: 4026b5
    I: 4026b7
    I: 4026ba
    I: 4026bc
    I: 4026bf
    I: 4026c2
    I: 4026c5
    I: 4026c9
    I: 4026cc
    I: 4026cf
    I: 4026d2
    I: 4026d5
    I: 4026d8
    I: 4026da
    I: 4026dd
    I: 4026df
    I: 4026e1
    I: 4026e6
    I: 4026eb
    I: 4026ee
    I: 4026f1
    I: 4026f4 (flow 404553)
      Successors: 404553
  BB: 40166d in func 401150 with 1 insts
    I: 40166d (flow 401672)
      Successors: 401672
  BB: 403e6d in func 401150 with 24 insts
    I: 403e6d (imm 40702c)
    I: 403e74
    I: 403e76 (imm 407030)
    I: 403e7d
    I: 403e7f
    I: 403e81
    I: 403e87
    I: 403e8a
    I: 403e90
    I: 403e93
    I: 403e96
    I: 403e99
    I: 403e9c
    I: 403e9f
    I: 403ea2
    I: 403ea4
    I: 403ea6
    I: 403ea8
    I: 403eaa
    I: 403eaf
    I: 403eb4
    I: 403eb7
    I: 403eba
    I: 403ebd (flow 404553)
      Successors: 404553
  BB: 401e71 in func 401150 with 1 insts
    I: 401e71 (flow 401e76)
      Successors: 401e76
  BB: 401672 in func 401150 with 3 insts
    I: 401672
    I: 401675
    I: 40167a (flow 403c41)
      Successors: 401680, 403c41
  BB: 401e76 in func 401150 with 3 insts
    I: 401e76
    I: 401e79
    I: 401e7e (flow 4044ba)
      Successors: 4044ba, 401e84
  BB: 402e7b in func 401150 with 40 insts
    I: 402e7b (imm 40702c)
    I: 402e82
    I: 402e84 (imm 407030)
    I: 402e8b
    I: 402e8d
    I: 402e8f
    I: 402e92
    I: 402e94
    I: 402e96
    I: 402e99
    I: 402e9c
    I: 402e9f
    I: 402ea3
    I: 402ea6
    I: 402eaa
    I: 402ead
    I: 402eaf
    I: 402eb2
    I: 402eb6
    I: 402eb8
    I: 402ebb
    I: 402ebd
    I: 402ec0
    I: 402ec3
    I: 402ec6
    I: 402eca
    I: 402ecd
    I: 402ed0
    I: 402ed3
    I: 402ed6
    I: 402ed9
    I: 402edb
    I: 402ede
    I: 402ee0
    I: 402ee2
    I: 402ee7
    I: 402eec
    I: 402eef
    I: 402ef2
    I: 402ef5 (flow 404553)
      Successors: 404553
  BB: 401680 in func 401150 with 1 insts
    I: 401680 (flow 401685)
      Successors: 401685
  BB: 401e84 in func 401150 with 1 insts
    I: 401e84 (flow 401e89)
      Successors: 401e89
  BB: 401685 in func 401150 with 3 insts
    I: 401685
    I: 401688
    I: 40168d (flow 403e6d)
      Successors: 401693, 403e6d
  BB: 401e89 in func 401150 with 3 insts
    I: 401e89
    I: 401e8c
    I: 401e91 (flow 404353)
      Successors: 404353, 401e97
  BB: 401693 in func 401150 with 1 insts
    I: 401693 (flow 401698)
      Successors: 401698
  BB: 401e97 in func 401150 with 1 insts
    I: 401e97 (flow 401e9c)
      Successors: 401e9c
  BB: 401698 in func 401150 with 3 insts
    I: 401698
    I: 40169b
    I: 4016a0 (flow 402b41)
      Successors: 402b41, 4016a6
  BB: 401e9c in func 401150 with 3 insts
    I: 401e9c
    I: 401e9f
    I: 401ea4 (flow 4044c6)
      Successors: 401eaa, 4044c6
  BB: 4016a6 in func 401150 with 1 insts
    I: 4016a6 (flow 4016ab)
      Successors: 4016ab
  BB: 401eaa in func 401150 with 1 insts
    I: 401eaa (flow 401eaf)
      Successors: 401eaf
  BB: 4016ab in func 401150 with 3 insts
    I: 4016ab
    I: 4016ae
    I: 4016b3 (flow 4036e8)
      Successors: 4036e8, 4016b9
  BB: 401eaf in func 401150 with 3 insts
    I: 401eaf
    I: 401eb2
    I: 401eb7 (flow 404461)
      Successors: 404461, 401ebd
  BB: 4016b9 in func 401150 with 1 insts
    I: 4016b9 (flow 4016be)
      Successors: 4016be
  BB: 401ebd in func 401150 with 1 insts
    I: 401ebd (flow 401ec2)
      Successors: 401ec2
  BB: 4016be in func 401150 with 3 insts
    I: 4016be
    I: 4016c1
    I: 4016c6 (flow 403a2a)
      Successors: 403a2a, 4016cc
  BB: 401ec2 in func 401150 with 3 insts
    I: 401ec2
    I: 401ec5
    I: 401eca (flow 40212c)
      Successors: 401ed0, 40212c
  BB: 403ec2 in func 401150 with 24 insts
    I: 403ec2 (imm 40702c)
    I: 403ec9
    I: 403ecb (imm 407030)
    I: 403ed2
    I: 403ed4
    I: 403ed6
    I: 403edc
    I: 403edf
    I: 403ee5
    I: 403ee8
    I: 403eeb
    I: 403eee
    I: 403ef1
    I: 403ef4
    I: 403ef7
    I: 403ef9
    I: 403efb
    I: 403efd
    I: 403eff
    I: 403f04
    I: 403f09
    I: 403f0c
    I: 403f0f
    I: 403f12 (flow 404553)
      Successors: 404553
  BB: 4016cc in func 401150 with 1 insts
    I: 4016cc (flow 4016d1)
      Successors: 4016d1
  BB: 4036cd in func 401150 with 7 insts
    I: 4036cd
    I: 4036d0
    I: 4036d5
    I: 4036da
    I: 4036dd
    I: 4036e0
    I: 4036e3 (flow 404553)
      Successors: 404553
  BB: 401ed0 in func 401150 with 1 insts
    I: 401ed0 (flow 401ed5)
      Successors: 401ed5
  BB: 4016d1 in func 401150 with 3 insts
    I: 4016d1
    I: 4016d4
    I: 4016d9 (flow 403aab)
      Successors: 403aab, 4016df
  BB: 401ed5 in func 401150 with 3 insts
    I: 401ed5
    I: 401ed8
    I: 401edd (flow 40234f)
      Successors: 401ee3, 40234f
  BB: 4016df in func 401150 with 1 insts
    I: 4016df (flow 4016e4)
      Successors: 4016e4
  BB: 401ee3 in func 401150 with 1 insts
    I: 401ee3 (flow 401ee8)
      Successors: 401ee8
  BB: 4016e4 in func 401150 with 3 insts
    I: 4016e4
    I: 4016e7
    I: 4016ec (flow 40371d)
      Successors: 4016f2, 40371d
  BB: 401ee8 in func 401150 with 3 insts
    I: 401ee8
    I: 401eeb
    I: 401ef0 (flow 403e3c)
      Successors: 403e3c, 401ef6
  BB: 4036e8 in func 401150 with 5 insts
    I: 4036e8 (imm 405007)
    I: 4036f2
    I: 4036f4 (flow 407040)
    I: 4036f9
    I: 403700 (flow 404553)
      Successors: 404553
  BB: 4016f2 in func 401150 with 1 insts
    I: 4016f2 (flow 4016f7)
      Successors: 4016f7
  BB: 401ef6 in func 401150 with 1 insts
    I: 401ef6 (flow 401efb)
      Successors: 401efb
  BB: 4016f7 in func 401150 with 3 insts
    I: 4016f7
    I: 4016fa
    I: 4016ff (flow 402ab6)
      Successors: 401705, 402ab6
  BB: 4026f9 in func 401150 with 7 insts
    I: 4026f9
    I: 4026fc
    I: 402701
    I: 402706
    I: 402709
    I: 40270c
    I: 40270f (flow 404553)
      Successors: 404553
  BB: 402efa in func 401150 with 28 insts
    I: 402efa
    I: 402efe
    I: 402f01
    I: 402f03
    I: 402f06 (imm 40702c)
    I: 402f0d
    I: 402f0f (imm 407030)
    I: 402f16
    I: 402f18
    I: 402f1a
    I: 402f1d
    I: 402f1f
    I: 402f21
    I: 402f24
    I: 402f27
    I: 402f2a
    I: 402f2d
    I: 402f30
    I: 402f33
    I: 402f35
    I: 402f37
    I: 402f39
    I: 402f3b
    I: 402f40
    I: 402f45
    I: 402f48
    I: 402f4b
    I: 402f4e (flow 404553)
      Successors: 404553
  BB: 401efb in func 401150 with 3 insts
    I: 401efb
    I: 401efe
    I: 401f03 (flow 4027c5)
      Successors: 401f09, 4027c5
  BB: 401705 in func 401150 with 1 insts
    I: 401705 (flow 40170a)
      Successors: 40170a
  BB: 403705 in func 401150 with 2 insts
    I: 403705
    I: 40370c (flow 404553)
      Successors: 404553
  BB: 401f09 in func 401150 with 1 insts
    I: 401f09 (flow 401f0e)
      Successors: 401f0e
  BB: 40170a in func 401150 with 3 insts
    I: 40170a
    I: 40170d
    I: 401712 (flow 402d63)
      Successors: 401718, 402d63
  BB: 401f0e in func 401150 with 3 insts
    I: 401f0e
    I: 401f11
    I: 401f16 (flow 402889)
      Successors: 402889, 401f1c
  BB: 403711 in func 401150 with 2 insts
    I: 403711
    I: 403718 (flow 404553)
      Successors: 404553
  BB: 402714 in func 401150 with 24 insts
    I: 402714 (imm 40702c)
    I: 40271b
    I: 40271d (imm 407030)
    I: 402724
    I: 402726
    I: 402728
    I: 40272e
    I: 402731
    I: 402737
    I: 40273a
    I: 40273d
    I: 402740
    I: 402743
    I: 402746
    I: 402749
    I: 40274b
    I: 40274d
    I: 40274f
    I: 402751
    I: 402756
    I: 40275b
    I: 40275e
    I: 402761
    I: 402764 (flow 404553)
      Successors: 404553
  BB: 403f17 in func 401150 with 2 insts
    I: 403f17
    I: 403f1e (flow 404553)
      Successors: 404553
  BB: 401718 in func 401150 with 1 insts
    I: 401718 (flow 40171d)
      Successors: 40171d
  BB: 401f1c in func 401150 with 1 insts
    I: 401f1c (flow 401f21)
      Successors: 401f21
  BB: 40171d in func 401150 with 3 insts
    I: 40171d
    I: 401720
    I: 401725 (flow 4035d0)
      Successors: 4035d0, 40172b
  BB: 40371d in func 401150 with 40 insts
    I: 40371d (imm 40702c)
    I: 403724
    I: 403726 (imm 407030)
    I: 40372d
    I: 40372f
    I: 403731
    I: 403734
    I: 403736
    I: 403738
    I: 40373b
    I: 40373e
    I: 403741
    I: 403745
    I: 403748
    I: 40374c
    I: 40374f
    I: 403751
    I: 403754
    I: 403758
    I: 40375a
    I: 40375d
    I: 40375f
    I: 403762
    I: 403765
    I: 403768
    I: 40376c
    I: 40376f
    I: 403772
    I: 403775
    I: 403778
    I: 40377b
    I: 40377d
    I: 403780
    I: 403782
    I: 403784
    I: 403789
    I: 40378e
    I: 403791
    I: 403794
    I: 403797 (flow 404553)
      Successors: 404553
  BB: 401f21 in func 401150 with 3 insts
    I: 401f21
    I: 401f24
    I: 401f29 (flow 404372)
      Successors: 404372, 401f2f
  BB: 403f23 in func 401150 with 2 insts
    I: 403f23
    I: 403f2a (flow 404553)
      Successors: 404553
  BB: 40172b in func 401150 with 1 insts
    I: 40172b (flow 401730)
      Successors: 401730
  BB: 401f2f in func 401150 with 1 insts
    I: 401f2f (flow 401f34)
      Successors: 401f34
  BB: 401730 in func 401150 with 3 insts
    I: 401730
    I: 401733
    I: 401738 (flow 402038)
      Successors: 402038, 40173e
  BB: 403f2f in func 401150 with 7 insts
    I: 403f2f
    I: 403f32
    I: 403f37
    I: 403f3a
    I: 403f3f
    I: 403f42
    I: 403f49 (flow 404553)
      Successors: 404553
  BB: 401f34 in func 401150 with 3 insts
    I: 401f34
    I: 401f37
    I: 401f3c (flow 402bf0)
      Successors: 402bf0, 401f42
  BB: 40173e in func 401150 with 1 insts
    I: 40173e (flow 401743)
      Successors: 401743
  BB: 401f42 in func 401150 with 1 insts
    I: 401f42 (flow 401f47)
      Successors: 401f47
  BB: 401743 in func 401150 with 3 insts
    I: 401743
    I: 401746
    I: 40174b (flow 40363a)
      Successors: 401751, 40363a
  BB: 401f47 in func 401150 with 3 insts
    I: 401f47
    I: 401f4a
    I: 401f4f (flow 402596)
      Successors: 401f55, 402596
  BB: 403f4e in func 401150 with 6 insts
    I: 403f4e
    I: 403f53
    I: 403f58
    I: 403f5c
    I: 403f5f
    I: 403f62 (flow 404553)
      Successors: 404553
  BB: 401751 in func 401150 with 1 insts
    I: 401751 (flow 401756)
      Successors: 401756
  BB: 402f53 in func 401150 with 7 insts
    I: 402f53
    I: 402f56
    I: 402f5b
    I: 402f60
    I: 402f63
    I: 402f66
    I: 402f69 (flow 404553)
      Successors: 404553
  BB: 401f55 in func 401150 with 1 insts
    I: 401f55 (flow 401f5a)
      Successors: 401f5a
  BB: 401756 in func 401150 with 3 insts
    I: 401756
    I: 401759
    I: 40175e (flow 40293c)
      Successors: 401764, 40293c
  BB: 401f5a in func 401150 with 1 insts
    I: 401f5a (flow 404553)
      Successors: 404553
  BB: 401f5f in func 401150 with 24 insts
    I: 401f5f (imm 40702c)
    I: 401f66
    I: 401f68 (imm 407030)
    I: 401f6f
    I: 401f71
    I: 401f73
    I: 401f76
    I: 401f78
    I: 401f7a
    I: 401f7d
    I: 401f80
    I: 401f83
    I: 401f86
    I: 401f89
    I: 401f8c
    I: 401f8e
    I: 401f90
    I: 401f92
    I: 401f94
    I: 401f99
    I: 401f9e
    I: 401fa1
    I: 401fa4
    I: 401fa7 (flow 404553)
      Successors: 404553
  BB: 401764 in func 401150 with 1 insts
    I: 401764 (flow 401769)
      Successors: 401769
  BB: 403f67 in func 401150 with 6 insts
    I: 403f67
    I: 403f6c
    I: 403f71
    I: 403f75
    I: 403f78
    I: 403f7b (flow 404553)
      Successors: 404553
  BB: 401769 in func 401150 with 3 insts
    I: 401769
    I: 40176c
    I: 401771 (flow 40306f)
      Successors: 40306f, 401777
  BB: 402769 in func 401150 with 25 insts
    I: 402769
    I: 402770 (imm 40702c)
    I: 402777
    I: 402779 (imm 407030)
    I: 402780
    I: 402782
    I: 402784
    I: 40278a
    I: 40278d
    I: 402793
    I: 402796
    I: 402799
    I: 40279c
    I: 40279f
    I: 4027a2
    I: 4027a5
    I: 4027a7
    I: 4027a9
    I: 4027ab
    I: 4027ad
    I: 4027b2
    I: 4027b7
    I: 4027ba
    I: 4027bd
    I: 4027c0 (flow 404553)
      Successors: 404553
  BB: 402f6e in func 401150 with 5 insts
    I: 402f6e (imm 405007)
    I: 402f78
    I: 402f7a (flow 407040)
    I: 402f7f
    I: 402f86 (flow 404553)
      Successors: 404553
  BB: 401777 in func 401150 with 1 insts
    I: 401777 (flow 40177c)
      Successors: 40177c
  BB: 40177c in func 401150 with 3 insts
    I: 40177c
    I: 40177f
    I: 401784 (flow 404159)
      Successors: 404159, 40178a
  BB: 403f80 in func 401150 with 40 insts
    I: 403f80 (imm 40702c)
    I: 403f87
    I: 403f89 (imm 407030)
    I: 403f90
    I: 403f92
    I: 403f94
    I: 403f9a
    I: 403f9d
    I: 403fa3
    I: 403fa6
    I: 403fa9
    I: 403fac
    I: 403fb0
    I: 403fb3
    I: 403fb7
    I: 403fba
    I: 403fbc
    I: 403fbf
    I: 403fc3
    I: 403fc5
    I: 403fc8
    I: 403fca
    I: 403fcd
    I: 403fd0
    I: 403fd3
    I: 403fd7
    I: 403fda
    I: 403fdd
    I: 403fe0
    I: 403fe3
    I: 403fe6
    I: 403fe8
    I: 403feb
    I: 403fed
    I: 403fef
    I: 403ff4
    I: 403ff9
    I: 403ffc
    I: 403fff
    I: 404002 (flow 404553)
      Successors: 404553
  BB: 40178a in func 401150 with 1 insts
    I: 40178a (flow 40178f)
      Successors: 40178f
  BB: 402f8b in func 401150 with 2 insts
    I: 402f8b
    I: 402f92 (flow 404553)
      Successors: 404553
  BB: 40178f in func 401150 with 3 insts
    I: 40178f
    I: 401792
    I: 401797 (flow 402c2e)
      Successors: 40179d, 402c2e
  BB: 402f97 in func 401150 with 2 insts
    I: 402f97
    I: 402f9e (flow 404553)
      Successors: 404553
  BB: 40379c in func 401150 with 40 insts
    I: 40379c (imm 40702c)
    I: 4037a3
    I: 4037a5 (imm 407030)
    I: 4037ac
    I: 4037ae
    I: 4037b0
    I: 4037b6
    I: 4037b9
    I: 4037bf
    I: 4037c2
    I: 4037c5
    I: 4037c8
    I: 4037cc
    I: 4037cf
    I: 4037d3
    I: 4037d6
    I: 4037d8
    I: 4037db
    I: 4037df
    I: 4037e1
    I: 4037e4
    I: 4037e6
    I: 4037e9
    I: 4037ec
    I: 4037ef
    I: 4037f3
    I: 4037f6
    I: 4037f9
    I: 4037fc
    I: 4037ff
    I: 403802
    I: 403804
    I: 403807
    I: 403809
    I: 40380b
    I: 403810
    I: 403815
    I: 403818
    I: 40381b
    I: 40381e (flow 404553)
      Successors: 404553
  BB: 40179d in func 401150 with 1 insts
    I: 40179d (flow 4017a2)
      Successors: 4017a2
  BB: 4017a2 in func 401150 with 3 insts
    I: 4017a2
    I: 4017a5
    I: 4017aa (flow 404438)
      Successors: 4017b0, 404438
  BB: 402fa3 in func 401150 with 2 insts
    I: 402fa3
    I: 402faa (flow 404553)
      Successors: 404553
  BB: 401fac in func 401150 with 32 insts
    I: 401fac
    I: 401fb0 (imm 405004)
    I: 401fba
    I: 401fbc (flow 407050)
    I: 401fc1
    I: 401fc4
    I: 401fc7
    I: 401fc9
    I: 401fcc (imm 40702c)
    I: 401fd3
    I: 401fd5 (imm 407030)
    I: 401fdc
    I: 401fde
    I: 401fe0
    I: 401fe3
    I: 401fe5
    I: 401fe7
    I: 401fea
    I: 401fed
    I: 401ff0
    I: 401ff3
    I: 401ff6
    I: 401ff9
    I: 401ffb
    I: 401ffd
    I: 401fff
    I: 402001
    I: 402006
    I: 40200b
    I: 40200e
    I: 402011
    I: 402014 (flow 404553)
      Successors: 404553
  BB: 402faf in func 401150 with 2 insts
    I: 402faf
    I: 402fb6 (flow 404553)
      Successors: 404553
  BB: 4017b0 in func 401150 with 1 insts
    I: 4017b0 (flow 4017b5)
      Successors: 4017b5
  BB: 4017b5 in func 401150 with 3 insts
    I: 4017b5
    I: 4017b8
    I: 4017bd (flow 4031d1)
      Successors: 4031d1, 4017c3
  BB: 402fbb in func 401150 with 7 insts
    I: 402fbb
    I: 402fbf
    I: 402fc4
    I: 402fc9
    I: 402fce
    I: 402fd1
    I: 402fd4 (flow 404553)
      Successors: 404553
  BB: 4017c3 in func 401150 with 1 insts
    I: 4017c3 (flow 4017c8)
      Successors: 4017c8
  BB: 4027c5 in func 401150 with 2 insts
    I: 4027c5
    I: 4027cc (flow 404553)
      Successors: 404553
  BB: 4017c8 in func 401150 with 3 insts
    I: 4017c8
    I: 4017cb
    I: 4017d0 (flow 40227b)
      Successors: 40227b, 4017d6
  BB: 4027d1 in func 401150 with 7 insts
    I: 4027d1
    I: 4027d5
    I: 4027da
    I: 4027df
    I: 4027e4
    I: 4027e7
    I: 4027ea (flow 404553)
      Successors: 404553
  BB: 4017d6 in func 401150 with 1 insts
    I: 4017d6 (flow 4017db)
      Successors: 4017db
  BB: 402fd9 in func 401150 with 3 insts
    I: 402fd9
    I: 402fe0
    I: 402fe7 (flow 404553)
      Successors: 404553
  BB: 4017db in func 401150 with 3 insts
    I: 4017db
    I: 4017de
    I: 4017e3 (flow 402d46)
      Successors: 4017e9, 402d46
  BB: 4017e9 in func 401150 with 1 insts
    I: 4017e9 (flow 4017ee)
      Successors: 4017ee
  BB: 402fec in func 401150 with 6 insts
    I: 402fec
    I: 402ff1
    I: 402ff6
    I: 402ffa
    I: 402ffd
    I: 403000 (flow 404553)
      Successors: 404553
  BB: 4017ee in func 401150 with 3 insts
    I: 4017ee
    I: 4017f1
    I: 4017f6 (flow 402236)
      Successors: 4017fc, 402236
  BB: 4027ef in func 401150 with 3 insts
    I: 4027ef
    I: 4027f6
    I: 4027fd (flow 404553)
      Successors: 404553
  BB: 4017fc in func 401150 with 1 insts
    I: 4017fc (flow 401801)
      Successors: 401801
Recovering .term_proc at 404558
  Analysing subroutine .term_proc at 404558
    Block head at 00404565 is not code.
  Subroutine .term_proc at 404558 has 1 blocks
  BB: 404558 in func 404558 with 4 insts
    I: 404558
    I: 40455c
    I: 404560
    I: 404564
      No successors
Global Variable None
WARNING: Global constructor and destructor sections are adjacent!
Recovering region LOAD [400000, 400520) in segment LOAD
  8-byte reference at 400018 to 401060 (start)
  8-byte reference at 4000f8 to 401000 (.init_proc)
  8-byte reference at 400130 to 405000 ()
  8-byte reference at 400168 to 406de8 ()
  8-byte reference at 400280 to 405010 ()
  8-byte reference at 4002f0 to 406de8 ()
Recovering region .init [401000, 40101b) in segment .init
Recovering region LOAD [40101b, 401020) in segment LOAD
Recovering region .plt [401020, 401060) in segment .plt
Recovering region .text [401060, 404558) in segment .text
Recovering region .fini [404558, 404565) in segment .fini
Recovering region .rodata [405000, 405010) in segment .rodata
  Variable format at 405007
  Variable a1 at 40500a
  Variable a2 at 40500d
Recovering region .eh_frame_hdr [405010, 40503c) in segment .eh_frame_hdr
Recovering region LOAD [40503c, 405040) in segment LOAD
Recovering region .eh_frame [405040, 4050d0) in segment .eh_frame
Recovering region LOAD [4050d0, 405110) in segment LOAD
Recovering region .init_array [406de8, 406df8) in segment .init_array
  8-byte reference at 406de8 to 401140 ()
  8-byte reference at 406df0 to 401110 ()
Recovering region LOAD [406df8, 406fd8) in segment LOAD
Recovering region .got [406fd8, 406fe8) in segment .got
  8-byte reference at 406fd8 to 407038 (__libc_start_main)
  8-byte reference at 406fe0 to 407058 (__gmon_start__)
Recovering region .got.plt [406fe8, 407018) in segment .got.plt
  8-byte reference at 407000 to 407040 (printf)
  8-byte reference at 407008 to 407048 (memset)
  8-byte reference at 407010 to 407050 (__isoc99_scanf)
Recovering region .data [407018, 407028) in segment .data
Recovering region .bss [407028, 407038) in segment .bss
Recovering extern function printf at 401030
Recovering extern function memset at 401040
Recovering extern function __isoc99_scanf at 401050
Recovering extern function __libc_start_main at 407038
Recovering extern function printf at 407040
Recovering extern function memset at 407048
Recovering extern function __isoc99_scanf at 407050
Recovering extern function __gmon_start__ at 407058
Recovered 8 functions.
Saving to: /home/ubuntu/capstone_project/result/pipeline_20260629_141746/s202037324_fla_bcf_instsub.cfg
Done analysis!
