Debugging is enabled.
Loading Standard Definitions file: /home/ubuntu/capstone_project/dependency/mcsema/mcsema/lib/python3/site-packages/mcsema_disass-3.1.3.8-py3.8.egg/mcsema_disass/defs/linux.txt
Using Batch mode.
Starting analysis
Recovering module s380322669_fla_bcf.elf
Found main at 401160
Looking for instructions in segment .init
  Default block heads for function 401000 with loose bounds [401000, 40101b)
    block [401000, 401014)
    block [401014, 401016)
    block [401016, 40101b)
    chunk [401000, 40101b)
Looking for instructions in segment .plt
  Default block heads for function 401020 with loose bounds [401020, 40102c)
    block [401020, 40102c)
    chunk [401020, 40102c)
  Default block heads for function 401030 with loose bounds [401030, 401036)
    block [401030, 401036)
    chunk [401030, 401036)
  Default block heads for function 401040 with loose bounds [401040, 401046)
    block [401040, 401046)
    chunk [401040, 401046)
  Default block heads for function 401050 with loose bounds [401050, 401056)
    block [401050, 401056)
    chunk [401050, 401056)
  Default block heads for function 401060 with loose bounds [401060, 401066)
    block [401060, 401066)
    chunk [401060, 401066)
Looking for instructions in segment .text
  Default block heads for function 401070 with loose bounds [401070, 401096)
    block [401070, 401096)
    chunk [401070, 401096)
  Default block heads for function 4010b0 with loose bounds [4010b0, 4010d1)
    block [4010b0, 4010bd)
    block [4010bd, 4010c7)
    block [4010c7, 4010ce)
    block [4010d0, 4010d1)
    chunk [4010b0, 4010d1)
  Default block heads for function 401120 with loose bounds [401120, 401141)
    block [401120, 40112d)
    block [40112d, 40113f)
    block [401140, 401141)
    chunk [401120, 401141)
  Default block heads for function 401150 with loose bounds [401150, 401156)
    block [401150, 401156)
    chunk [401150, 401156)
    chunk [4010e0, 401111)
  Default block heads for function 401160 with loose bounds [401160, 403ed8)
    block [401160, 40117c)
    block [40117c, 401193)
    block [401193, 401198)
    block [401198, 4011a9)
    block [4011a9, 4011ae)
    block [4011ae, 4011bf)
    block [4011bf, 4011c4)
    block [4011c4, 4011d5)
    block [4011d5, 4011da)
    block [4011da, 4011eb)
    block [4011eb, 4011f0)
    block [4011f0, 401201)
    block [401201, 401206)
    block [401206, 401217)
    block [401217, 40121c)
    block [40121c, 40122d)
    block [40122d, 401232)
    block [401232, 401243)
    block [401243, 401248)
    block [401248, 401259)
    block [401259, 40125e)
    block [40125e, 40126f)
    block [40126f, 401274)
    block [401274, 401285)
    block [401285, 40128a)
    block [40128a, 40129b)
    block [40129b, 4012a0)
    block [4012a0, 4012b1)
    block [4012b1, 4012b6)
    block [4012b6, 4012c7)
    block [4012c7, 4012cc)
    block [4012cc, 4012dd)
    block [4012dd, 4012e2)
    block [4012e2, 4012f3)
    block [4012f3, 4012f8)
    block [4012f8, 401309)
    block [401309, 40130e)
    block [40130e, 40131f)
    block [40131f, 401324)
    block [401324, 401335)
    block [401335, 40133a)
    block [40133a, 40134b)
    block [40134b, 401350)
    block [401350, 401361)
    block [401361, 401366)
    block [401366, 401377)
    block [401377, 40137c)
    block [40137c, 40138d)
    block [40138d, 401392)
    block [401392, 4013a3)
    block [4013a3, 4013a8)
    block [4013a8, 4013b9)
    block [4013b9, 4013be)
    block [4013be, 4013cf)
    block [4013cf, 4013d4)
    block [4013d4, 4013e5)
    block [4013e5, 4013ea)
    block [4013ea, 4013fb)
    block [4013fb, 401400)
    block [401400, 401411)
    block [401411, 401416)
    block [401416, 401427)
    block [401427, 40142c)
    block [40142c, 40143d)
    block [40143d, 401442)
    block [401442, 401453)
    block [401453, 401458)
    block [401458, 401469)
    block [401469, 40146e)
    block [40146e, 40147f)
    block [40147f, 401484)
    block [401484, 401495)
    block [401495, 40149a)
    block [40149a, 4014ab)
    block [4014ab, 4014b0)
    block [4014b0, 4014c1)
    block [4014c1, 4014c6)
    block [4014c6, 4014d7)
    block [4014d7, 4014dc)
    block [4014dc, 4014ed)
    block [4014ed, 4014f2)
    block [4014f2, 401503)
    block [401503, 401508)
    block [401508, 401519)
    block [401519, 40151e)
    block [40151e, 40152f)
    block [40152f, 401534)
    block [401534, 401545)
    block [401545, 40154a)
    block [40154a, 40155b)
    block [40155b, 401560)
    block [401560, 401571)
    block [401571, 401576)
    block [401576, 401587)
    block [401587, 40158c)
    block [40158c, 40159d)
    block [40159d, 4015a2)
    block [4015a2, 4015b3)
    block [4015b3, 4015b8)
    block [4015b8, 4015c9)
    block [4015c9, 4015ce)
    block [4015ce, 4015df)
    block [4015df, 4015e4)
    block [4015e4, 4015f5)
    block [4015f5, 4015fa)
    block [4015fa, 40160b)
    block [40160b, 401610)
    block [401610, 401621)
    block [401621, 401626)
    block [401626, 401637)
    block [401637, 40163c)
    block [40163c, 40164d)
    block [40164d, 401652)
    block [401652, 401663)
    block [401663, 401668)
    block [401668, 401679)
    block [401679, 40167e)
    block [40167e, 40168f)
    block [40168f, 401694)
    block [401694, 4016a5)
    block [4016a5, 4016aa)
    block [4016aa, 4016bb)
    block [4016bb, 4016c0)
    block [4016c0, 4016d1)
    block [4016d1, 4016d6)
    block [4016d6, 4016e7)
    block [4016e7, 4016ec)
    block [4016ec, 4016fd)
    block [4016fd, 401702)
    block [401702, 401713)
    block [401713, 401718)
    block [401718, 401729)
    block [401729, 40172e)
    block [40172e, 40173f)
    block [40173f, 401744)
    block [401744, 401755)
    block [401755, 40175a)
    block [40175a, 40176b)
    block [40176b, 401770)
    block [401770, 401781)
    block [401781, 401786)
    block [401786, 401797)
    block [401797, 40179c)
    block [40179c, 4017ad)
    block [4017ad, 4017b2)
    block [4017b2, 4017c3)
    block [4017c3, 4017c8)
    block [4017c8, 4017d9)
    block [4017d9, 4017de)
    block [4017de, 4017ef)
    block [4017ef, 4017f4)
    block [4017f4, 401805)
    block [401805, 40180a)
    block [40180a, 40181b)
    block [40181b, 401820)
    block [401820, 401831)
    block [401831, 401836)
    block [401836, 401847)
    block [401847, 40184c)
    block [40184c, 40185d)
    block [40185d, 401862)
    block [401862, 401873)
    block [401873, 401878)
    block [401878, 401889)
    block [401889, 40188e)
    block [40188e, 40189f)
    block [40189f, 4018a4)
    block [4018a4, 4018b5)
    block [4018b5, 4018ba)
    block [4018ba, 4018cb)
    block [4018cb, 4018d0)
    block [4018d0, 4018e1)
    block [4018e1, 4018e6)
    block [4018e6, 4018f7)
    block [4018f7, 4018fc)
    block [4018fc, 40190d)
    block [40190d, 401912)
    block [401912, 401923)
    block [401923, 401928)
    block [401928, 401939)
    block [401939, 40193e)
    block [40193e, 40194f)
    block [40194f, 401954)
    block [401954, 401965)
    block [401965, 40196a)
    block [40196a, 40197b)
    block [40197b, 401980)
    block [401980, 401991)
    block [401991, 401996)
    block [401996, 4019a7)
    block [4019a7, 4019ac)
    block [4019ac, 4019bd)
    block [4019bd, 4019c2)
    block [4019c2, 4019d3)
    block [4019d3, 4019d8)
    block [4019d8, 4019e9)
    block [4019e9, 4019ee)
    block [4019ee, 4019ff)
    block [4019ff, 401a04)
    block [401a04, 401a15)
    block [401a15, 401a1a)
    block [401a1a, 401a2b)
    block [401a2b, 401a30)
    block [401a30, 401a41)
    block [401a41, 401a46)
    block [401a46, 401a57)
    block [401a57, 401a5c)
    block [401a5c, 401a6d)
    block [401a6d, 401a72)
    block [401a72, 401a83)
    block [401a83, 401a88)
    block [401a88, 401a99)
    block [401a99, 401a9e)
    block [401a9e, 401aaf)
    block [401aaf, 401ab4)
    block [401ab4, 401ac5)
    block [401ac5, 401aca)
    block [401aca, 401adb)
    block [401adb, 401ae0)
    block [401ae0, 401af1)
    block [401af1, 401af6)
    block [401af6, 401b07)
    block [401b07, 401b0c)
    block [401b0c, 401b1d)
    block [401b1d, 401b22)
    block [401b22, 401b33)
    block [401b33, 401b38)
    block [401b38, 401b49)
    block [401b49, 401b4e)
    block [401b4e, 401b5f)
    block [401b5f, 401b64)
    block [401b64, 401b75)
    block [401b75, 401b7a)
    block [401b7a, 401b8b)
    block [401b8b, 401b90)
    block [401b90, 401ba1)
    block [401ba1, 401ba6)
    block [401ba6, 401bb7)
    block [401bb7, 401bbc)
    block [401bbc, 401bcd)
    block [401bcd, 401bd2)
    block [401bd2, 401be3)
    block [401be3, 401be8)
    block [401be8, 401bf9)
    block [401bf9, 401bfe)
    block [401bfe, 401c0f)
    block [401c0f, 401c14)
    block [401c14, 401c25)
    block [401c25, 401c2a)
    block [401c2a, 401c3b)
    block [401c3b, 401c40)
    block [401c40, 401c51)
    block [401c51, 401c56)
    block [401c56, 401c67)
    block [401c67, 401c6c)
    block [401c6c, 401c7d)
    block [401c7d, 401c82)
    block [401c82, 401c93)
    block [401c93, 401c98)
    block [401c98, 401ca9)
    block [401ca9, 401cae)
    block [401cae, 401cbf)
    block [401cbf, 401cc4)
    block [401cc4, 401cd5)
    block [401cd5, 401cda)
    block [401cda, 401ceb)
    block [401ceb, 401cf0)
    block [401cf0, 401d01)
    block [401d01, 401d06)
    block [401d06, 401d17)
    block [401d17, 401d1c)
    block [401d1c, 401d2d)
    block [401d2d, 401d32)
    block [401d32, 401d43)
    block [401d43, 401d48)
    block [401d48, 401d59)
    block [401d59, 401d5e)
    block [401d5e, 401d6f)
    block [401d6f, 401d74)
    block [401d74, 401d85)
    block [401d85, 401d8a)
    block [401d8a, 401d9b)
    block [401d9b, 401da0)
    block [401da0, 401db1)
    block [401db1, 401db6)
    block [401db6, 401dc7)
    block [401dc7, 401dcc)
    block [401dcc, 401ddd)
    block [401ddd, 401de2)
    block [401de2, 401df3)
    block [401df3, 401df8)
    block [401df8, 401e09)
    block [401e09, 401e0e)
    block [401e0e, 401e1f)
    block [401e1f, 401e24)
    block [401e24, 401e35)
    block [401e35, 401e3a)
    block [401e3a, 401e4b)
    block [401e4b, 401e50)
    block [401e50, 401e61)
    block [401e61, 401e66)
    block [401e66, 401e77)
    block [401e77, 401e7c)
    block [401e7c, 401e8d)
    block [401e8d, 401e92)
    block [401e92, 401ea3)
    block [401ea3, 401ea8)
    block [401ea8, 401eb9)
    block [401eb9, 401ebe)
    block [401ebe, 401ecf)
    block [401ecf, 401ed4)
    block [401ed4, 401ee5)
    block [401ee5, 401eea)
    block [401eea, 401efb)
    block [401efb, 401f00)
    block [401f00, 401f11)
    block [401f11, 401f16)
    block [401f16, 401f27)
    block [401f27, 401f2c)
    block [401f2c, 401f3d)
    block [401f3d, 401f42)
    block [401f42, 401f53)
    block [401f53, 401f58)
    block [401f58, 401f69)
    block [401f69, 401f6e)
    block [401f6e, 401f7f)
    block [401f7f, 401f84)
    block [401f84, 401f95)
    block [401f95, 401f9a)
    block [401f9a, 401fab)
    block [401fab, 401fb0)
    block [401fb0, 401fc1)
    block [401fc1, 401fc6)
    block [401fc6, 401fd7)
    block [401fd7, 401fdc)
    block [401fdc, 401fed)
    block [401fed, 401ff2)
    block [401ff2, 402003)
    block [402003, 402008)
    block [402008, 402019)
    block [402019, 40201e)
    block [40201e, 40202f)
    block [40202f, 402034)
    block [402034, 402045)
    block [402045, 40204a)
    block [40204a, 40205b)
    block [40205b, 402060)
    block [402060, 402071)
    block [402071, 402076)
    block [402076, 402087)
    block [402087, 40208c)
    block [40208c, 40209d)
    block [40209d, 4020a2)
    block [4020a2, 4020a7)
    block [4020a7, 4020d8)
    block [4020d8, 4020e7)
    block [4020e7, 402113)
    block [402113, 402134)
    block [402134, 402169)
    block [402169, 4021af)
    block [4021af, 402204)
    block [402204, 402213)
    block [402213, 40222c)
    block [40222c, 402272)
    block [402272, 4022c9)
    block [4022c9, 4022e7)
    block [4022e7, 402323)
    block [402323, 402341)
    block [402341, 402387)
    block [402387, 4023ed)
    block [4023ed, 4023fc)
    block [4023fc, 40242a)
    block [40242a, 402470)
    block [402470, 4024d1)
    block [4024d1, 4024eb)
    block [4024eb, 40253c)
    block [40253c, 402582)
    block [402582, 4025a0)
    block [4025a0, 4025af)
    block [4025af, 4025f5)
    block [4025f5, 40264a)
    block [40264a, 402659)
    block [402659, 40269f)
    block [40269f, 402701)
    block [402701, 402710)
    block [402710, 40273e)
    block [40273e, 40276b)
    block [40276b, 40278a)
    block [40278a, 4027d0)
    block [4027d0, 402816)
    block [402816, 402825)
    block [402825, 402843)
    block [402843, 40286e)
    block [40286e, 4028b4)
    block [4028b4, 402909)
    block [402909, 402927)
    block [402927, 402940)
    block [402940, 402961)
    block [402961, 4029a7)
    block [4029a7, 402a12)
    block [402a12, 402a30)
    block [402a30, 402a65)
    block [402a65, 402a8f)
    block [402a8f, 402ad5)
    block [402ad5, 402b36)
    block [402b36, 402b54)
    block [402b54, 402b89)
    block [402b89, 402bb3)
    block [402bb3, 402bf9)
    block [402bf9, 402c51)
    block [402c51, 402c6f)
    block [402c6f, 402c96)
    block [402c96, 402cb1)
    block [402cb1, 402cdf)
    block [402cdf, 402d0c)
    block [402d0c, 402d5d)
    block [402d5d, 402da3)
    block [402da3, 402dc1)
    block [402dc1, 402e07)
    block [402e07, 402e4d)
    block [402e4d, 402e5c)
    block [402e5c, 402ea2)
    block [402ea2, 402ef7)
    block [402ef7, 402f06)
    block [402f06, 402f15)
    block [402f15, 402f3c)
    block [402f3c, 402f57)
    block [402f57, 402f7e)
    block [402f7e, 402f8d)
    block [402f8d, 402fab)
    block [402fab, 402fba)
    block [402fba, 402fd5)
    block [402fd5, 40301b)
    block [40301b, 403061)
    block [403061, 403070)
    block [403070, 403097)
    block [403097, 4030c3)
    block [4030c3, 4030e6)
    block [4030e6, 40312c)
    block [40312c, 403172)
    block [403172, 403181)
    block [403181, 4031b7)
    block [4031b7, 4031ec)
    block [4031ec, 403216)
    block [403216, 40325c)
    block [40325c, 4032bd)
    block [4032bd, 4032db)
    block [4032db, 403321)
    block [403321, 40338d)
    block [40338d, 4033ab)
    block [4033ab, 4033d5)
    block [4033d5, 4033f7)
    block [4033f7, 40341e)
    block [40341e, 403439)
    block [403439, 40347f)
    block [40347f, 4034dc)
    block [4034dc, 403501)
    block [403501, 40352e)
    block [40352e, 40354d)
    block [40354d, 40355c)
    block [40355c, 40357a)
    block [40357a, 403589)
    block [403589, 4035b0)
    block [4035b0, 4035cb)
    block [4035cb, 4035f2)
    block [4035f2, 403601)
    block [403601, 40361f)
    block [40361f, 40362e)
    block [40362e, 403649)
    block [403649, 403658)
    block [403658, 40369e)
    block [40369e, 4036fb)
    block [4036fb, 403719)
    block [403719, 403745)
    block [403745, 403768)
    block [403768, 403777)
    block [403777, 403786)
    block [403786, 4037a4)
    block [4037a4, 4037b3)
    block [4037b3, 4037f9)
    block [4037f9, 40384e)
    block [40384e, 40385d)
    block [40385d, 40388b)
    block [40388b, 4038d1)
    block [4038d1, 403930)
    block [403930, 40394e)
    block [40394e, 403994)
    block [403994, 4039eb)
    block [4039eb, 4039fa)
    block [4039fa, 403a1e)
    block [403a1e, 403a47)
    block [403a47, 403a67)
    block [403a67, 403aad)
    block [403aad, 403b05)
    block [403b05, 403b23)
    block [403b23, 403b41)
    block [403b41, 403b87)
    block [403b87, 403be4)
    block [403be4, 403bf3)
    block [403bf3, 403c02)
    block [403c02, 403c48)
    block [403c48, 403c8e)
    block [403c8e, 403c99)
    block [403c99, 403cb7)
    block [403cb7, 403cc6)
    block [403cc6, 403cf5)
    block [403cf5, 403d04)
    block [403d04, 403d13)
    block [403d13, 403d31)
    block [403d31, 403d5c)
    block [403d5c, 403d6b)
    block [403d6b, 403d7a)
    block [403d7a, 403d93)
    block [403d93, 403da2)
    block [403da2, 403db1)
    block [403db1, 403dc0)
    block [403dc0, 403dcf)
    block [403dcf, 403ded)
    block [403ded, 403dfc)
    block [403dfc, 403e0b)
    block [403e0b, 403e1a)
    block [403e1a, 403e29)
    block [403e29, 403e38)
    block [403e38, 403e47)
    block [403e47, 403e65)
    block [403e65, 403e74)
    block [403e74, 403e94)
    block [403e94, 403ea3)
    block [403ea3, 403ec9)
    block [403ec9, 403ed3)
    block [403ed3, 403ed8)
    chunk [401160, 403ed8)
Looking for instructions in segment .fini
  Default block heads for function 403ed8 with loose bounds [403ed8, 403ee5)
    block [403ed8, 403ee5)
    chunk [403ed8, 403ee5)
Looking for strings in segment .rodata [404000, 40400e)
  Found string b'NA' of length 3 at 404007, jumping to 40400a
  Found string b'%d\n' of length 4 at 40400a, jumping to 40400e
Looking for strings in segment .eh_frame_hdr [404010, 40403c)
Looking for strings in segment .eh_frame [404040, 4040d0)
Looking for strings in segment .init_array [405de8, 405df0)
Looking for strings in segment .fini_array [405df0, 405df8)
Looking for strings in segment .got [405fd8, 405fe8)
Looking for strings in segment .got.plt [405fe8, 406020)
Looking for strings in segment .data [406020, 406030)
Looking for strings in segment .bss [406030, 406040)
Looking for strings in segment extern [406040, 406070)
Looking for cross-references in segment .init [401000, 40101b)
Looking for cross-references in segment .plt [401020, 401070)
  Stopping scan at 40102c
Looking for cross-references in segment .text [401070, 403ed8)
  Stopping scan at 40109c
  Stopping scan at 4010ac
  Stopping scan at ffffffffffffffff
  Stopping scan at 4010dc
  Stopping scan at 40111c
  Stopping scan at ffffffffffffffff
  Stopping scan at 40114c
  Stopping scan at 40115c
Looking for cross-references in segment .fini [403ed8, 403ee5)
Looking for cross-references in segment .rodata [404000, 40400e)
  Stopping scan at 40400c
Looking for cross-references in segment .eh_frame_hdr [404010, 40403c)
  Stopping scan at 404038
Looking for cross-references in segment .eh_frame [404040, 4040d0)
  Stopping scan at 4040cc
Looking for cross-references in segment .init_array [405de8, 405df0)
  Adding qword reference from 405de8 to 401150
  Stopping scan at 405de8
Looking for cross-references in segment .fini_array [405df0, 405df8)
  Adding qword reference from 405df0 to 401120
  Stopping scan at 405df0
Looking for cross-references in segment .got [405fd8, 405fe8)
  Adding qword reference from 405fd8 to 406040
  Adding qword reference from 405fe0 to 406068
  Stopping scan at 405fe0
Looking for cross-references in segment .got.plt [405fe8, 406020)
  Adding qword reference from 406000 to 406048
  Adding qword reference from 406008 to 406050
  Adding qword reference from 406010 to 406058
  Adding qword reference from 406018 to 406060
  Stopping scan at 406018
Looking for cross-references in segment .data [406020, 406030)
  Stopping scan at 40602c
Looking for cross-references in segment .bss [406030, 406040)
  Stopping scan at 40603c
Looking for cross-references in segment extern [406040, 406070)
  Stopping scan at 40606c
Looking for thunks
  Found thunk for puts targeting 406048 at 401030
  Found thunk for printf targeting 406050 at 401040
  Found thunk for memset targeting 406058 at 401050
  Found thunk for __isoc99_scanf targeting 406060 at 401060
Looking for external symbols
  Function at 401030 is the external function puts
  Function at 401040 is the external function printf
  Function at 401050 is the external function memset
  Function at 401060 is the external function __isoc99_scanf
  Function at 406040 is the external function __libc_start_main
  Function at 406048 is the external function puts
  Function at 406050 is the external function printf
  Function at 406058 is the external function memset
  Function at 406060 is the external function __isoc99_scanf
  Function at 406068 is the external function __gmon_start__
Looking for entrypoints
Recovering .init_proc at 401000
  Analysing subroutine .init_proc at 401000
    Block head at 0040101b is not code.
  Subroutine .init_proc at 401000 has 3 blocks
  BB: 401000 in func 401000 with 5 insts
    Referenced by data
    I: 401000
    I: 401004
    I: 401008 (mem 405fe0)
    I: 40100f
    I: 401012 (flow 401016)
      Successors: 401014, 401016
  BB: 401014 in func 401000 with 1 insts
    I: 401014
      Successors: 401016
  BB: 401016 in func 401000 with 2 insts
    I: 401016
    I: 40101a
      No successors
Recovering 401020
  Analysing subroutine sub_401020 at 401020
  WARNING: No table entries for indirect jump at 401026; Adding next_ea 40102c as successor.
  Subroutine sub_401020 at 401020 has 2 blocks
  WARNING: No table entries for indirect jump at 401026; Adding next_ea 40102c as successor.
  BB: 401020 in func 401020 with 2 insts
    I: 401020 (mem 405ff0)
    I: 401026 (mem 405ff8)
      Successors: 40102c
  BB: 40102c in func 401020 with 1 insts
    I: 40102c
      No successors
Recovering start at 401070
  Analysing subroutine start at 401070
  Subroutine start at 401070 has 3 blocks
  BB: 401070 in func 401070 with 13 insts
    Referenced by data
    I: 401070
    I: 401074
    I: 401076
    I: 401079
    I: 40107a
    I: 40107d
    I: 401081
    I: 401082
    I: 401083
    I: 401086
    I: 401088 (imm 401160)
    I: 40108f (mem 405fd8)
    I: 401095
      No successors
  BB: 4010a5 in func 401070 with 2 insts
    I: 4010a5
    I: 4010af
      No successors
  BB: 401096 in func 401070 with 3 insts
    I: 401096
    I: 4010a0
    I: 4010a4
      No successors
Recovering 4010b0
  Analysing subroutine sub_4010B0 at 4010b0
  WARNING: No table entries for indirect jump at 4010cc; Adding next_ea 4010ce as successor.
  WARNING: No table entries for indirect jump at 40110e; Adding next_ea 401110 as successor.
  Subroutine sub_4010B0 at 4010b0 has 11 blocks
  BB: 4010e0 in func 4010b0 with 8 insts
    I: 4010e0 (imm 406030)
    I: 4010e5 (imm 406030)
    I: 4010ec
    I: 4010ef
    I: 4010f3
    I: 4010f7
    I: 4010fa
    I: 4010fd (flow 401110)
      Successors: 401110, 4010ff
  WARNING: No table entries for indirect jump at 4010cc; Adding next_ea 4010ce as successor.
  BB: 4010c7 in func 4010b0 with 2 insts
    I: 4010c7 (imm 406030)
    I: 4010cc
      Successors: 4010ce
  WARNING: No table entries for indirect jump at 40110e; Adding next_ea 401110 as successor.
  BB: 401109 in func 4010b0 with 2 insts
    I: 401109 (imm 406030)
    I: 40110e
      Successors: 401110
  BB: 4010ce in func 4010b0 with 1 insts
    I: 4010ce
      Successors: 4010d0
  BB: 4010b0 in func 4010b0 with 3 insts
    I: 4010b0 (imm 406030)
    I: 4010b5 (imm 406030)
    I: 4010bb (flow 4010d0)
      Successors: 4010d0, 4010bd
  BB: 4010d0 in func 4010b0 with 1 insts
    I: 4010d0
      No successors
  BB: 4010d1 in func 4010b0 with 2 insts
    I: 4010d1
    I: 4010d5
      Successors: 4010e0
  BB: 401110 in func 4010b0 with 1 insts
    I: 401110
      No successors
  BB: 401111 in func 4010b0 with 2 insts
    I: 401111
    I: 401115
      No successors
  BB: 4010bd in func 4010b0 with 3 insts
    I: 4010bd
    I: 4010c2
    I: 4010c5 (flow 4010d0)
      Successors: 4010d0, 4010c7
  BB: 4010ff in func 4010b0 with 3 insts
    I: 4010ff
    I: 401104
    I: 401107 (flow 401110)
      Successors: 401110, 401109
Recovering 401120
  Analysing subroutine sub_401120 at 401120
  Subroutine sub_401120 at 401120 has 5 blocks
  BB: 401120 in func 401120 with 3 insts
    Referenced by data
    I: 401120
    I: 401124 (mem 406030)
    I: 40112b (flow 401140)
      Successors: 401140, 40112d
  BB: 401141 in func 401120 with 2 insts
    I: 401141
    I: 401145
      No successors
  BB: 401140 in func 401120 with 1 insts
    I: 401140
      No successors
  BB: 40112d in func 401120 with 6 insts
    I: 40112d
    I: 40112e
    I: 401131 (flow 4010b0)
    I: 401136 (mem 406030)
    I: 40113d
    I: 40113e
      No successors
  BB: 40113f in func 401120 with 1 insts
    I: 40113f
      Successors: 401140
Recovering 401150
  Analysing subroutine sub_401150 at 401150
  WARNING: No table entries for indirect jump at 40110e; Adding next_ea 401110 as successor.
  Subroutine sub_401150 at 401150 has 6 blocks
  BB: 4010e0 in func 401150 with 8 insts
    I: 4010e0 (imm 406030)
    I: 4010e5 (imm 406030)
    I: 4010ec
    I: 4010ef
    I: 4010f3
    I: 4010f7
    I: 4010fa
    I: 4010fd (flow 401110)
      Successors: 401110, 4010ff
  WARNING: No table entries for indirect jump at 40110e; Adding next_ea 401110 as successor.
  BB: 401109 in func 401150 with 2 insts
    I: 401109 (imm 406030)
    I: 40110e
      Successors: 401110
  BB: 401150 in func 401150 with 2 insts
    Referenced by data
    I: 401150
    I: 401154 (flow 4010e0)
      Successors: 4010e0
  BB: 401110 in func 401150 with 1 insts
    I: 401110
      No successors
  BB: 401156 in func 401150 with 1 insts
    I: 401156
      No successors
  BB: 4010ff in func 401150 with 3 insts
    I: 4010ff
    I: 401104
    I: 401107 (flow 401110)
      Successors: 401110, 401109
Recovering main at 401160
  Analysing subroutine main at 401160
  Subroutine main at 401160 has 531 blocks
  BB: 402003 in func 401160 with 1 insts
    I: 402003 (flow 402008)
      Successors: 402008
  BB: 401805 in func 401160 with 1 insts
    I: 401805 (flow 40180a)
      Successors: 40180a
  BB: 402008 in func 401160 with 3 insts
    I: 402008
    I: 40200e
    I: 402013 (flow 403d7a)
      Successors: 402019, 403d7a
  BB: 40180a in func 401160 with 3 insts
    I: 40180a
    I: 401810
    I: 401815 (flow 403da2)
      Successors: 403da2, 40181b
  BB: 402816 in func 401160 with 2 insts
    I: 402816
    I: 402820 (flow 403ed3)
      Successors: 403ed3
  BB: 402019 in func 401160 with 1 insts
    I: 402019 (flow 40201e)
      Successors: 40201e
  BB: 40301b in func 401160 with 19 insts
    I: 40301b (imm 406034)
    I: 403022
    I: 403024 (imm 406038)
    I: 40302b
    I: 40302d
    I: 40302f
    I: 403032
    I: 403035
    I: 403038
    I: 40303b
    I: 40303e
    I: 403041
    I: 403044
    I: 403046
    I: 40304b
    I: 403050
    I: 403053
    I: 403056
    I: 40305c (flow 403ed3)
      Successors: 403ed3
  BB: 40181b in func 401160 with 1 insts
    I: 40181b (flow 401820)
      Successors: 401820
  BB: 40201e in func 401160 with 3 insts
    I: 40201e
    I: 402024
    I: 402029 (flow 4023ed)
      Successors: 4023ed, 40202f
  BB: 401820 in func 401160 with 3 insts
    I: 401820
    I: 401826
    I: 40182b (flow 4024eb)
      Successors: 401831, 4024eb
  BB: 402825 in func 401160 with 5 insts
    I: 402825
    I: 40282b
    I: 40282e
    I: 402834
    I: 40283e (flow 403ed3)
      Successors: 403ed3
  BB: 40202f in func 401160 with 1 insts
    I: 40202f (flow 402034)
      Successors: 402034
  BB: 401831 in func 401160 with 1 insts
    I: 401831 (flow 401836)
      Successors: 401836
  BB: 402034 in func 401160 with 3 insts
    I: 402034
    I: 40203a
    I: 40203f (flow 4033d5)
      Successors: 4033d5, 402045
  BB: 401836 in func 401160 with 3 insts
    I: 401836
    I: 40183c
    I: 401841 (flow 40276b)
      Successors: 40276b, 401847
  BB: 402843 in func 401160 with 5 insts
    I: 402843
    I: 40284a
    I: 402855
    I: 40285f
    I: 402869 (flow 403ed3)
      Successors: 403ed3
  BB: 402045 in func 401160 with 1 insts
    I: 402045 (flow 40204a)
      Successors: 40204a
  BB: 401847 in func 401160 with 1 insts
    I: 401847 (flow 40184c)
      Successors: 40184c
  BB: 40204a in func 401160 with 3 insts
    I: 40204a
    I: 402050
    I: 402055 (flow 403e29)
      Successors: 403e29, 40205b
  BB: 40184c in func 401160 with 3 insts
    I: 40184c
    I: 401852
    I: 401857 (flow 403a67)
      Successors: 40185d, 403a67
  BB: 40384e in func 401160 with 2 insts
    I: 40384e
    I: 403858 (flow 403ed3)
      Successors: 403ed3
  BB: 40205b in func 401160 with 1 insts
    I: 40205b (flow 402060)
      Successors: 402060
  BB: 40185d in func 401160 with 1 insts
    I: 40185d (flow 401862)
      Successors: 401862
  BB: 40385d in func 401160 with 8 insts
    I: 40385d
    I: 403867
    I: 40386b
    I: 403870
    I: 403875
    I: 40387d
    I: 403880
    I: 403886 (flow 403ed3)
      Successors: 403ed3
  BB: 402060 in func 401160 with 3 insts
    I: 402060
    I: 402066
    I: 40206b (flow 402f15)
      Successors: 402071, 402f15
  BB: 403061 in func 401160 with 2 insts
    I: 403061
    I: 40306b (flow 403ed3)
      Successors: 403ed3
  BB: 401862 in func 401160 with 3 insts
    I: 401862
    I: 401868
    I: 40186d (flow 402816)
      Successors: 401873, 402816
  BB: 40286e in func 401160 with 19 insts
    I: 40286e (imm 406034)
    I: 402875
    I: 402877 (imm 406038)
    I: 40287e
    I: 402880
    I: 402882
    I: 402885
    I: 402888
    I: 40288b
    I: 40288e
    I: 402891
    I: 402894
    I: 402897
    I: 402899
    I: 40289e
    I: 4028a3
    I: 4028a6
    I: 4028a9
    I: 4028af (flow 403ed3)
      Successors: 403ed3
  BB: 403070 in func 401160 with 7 insts
    I: 403070
    I: 403077
    I: 40307c
    I: 403081
    I: 403089
    I: 40308c
    I: 403092 (flow 403ed3)
      Successors: 403ed3
  BB: 402071 in func 401160 with 1 insts
    I: 402071 (flow 402076)
      Successors: 402076
  BB: 401873 in func 401160 with 1 insts
    I: 401873 (flow 401878)
      Successors: 401878
  BB: 402076 in func 401160 with 3 insts
    I: 402076
    I: 40207c
    I: 402081 (flow 403719)
      Successors: 403719, 402087
  BB: 401878 in func 401160 with 3 insts
    I: 401878
    I: 40187e
    I: 401883 (flow 40242a)
      Successors: 401889, 40242a
  BB: 402087 in func 401160 with 1 insts
    I: 402087 (flow 40208c)
      Successors: 40208c
  BB: 401889 in func 401160 with 1 insts
    I: 401889 (flow 40188e)
      Successors: 40188e
  BB: 40388b in func 401160 with 19 insts
    I: 40388b (imm 406034)
    I: 403892
    I: 403894 (imm 406038)
    I: 40389b
    I: 40389d
    I: 40389f
    I: 4038a2
    I: 4038a5
    I: 4038a8
    I: 4038ab
    I: 4038ae
    I: 4038b1
    I: 4038b4
    I: 4038b6
    I: 4038bb
    I: 4038c0
    I: 4038c3
    I: 4038c6
    I: 4038cc (flow 403ed3)
      Successors: 403ed3
  BB: 40208c in func 401160 with 3 insts
    I: 40208c
    I: 402092
    I: 402097 (flow 40384e)
      Successors: 40209d, 40384e
  BB: 40188e in func 401160 with 3 insts
    I: 40188e
    I: 401894
    I: 401899 (flow 402f7e)
      Successors: 402f7e, 40189f
  BB: 403097 in func 401160 with 8 insts
    I: 403097
    I: 40309e
    I: 4030a5
    I: 4030aa
    I: 4030af
    I: 4030b5
    I: 4030b8
    I: 4030be (flow 403ed3)
      Successors: 403ed3
  BB: 40209d in func 401160 with 1 insts
    I: 40209d (flow 4020a2)
      Successors: 4020a2
  BB: 40189f in func 401160 with 1 insts
    I: 40189f (flow 4018a4)
      Successors: 4018a4
  BB: 4020a2 in func 401160 with 1 insts
    I: 4020a2 (flow 403ed3)
      Successors: 403ed3
  BB: 4018a4 in func 401160 with 3 insts
    I: 4018a4
    I: 4018aa
    I: 4018af (flow 4021af)
      Successors: 4018b5, 4021af
  BB: 4020a7 in func 401160 with 10 insts
    I: 4020a7 (imm 404004)
    I: 4020b1
    I: 4020b5
    I: 4020b7 (flow 406060)
    I: 4020bc
    I: 4020c1
    I: 4020c6
    I: 4020ca
    I: 4020cd
    I: 4020d3 (flow 403ed3)
      Successors: 403ed3
  BB: 4028b4 in func 401160 with 23 insts
    I: 4028b4
    I: 4028bb
    I: 4028be
    I: 4028c0
    I: 4028c3 (imm 406034)
    I: 4028ca
    I: 4028cc (imm 406038)
    I: 4028d3
    I: 4028d5
    I: 4028d7
    I: 4028da
    I: 4028dd
    I: 4028e0
    I: 4028e3
    I: 4028e6
    I: 4028e9
    I: 4028ec
    I: 4028ee
    I: 4028f3
    I: 4028f8
    I: 4028fb
    I: 4028fe
    I: 402904 (flow 403ed3)
      Successors: 403ed3
  BB: 4018b5 in func 401160 with 1 insts
    I: 4018b5 (flow 4018ba)
      Successors: 4018ba
  BB: 4018ba in func 401160 with 3 insts
    I: 4018ba
    I: 4018c0
    I: 4018c5 (flow 403e1a)
      Successors: 403e1a, 4018cb
  BB: 4030c3 in func 401160 with 5 insts
    I: 4030c3
    I: 4030c9
    I: 4030d0
    I: 4030d7
    I: 4030e1 (flow 403ed3)
      Successors: 403ed3
  BB: 4018cb in func 401160 with 1 insts
    I: 4018cb (flow 4018d0)
      Successors: 4018d0
  BB: 4018d0 in func 401160 with 3 insts
    I: 4018d0
    I: 4018d6
    I: 4018db (flow 402927)
      Successors: 4018e1, 402927
  BB: 4038d1 in func 401160 with 25 insts
    I: 4038d1
    I: 4038d7
    I: 4038db
    I: 4038e2
    I: 4038e5
    I: 4038e7
    I: 4038ea (imm 406034)
    I: 4038f1
    I: 4038f3 (imm 406038)
    I: 4038fa
    I: 4038fc
    I: 4038fe
    I: 403901
    I: 403904
    I: 403907
    I: 40390a
    I: 40390d
    I: 403910
    I: 403913
    I: 403915
    I: 40391a
    I: 40391f
    I: 403922
    I: 403925
    I: 40392b (flow 403ed3)
      Successors: 403ed3
  BB: 4020d8 in func 401160 with 2 insts
    I: 4020d8
    I: 4020e2 (flow 403ed3)
      Successors: 403ed3
  BB: 4018e1 in func 401160 with 1 insts
    I: 4018e1 (flow 4018e6)
      Successors: 4018e6
  BB: 4018e6 in func 401160 with 3 insts
    I: 4018e6
    I: 4018ec
    I: 4018f1 (flow 40347f)
      Successors: 40347f, 4018f7
  BB: 4020e7 in func 401160 with 7 insts
    I: 4020e7
    I: 4020ee
    I: 4020f0
    I: 4020f5 (flow 406058)
    I: 4020fa
    I: 402104
    I: 40210e (flow 403ed3)
      Successors: 403ed3
  BB: 4030e6 in func 401160 with 19 insts
    I: 4030e6 (imm 406034)
    I: 4030ed
    I: 4030ef (imm 406038)
    I: 4030f6
    I: 4030f8
    I: 4030fa
    I: 4030fd
    I: 403100
    I: 403103
    I: 403106
    I: 403109
    I: 40310c
    I: 40310f
    I: 403111
    I: 403116
    I: 40311b
    I: 40311e
    I: 403121
    I: 403127 (flow 403ed3)
      Successors: 403ed3
  BB: 4018f7 in func 401160 with 1 insts
    I: 4018f7 (flow 4018fc)
      Successors: 4018fc
  BB: 4018fc in func 401160 with 3 insts
    I: 4018fc
    I: 401902
    I: 401907 (flow 4032db)
      Successors: 4032db, 40190d
  BB: 402909 in func 401160 with 7 insts
    I: 402909
    I: 40290c
    I: 402911
    I: 402916
    I: 402919
    I: 40291c
    I: 402922 (flow 403ed3)
      Successors: 403ed3
  BB: 40190d in func 401160 with 1 insts
    I: 40190d (flow 401912)
      Successors: 401912
  BB: 401912 in func 401160 with 3 insts
    I: 401912
    I: 401918
    I: 40191d (flow 403658)
      Successors: 403658, 401923
  BB: 402113 in func 401160 with 7 insts
    I: 402113
    I: 402119
    I: 40211e
    I: 402123
    I: 402126
    I: 402129
    I: 40212f (flow 403ed3)
      Successors: 403ed3
  BB: 401923 in func 401160 with 1 insts
    I: 401923 (flow 401928)
      Successors: 401928
  BB: 402927 in func 401160 with 3 insts
    I: 402927
    I: 402931
    I: 40293b (flow 403ed3)
      Successors: 403ed3
  BB: 401928 in func 401160 with 3 insts
    I: 401928
    I: 40192e
    I: 401933 (flow 403b87)
      Successors: 401939, 403b87
  BB: 40312c in func 401160 with 19 insts
    I: 40312c (imm 406034)
    I: 403133
    I: 403135 (imm 406038)
    I: 40313c
    I: 40313e
    I: 403140
    I: 403143
    I: 403146
    I: 403149
    I: 40314c
    I: 40314f
    I: 403152
    I: 403155
    I: 403157
    I: 40315c
    I: 403161
    I: 403164
    I: 403167
    I: 40316d (flow 403ed3)
      Successors: 403ed3
  BB: 403930 in func 401160 with 7 insts
    I: 403930
    I: 403933
    I: 403938
    I: 40393d
    I: 403940
    I: 403943
    I: 403949 (flow 403ed3)
      Successors: 403ed3
  BB: 402134 in func 401160 with 9 insts
    I: 402134
    I: 40213b
    I: 402142
    I: 402146
    I: 402149 (imm 404004)
    I: 402153
    I: 402155 (flow 406060)
    I: 40215a
    I: 402164 (flow 403ed3)
      Successors: 403ed3
  BB: 401939 in func 401160 with 1 insts
    I: 401939 (flow 40193e)
      Successors: 40193e
  BB: 40193e in func 401160 with 3 insts
    I: 40193e
    I: 401944
    I: 401949 (flow 402f8d)
      Successors: 402f8d, 40194f
  BB: 402940 in func 401160 with 7 insts
    I: 402940
    I: 402946
    I: 40294b
    I: 402950
    I: 402953
    I: 402956
    I: 40295c (flow 403ed3)
      Successors: 403ed3
  BB: 40394e in func 401160 with 19 insts
    I: 40394e (imm 406034)
    I: 403955
    I: 403957 (imm 406038)
    I: 40395e
    I: 403960
    I: 403962
    I: 403965
    I: 403968
    I: 40396b
    I: 40396e
    I: 403971
    I: 403974
    I: 403977
    I: 403979
    I: 40397e
    I: 403983
    I: 403986
    I: 403989
    I: 40398f (flow 403ed3)
      Successors: 403ed3
  BB: 40194f in func 401160 with 1 insts
    I: 40194f (flow 401954)
      Successors: 401954
  BB: 401954 in func 401160 with 3 insts
    I: 401954
    I: 40195a
    I: 40195f (flow 403dfc)
      Successors: 403dfc, 401965
  BB: 401160 in func 401160 with 5 insts
    Referenced by data
    I: 401160
    I: 401161
    I: 401164
    I: 40116b
    I: 401172
      Successors: 40117c
  BB: 402961 in func 401160 with 19 insts
    I: 402961 (imm 406034)
    I: 402968
    I: 40296a (imm 406038)
    I: 402971
    I: 402973
    I: 402975
    I: 402978
    I: 40297b
    I: 40297e
    I: 402981
    I: 402984
    I: 402987
    I: 40298a
    I: 40298c
    I: 402991
    I: 402996
    I: 402999
    I: 40299c
    I: 4029a2 (flow 403ed3)
      Successors: 403ed3
  BB: 401965 in func 401160 with 1 insts
    I: 401965 (flow 40196a)
      Successors: 40196a
  BB: 402169 in func 401160 with 19 insts
    I: 402169 (imm 406034)
    I: 402170
    I: 402172 (imm 406038)
    I: 402179
    I: 40217b
    I: 40217d
    I: 402180
    I: 402183
    I: 402186
    I: 402189
    I: 40218c
    I: 40218f
    I: 402192
    I: 402194
    I: 402199
    I: 40219e
    I: 4021a1
    I: 4021a4
    I: 4021aa (flow 403ed3)
      Successors: 403ed3
  BB: 40196a in func 401160 with 3 insts
    I: 40196a
    I: 401970
    I: 401975 (flow 40394e)
      Successors: 40197b, 40394e
  BB: 403172 in func 401160 with 2 insts
    I: 403172
    I: 40317c (flow 403ed3)
      Successors: 403ed3
  BB: 40197b in func 401160 with 1 insts
    I: 40197b (flow 401980)
      Successors: 401980
  BB: 40117c in func 401160 with 4 insts
    I: 40117c
    I: 401182
    I: 401188
    I: 40118d (flow 402fd5)
      Successors: 401193, 402fd5
  BB: 401980 in func 401160 with 3 insts
    I: 401980
    I: 401986
    I: 40198b (flow 4033ab)
      Successors: 401991, 4033ab
  BB: 403181 in func 401160 with 10 insts
    I: 403181
    I: 40318b
    I: 403191
    I: 403194
    I: 403197
    I: 40319c
    I: 4031a1
    I: 4031a9
    I: 4031ac
    I: 4031b2 (flow 403ed3)
      Successors: 403ed3
  BB: 401991 in func 401160 with 1 insts
    I: 401991 (flow 401996)
      Successors: 401996
  BB: 401193 in func 401160 with 1 insts
    I: 401193 (flow 401198)
      Successors: 401198
  BB: 403994 in func 401160 with 22 insts
    I: 403994
    I: 403998
    I: 40399f
    I: 4039a5 (imm 406034)
    I: 4039ac
    I: 4039ae (imm 406038)
    I: 4039b5
    I: 4039b7
    I: 4039b9
    I: 4039bc
    I: 4039bf
    I: 4039c2
    I: 4039c5
    I: 4039c8
    I: 4039cb
    I: 4039ce
    I: 4039d0
    I: 4039d5
    I: 4039da
    I: 4039dd
    I: 4039e0
    I: 4039e6 (flow 403ed3)
      Successors: 403ed3
  BB: 401996 in func 401160 with 3 insts
    I: 401996
    I: 40199c
    I: 4019a1 (flow 402dc1)
      Successors: 402dc1, 4019a7
  BB: 401198 in func 401160 with 3 insts
    I: 401198
    I: 40119e
    I: 4011a3 (flow 402659)
      Successors: 402659, 4011a9
  BB: 4019a7 in func 401160 with 1 insts
    I: 4019a7 (flow 4019ac)
      Successors: 4019ac
  BB: 4029a7 in func 401160 with 27 insts
    I: 4029a7
    I: 4029b1
    I: 4029b7
    I: 4029ba
    I: 4029bc
    I: 4029c4
    I: 4029c7
    I: 4029c9
    I: 4029cc (imm 406034)
    I: 4029d3
    I: 4029d5 (imm 406038)
    I: 4029dc
    I: 4029de
    I: 4029e0
    I: 4029e3
    I: 4029e6
    I: 4029e9
    I: 4029ec
    I: 4029ef
    I: 4029f2
    I: 4029f5
    I: 4029f7
    I: 4029fc
    I: 402a01
    I: 402a04
    I: 402a07
    I: 402a0d (flow 403ed3)
      Successors: 403ed3
  BB: 4011a9 in func 401160 with 1 insts
    I: 4011a9 (flow 4011ae)
      Successors: 4011ae
  BB: 4019ac in func 401160 with 3 insts
    I: 4019ac
    I: 4019b2
    I: 4019b7 (flow 402ea2)
      Successors: 402ea2, 4019bd
  BB: 4011ae in func 401160 with 3 insts
    I: 4011ae
    I: 4011b4
    I: 4011b9 (flow 402940)
      Successors: 402940, 4011bf
  BB: 4021af in func 401160 with 22 insts
    I: 4021af
    I: 4021b5
    I: 4021b8
    I: 4021be (imm 406034)
    I: 4021c5
    I: 4021c7 (imm 406038)
    I: 4021ce
    I: 4021d0
    I: 4021d2
    I: 4021d5
    I: 4021d8
    I: 4021db
    I: 4021de
    I: 4021e1
    I: 4021e4
    I: 4021e7
    I: 4021e9
    I: 4021ee
    I: 4021f3
    I: 4021f6
    I: 4021f9
    I: 4021ff (flow 403ed3)
      Successors: 403ed3
  BB: 4031b7 in func 401160 with 12 insts
    I: 4031b7
    I: 4031bd
    I: 4031c3
    I: 4031c6
    I: 4031c8
    I: 4031cf
    I: 4031d2
    I: 4031d7
    I: 4031dc
    I: 4031de
    I: 4031e1
    I: 4031e7 (flow 403ed3)
      Successors: 403ed3
  BB: 4019bd in func 401160 with 1 insts
    I: 4019bd (flow 4019c2)
      Successors: 4019c2
  BB: 4011bf in func 401160 with 1 insts
    I: 4011bf (flow 4011c4)
      Successors: 4011c4
  BB: 4019c2 in func 401160 with 3 insts
    I: 4019c2
    I: 4019c8
    I: 4019cd (flow 403be4)
      Successors: 4019d3, 403be4
  BB: 4011c4 in func 401160 with 3 insts
    I: 4011c4
    I: 4011ca
    I: 4011cf (flow 403bf3)
      Successors: 403bf3, 4011d5
  BB: 4019d3 in func 401160 with 1 insts
    I: 4019d3 (flow 4019d8)
      Successors: 4019d8
  BB: 4011d5 in func 401160 with 1 insts
    I: 4011d5 (flow 4011da)
      Successors: 4011da
  BB: 4019d8 in func 401160 with 3 insts
    I: 4019d8
    I: 4019de
    I: 4019e3 (flow 403cb7)
      Successors: 4019e9, 403cb7
  BB: 4011da in func 401160 with 3 insts
    I: 4011da
    I: 4011e0
    I: 4011e5 (flow 402272)
      Successors: 402272, 4011eb
  BB: 4019e9 in func 401160 with 1 insts
    I: 4019e9 (flow 4019ee)
      Successors: 4019ee
  BB: 4011eb in func 401160 with 1 insts
    I: 4011eb (flow 4011f0)
      Successors: 4011f0
  BB: 4031ec in func 401160 with 8 insts
    I: 4031ec
    I: 4031f2
    I: 4031f5
    I: 4031f7
    I: 4031fe
    I: 403201
    I: 403207
    I: 403211 (flow 403ed3)
      Successors: 403ed3
  BB: 4039eb in func 401160 with 2 insts
    I: 4039eb
    I: 4039f5 (flow 403ed3)
      Successors: 403ed3
  BB: 4019ee in func 401160 with 3 insts
    I: 4019ee
    I: 4019f4
    I: 4019f9 (flow 403b05)
      Successors: 403b05, 4019ff
  BB: 4011f0 in func 401160 with 3 insts
    I: 4011f0
    I: 4011f6
    I: 4011fb (flow 40273e)
      Successors: 401201, 40273e
  BB: 4039fa in func 401160 with 7 insts
    I: 4039fa
    I: 4039fe
    I: 403a03
    I: 403a08
    I: 403a10
    I: 403a13
    I: 403a19 (flow 403ed3)
      Successors: 403ed3
  BB: 4019ff in func 401160 with 1 insts
    I: 4019ff (flow 401a04)
      Successors: 401a04
  BB: 401201 in func 401160 with 1 insts
    I: 401201 (flow 401206)
      Successors: 401206
  BB: 401a04 in func 401160 with 3 insts
    I: 401a04
    I: 401a0a
    I: 401a0f (flow 403786)
      Successors: 401a15, 403786
  BB: 402204 in func 401160 with 2 insts
    I: 402204
    I: 40220e (flow 403ed3)
      Successors: 403ed3
  BB: 401206 in func 401160 with 3 insts
    I: 401206
    I: 40120c
    I: 401211 (flow 402113)
      Successors: 402113, 401217
  BB: 402a12 in func 401160 with 7 insts
    I: 402a12
    I: 402a15
    I: 402a1a
    I: 402a1f
    I: 402a22
    I: 402a25
    I: 402a2b (flow 403ed3)
      Successors: 403ed3
  BB: 402213 in func 401160 with 3 insts
    I: 402213
    I: 40221d
    I: 402227 (flow 403ed3)
      Successors: 403ed3
  BB: 401a15 in func 401160 with 1 insts
    I: 401a15 (flow 401a1a)
      Successors: 401a1a
  BB: 403216 in func 401160 with 19 insts
    I: 403216 (imm 406034)
    I: 40321d
    I: 40321f (imm 406038)
    I: 403226
    I: 403228
    I: 40322a
    I: 40322d
    I: 403230
    I: 403233
    I: 403236
    I: 403239
    I: 40323c
    I: 40323f
    I: 403241
    I: 403246
    I: 40324b
    I: 40324e
    I: 403251
    I: 403257 (flow 403ed3)
      Successors: 403ed3
  BB: 401217 in func 401160 with 1 insts
    I: 401217 (flow 40121c)
      Successors: 40121c
  BB: 401a1a in func 401160 with 3 insts
    I: 401a1a
    I: 401a20
    I: 401a25 (flow 403601)
      Successors: 403601, 401a2b
  BB: 40121c in func 401160 with 3 insts
    I: 40121c
    I: 401222
    I: 401227 (flow 403b23)
      Successors: 403b23, 40122d
  BB: 403a1e in func 401160 with 8 insts
    I: 403a1e
    I: 403a24
    I: 403a28
    I: 403a2d
    I: 403a32
    I: 403a39
    I: 403a3c
    I: 403a42 (flow 403ed3)
      Successors: 403ed3
  BB: 401a2b in func 401160 with 1 insts
    I: 401a2b (flow 401a30)
      Successors: 401a30
  BB: 40222c in func 401160 with 19 insts
    I: 40222c (imm 406034)
    I: 402233
    I: 402235 (imm 406038)
    I: 40223c
    I: 40223e
    I: 402240
    I: 402243
    I: 402246
    I: 402249
    I: 40224c
    I: 40224f
    I: 402252
    I: 402255
    I: 402257
    I: 40225c
    I: 402261
    I: 402264
    I: 402267
    I: 40226d (flow 403ed3)
      Successors: 403ed3
  BB: 40122d in func 401160 with 1 insts
    I: 40122d (flow 401232)
      Successors: 401232
  BB: 401a30 in func 401160 with 3 insts
    I: 401a30
    I: 401a36
    I: 401a3b (flow 403d31)
      Successors: 401a41, 403d31
  BB: 402a30 in func 401160 with 12 insts
    I: 402a30
    I: 402a36
    I: 402a3c
    I: 402a3f
    I: 402a41
    I: 402a48
    I: 402a4b
    I: 402a50
    I: 402a55
    I: 402a57
    I: 402a5a
    I: 402a60 (flow 403ed3)
      Successors: 403ed3
  BB: 401232 in func 401160 with 3 insts
    I: 401232
    I: 401238
    I: 40123d (flow 402a8f)
      Successors: 401243, 402a8f
  BB: 401a41 in func 401160 with 1 insts
    I: 401a41 (flow 401a46)
      Successors: 401a46
  BB: 401243 in func 401160 with 1 insts
    I: 401243 (flow 401248)
      Successors: 401248
  BB: 401a46 in func 401160 with 3 insts
    I: 401a46
    I: 401a4c
    I: 401a51 (flow 402a65)
      Successors: 402a65, 401a57
  BB: 403a47 in func 401160 with 5 insts
    I: 403a47
    I: 403a4b
    I: 403a52
    I: 403a58
    I: 403a62 (flow 403ed3)
      Successors: 403ed3
  BB: 401248 in func 401160 with 3 insts
    I: 401248
    I: 40124e
    I: 401253 (flow 402213)
      Successors: 401259, 402213
  BB: 401a57 in func 401160 with 1 insts
    I: 401a57 (flow 401a5c)
      Successors: 401a5c
  BB: 401259 in func 401160 with 1 insts
    I: 401259 (flow 40125e)
      Successors: 40125e
  BB: 401a5c in func 401160 with 3 insts
    I: 401a5c
    I: 401a62
    I: 401a67 (flow 403a1e)
      Successors: 401a6d, 403a1e
  BB: 40325c in func 401160 with 26 insts
    I: 40325c
    I: 403262
    I: 403265
    I: 403267
    I: 40326f
    I: 403272
    I: 403274
    I: 403277 (imm 406034)
    I: 40327e
    I: 403280 (imm 406038)
    I: 403287
    I: 403289
    I: 40328b
    I: 40328e
    I: 403291
    I: 403294
    I: 403297
    I: 40329a
    I: 40329d
    I: 4032a0
    I: 4032a2
    I: 4032a7
    I: 4032ac
    I: 4032af
    I: 4032b2
    I: 4032b8 (flow 403ed3)
      Successors: 403ed3
  BB: 40125e in func 401160 with 3 insts
    I: 40125e
    I: 401264
    I: 401269 (flow 4020e7)
      Successors: 4020e7, 40126f
  BB: 402a65 in func 401160 with 8 insts
    I: 402a65
    I: 402a6b
    I: 402a6e
    I: 402a70
    I: 402a77
    I: 402a7a
    I: 402a80
    I: 402a8a (flow 403ed3)
      Successors: 403ed3
  BB: 403a67 in func 401160 with 19 insts
    I: 403a67 (imm 406034)
    I: 403a6e
    I: 403a70 (imm 406038)
    I: 403a77
    I: 403a79
    I: 403a7b
    I: 403a7e
    I: 403a81
    I: 403a84
    I: 403a87
    I: 403a8a
    I: 403a8d
    I: 403a90
    I: 403a92
    I: 403a97
    I: 403a9c
    I: 403a9f
    I: 403aa2
    I: 403aa8 (flow 403ed3)
      Successors: 403ed3
  BB: 401a6d in func 401160 with 1 insts
    I: 401a6d (flow 401a72)
      Successors: 401a72
  BB: 40126f in func 401160 with 1 insts
    I: 40126f (flow 401274)
      Successors: 401274
  BB: 401a72 in func 401160 with 3 insts
    I: 401a72
    I: 401a78
    I: 401a7d (flow 4024d1)
      Successors: 4024d1, 401a83
  BB: 402272 in func 401160 with 24 insts
    I: 402272
    I: 402278
    I: 40227b
    I: 40227e
    I: 402280
    I: 402283 (imm 406034)
    I: 40228a
    I: 40228c (imm 406038)
    I: 402293
    I: 402295
    I: 402297
    I: 40229a
    I: 40229d
    I: 4022a0
    I: 4022a3
    I: 4022a6
    I: 4022a9
    I: 4022ac
    I: 4022ae
    I: 4022b3
    I: 4022b8
    I: 4022bb
    I: 4022be
    I: 4022c4 (flow 403ed3)
      Successors: 403ed3
  BB: 401274 in func 401160 with 3 insts
    I: 401274
    I: 40127a
    I: 40127f (flow 403ea3)
      Successors: 403ea3, 401285
  BB: 401a83 in func 401160 with 1 insts
    I: 401a83 (flow 401a88)
      Successors: 401a88
  BB: 401285 in func 401160 with 1 insts
    I: 401285 (flow 40128a)
      Successors: 40128a
  BB: 401a88 in func 401160 with 3 insts
    I: 401a88
    I: 401a8e
    I: 401a93 (flow 402bf9)
      Successors: 401a99, 402bf9
  BB: 40128a in func 401160 with 3 insts
    I: 40128a
    I: 401290
    I: 401295 (flow 403e0b)
      Successors: 403e0b, 40129b
  BB: 402a8f in func 401160 with 19 insts
    I: 402a8f (imm 406034)
    I: 402a96
    I: 402a98 (imm 406038)
    I: 402a9f
    I: 402aa1
    I: 402aa3
    I: 402aa6
    I: 402aa9
    I: 402aac
    I: 402aaf
    I: 402ab2
    I: 402ab5
    I: 402ab8
    I: 402aba
    I: 402abf
    I: 402ac4
    I: 402ac7
    I: 402aca
    I: 402ad0 (flow 403ed3)
      Successors: 403ed3
  BB: 401a99 in func 401160 with 1 insts
    I: 401a99 (flow 401a9e)
      Successors: 401a9e
  BB: 40129b in func 401160 with 1 insts
    I: 40129b (flow 4012a0)
      Successors: 4012a0
  BB: 401a9e in func 401160 with 3 insts
    I: 401a9e
    I: 401aa4
    I: 401aa9 (flow 40264a)
      Successors: 40264a, 401aaf
  BB: 4012a0 in func 401160 with 3 insts
    I: 4012a0
    I: 4012a6
    I: 4012ab (flow 4031b7)
      Successors: 4012b1, 4031b7
  BB: 403aad in func 401160 with 23 insts
    I: 403aad
    I: 403ab7
    I: 403aba
    I: 403abc
    I: 403abf (imm 406034)
    I: 403ac6
    I: 403ac8 (imm 406038)
    I: 403acf
    I: 403ad1
    I: 403ad3
    I: 403ad6
    I: 403ad9
    I: 403adc
    I: 403adf
    I: 403ae2
    I: 403ae5
    I: 403ae8
    I: 403aea
    I: 403aef
    I: 403af4
    I: 403af7
    I: 403afa
    I: 403b00 (flow 403ed3)
      Successors: 403ed3
  BB: 401aaf in func 401160 with 1 insts
    I: 401aaf (flow 401ab4)
      Successors: 401ab4
  BB: 4012b1 in func 401160 with 1 insts
    I: 4012b1 (flow 4012b6)
      Successors: 4012b6
  BB: 401ab4 in func 401160 with 3 insts
    I: 401ab4
    I: 401aba
    I: 401abf (flow 403930)
      Successors: 403930, 401ac5
  BB: 4012b6 in func 401160 with 3 insts
    I: 4012b6
    I: 4012bc
    I: 4012c1 (flow 403d93)
      Successors: 403d93, 4012c7
  BB: 4032bd in func 401160 with 7 insts
    I: 4032bd
    I: 4032c0
    I: 4032c5
    I: 4032ca
    I: 4032cd
    I: 4032d0
    I: 4032d6 (flow 403ed3)
      Successors: 403ed3
  BB: 401ac5 in func 401160 with 1 insts
    I: 401ac5 (flow 401aca)
      Successors: 401aca
  BB: 4012c7 in func 401160 with 1 insts
    I: 4012c7 (flow 4012cc)
      Successors: 4012cc
  BB: 4022c9 in func 401160 with 7 insts
    I: 4022c9
    I: 4022cc
    I: 4022d1
    I: 4022d6
    I: 4022d9
    I: 4022dc
    I: 4022e2 (flow 403ed3)
      Successors: 403ed3
  BB: 401aca in func 401160 with 3 insts
    I: 401aca
    I: 401ad0
    I: 401ad5 (flow 402710)
      Successors: 402710, 401adb
  BB: 4012cc in func 401160 with 3 insts
    I: 4012cc
    I: 4012d2
    I: 4012d7 (flow 403589)
      Successors: 403589, 4012dd
  BB: 402ad5 in func 401160 with 26 insts
    I: 402ad5
    I: 402adb
    I: 402ade
    I: 402ae0
    I: 402ae8
    I: 402aeb
    I: 402aed
    I: 402af0 (imm 406034)
    I: 402af7
    I: 402af9 (imm 406038)
    I: 402b00
    I: 402b02
    I: 402b04
    I: 402b07
    I: 402b0a
    I: 402b0d
    I: 402b10
    I: 402b13
    I: 402b16
    I: 402b19
    I: 402b1b
    I: 402b20
    I: 402b25
    I: 402b28
    I: 402b2b
    I: 402b31 (flow 403ed3)
      Successors: 403ed3
  BB: 401adb in func 401160 with 1 insts
    I: 401adb (flow 401ae0)
      Successors: 401ae0
  BB: 4032db in func 401160 with 19 insts
    I: 4032db (imm 406034)
    I: 4032e2
    I: 4032e4 (imm 406038)
    I: 4032eb
    I: 4032ed
    I: 4032ef
    I: 4032f2
    I: 4032f5
    I: 4032f8
    I: 4032fb
    I: 4032fe
    I: 403301
    I: 403304
    I: 403306
    I: 40330b
    I: 403310
    I: 403313
    I: 403316
    I: 40331c (flow 403ed3)
      Successors: 403ed3
  BB: 4012dd in func 401160 with 1 insts
    I: 4012dd (flow 4012e2)
      Successors: 4012e2
  BB: 401ae0 in func 401160 with 3 insts
    I: 401ae0
    I: 401ae6
    I: 401aeb (flow 4033f7)
      Successors: 401af1, 4033f7
  BB: 4012e2 in func 401160 with 3 insts
    I: 4012e2
    I: 4012e8
    I: 4012ed (flow 4020a7)
      Successors: 4012f3, 4020a7
  BB: 4022e7 in func 401160 with 10 insts
    I: 4022e7
    I: 4022ee
    I: 4022f5
    I: 4022fc
    I: 402300
    I: 402303 (imm 404004)
    I: 40230d
    I: 40230f (flow 406060)
    I: 402314
    I: 40231e (flow 403ed3)
      Successors: 403ed3
  BB: 401af1 in func 401160 with 1 insts
    I: 401af1 (flow 401af6)
      Successors: 401af6
  BB: 4012f3 in func 401160 with 1 insts
    I: 4012f3 (flow 4012f8)
      Successors: 4012f8
  BB: 401af6 in func 401160 with 3 insts
    I: 401af6
    I: 401afc
    I: 401b01 (flow 403994)
      Successors: 403994, 401b07
  BB: 4012f8 in func 401160 with 3 insts
    I: 4012f8
    I: 4012fe
    I: 401303 (flow 403e47)
      Successors: 401309, 403e47
  BB: 403b05 in func 401160 with 7 insts
    I: 403b05
    I: 403b08
    I: 403b0d
    I: 403b12
    I: 403b15
    I: 403b18
    I: 403b1e (flow 403ed3)
      Successors: 403ed3
  BB: 401b07 in func 401160 with 1 insts
    I: 401b07 (flow 401b0c)
      Successors: 401b0c
  BB: 401309 in func 401160 with 1 insts
    I: 401309 (flow 40130e)
      Successors: 40130e
  BB: 401b0c in func 401160 with 3 insts
    I: 401b0c
    I: 401b12
    I: 401b17 (flow 40362e)
      Successors: 401b1d, 40362e
  BB: 40130e in func 401160 with 3 insts
    I: 40130e
    I: 401314
    I: 401319 (flow 402b54)
      Successors: 402b54, 40131f
  BB: 401b1d in func 401160 with 1 insts
    I: 401b1d (flow 401b22)
      Successors: 401b22
  BB: 40131f in func 401160 with 1 insts
    I: 40131f (flow 401324)
      Successors: 401324
  BB: 403321 in func 401160 with 29 insts
    I: 403321
    I: 403327
    I: 40332d
    I: 403330
    I: 403333
    I: 40333a
    I: 40333d
    I: 40333f
    I: 403342
    I: 403344
    I: 403347 (imm 406034)
    I: 40334e
    I: 403350 (imm 406038)
    I: 403357
    I: 403359
    I: 40335b
    I: 40335e
    I: 403361
    I: 403364
    I: 403367
    I: 40336a
    I: 40336d
    I: 403370
    I: 403372
    I: 403377
    I: 40337c
    I: 40337f
    I: 403382
    I: 403388 (flow 403ed3)
      Successors: 403ed3
  BB: 401b22 in func 401160 with 3 insts
    I: 401b22
    I: 401b28
    I: 401b2d (flow 403d13)
      Successors: 403d13, 401b33
  BB: 402323 in func 401160 with 5 insts
    I: 402323
    I: 402329
    I: 40232c
    I: 402332
    I: 40233c (flow 403ed3)
      Successors: 403ed3
  BB: 401324 in func 401160 with 3 insts
    I: 401324
    I: 40132a
    I: 40132f (flow 40369e)
      Successors: 401335, 40369e
  BB: 403b23 in func 401160 with 4 insts
    I: 403b23 (imm 404007)
    I: 403b2d (flow 406048)
    I: 403b32
    I: 403b3c (flow 403ed3)
      Successors: 403ed3
  BB: 401b33 in func 401160 with 1 insts
    I: 401b33 (flow 401b38)
      Successors: 401b38
  BB: 401335 in func 401160 with 1 insts
    I: 401335 (flow 40133a)
      Successors: 40133a
  BB: 402b36 in func 401160 with 7 insts
    I: 402b36
    I: 402b39
    I: 402b3e
    I: 402b43
    I: 402b46
    I: 402b49
    I: 402b4f (flow 403ed3)
      Successors: 403ed3
  BB: 401b38 in func 401160 with 3 insts
    I: 401b38
    I: 401b3e
    I: 401b43 (flow 4022c9)
      Successors: 401b49, 4022c9
  BB: 40133a in func 401160 with 3 insts
    I: 40133a
    I: 401340
    I: 401345 (flow 403172)
      Successors: 403172, 40134b
  BB: 402341 in func 401160 with 19 insts
    I: 402341 (imm 406034)
    I: 402348
    I: 40234a (imm 406038)
    I: 402351
    I: 402353
    I: 402355
    I: 402358
    I: 40235b
    I: 40235e
    I: 402361
    I: 402364
    I: 402367
    I: 40236a
    I: 40236c
    I: 402371
    I: 402376
    I: 402379
    I: 40237c
    I: 402382 (flow 403ed3)
      Successors: 403ed3
  BB: 403b41 in func 401160 with 19 insts
    I: 403b41 (imm 406034)
    I: 403b48
    I: 403b4a (imm 406038)
    I: 403b51
    I: 403b53
    I: 403b55
    I: 403b58
    I: 403b5b
    I: 403b5e
    I: 403b61
    I: 403b64
    I: 403b67
    I: 403b6a
    I: 403b6c
    I: 403b71
    I: 403b76
    I: 403b79
    I: 403b7c
    I: 403b82 (flow 403ed3)
      Successors: 403ed3
  BB: 401b49 in func 401160 with 1 insts
    I: 401b49 (flow 401b4e)
      Successors: 401b4e
  BB: 40134b in func 401160 with 1 insts
    I: 40134b (flow 401350)
      Successors: 401350
  BB: 401b4e in func 401160 with 3 insts
    I: 401b4e
    I: 401b54
    I: 401b59 (flow 402a30)
      Successors: 402a30, 401b5f
  BB: 401350 in func 401160 with 3 insts
    I: 401350
    I: 401356
    I: 40135b (flow 4025a0)
      Successors: 4025a0, 401361
  BB: 402b54 in func 401160 with 12 insts
    I: 402b54
    I: 402b5a
    I: 402b60
    I: 402b63
    I: 402b65
    I: 402b6c
    I: 402b6f
    I: 402b74
    I: 402b79
    I: 402b7b
    I: 402b7e
    I: 402b84 (flow 403ed3)
      Successors: 403ed3
  BB: 401b5f in func 401160 with 1 insts
    I: 401b5f (flow 401b64)
      Successors: 401b64
  BB: 401361 in func 401160 with 1 insts
    I: 401361 (flow 401366)
      Successors: 401366
  BB: 401b64 in func 401160 with 3 insts
    I: 401b64
    I: 401b6a
    I: 401b6f (flow 4035cb)
      Successors: 4035cb, 401b75
  BB: 401366 in func 401160 with 3 insts
    I: 401366
    I: 40136c
    I: 401371 (flow 403097)
      Successors: 403097, 401377
  BB: 401b75 in func 401160 with 1 insts
    I: 401b75 (flow 401b7a)
      Successors: 401b7a
  BB: 401377 in func 401160 with 1 insts
    I: 401377 (flow 40137c)
      Successors: 40137c
  BB: 401b7a in func 401160 with 3 insts
    I: 401b7a
    I: 401b80
    I: 401b85 (flow 403070)
      Successors: 403070, 401b8b
  BB: 40137c in func 401160 with 3 insts
    I: 40137c
    I: 401382
    I: 401387 (flow 403ec9)
      Successors: 403ec9, 40138d
  BB: 402387 in func 401160 with 24 insts
    I: 402387
    I: 40238e
    I: 402393
    I: 402398 (flow 406058)
    I: 40239d
    I: 4023a7 (imm 406034)
    I: 4023ae
    I: 4023b0 (imm 406038)
    I: 4023b7
    I: 4023b9
    I: 4023bb
    I: 4023be
    I: 4023c1
    I: 4023c4
    I: 4023c7
    I: 4023ca
    I: 4023cd
    I: 4023d0
    I: 4023d2
    I: 4023d7
    I: 4023dc
    I: 4023df
    I: 4023e2
    I: 4023e8 (flow 403ed3)
      Successors: 403ed3
  BB: 403b87 in func 401160 with 23 insts
    I: 403b87
    I: 403b8d (imm 40400a)
    I: 403b97
    I: 403b99 (flow 406050)
    I: 403b9e (imm 406034)
    I: 403ba5
    I: 403ba7 (imm 406038)
    I: 403bae
    I: 403bb0
    I: 403bb2
    I: 403bb5
    I: 403bb8
    I: 403bbb
    I: 403bbe
    I: 403bc1
    I: 403bc4
    I: 403bc7
    I: 403bc9
    I: 403bce
    I: 403bd3
    I: 403bd6
    I: 403bd9
    I: 403bdf (flow 403ed3)
      Successors: 403ed3
  BB: 402b89 in func 401160 with 8 insts
    I: 402b89
    I: 402b8f
    I: 402b92
    I: 402b94
    I: 402b9b
    I: 402b9e
    I: 402ba4
    I: 402bae (flow 403ed3)
      Successors: 403ed3
  BB: 401b8b in func 401160 with 1 insts
    I: 401b8b (flow 401b90)
      Successors: 401b90
  BB: 40138d in func 401160 with 1 insts
    I: 40138d (flow 401392)
      Successors: 401392
  BB: 40338d in func 401160 with 7 insts
    I: 40338d
    I: 403390
    I: 403395
    I: 40339a
    I: 40339d
    I: 4033a0
    I: 4033a6 (flow 403ed3)
      Successors: 403ed3
  BB: 401b90 in func 401160 with 3 insts
    I: 401b90
    I: 401b96
    I: 401b9b (flow 403649)
      Successors: 403649, 401ba1
  BB: 401392 in func 401160 with 3 insts
    I: 401392
    I: 401398
    I: 40139d (flow 40385d)
      Successors: 4013a3, 40385d
  BB: 401ba1 in func 401160 with 1 insts
    I: 401ba1 (flow 401ba6)
      Successors: 401ba6
  BB: 4013a3 in func 401160 with 1 insts
    I: 4013a3 (flow 4013a8)
      Successors: 4013a8
  BB: 401ba6 in func 401160 with 3 insts
    I: 401ba6
    I: 401bac
    I: 401bb1 (flow 4022e7)
      Successors: 4022e7, 401bb7
  BB: 4013a8 in func 401160 with 3 insts
    I: 4013a8
    I: 4013ae
    I: 4013b3 (flow 403e94)
      Successors: 4013b9, 403e94
  BB: 4033ab in func 401160 with 8 insts
    I: 4033ab
    I: 4033b1
    I: 4033b4
    I: 4033b6
    I: 4033bd
    I: 4033c0
    I: 4033c6
    I: 4033d0 (flow 403ed3)
      Successors: 403ed3
  BB: 402bb3 in func 401160 with 19 insts
    I: 402bb3 (imm 406034)
    I: 402bba
    I: 402bbc (imm 406038)
    I: 402bc3
    I: 402bc5
    I: 402bc7
    I: 402bca
    I: 402bcd
    I: 402bd0
    I: 402bd3
    I: 402bd6
    I: 402bd9
    I: 402bdc
    I: 402bde
    I: 402be3
    I: 402be8
    I: 402beb
    I: 402bee
    I: 402bf4 (flow 403ed3)
      Successors: 403ed3
  BB: 401bb7 in func 401160 with 1 insts
    I: 401bb7 (flow 401bbc)
      Successors: 401bbc
  BB: 4013b9 in func 401160 with 1 insts
    I: 4013b9 (flow 4013be)
      Successors: 4013be
  BB: 401bbc in func 401160 with 3 insts
    I: 401bbc
    I: 401bc2
    I: 401bc7 (flow 40355c)
      Successors: 40355c, 401bcd
  BB: 4013be in func 401160 with 3 insts
    I: 4013be
    I: 4013c4
    I: 4013c9 (flow 402bb3)
      Successors: 402bb3, 4013cf
  BB: 401bcd in func 401160 with 1 insts
    I: 401bcd (flow 401bd2)
      Successors: 401bd2
  BB: 4013cf in func 401160 with 1 insts
    I: 4013cf (flow 4013d4)
      Successors: 4013d4
  BB: 401bd2 in func 401160 with 3 insts
    I: 401bd2
    I: 401bd8
    I: 401bdd (flow 4032bd)
      Successors: 401be3, 4032bd
  BB: 4013d4 in func 401160 with 3 insts
    I: 4013d4
    I: 4013da
    I: 4013df (flow 4028b4)
      Successors: 4028b4, 4013e5
  BB: 4033d5 in func 401160 with 6 insts
    I: 4033d5
    I: 4033da
    I: 4033df
    I: 4033e9
    I: 4033ec
    I: 4033f2 (flow 403ed3)
      Successors: 403ed3
  BB: 401be3 in func 401160 with 1 insts
    I: 401be3 (flow 401be8)
      Successors: 401be8
  BB: 403be4 in func 401160 with 2 insts
    I: 403be4
    I: 403bee (flow 403ed3)
      Successors: 403ed3
  BB: 4013e5 in func 401160 with 1 insts
    I: 4013e5 (flow 4013ea)
      Successors: 4013ea
  BB: 401be8 in func 401160 with 3 insts
    I: 401be8
    I: 401bee
    I: 401bf3 (flow 4038d1)
      Successors: 401bf9, 4038d1
  BB: 4013ea in func 401160 with 3 insts
    I: 4013ea
    I: 4013f0
    I: 4013f5 (flow 402d5d)
      Successors: 4013fb, 402d5d
  BB: 4023ed in func 401160 with 2 insts
    I: 4023ed
    I: 4023f7 (flow 403ed3)
      Successors: 403ed3
  BB: 403bf3 in func 401160 with 2 insts
    I: 403bf3
    I: 403bfd (flow 403ed3)
      Successors: 403ed3
  BB: 4033f7 in func 401160 with 7 insts
    I: 4033f7
    I: 4033fe
    I: 403403
    I: 403408
    I: 403410
    I: 403413
    I: 403419 (flow 403ed3)
      Successors: 403ed3
  BB: 402bf9 in func 401160 with 23 insts
    I: 402bf9
    I: 402c03
    I: 402c06
    I: 402c08
    I: 402c0b (imm 406034)
    I: 402c12
    I: 402c14 (imm 406038)
    I: 402c1b
    I: 402c1d
    I: 402c1f
    I: 402c22
    I: 402c25
    I: 402c28
    I: 402c2b
    I: 402c2e
    I: 402c31
    I: 402c34
    I: 402c36
    I: 402c3b
    I: 402c40
    I: 402c43
    I: 402c46
    I: 402c4c (flow 403ed3)
      Successors: 403ed3
  BB: 401bf9 in func 401160 with 1 insts
    I: 401bf9 (flow 401bfe)
      Successors: 401bfe
  BB: 4013fb in func 401160 with 1 insts
    I: 4013fb (flow 401400)
      Successors: 401400
  BB: 4023fc in func 401160 with 8 insts
    I: 4023fc
    I: 402403
    I: 402408
    I: 40240d
    I: 402415
    I: 402418
    I: 40241e
    I: 402425 (flow 403ed3)
      Successors: 403ed3
  BB: 401bfe in func 401160 with 3 insts
    I: 401bfe
    I: 401c04
    I: 401c09 (flow 4037f9)
      Successors: 4037f9, 401c0f
  BB: 401400 in func 401160 with 3 insts
    I: 401400
    I: 401406
    I: 40140b (flow 403c8e)
      Successors: 401411, 403c8e
  BB: 403c02 in func 401160 with 19 insts
    I: 403c02 (imm 406034)
    I: 403c09
    I: 403c0b (imm 406038)
    I: 403c12
    I: 403c14
    I: 403c16
    I: 403c19
    I: 403c1c
    I: 403c1f
    I: 403c22
    I: 403c25
    I: 403c28
    I: 403c2b
    I: 403c2d
    I: 403c32
    I: 403c37
    I: 403c3a
    I: 403c3d
    I: 403c43 (flow 403ed3)
      Successors: 403ed3
  BB: 401c0f in func 401160 with 1 insts
    I: 401c0f (flow 401c14)
      Successors: 401c14
  BB: 401411 in func 401160 with 1 insts
    I: 401411 (flow 401416)
      Successors: 401416
  BB: 401c14 in func 401160 with 3 insts
    I: 401c14
    I: 401c1a
    I: 401c1f (flow 402ad5)
      Successors: 402ad5, 401c25
  BB: 401416 in func 401160 with 3 insts
    I: 401416
    I: 40141c
    I: 401421 (flow 402a12)
      Successors: 402a12, 401427
  BB: 40341e in func 401160 with 4 insts
    I: 40341e
    I: 403424
    I: 40342a
    I: 403434 (flow 403ed3)
      Successors: 403ed3
  BB: 401c25 in func 401160 with 1 insts
    I: 401c25 (flow 401c2a)
      Successors: 401c2a
  BB: 401427 in func 401160 with 1 insts
    I: 401427 (flow 40142c)
      Successors: 40142c
  BB: 401c2a in func 401160 with 3 insts
    I: 401c2a
    I: 401c30
    I: 401c35 (flow 402323)
      Successors: 402323, 401c3b
  BB: 40242a in func 401160 with 19 insts
    I: 40242a (imm 406034)
    I: 402431
    I: 402433 (imm 406038)
    I: 40243a
    I: 40243c
    I: 40243e
    I: 402441
    I: 402444
    I: 402447
    I: 40244a
    I: 40244d
    I: 402450
    I: 402453
    I: 402455
    I: 40245a
    I: 40245f
    I: 402462
    I: 402465
    I: 40246b (flow 403ed3)
      Successors: 403ed3
  BB: 40142c in func 401160 with 3 insts
    I: 40142c
    I: 401432
    I: 401437 (flow 403061)
      Successors: 403061, 40143d
  BB: 403439 in func 401160 with 19 insts
    I: 403439 (imm 406034)
    I: 403440
    I: 403442 (imm 406038)
    I: 403449
    I: 40344b
    I: 40344d
    I: 403450
    I: 403453
    I: 403456
    I: 403459
    I: 40345c
    I: 40345f
    I: 403462
    I: 403464
    I: 403469
    I: 40346e
    I: 403471
    I: 403474
    I: 40347a (flow 403ed3)
      Successors: 403ed3
  BB: 401c3b in func 401160 with 1 insts
    I: 401c3b (flow 401c40)
      Successors: 401c40
  BB: 40143d in func 401160 with 1 insts
    I: 40143d (flow 401442)
      Successors: 401442
  BB: 401c40 in func 401160 with 3 insts
    I: 401c40
    I: 401c46
    I: 401c4b (flow 403c99)
      Successors: 401c51, 403c99
  BB: 401442 in func 401160 with 3 insts
    I: 401442
    I: 401448
    I: 40144d (flow 403321)
      Successors: 403321, 401453
  BB: 403c48 in func 401160 with 19 insts
    I: 403c48 (imm 406034)
    I: 403c4f
    I: 403c51 (imm 406038)
    I: 403c58
    I: 403c5a
    I: 403c5c
    I: 403c5f
    I: 403c62
    I: 403c65
    I: 403c68
    I: 403c6b
    I: 403c6e
    I: 403c71
    I: 403c73
    I: 403c78
    I: 403c7d
    I: 403c80
    I: 403c83
    I: 403c89 (flow 403ed3)
      Successors: 403ed3
  BB: 401c51 in func 401160 with 1 insts
    I: 401c51 (flow 401c56)
      Successors: 401c56
  BB: 402c51 in func 401160 with 7 insts
    I: 402c51
    I: 402c54
    I: 402c59
    I: 402c5e
    I: 402c61
    I: 402c64
    I: 402c6a (flow 403ed3)
      Successors: 403ed3
  BB: 401453 in func 401160 with 1 insts
    I: 401453 (flow 401458)
      Successors: 401458
  BB: 401c56 in func 401160 with 3 insts
    I: 401c56
    I: 401c5c
    I: 401c61 (flow 402e4d)
      Successors: 402e4d, 401c67
  BB: 401458 in func 401160 with 3 insts
    I: 401458
    I: 40145e
    I: 401463 (flow 4025af)
      Successors: 401469, 4025af
  BB: 401c67 in func 401160 with 1 insts
    I: 401c67 (flow 401c6c)
      Successors: 401c6c
  BB: 401469 in func 401160 with 1 insts
    I: 401469 (flow 40146e)
      Successors: 40146e
  BB: 401c6c in func 401160 with 3 insts
    I: 401c6c
    I: 401c72
    I: 401c77 (flow 402134)
      Successors: 402134, 401c7d
  BB: 40146e in func 401160 with 3 insts
    I: 40146e
    I: 401474
    I: 401479 (flow 402fab)
      Successors: 402fab, 40147f
  BB: 402c6f in func 401160 with 7 insts
    I: 402c6f
    I: 402c76
    I: 402c7b
    I: 402c80
    I: 402c88
    I: 402c8b
    I: 402c91 (flow 403ed3)
      Successors: 403ed3
  BB: 402470 in func 401160 with 26 insts
    I: 402470
    I: 402476
    I: 402479
    I: 40247b
    I: 402483
    I: 402486
    I: 402488
    I: 40248b (imm 406034)
    I: 402492
    I: 402494 (imm 406038)
    I: 40249b
    I: 40249d
    I: 40249f
    I: 4024a2
    I: 4024a5
    I: 4024a8
    I: 4024ab
    I: 4024ae
    I: 4024b1
    I: 4024b4
    I: 4024b6
    I: 4024bb
    I: 4024c0
    I: 4024c3
    I: 4024c6
    I: 4024cc (flow 403ed3)
      Successors: 403ed3
  BB: 401c7d in func 401160 with 1 insts
    I: 401c7d (flow 401c82)
      Successors: 401c82
  BB: 40147f in func 401160 with 1 insts
    I: 40147f (flow 401484)
      Successors: 401484
  BB: 40347f in func 401160 with 24 insts
    I: 40347f
    I: 403486
    I: 40348e
    I: 403491
    I: 403493
    I: 403496 (imm 406034)
    I: 40349d
    I: 40349f (imm 406038)
    I: 4034a6
    I: 4034a8
    I: 4034aa
    I: 4034ad
    I: 4034b0
    I: 4034b3
    I: 4034b6
    I: 4034b9
    I: 4034bc
    I: 4034bf
    I: 4034c1
    I: 4034c6
    I: 4034cb
    I: 4034ce
    I: 4034d1
    I: 4034d7 (flow 403ed3)
      Successors: 403ed3
  BB: 401c82 in func 401160 with 3 insts
    I: 401c82
    I: 401c88
    I: 401c8d (flow 402cb1)
      Successors: 402cb1, 401c93
  BB: 401484 in func 401160 with 3 insts
    I: 401484
    I: 40148a
    I: 40148f (flow 402c96)
      Successors: 401495, 402c96
  BB: 403c8e in func 401160 with 4 insts
    I: 403c8e
    I: 403c90
    I: 403c97
    I: 403c98
      No successors
  BB: 401c93 in func 401160 with 1 insts
    I: 401c93 (flow 401c98)
      Successors: 401c98
  BB: 401495 in func 401160 with 1 insts
    I: 401495 (flow 40149a)
      Successors: 40149a
  BB: 402c96 in func 401160 with 4 insts
    I: 402c96
    I: 402c9c
    I: 402ca2
    I: 402cac (flow 403ed3)
      Successors: 403ed3
  BB: 401c98 in func 401160 with 3 insts
    I: 401c98
    I: 401c9e
    I: 401ca3 (flow 4030e6)
      Successors: 401ca9, 4030e6
  BB: 403c99 in func 401160 with 5 insts
    I: 403c99
    I: 403c9f
    I: 403ca2
    I: 403ca8
    I: 403cb2 (flow 403ed3)
      Successors: 403ed3
  BB: 40149a in func 401160 with 3 insts
    I: 40149a
    I: 4014a0
    I: 4014a5 (flow 4037a4)
      Successors: 4014ab, 4037a4
  BB: 401ca9 in func 401160 with 1 insts
    I: 401ca9 (flow 401cae)
      Successors: 401cae
  BB: 4014ab in func 401160 with 1 insts
    I: 4014ab (flow 4014b0)
      Successors: 4014b0
  BB: 401cae in func 401160 with 3 insts
    I: 401cae
    I: 401cb4
    I: 401cb9 (flow 402387)
      Successors: 402387, 401cbf
  BB: 4014b0 in func 401160 with 3 insts
    I: 4014b0
    I: 4014b6
    I: 4014bb (flow 403e38)
      Successors: 403e38, 4014c1
  BB: 402cb1 in func 401160 with 8 insts
    I: 402cb1
    I: 402cb8
    I: 402cbd
    I: 402cc2
    I: 402cca
    I: 402ccd
    I: 402cd3
    I: 402cda (flow 403ed3)
      Successors: 403ed3
  BB: 403cb7 in func 401160 with 2 insts
    I: 403cb7
    I: 403cc1 (flow 403ed3)
      Successors: 403ed3
  BB: 401cbf in func 401160 with 1 insts
    I: 401cbf (flow 401cc4)
      Successors: 401cc4
  BB: 4014c1 in func 401160 with 1 insts
    I: 4014c1 (flow 4014c6)
      Successors: 4014c6
  BB: 401cc4 in func 401160 with 3 insts
    I: 401cc4
    I: 401cca
    I: 401ccf (flow 403439)
      Successors: 403439, 401cd5
  BB: 4014c6 in func 401160 with 3 insts
    I: 4014c6
    I: 4014cc
    I: 4014d1 (flow 402e5c)
      Successors: 402e5c, 4014d7
  BB: 403cc6 in func 401160 with 7 insts
    I: 403cc6
    I: 403ccd
    I: 403cd2
    I: 403cd7 (flow 406058)
    I: 403cdc
    I: 403ce6
    I: 403cf0 (flow 403ed3)
      Successors: 403ed3
  BB: 4024d1 in func 401160 with 5 insts
    I: 4024d1
    I: 4024db
    I: 4024de
    I: 4024e0
    I: 4024e6 (flow 403ed3)
      Successors: 403ed3
  BB: 401cd5 in func 401160 with 1 insts
    I: 401cd5 (flow 401cda)
      Successors: 401cda
  BB: 4014d7 in func 401160 with 1 insts
    I: 4014d7 (flow 4014dc)
      Successors: 4014dc
  BB: 401cda in func 401160 with 3 insts
    I: 401cda
    I: 401ce0
    I: 401ce5 (flow 40361f)
      Successors: 401ceb, 40361f
  BB: 4014dc in func 401160 with 3 insts
    I: 4014dc
    I: 4014e2
    I: 4014e7 (flow 402f57)
      Successors: 4014ed, 402f57
  BB: 4034dc in func 401160 with 8 insts
    I: 4034dc
    I: 4034df
    I: 4034e4
    I: 4034e9
    I: 4034ec
    I: 4034ef
    I: 4034f5
    I: 4034fc (flow 403ed3)
      Successors: 403ed3
  BB: 402cdf in func 401160 with 9 insts
    I: 402cdf
    I: 402ce5
    I: 402ce8
    I: 402cea
    I: 402cf2
    I: 402cf5
    I: 402cff
    I: 402d01
    I: 402d07 (flow 403ed3)
      Successors: 403ed3
  BB: 401ceb in func 401160 with 1 insts
    I: 401ceb (flow 401cf0)
      Successors: 401cf0
  BB: 4024eb in func 401160 with 22 insts
    I: 4024eb
    I: 4024f1
    I: 4024f3
    I: 4024f6 (imm 406034)
    I: 4024fd
    I: 4024ff (imm 406038)
    I: 402506
    I: 402508
    I: 40250a
    I: 40250d
    I: 402510
    I: 402513
    I: 402516
    I: 402519
    I: 40251c
    I: 40251f
    I: 402521
    I: 402526
    I: 40252b
    I: 40252e
    I: 402531
    I: 402537 (flow 403ed3)
      Successors: 403ed3
  BB: 4014ed in func 401160 with 1 insts
    I: 4014ed (flow 4014f2)
      Successors: 4014f2
  BB: 401cf0 in func 401160 with 3 insts
    I: 401cf0
    I: 401cf6
    I: 401cfb (flow 4037b3)
      Successors: 401d01, 4037b3
  BB: 4014f2 in func 401160 with 3 insts
    I: 4014f2
    I: 4014f8
    I: 4014fd (flow 403ded)
      Successors: 401503, 403ded
  BB: 403cf5 in func 401160 with 2 insts
    I: 403cf5
    I: 403cff (flow 403ed3)
      Successors: 403ed3
  BB: 401d01 in func 401160 with 1 insts
    I: 401d01 (flow 401d06)
      Successors: 401d06
  BB: 403501 in func 401160 with 9 insts
    I: 403501
    I: 403507
    I: 40350a
    I: 40350c
    I: 403514
    I: 403517
    I: 403521
    I: 403523
    I: 403529 (flow 403ed3)
      Successors: 403ed3
  BB: 401503 in func 401160 with 1 insts
    I: 401503 (flow 401508)
      Successors: 401508
  BB: 403d04 in func 401160 with 2 insts
    I: 403d04
    I: 403d0e (flow 403ed3)
      Successors: 403ed3
  BB: 401d06 in func 401160 with 3 insts
    I: 401d06
    I: 401d0c
    I: 401d11 (flow 403216)
      Successors: 403216, 401d17
  BB: 401508 in func 401160 with 3 insts
    I: 401508
    I: 40150e
    I: 401513 (flow 403e65)
      Successors: 401519, 403e65
  BB: 402d0c in func 401160 with 22 insts
    I: 402d0c
    I: 402d12
    I: 402d14
    I: 402d17 (imm 406034)
    I: 402d1e
    I: 402d20 (imm 406038)
    I: 402d27
    I: 402d29
    I: 402d2b
    I: 402d2e
    I: 402d31
    I: 402d34
    I: 402d37
    I: 402d3a
    I: 402d3d
    I: 402d40
    I: 402d42
    I: 402d47
    I: 402d4c
    I: 402d4f
    I: 402d52
    I: 402d58 (flow 403ed3)
      Successors: 403ed3
  BB: 403d13 in func 401160 with 5 insts
    I: 403d13
    I: 403d19
    I: 403d1c
    I: 403d22
    I: 403d2c (flow 403ed3)
      Successors: 403ed3
  BB: 401d17 in func 401160 with 1 insts
    I: 401d17 (flow 401d1c)
      Successors: 401d1c
  BB: 401519 in func 401160 with 1 insts
    I: 401519 (flow 40151e)
      Successors: 40151e
  BB: 401d1c in func 401160 with 3 insts
    I: 401d1c
    I: 401d22
    I: 401d27 (flow 403db1)
      Successors: 403db1, 401d2d
  BB: 40151e in func 401160 with 3 insts
    I: 40151e
    I: 401524
    I: 401529 (flow 403501)
      Successors: 403501, 40152f
  BB: 401d2d in func 401160 with 1 insts
    I: 401d2d (flow 401d32)
      Successors: 401d32
  BB: 40352e in func 401160 with 6 insts
    I: 40352e
    I: 403533
    I: 403538
    I: 40353f
    I: 403542
    I: 403548 (flow 403ed3)
      Successors: 403ed3
  BB: 40152f in func 401160 with 1 insts
    I: 40152f (flow 401534)
      Successors: 401534
  BB: 403d31 in func 401160 with 5 insts
    I: 403d31
    I: 403d38
    I: 403d43
    I: 403d4d
    I: 403d57 (flow 403ed3)
      Successors: 403ed3
  BB: 401d32 in func 401160 with 3 insts
    I: 401d32
    I: 401d38
    I: 401d3d (flow 403e74)
      Successors: 401d43, 403e74
  BB: 401534 in func 401160 with 3 insts
    I: 401534
    I: 40153a
    I: 40153f (flow 402b36)
      Successors: 401545, 402b36
  BB: 40253c in func 401160 with 19 insts
    I: 40253c (imm 406034)
    I: 402543
    I: 402545 (imm 406038)
    I: 40254c
    I: 40254e
    I: 402550
    I: 402553
    I: 402556
    I: 402559
    I: 40255c
    I: 40255f
    I: 402562
    I: 402565
    I: 402567
    I: 40256c
    I: 402571
    I: 402574
    I: 402577
    I: 40257d (flow 403ed3)
      Successors: 403ed3
  BB: 401d43 in func 401160 with 1 insts
    I: 401d43 (flow 401d48)
      Successors: 401d48
  BB: 401545 in func 401160 with 1 insts
    I: 401545 (flow 40154a)
      Successors: 40154a
  BB: 401d48 in func 401160 with 3 insts
    I: 401d48
    I: 401d4e
    I: 401d53 (flow 4035f2)
      Successors: 401d59, 4035f2
  BB: 40154a in func 401160 with 3 insts
    I: 40154a
    I: 401550
    I: 401555 (flow 403d5c)
      Successors: 40155b, 403d5c
  BB: 40354d in func 401160 with 2 insts
    I: 40354d
    I: 403557 (flow 403ed3)
      Successors: 403ed3
  BB: 401d59 in func 401160 with 1 insts
    I: 401d59 (flow 401d5e)
      Successors: 401d5e
  BB: 40155b in func 401160 with 1 insts
    I: 40155b (flow 401560)
      Successors: 401560
  BB: 40355c in func 401160 with 5 insts
    I: 40355c
    I: 403562
    I: 403565
    I: 40356b
    I: 403575 (flow 403ed3)
      Successors: 403ed3
  BB: 402d5d in func 401160 with 19 insts
    I: 402d5d (imm 406034)
    I: 402d64
    I: 402d66 (imm 406038)
    I: 402d6d
    I: 402d6f
    I: 402d71
    I: 402d74
    I: 402d77
    I: 402d7a
    I: 402d7d
    I: 402d80
    I: 402d83
    I: 402d86
    I: 402d88
    I: 402d8d
    I: 402d92
    I: 402d95
    I: 402d98
    I: 402d9e (flow 403ed3)
      Successors: 403ed3
  BB: 401d5e in func 401160 with 3 insts
    I: 401d5e
    I: 401d64
    I: 401d69 (flow 402961)
      Successors: 402961, 401d6f
  BB: 403d5c in func 401160 with 2 insts
    I: 403d5c
    I: 403d66 (flow 403ed3)
      Successors: 403ed3
  BB: 401560 in func 401160 with 3 insts
    I: 401560
    I: 401566
    I: 40156b (flow 402825)
      Successors: 401571, 402825
  BB: 403d6b in func 401160 with 2 insts
    I: 403d6b
    I: 403d75 (flow 403ed3)
      Successors: 403ed3
  BB: 401d6f in func 401160 with 1 insts
    I: 401d6f (flow 401d74)
      Successors: 401d74
  BB: 401571 in func 401160 with 1 insts
    I: 401571 (flow 401576)
      Successors: 401576
  BB: 401d74 in func 401160 with 3 insts
    I: 401d74
    I: 401d7a
    I: 401d7f (flow 402204)
      Successors: 402204, 401d85
  BB: 401576 in func 401160 with 3 insts
    I: 401576
    I: 40157c
    I: 401581 (flow 402341)
      Successors: 402341, 401587
  BB: 40357a in func 401160 with 2 insts
    I: 40357a
    I: 403584 (flow 403ed3)
      Successors: 403ed3
  BB: 403d7a in func 401160 with 3 insts
    I: 403d7a
    I: 403d84
    I: 403d8e (flow 403ed3)
      Successors: 403ed3
  BB: 402582 in func 401160 with 7 insts
    I: 402582
    I: 402585
    I: 40258a
    I: 40258f
    I: 402592
    I: 402595
    I: 40259b (flow 403ed3)
      Successors: 403ed3
  BB: 401d85 in func 401160 with 1 insts
    I: 401d85 (flow 401d8a)
      Successors: 401d8a
  BB: 401587 in func 401160 with 1 insts
    I: 401587 (flow 40158c)
      Successors: 40158c
  BB: 403589 in func 401160 with 7 insts
    I: 403589
    I: 403590
    I: 403595
    I: 40359a
    I: 4035a2
    I: 4035a5
    I: 4035ab (flow 403ed3)
      Successors: 403ed3
  BB: 401d8a in func 401160 with 3 insts
    I: 401d8a
    I: 401d90
    I: 401d95 (flow 403181)
      Successors: 403181, 401d9b
  BB: 40158c in func 401160 with 3 insts
    I: 40158c
    I: 401592
    I: 401597 (flow 402c51)
      Successors: 402c51, 40159d
  BB: 403d93 in func 401160 with 2 insts
    I: 403d93
    I: 403d9d (flow 403ed3)
      Successors: 403ed3
  BB: 401d9b in func 401160 with 1 insts
    I: 401d9b (flow 401da0)
      Successors: 401da0
  BB: 40159d in func 401160 with 1 insts
    I: 40159d (flow 4015a2)
      Successors: 4015a2
  BB: 401da0 in func 401160 with 3 insts
    I: 401da0
    I: 401da6
    I: 401dab (flow 402da3)
      Successors: 401db1, 402da3
  BB: 4025a0 in func 401160 with 2 insts
    I: 4025a0
    I: 4025aa (flow 403ed3)
      Successors: 403ed3
  BB: 4015a2 in func 401160 with 3 insts
    I: 4015a2
    I: 4015a8
    I: 4015ad (flow 402f06)
      Successors: 4015b3, 402f06
  BB: 402da3 in func 401160 with 7 insts
    I: 402da3
    I: 402da6
    I: 402dab
    I: 402db0
    I: 402db3
    I: 402db6
    I: 402dbc (flow 403ed3)
      Successors: 403ed3
  BB: 403da2 in func 401160 with 2 insts
    I: 403da2
    I: 403dac (flow 403ed3)
      Successors: 403ed3
  BB: 4025af in func 401160 with 19 insts
    I: 4025af (imm 406034)
    I: 4025b6
    I: 4025b8 (imm 406038)
    I: 4025bf
    I: 4025c1
    I: 4025c3
    I: 4025c6
    I: 4025c9
    I: 4025cc
    I: 4025cf
    I: 4025d2
    I: 4025d5
    I: 4025d8
    I: 4025da
    I: 4025df
    I: 4025e4
    I: 4025e7
    I: 4025ea
    I: 4025f0 (flow 403ed3)
      Successors: 403ed3
  BB: 4035b0 in func 401160 with 4 insts
    I: 4035b0
    I: 4035b6
    I: 4035bc
    I: 4035c6 (flow 403ed3)
      Successors: 403ed3
  BB: 401db1 in func 401160 with 1 insts
    I: 401db1 (flow 401db6)
      Successors: 401db6
  BB: 403db1 in func 401160 with 2 insts
    I: 403db1
    I: 403dbb (flow 403ed3)
      Successors: 403ed3
  BB: 4015b3 in func 401160 with 1 insts
    I: 4015b3 (flow 4015b8)
      Successors: 4015b8
  BB: 401db6 in func 401160 with 3 insts
    I: 401db6
    I: 401dbc
    I: 401dc1 (flow 40338d)
      Successors: 40338d, 401dc7
  BB: 4015b8 in func 401160 with 3 insts
    I: 4015b8
    I: 4015be
    I: 4015c3 (flow 402470)
      Successors: 402470, 4015c9
  BB: 403dc0 in func 401160 with 2 insts
    I: 403dc0
    I: 403dca (flow 403ed3)
      Successors: 403ed3
  BB: 402dc1 in func 401160 with 19 insts
    I: 402dc1 (imm 406034)
    I: 402dc8
    I: 402dca (imm 406038)
    I: 402dd1
    I: 402dd3
    I: 402dd5
    I: 402dd8
    I: 402ddb
    I: 402dde
    I: 402de1
    I: 402de4
    I: 402de7
    I: 402dea
    I: 402dec
    I: 402df1
    I: 402df6
    I: 402df9
    I: 402dfc
    I: 402e02 (flow 403ed3)
      Successors: 403ed3
  BB: 401dc7 in func 401160 with 1 insts
    I: 401dc7 (flow 401dcc)
      Successors: 401dcc
  BB: 4015c9 in func 401160 with 1 insts
    I: 4015c9 (flow 4015ce)
      Successors: 4015ce
  BB: 4035cb in func 401160 with 7 insts
    I: 4035cb
    I: 4035d2
    I: 4035d7
    I: 4035dc
    I: 4035e4
    I: 4035e7
    I: 4035ed (flow 403ed3)
      Successors: 403ed3
  BB: 401dcc in func 401160 with 3 insts
    I: 401dcc
    I: 401dd2
    I: 401dd7 (flow 40278a)
      Successors: 40278a, 401ddd
  BB: 4015ce in func 401160 with 3 insts
    I: 4015ce
    I: 4015d4
    I: 4015d9 (flow 4025f5)
      Successors: 4025f5, 4015df
  BB: 403dcf in func 401160 with 5 insts
    I: 403dcf
    I: 403dd5
    I: 403dd8
    I: 403dde
    I: 403de8 (flow 403ed3)
      Successors: 403ed3
  BB: 401ddd in func 401160 with 1 insts
    I: 401ddd (flow 401de2)
      Successors: 401de2
  BB: 4015df in func 401160 with 1 insts
    I: 4015df (flow 4015e4)
      Successors: 4015e4
  BB: 401de2 in func 401160 with 3 insts
    I: 401de2
    I: 401de8
    I: 401ded (flow 402e07)
      Successors: 401df3, 402e07
  BB: 4015e4 in func 401160 with 3 insts
    I: 4015e4
    I: 4015ea
    I: 4015ef (flow 4020d8)
      Successors: 4020d8, 4015f5
  BB: 403ded in func 401160 with 2 insts
    I: 403ded
    I: 403df7 (flow 403ed3)
      Successors: 403ed3
  BB: 4035f2 in func 401160 with 2 insts
    I: 4035f2
    I: 4035fc (flow 403ed3)
      Successors: 403ed3
  BB: 401df3 in func 401160 with 1 insts
    I: 401df3 (flow 401df8)
      Successors: 401df8
  BB: 4015f5 in func 401160 with 1 insts
    I: 4015f5 (flow 4015fa)
      Successors: 4015fa
  BB: 4025f5 in func 401160 with 22 insts
    I: 4025f5
    I: 4025fb
    I: 4025fe
    I: 402604 (imm 406034)
    I: 40260b
    I: 40260d (imm 406038)
    I: 402614
    I: 402616
    I: 402618
    I: 40261b
    I: 40261e
    I: 402621
    I: 402624
    I: 402627
    I: 40262a
    I: 40262d
    I: 40262f
    I: 402634
    I: 402639
    I: 40263c
    I: 40263f
    I: 402645 (flow 403ed3)
      Successors: 403ed3
  BB: 401df8 in func 401160 with 3 insts
    I: 401df8
    I: 401dfe
    I: 401e03 (flow 4039fa)
      Successors: 401e09, 4039fa
  BB: 4015fa in func 401160 with 3 insts
    I: 4015fa
    I: 401600
    I: 401605 (flow 403dc0)
      Successors: 403dc0, 40160b
  BB: 403dfc in func 401160 with 2 insts
    I: 403dfc
    I: 403e06 (flow 403ed3)
      Successors: 403ed3
  BB: 403601 in func 401160 with 5 insts
    I: 403601
    I: 403607
    I: 40360a
    I: 403610
    I: 40361a (flow 403ed3)
      Successors: 403ed3
  BB: 402e07 in func 401160 with 19 insts
    I: 402e07 (imm 406034)
    I: 402e0e
    I: 402e10 (imm 406038)
    I: 402e17
    I: 402e19
    I: 402e1b
    I: 402e1e
    I: 402e21
    I: 402e24
    I: 402e27
    I: 402e2a
    I: 402e2d
    I: 402e30
    I: 402e32
    I: 402e37
    I: 402e3c
    I: 402e3f
    I: 402e42
    I: 402e48 (flow 403ed3)
      Successors: 403ed3
  BB: 401e09 in func 401160 with 1 insts
    I: 401e09 (flow 401e0e)
      Successors: 401e0e
  BB: 40160b in func 401160 with 1 insts
    I: 40160b (flow 401610)
      Successors: 401610
  BB: 403e0b in func 401160 with 2 insts
    I: 403e0b
    I: 403e15 (flow 403ed3)
      Successors: 403ed3
  BB: 401e0e in func 401160 with 3 insts
    I: 401e0e
    I: 401e14
    I: 401e19 (flow 403c02)
      Successors: 403c02, 401e1f
  BB: 401610 in func 401160 with 3 insts
    I: 401610
    I: 401616
    I: 40161b (flow 4036fb)
      Successors: 401621, 4036fb
  BB: 403e1a in func 401160 with 2 insts
    I: 403e1a
    I: 403e24 (flow 403ed3)
      Successors: 403ed3
  BB: 401e1f in func 401160 with 1 insts
    I: 401e1f (flow 401e24)
      Successors: 401e24
  BB: 40361f in func 401160 with 2 insts
    I: 40361f
    I: 403629 (flow 403ed3)
      Successors: 403ed3
  BB: 401621 in func 401160 with 1 insts
    I: 401621 (flow 401626)
      Successors: 401626
  BB: 401e24 in func 401160 with 3 insts
    I: 401e24
    I: 401e2a
    I: 401e2f (flow 403dcf)
      Successors: 401e35, 403dcf
  BB: 401626 in func 401160 with 3 insts
    I: 401626
    I: 40162c
    I: 401631 (flow 40286e)
      Successors: 40286e, 401637
  BB: 403e29 in func 401160 with 2 insts
    I: 403e29
    I: 403e33 (flow 403ed3)
      Successors: 403ed3
  BB: 40362e in func 401160 with 4 insts
    I: 40362e
    I: 403634
    I: 40363a
    I: 403644 (flow 403ed3)
      Successors: 403ed3
  BB: 401e35 in func 401160 with 1 insts
    I: 401e35 (flow 401e3a)
      Successors: 401e3a
  BB: 401637 in func 401160 with 1 insts
    I: 401637 (flow 40163c)
      Successors: 40163c
  BB: 403e38 in func 401160 with 2 insts
    I: 403e38
    I: 403e42 (flow 403ed3)
      Successors: 403ed3
  BB: 401e3a in func 401160 with 3 insts
    I: 401e3a
    I: 401e40
    I: 401e45 (flow 40269f)
      Successors: 401e4b, 40269f
  BB: 40163c in func 401160 with 3 insts
    I: 40163c
    I: 401642
    I: 401647 (flow 40253c)
      Successors: 40253c, 40164d
  BB: 403e47 in func 401160 with 5 insts
    I: 403e47
    I: 403e4d
    I: 403e50
    I: 403e56
    I: 403e60 (flow 403ed3)
      Successors: 403ed3
  BB: 403649 in func 401160 with 2 insts
    I: 403649
    I: 403653 (flow 403ed3)
      Successors: 403ed3
  BB: 40264a in func 401160 with 2 insts
    I: 40264a
    I: 402654 (flow 403ed3)
      Successors: 403ed3
  BB: 401e4b in func 401160 with 1 insts
    I: 401e4b (flow 401e50)
      Successors: 401e50
  BB: 40164d in func 401160 with 1 insts
    I: 40164d (flow 401652)
      Successors: 401652
  BB: 402e4d in func 401160 with 2 insts
    I: 402e4d
    I: 402e57 (flow 403ed3)
      Successors: 403ed3
  BB: 401e50 in func 401160 with 3 insts
    I: 401e50
    I: 401e56
    I: 401e5b (flow 4030c3)
      Successors: 401e61, 4030c3
  BB: 401652 in func 401160 with 3 insts
    I: 401652
    I: 401658
    I: 40165d (flow 403b41)
      Successors: 403b41, 401663
  BB: 403658 in func 401160 with 19 insts
    I: 403658 (imm 406034)
    I: 40365f
    I: 403661 (imm 406038)
    I: 403668
    I: 40366a
    I: 40366c
    I: 40366f
    I: 403672
    I: 403675
    I: 403678
    I: 40367b
    I: 40367e
    I: 403681
    I: 403683
    I: 403688
    I: 40368d
    I: 403690
    I: 403693
    I: 403699 (flow 403ed3)
      Successors: 403ed3
  BB: 402659 in func 401160 with 19 insts
    I: 402659 (imm 406034)
    I: 402660
    I: 402662 (imm 406038)
    I: 402669
    I: 40266b
    I: 40266d
    I: 402670
    I: 402673
    I: 402676
    I: 402679
    I: 40267c
    I: 40267f
    I: 402682
    I: 402684
    I: 402689
    I: 40268e
    I: 402691
    I: 402694
    I: 40269a (flow 403ed3)
      Successors: 403ed3
  BB: 402e5c in func 401160 with 19 insts
    I: 402e5c (imm 406034)
    I: 402e63
    I: 402e65 (imm 406038)
    I: 402e6c
    I: 402e6e
    I: 402e70
    I: 402e73
    I: 402e76
    I: 402e79
    I: 402e7c
    I: 402e7f
    I: 402e82
    I: 402e85
    I: 402e87
    I: 402e8c
    I: 402e91
    I: 402e94
    I: 402e97
    I: 402e9d (flow 403ed3)
      Successors: 403ed3
  BB: 401e61 in func 401160 with 1 insts
    I: 401e61 (flow 401e66)
      Successors: 401e66
  BB: 401663 in func 401160 with 1 insts
    I: 401663 (flow 401668)
      Successors: 401668
  BB: 403e65 in func 401160 with 2 insts
    I: 403e65
    I: 403e6f (flow 403ed3)
      Successors: 403ed3
  BB: 401e66 in func 401160 with 3 insts
    I: 401e66
    I: 401e6c
    I: 401e71 (flow 403cf5)
      Successors: 403cf5, 401e77
  BB: 401668 in func 401160 with 3 insts
    I: 401668
    I: 40166e
    I: 401673 (flow 4027d0)
      Successors: 4027d0, 401679
  BB: 403e74 in func 401160 with 5 insts
    I: 403e74
    I: 403e78
    I: 403e7f
    I: 403e85
    I: 403e8f (flow 403ed3)
      Successors: 403ed3
  BB: 401e77 in func 401160 with 1 insts
    I: 401e77 (flow 401e7c)
      Successors: 401e7c
  BB: 401679 in func 401160 with 1 insts
    I: 401679 (flow 40167e)
      Successors: 40167e
  BB: 401e7c in func 401160 with 3 insts
    I: 401e7c
    I: 401e82
    I: 401e87 (flow 40325c)
      Successors: 40325c, 401e8d
  BB: 40167e in func 401160 with 3 insts
    I: 40167e
    I: 401684
    I: 401689 (flow 402909)
      Successors: 402909, 40168f
  BB: 401e8d in func 401160 with 1 insts
    I: 401e8d (flow 401e92)
      Successors: 401e92
  BB: 40168f in func 401160 with 1 insts
    I: 40168f (flow 401694)
      Successors: 401694
  BB: 401e92 in func 401160 with 3 insts
    I: 401e92
    I: 401e98
    I: 401e9d (flow 4029a7)
      Successors: 401ea3, 4029a7
  BB: 401694 in func 401160 with 3 insts
    I: 401694
    I: 40169a
    I: 40169f (flow 402f3c)
      Successors: 402f3c, 4016a5
  BB: 403e94 in func 401160 with 2 insts
    I: 403e94
    I: 403e9e (flow 403ed3)
      Successors: 403ed3
  BB: 40369e in func 401160 with 24 insts
    I: 40369e
    I: 4036a5
    I: 4036ad
    I: 4036b0
    I: 4036b2
    I: 4036b5 (imm 406034)
    I: 4036bc
    I: 4036be (imm 406038)
    I: 4036c5
    I: 4036c7
    I: 4036c9
    I: 4036cc
    I: 4036cf
    I: 4036d2
    I: 4036d5
    I: 4036d8
    I: 4036db
    I: 4036de
    I: 4036e0
    I: 4036e5
    I: 4036ea
    I: 4036ed
    I: 4036f0
    I: 4036f6 (flow 403ed3)
      Successors: 403ed3
  BB: 40269f in func 401160 with 22 insts
    I: 40269f
    I: 4026a6
    I: 4026b1
    I: 4026bb (imm 406034)
    I: 4026c2
    I: 4026c4 (imm 406038)
    I: 4026cb
    I: 4026cd
    I: 4026cf
    I: 4026d2
    I: 4026d5
    I: 4026d8
    I: 4026db
    I: 4026de
    I: 4026e1
    I: 4026e4
    I: 4026e6
    I: 4026eb
    I: 4026f0
    I: 4026f3
    I: 4026f6
    I: 4026fc (flow 403ed3)
      Successors: 403ed3
  BB: 402ea2 in func 401160 with 22 insts
    I: 402ea2
    I: 402ea8
    I: 402eab
    I: 402eb1 (imm 406034)
    I: 402eb8
    I: 402eba (imm 406038)
    I: 402ec1
    I: 402ec3
    I: 402ec5
    I: 402ec8
    I: 402ecb
    I: 402ece
    I: 402ed1
    I: 402ed4
    I: 402ed7
    I: 402eda
    I: 402edc
    I: 402ee1
    I: 402ee6
    I: 402ee9
    I: 402eec
    I: 402ef2 (flow 403ed3)
      Successors: 403ed3
  BB: 401ea3 in func 401160 with 1 insts
    I: 401ea3 (flow 401ea8)
      Successors: 401ea8
  BB: 403ea3 in func 401160 with 6 insts
    I: 403ea3
    I: 403ea9 (imm 40400a)
    I: 403eb3
    I: 403eb5 (flow 406050)
    I: 403eba
    I: 403ec4 (flow 403ed3)
      Successors: 403ed3
  BB: 4016a5 in func 401160 with 1 insts
    I: 4016a5 (flow 4016aa)
      Successors: 4016aa
  BB: 401ea8 in func 401160 with 3 insts
    I: 401ea8
    I: 401eae
    I: 401eb3 (flow 403777)
      Successors: 401eb9, 403777
  BB: 4016aa in func 401160 with 3 insts
    I: 4016aa
    I: 4016b0
    I: 4016b5 (flow 402582)
      Successors: 402582, 4016bb
  BB: 401eb9 in func 401160 with 1 insts
    I: 401eb9 (flow 401ebe)
      Successors: 401ebe
  BB: 4016bb in func 401160 with 1 insts
    I: 4016bb (flow 4016c0)
      Successors: 4016c0
  BB: 401ebe in func 401160 with 3 insts
    I: 401ebe
    I: 401ec4
    I: 401ec9 (flow 402843)
      Successors: 402843, 401ecf
  BB: 4016c0 in func 401160 with 3 insts
    I: 4016c0
    I: 4016c6
    I: 4016cb (flow 4023fc)
      Successors: 4016d1, 4023fc
  BB: 403ec9 in func 401160 with 1 insts
    I: 403ec9
      Successors: 403ed3
  BB: 401ecf in func 401160 with 1 insts
    I: 401ecf (flow 401ed4)
      Successors: 401ed4
  BB: 4016d1 in func 401160 with 1 insts
    I: 4016d1 (flow 4016d6)
      Successors: 4016d6
  BB: 403ed3 in func 401160 with 1 insts
    I: 403ed3 (flow 40117c)
      Successors: 40117c
  BB: 401ed4 in func 401160 with 3 insts
    I: 401ed4
    I: 401eda
    I: 401edf (flow 4031ec)
      Successors: 4031ec, 401ee5
  BB: 4016d6 in func 401160 with 3 insts
    I: 4016d6
    I: 4016dc
    I: 4016e1 (flow 403a47)
      Successors: 403a47, 4016e7
  BB: 401ee5 in func 401160 with 1 insts
    I: 401ee5 (flow 401eea)
      Successors: 401eea
  BB: 4016e7 in func 401160 with 1 insts
    I: 4016e7 (flow 4016ec)
      Successors: 4016ec
  BB: 401eea in func 401160 with 3 insts
    I: 401eea
    I: 401ef0
    I: 401ef5 (flow 403c48)
      Successors: 403c48, 401efb
  BB: 4016ec in func 401160 with 3 insts
    I: 4016ec
    I: 4016f2
    I: 4016f7 (flow 402fba)
      Successors: 402fba, 4016fd
  BB: 402ef7 in func 401160 with 2 insts
    I: 402ef7
    I: 402f01 (flow 403ed3)
      Successors: 403ed3
  BB: 401efb in func 401160 with 1 insts
    I: 401efb (flow 401f00)
      Successors: 401f00
  BB: 4036fb in func 401160 with 7 insts
    I: 4036fb
    I: 4036fe
    I: 403703
    I: 403708
    I: 40370b
    I: 40370e
    I: 403714 (flow 403ed3)
      Successors: 403ed3
  BB: 4016fd in func 401160 with 1 insts
    I: 4016fd (flow 401702)
      Successors: 401702
  BB: 401f00 in func 401160 with 3 insts
    I: 401f00
    I: 401f06
    I: 401f0b (flow 402ef7)
      Successors: 401f11, 402ef7
  BB: 402701 in func 401160 with 2 insts
    I: 402701
    I: 40270b (flow 403ed3)
      Successors: 403ed3
  BB: 401702 in func 401160 with 3 insts
    I: 401702
    I: 401708
    I: 40170d (flow 40357a)
      Successors: 40357a, 401713
  BB: 402f06 in func 401160 with 2 insts
    I: 402f06
    I: 402f10 (flow 403ed3)
      Successors: 403ed3
  BB: 402710 in func 401160 with 8 insts
    I: 402710
    I: 402717
    I: 40271c
    I: 402721
    I: 402729
    I: 40272c
    I: 402732
    I: 402739 (flow 403ed3)
      Successors: 403ed3
  BB: 401f11 in func 401160 with 1 insts
    I: 401f11 (flow 401f16)
      Successors: 401f16
  BB: 401713 in func 401160 with 1 insts
    I: 401713 (flow 401718)
      Successors: 401718
  BB: 402f15 in func 401160 with 7 insts
    I: 402f15
    I: 402f1c
    I: 402f21
    I: 402f26
    I: 402f2e
    I: 402f31
    I: 402f37 (flow 403ed3)
      Successors: 403ed3
  BB: 401f16 in func 401160 with 3 insts
    I: 401f16
    I: 401f1c
    I: 401f21 (flow 4035b0)
      Successors: 4035b0, 401f27
  BB: 401718 in func 401160 with 3 insts
    I: 401718
    I: 40171e
    I: 401723 (flow 403d04)
      Successors: 401729, 403d04
  BB: 403719 in func 401160 with 8 insts
    I: 403719
    I: 403720
    I: 403727
    I: 40372c
    I: 403731
    I: 403737
    I: 40373a
    I: 403740 (flow 403ed3)
      Successors: 403ed3
  BB: 401f27 in func 401160 with 1 insts
    I: 401f27 (flow 401f2c)
      Successors: 401f2c
  BB: 401729 in func 401160 with 1 insts
    I: 401729 (flow 40172e)
      Successors: 40172e
  BB: 401f2c in func 401160 with 3 insts
    I: 401f2c
    I: 401f32
    I: 401f37 (flow 402d0c)
      Successors: 402d0c, 401f3d
  BB: 40172e in func 401160 with 3 insts
    I: 40172e
    I: 401734
    I: 401739 (flow 40354d)
      Successors: 40354d, 40173f
  BB: 402f3c in func 401160 with 4 insts
    I: 402f3c
    I: 402f42
    I: 402f48
    I: 402f52 (flow 403ed3)
      Successors: 403ed3
  BB: 401f3d in func 401160 with 1 insts
    I: 401f3d (flow 401f42)
      Successors: 401f42
  BB: 40273e in func 401160 with 9 insts
    I: 40273e
    I: 402744
    I: 402747
    I: 402749
    I: 402751
    I: 402754
    I: 40275e
    I: 402760
    I: 402766 (flow 403ed3)
      Successors: 403ed3
  BB: 40173f in func 401160 with 1 insts
    I: 40173f (flow 401744)
      Successors: 401744
  BB: 401f42 in func 401160 with 3 insts
    I: 401f42
    I: 401f48
    I: 401f4d (flow 4034dc)
      Successors: 401f53, 4034dc
  BB: 401744 in func 401160 with 3 insts
    I: 401744
    I: 40174a
    I: 40174f (flow 403768)
      Successors: 403768, 401755
  BB: 403745 in func 401160 with 5 insts
    I: 403745
    I: 40374b
    I: 403752
    I: 403759
    I: 403763 (flow 403ed3)
      Successors: 403ed3
  BB: 401f53 in func 401160 with 1 insts
    I: 401f53 (flow 401f58)
      Successors: 401f58
  BB: 401755 in func 401160 with 1 insts
    I: 401755 (flow 40175a)
      Successors: 40175a
  BB: 402f57 in func 401160 with 7 insts
    I: 402f57
    I: 402f5e
    I: 402f63
    I: 402f68
    I: 402f70
    I: 402f73
    I: 402f79 (flow 403ed3)
      Successors: 403ed3
  BB: 401f58 in func 401160 with 3 insts
    I: 401f58
    I: 401f5e
    I: 401f63 (flow 402169)
      Successors: 401f69, 402169
  BB: 40175a in func 401160 with 3 insts
    I: 40175a
    I: 401760
    I: 401765 (flow 402b89)
      Successors: 402b89, 40176b
  BB: 403768 in func 401160 with 2 insts
    I: 403768
    I: 403772 (flow 403ed3)
      Successors: 403ed3
  BB: 401f69 in func 401160 with 1 insts
    I: 401f69 (flow 401f6e)
      Successors: 401f6e
  BB: 40176b in func 401160 with 1 insts
    I: 40176b (flow 401770)
      Successors: 401770
  BB: 40276b in func 401160 with 6 insts
    I: 40276b
    I: 402770
    I: 402775
    I: 40277c
    I: 40277f
    I: 402785 (flow 403ed3)
      Successors: 403ed3
  BB: 401f6e in func 401160 with 3 insts
    I: 401f6e
    I: 401f74
    I: 401f79 (flow 40301b)
      Successors: 40301b, 401f7f
  BB: 401770 in func 401160 with 3 insts
    I: 401770
    I: 401776
    I: 40177b (flow 403aad)
      Successors: 401781, 403aad
  BB: 403777 in func 401160 with 2 insts
    I: 403777
    I: 403781 (flow 403ed3)
      Successors: 403ed3
  BB: 402f7e in func 401160 with 2 insts
    I: 402f7e
    I: 402f88 (flow 403ed3)
      Successors: 403ed3
  BB: 401f7f in func 401160 with 1 insts
    I: 401f7f (flow 401f84)
      Successors: 401f84
  BB: 401781 in func 401160 with 1 insts
    I: 401781 (flow 401786)
      Successors: 401786
  BB: 401f84 in func 401160 with 3 insts
    I: 401f84
    I: 401f8a
    I: 401f8f (flow 402c6f)
      Successors: 401f95, 402c6f
  BB: 401786 in func 401160 with 3 insts
    I: 401786
    I: 40178c
    I: 401791 (flow 403cc6)
      Successors: 403cc6, 401797
  BB: 403786 in func 401160 with 5 insts
    I: 403786
    I: 40378c
    I: 40378f
    I: 403795
    I: 40379f (flow 403ed3)
      Successors: 403ed3
  BB: 40278a in func 401160 with 19 insts
    I: 40278a (imm 406034)
    I: 402791
    I: 402793 (imm 406038)
    I: 40279a
    I: 40279c
    I: 40279e
    I: 4027a1
    I: 4027a4
    I: 4027a7
    I: 4027aa
    I: 4027ad
    I: 4027b0
    I: 4027b3
    I: 4027b5
    I: 4027ba
    I: 4027bf
    I: 4027c2
    I: 4027c5
    I: 4027cb (flow 403ed3)
      Successors: 403ed3
  BB: 402f8d in func 401160 with 5 insts
    I: 402f8d
    I: 402f93
    I: 402f96
    I: 402f9c
    I: 402fa6 (flow 403ed3)
      Successors: 403ed3
  BB: 401f95 in func 401160 with 1 insts
    I: 401f95 (flow 401f9a)
      Successors: 401f9a
  BB: 401797 in func 401160 with 1 insts
    I: 401797 (flow 40179c)
      Successors: 40179c
  BB: 401f9a in func 401160 with 3 insts
    I: 401f9a
    I: 401fa0
    I: 401fa5 (flow 4039eb)
      Successors: 401fab, 4039eb
  BB: 40179c in func 401160 with 3 insts
    I: 40179c
    I: 4017a2
    I: 4017a7 (flow 40388b)
      Successors: 40388b, 4017ad
  BB: 4037a4 in func 401160 with 2 insts
    I: 4037a4
    I: 4037ae (flow 403ed3)
      Successors: 403ed3
  BB: 401fab in func 401160 with 1 insts
    I: 401fab (flow 401fb0)
      Successors: 401fb0
  BB: 402fab in func 401160 with 2 insts
    I: 402fab
    I: 402fb5 (flow 403ed3)
      Successors: 403ed3
  BB: 4017ad in func 401160 with 1 insts
    I: 4017ad (flow 4017b2)
      Successors: 4017b2
  BB: 401fb0 in func 401160 with 3 insts
    I: 401fb0
    I: 401fb6
    I: 401fbb (flow 403745)
      Successors: 401fc1, 403745
  BB: 4017b2 in func 401160 with 3 insts
    I: 4017b2
    I: 4017b8
    I: 4017bd (flow 40341e)
      Successors: 4017c3, 40341e
  BB: 4037b3 in func 401160 with 19 insts
    I: 4037b3 (imm 406034)
    I: 4037ba
    I: 4037bc (imm 406038)
    I: 4037c3
    I: 4037c5
    I: 4037c7
    I: 4037ca
    I: 4037cd
    I: 4037d0
    I: 4037d3
    I: 4037d6
    I: 4037d9
    I: 4037dc
    I: 4037de
    I: 4037e3
    I: 4037e8
    I: 4037eb
    I: 4037ee
    I: 4037f4 (flow 403ed3)
      Successors: 403ed3
  BB: 402fba in func 401160 with 4 insts
    I: 402fba
    I: 402fc0
    I: 402fc6
    I: 402fd0 (flow 403ed3)
      Successors: 403ed3
  BB: 401fc1 in func 401160 with 1 insts
    I: 401fc1 (flow 401fc6)
      Successors: 401fc6
  BB: 4017c3 in func 401160 with 1 insts
    I: 4017c3 (flow 4017c8)
      Successors: 4017c8
  BB: 401fc6 in func 401160 with 3 insts
    I: 401fc6
    I: 401fcc
    I: 401fd1 (flow 40222c)
      Successors: 40222c, 401fd7
  BB: 4017c8 in func 401160 with 3 insts
    I: 4017c8
    I: 4017ce
    I: 4017d3 (flow 403d6b)
      Successors: 4017d9, 403d6b
  BB: 4027d0 in func 401160 with 19 insts
    I: 4027d0 (imm 406034)
    I: 4027d7
    I: 4027d9 (imm 406038)
    I: 4027e0
    I: 4027e2
    I: 4027e4
    I: 4027e7
    I: 4027ea
    I: 4027ed
    I: 4027f0
    I: 4027f3
    I: 4027f6
    I: 4027f9
    I: 4027fb
    I: 402800
    I: 402805
    I: 402808
    I: 40280b
    I: 402811 (flow 403ed3)
      Successors: 403ed3
  BB: 402fd5 in func 401160 with 19 insts
    I: 402fd5 (imm 406034)
    I: 402fdc
    I: 402fde (imm 406038)
    I: 402fe5
    I: 402fe7
    I: 402fe9
    I: 402fec
    I: 402fef
    I: 402ff2
    I: 402ff5
    I: 402ff8
    I: 402ffb
    I: 402ffe
    I: 403000
    I: 403005
    I: 40300a
    I: 40300d
    I: 403010
    I: 403016 (flow 403ed3)
      Successors: 403ed3
  BB: 401fd7 in func 401160 with 1 insts
    I: 401fd7 (flow 401fdc)
      Successors: 401fdc
  BB: 4017d9 in func 401160 with 1 insts
    I: 4017d9 (flow 4017de)
      Successors: 4017de
  BB: 401fdc in func 401160 with 3 insts
    I: 401fdc
    I: 401fe2
    I: 401fe7 (flow 402701)
      Successors: 402701, 401fed
  BB: 4017de in func 401160 with 3 insts
    I: 4017de
    I: 4017e4
    I: 4017e9 (flow 40312c)
      Successors: 40312c, 4017ef
  BB: 401fed in func 401160 with 1 insts
    I: 401fed (flow 401ff2)
      Successors: 401ff2
  BB: 4017ef in func 401160 with 1 insts
    I: 4017ef (flow 4017f4)
      Successors: 4017f4
  BB: 401ff2 in func 401160 with 3 insts
    I: 401ff2
    I: 401ff8
    I: 401ffd (flow 402cdf)
      Successors: 402003, 402cdf
  BB: 4017f4 in func 401160 with 3 insts
    I: 4017f4
    I: 4017fa
    I: 4017ff (flow 40352e)
      Successors: 401805, 40352e
  BB: 4037f9 in func 401160 with 22 insts
    I: 4037f9
    I: 4037ff
    I: 403802
    I: 403808 (imm 406034)
    I: 40380f
    I: 403811 (imm 406038)
    I: 403818
    I: 40381a
    I: 40381c
    I: 40381f
    I: 403822
    I: 403825
    I: 403828
    I: 40382b
    I: 40382e
    I: 403831
    I: 403833
    I: 403838
    I: 40383d
    I: 403840
    I: 403843
    I: 403849 (flow 403ed3)
      Successors: 403ed3
Recovering .term_proc at 403ed8
  Analysing subroutine .term_proc at 403ed8
    Block head at 00403ee5 is not code.
  Subroutine .term_proc at 403ed8 has 1 blocks
  BB: 403ed8 in func 403ed8 with 4 insts
    I: 403ed8
    I: 403edc
    I: 403ee0
    I: 403ee4
      No successors
Global Variable None
WARNING: Global constructor and destructor sections are adjacent!
Recovering region LOAD [400000, 400558) in segment LOAD
  8-byte reference at 400018 to 401070 (start)
  8-byte reference at 4000f8 to 401000 (.init_proc)
  8-byte reference at 400130 to 404000 ()
  8-byte reference at 400168 to 405de8 ()
  8-byte reference at 400280 to 404010 ()
  8-byte reference at 4002f0 to 405de8 ()
Recovering region .init [401000, 40101b) in segment .init
Recovering region LOAD [40101b, 401020) in segment LOAD
Recovering region .plt [401020, 401070) in segment .plt
Recovering region .text [401070, 403ed8) in segment .text
Recovering region .fini [403ed8, 403ee5) in segment .fini
Recovering region .rodata [404000, 40400e) in segment .rodata
  Variable s at 404007
  Variable format at 40400a
Recovering region LOAD [40400e, 404010) in segment LOAD
Recovering region .eh_frame_hdr [404010, 40403c) in segment .eh_frame_hdr
Recovering region LOAD [40403c, 404040) in segment LOAD
Recovering region .eh_frame [404040, 4040d0) in segment .eh_frame
Recovering region LOAD [4040d0, 404110) in segment LOAD
Recovering region .init_array [405de8, 405df8) in segment .init_array
  8-byte reference at 405de8 to 401150 ()
  8-byte reference at 405df0 to 401120 ()
Recovering region LOAD [405df8, 405fd8) in segment LOAD
Recovering region .got [405fd8, 405fe8) in segment .got
  8-byte reference at 405fd8 to 406040 (__libc_start_main)
  8-byte reference at 405fe0 to 406068 (__gmon_start__)
Recovering region .got.plt [405fe8, 406020) in segment .got.plt
  8-byte reference at 406000 to 406048 (puts)
  8-byte reference at 406008 to 406050 (printf)
  8-byte reference at 406010 to 406058 (memset)
  8-byte reference at 406018 to 406060 (__isoc99_scanf)
Recovering region .data [406020, 406030) in segment .data
Recovering region .bss [406030, 406040) in segment .bss
Recovering extern function puts at 401030
Recovering extern function printf at 401040
Recovering extern function memset at 401050
Recovering extern function __isoc99_scanf at 401060
Recovering extern function __libc_start_main at 406040
Recovering extern function puts at 406048
Recovering extern function printf at 406050
Recovering extern function memset at 406058
Recovering extern function __isoc99_scanf at 406060
Recovering extern function __gmon_start__ at 406068
Recovered 8 functions.
Saving to: /home/ubuntu/capstone_project/result/pipeline_20260629_141746/s380322669_fla_bcf.cfg
Done analysis!
