Debugging is enabled.
Loading Standard Definitions file: /home/ubuntu/capstone_project/dependency/mcsema/mcsema/lib/python3/site-packages/mcsema_disass-3.1.3.8-py3.8.egg/mcsema_disass/defs/linux.txt
Using Batch mode.
Starting analysis
Recovering module s380322669_fla_bcf_instsub.elf
Found main at 401160
Looking for instructions in segment .init
  Default block heads for function 401000 with loose bounds [401000, 40101b)
    block [401000, 401014)
    block [401014, 401016)
    block [401016, 40101b)
    chunk [401000, 40101b)
Looking for instructions in segment .plt
  Default block heads for function 401020 with loose bounds [401020, 40102c)
    block [401020, 40102c)
    chunk [401020, 40102c)
  Default block heads for function 401030 with loose bounds [401030, 401036)
    block [401030, 401036)
    chunk [401030, 401036)
  Default block heads for function 401040 with loose bounds [401040, 401046)
    block [401040, 401046)
    chunk [401040, 401046)
  Default block heads for function 401050 with loose bounds [401050, 401056)
    block [401050, 401056)
    chunk [401050, 401056)
  Default block heads for function 401060 with loose bounds [401060, 401066)
    block [401060, 401066)
    chunk [401060, 401066)
Looking for instructions in segment .text
  Default block heads for function 401070 with loose bounds [401070, 401096)
    block [401070, 401096)
    chunk [401070, 401096)
  Default block heads for function 4010b0 with loose bounds [4010b0, 4010d1)
    block [4010b0, 4010bd)
    block [4010bd, 4010c7)
    block [4010c7, 4010ce)
    block [4010d0, 4010d1)
    chunk [4010b0, 4010d1)
  Default block heads for function 401120 with loose bounds [401120, 401141)
    block [401120, 40112d)
    block [40112d, 40113f)
    block [401140, 401141)
    chunk [401120, 401141)
  Default block heads for function 401150 with loose bounds [401150, 401156)
    block [401150, 401156)
    chunk [401150, 401156)
    chunk [4010e0, 401111)
  Default block heads for function 401160 with loose bounds [401160, 40545e)
    block [401160, 40117c)
    block [40117c, 401193)
    block [401193, 401198)
    block [401198, 4011a9)
    block [4011a9, 4011ae)
    block [4011ae, 4011bf)
    block [4011bf, 4011c4)
    block [4011c4, 4011d5)
    block [4011d5, 4011da)
    block [4011da, 4011eb)
    block [4011eb, 4011f0)
    block [4011f0, 401201)
    block [401201, 401206)
    block [401206, 401217)
    block [401217, 40121c)
    block [40121c, 40122d)
    block [40122d, 401232)
    block [401232, 401243)
    block [401243, 401248)
    block [401248, 401259)
    block [401259, 40125e)
    block [40125e, 40126f)
    block [40126f, 401274)
    block [401274, 401285)
    block [401285, 40128a)
    block [40128a, 40129b)
    block [40129b, 4012a0)
    block [4012a0, 4012b1)
    block [4012b1, 4012b6)
    block [4012b6, 4012c7)
    block [4012c7, 4012cc)
    block [4012cc, 4012dd)
    block [4012dd, 4012e2)
    block [4012e2, 4012f3)
    block [4012f3, 4012f8)
    block [4012f8, 401309)
    block [401309, 40130e)
    block [40130e, 40131f)
    block [40131f, 401324)
    block [401324, 401335)
    block [401335, 40133a)
    block [40133a, 40134b)
    block [40134b, 401350)
    block [401350, 401361)
    block [401361, 401366)
    block [401366, 401377)
    block [401377, 40137c)
    block [40137c, 40138d)
    block [40138d, 401392)
    block [401392, 4013a3)
    block [4013a3, 4013a8)
    block [4013a8, 4013b9)
    block [4013b9, 4013be)
    block [4013be, 4013cf)
    block [4013cf, 4013d4)
    block [4013d4, 4013e5)
    block [4013e5, 4013ea)
    block [4013ea, 4013fb)
    block [4013fb, 401400)
    block [401400, 401411)
    block [401411, 401416)
    block [401416, 401427)
    block [401427, 40142c)
    block [40142c, 40143d)
    block [40143d, 401442)
    block [401442, 401453)
    block [401453, 401458)
    block [401458, 401469)
    block [401469, 40146e)
    block [40146e, 40147f)
    block [40147f, 401484)
    block [401484, 401495)
    block [401495, 40149a)
    block [40149a, 4014ab)
    block [4014ab, 4014b0)
    block [4014b0, 4014c1)
    block [4014c1, 4014c6)
    block [4014c6, 4014d7)
    block [4014d7, 4014dc)
    block [4014dc, 4014ed)
    block [4014ed, 4014f2)
    block [4014f2, 401503)
    block [401503, 401508)
    block [401508, 401519)
    block [401519, 40151e)
    block [40151e, 40152f)
    block [40152f, 401534)
    block [401534, 401545)
    block [401545, 40154a)
    block [40154a, 40155b)
    block [40155b, 401560)
    block [401560, 401571)
    block [401571, 401576)
    block [401576, 401587)
    block [401587, 40158c)
    block [40158c, 40159d)
    block [40159d, 4015a2)
    block [4015a2, 4015b3)
    block [4015b3, 4015b8)
    block [4015b8, 4015c9)
    block [4015c9, 4015ce)
    block [4015ce, 4015df)
    block [4015df, 4015e4)
    block [4015e4, 4015f5)
    block [4015f5, 4015fa)
    block [4015fa, 40160b)
    block [40160b, 401610)
    block [401610, 401621)
    block [401621, 401626)
    block [401626, 401637)
    block [401637, 40163c)
    block [40163c, 40164d)
    block [40164d, 401652)
    block [401652, 401663)
    block [401663, 401668)
    block [401668, 401679)
    block [401679, 40167e)
    block [40167e, 40168f)
    block [40168f, 401694)
    block [401694, 4016a5)
    block [4016a5, 4016aa)
    block [4016aa, 4016bb)
    block [4016bb, 4016c0)
    block [4016c0, 4016d1)
    block [4016d1, 4016d6)
    block [4016d6, 4016e7)
    block [4016e7, 4016ec)
    block [4016ec, 4016fd)
    block [4016fd, 401702)
    block [401702, 401713)
    block [401713, 401718)
    block [401718, 401729)
    block [401729, 40172e)
    block [40172e, 40173f)
    block [40173f, 401744)
    block [401744, 401755)
    block [401755, 40175a)
    block [40175a, 40176b)
    block [40176b, 401770)
    block [401770, 401781)
    block [401781, 401786)
    block [401786, 401797)
    block [401797, 40179c)
    block [40179c, 4017ad)
    block [4017ad, 4017b2)
    block [4017b2, 4017c3)
    block [4017c3, 4017c8)
    block [4017c8, 4017d9)
    block [4017d9, 4017de)
    block [4017de, 4017ef)
    block [4017ef, 4017f4)
    block [4017f4, 401805)
    block [401805, 40180a)
    block [40180a, 40181b)
    block [40181b, 401820)
    block [401820, 401831)
    block [401831, 401836)
    block [401836, 401847)
    block [401847, 40184c)
    block [40184c, 40185d)
    block [40185d, 401862)
    block [401862, 401873)
    block [401873, 401878)
    block [401878, 401889)
    block [401889, 40188e)
    block [40188e, 40189f)
    block [40189f, 4018a4)
    block [4018a4, 4018b5)
    block [4018b5, 4018ba)
    block [4018ba, 4018cb)
    block [4018cb, 4018d0)
    block [4018d0, 4018e1)
    block [4018e1, 4018e6)
    block [4018e6, 4018f7)
    block [4018f7, 4018fc)
    block [4018fc, 40190d)
    block [40190d, 401912)
    block [401912, 401923)
    block [401923, 401928)
    block [401928, 401939)
    block [401939, 40193e)
    block [40193e, 40194f)
    block [40194f, 401954)
    block [401954, 401965)
    block [401965, 40196a)
    block [40196a, 40197b)
    block [40197b, 401980)
    block [401980, 401991)
    block [401991, 401996)
    block [401996, 4019a7)
    block [4019a7, 4019ac)
    block [4019ac, 4019bd)
    block [4019bd, 4019c2)
    block [4019c2, 4019d3)
    block [4019d3, 4019d8)
    block [4019d8, 4019e9)
    block [4019e9, 4019ee)
    block [4019ee, 4019ff)
    block [4019ff, 401a04)
    block [401a04, 401a15)
    block [401a15, 401a1a)
    block [401a1a, 401a2b)
    block [401a2b, 401a30)
    block [401a30, 401a41)
    block [401a41, 401a46)
    block [401a46, 401a57)
    block [401a57, 401a5c)
    block [401a5c, 401a6d)
    block [401a6d, 401a72)
    block [401a72, 401a83)
    block [401a83, 401a88)
    block [401a88, 401a99)
    block [401a99, 401a9e)
    block [401a9e, 401aaf)
    block [401aaf, 401ab4)
    block [401ab4, 401ac5)
    block [401ac5, 401aca)
    block [401aca, 401adb)
    block [401adb, 401ae0)
    block [401ae0, 401af1)
    block [401af1, 401af6)
    block [401af6, 401b07)
    block [401b07, 401b0c)
    block [401b0c, 401b1d)
    block [401b1d, 401b22)
    block [401b22, 401b33)
    block [401b33, 401b38)
    block [401b38, 401b49)
    block [401b49, 401b4e)
    block [401b4e, 401b5f)
    block [401b5f, 401b64)
    block [401b64, 401b75)
    block [401b75, 401b7a)
    block [401b7a, 401b8b)
    block [401b8b, 401b90)
    block [401b90, 401ba1)
    block [401ba1, 401ba6)
    block [401ba6, 401bb7)
    block [401bb7, 401bbc)
    block [401bbc, 401bcd)
    block [401bcd, 401bd2)
    block [401bd2, 401be3)
    block [401be3, 401be8)
    block [401be8, 401bf9)
    block [401bf9, 401bfe)
    block [401bfe, 401c0f)
    block [401c0f, 401c14)
    block [401c14, 401c25)
    block [401c25, 401c2a)
    block [401c2a, 401c3b)
    block [401c3b, 401c40)
    block [401c40, 401c51)
    block [401c51, 401c56)
    block [401c56, 401c67)
    block [401c67, 401c6c)
    block [401c6c, 401c7d)
    block [401c7d, 401c82)
    block [401c82, 401c93)
    block [401c93, 401c98)
    block [401c98, 401ca9)
    block [401ca9, 401cae)
    block [401cae, 401cbf)
    block [401cbf, 401cc4)
    block [401cc4, 401cd5)
    block [401cd5, 401cda)
    block [401cda, 401ceb)
    block [401ceb, 401cf0)
    block [401cf0, 401d01)
    block [401d01, 401d06)
    block [401d06, 401d17)
    block [401d17, 401d1c)
    block [401d1c, 401d2d)
    block [401d2d, 401d32)
    block [401d32, 401d43)
    block [401d43, 401d48)
    block [401d48, 401d59)
    block [401d59, 401d5e)
    block [401d5e, 401d6f)
    block [401d6f, 401d74)
    block [401d74, 401d85)
    block [401d85, 401d8a)
    block [401d8a, 401d9b)
    block [401d9b, 401da0)
    block [401da0, 401db1)
    block [401db1, 401db6)
    block [401db6, 401dc7)
    block [401dc7, 401dcc)
    block [401dcc, 401ddd)
    block [401ddd, 401de2)
    block [401de2, 401df3)
    block [401df3, 401df8)
    block [401df8, 401e09)
    block [401e09, 401e0e)
    block [401e0e, 401e1f)
    block [401e1f, 401e24)
    block [401e24, 401e35)
    block [401e35, 401e3a)
    block [401e3a, 401e4b)
    block [401e4b, 401e50)
    block [401e50, 401e61)
    block [401e61, 401e66)
    block [401e66, 401e77)
    block [401e77, 401e7c)
    block [401e7c, 401e8d)
    block [401e8d, 401e92)
    block [401e92, 401ea3)
    block [401ea3, 401ea8)
    block [401ea8, 401eb9)
    block [401eb9, 401ebe)
    block [401ebe, 401ecf)
    block [401ecf, 401ed4)
    block [401ed4, 401ee5)
    block [401ee5, 401eea)
    block [401eea, 401efb)
    block [401efb, 401f00)
    block [401f00, 401f11)
    block [401f11, 401f16)
    block [401f16, 401f27)
    block [401f27, 401f2c)
    block [401f2c, 401f3d)
    block [401f3d, 401f42)
    block [401f42, 401f53)
    block [401f53, 401f58)
    block [401f58, 401f69)
    block [401f69, 401f6e)
    block [401f6e, 401f7f)
    block [401f7f, 401f84)
    block [401f84, 401f95)
    block [401f95, 401f9a)
    block [401f9a, 401fab)
    block [401fab, 401fb0)
    block [401fb0, 401fc1)
    block [401fc1, 401fc6)
    block [401fc6, 401fd7)
    block [401fd7, 401fdc)
    block [401fdc, 401fed)
    block [401fed, 401ff2)
    block [401ff2, 402003)
    block [402003, 402008)
    block [402008, 402019)
    block [402019, 40201e)
    block [40201e, 40202f)
    block [40202f, 402034)
    block [402034, 402045)
    block [402045, 40204a)
    block [40204a, 40205b)
    block [40205b, 402060)
    block [402060, 402071)
    block [402071, 402076)
    block [402076, 402087)
    block [402087, 40208c)
    block [40208c, 40209d)
    block [40209d, 4020a2)
    block [4020a2, 4020b3)
    block [4020b3, 4020b8)
    block [4020b8, 4020c9)
    block [4020c9, 4020ce)
    block [4020ce, 4020df)
    block [4020df, 4020e4)
    block [4020e4, 4020f5)
    block [4020f5, 4020fa)
    block [4020fa, 40210b)
    block [40210b, 402110)
    block [402110, 402121)
    block [402121, 402126)
    block [402126, 402137)
    block [402137, 40213c)
    block [40213c, 40214d)
    block [40214d, 402152)
    block [402152, 402163)
    block [402163, 402168)
    block [402168, 402179)
    block [402179, 40217e)
    block [40217e, 40218f)
    block [40218f, 402194)
    block [402194, 4021a5)
    block [4021a5, 4021aa)
    block [4021aa, 4021bb)
    block [4021bb, 4021c0)
    block [4021c0, 4021d1)
    block [4021d1, 4021d6)
    block [4021d6, 4021e7)
    block [4021e7, 4021ec)
    block [4021ec, 4021fd)
    block [4021fd, 402202)
    block [402202, 402213)
    block [402213, 402218)
    block [402218, 402229)
    block [402229, 40222e)
    block [40222e, 40223f)
    block [40223f, 402244)
    block [402244, 402255)
    block [402255, 40225a)
    block [40225a, 40226b)
    block [40226b, 402270)
    block [402270, 402281)
    block [402281, 402286)
    block [402286, 402297)
    block [402297, 40229c)
    block [40229c, 4022ad)
    block [4022ad, 4022b2)
    block [4022b2, 4022b7)
    block [4022b7, 4022e8)
    block [4022e8, 4022f7)
    block [4022f7, 402381)
    block [402381, 402420)
    block [402420, 40242f)
    block [40242f, 402450)
    block [402450, 4024a0)
    block [4024a0, 402550)
    block [402550, 40255f)
    block [40255f, 4025e9)
    block [4025e9, 402652)
    block [402652, 402661)
    block [402661, 4026eb)
    block [4026eb, 40274d)
    block [40274d, 40275c)
    block [40275c, 40277d)
    block [40277d, 4027b9)
    block [4027b9, 4027e3)
    block [4027e3, 402812)
    block [402812, 402840)
    block [402840, 402877)
    block [402877, 402896)
    block [402896, 4028a5)
    block [4028a5, 40292f)
    block [40292f, 40299a)
    block [40299a, 4029a9)
    block [4029a9, 402a2b)
    block [402a2b, 402ad1)
    block [402ad1, 402ae0)
    block [402ae0, 402b0e)
    block [402b0e, 402b47)
    block [402b47, 402bd4)
    block [402bd4, 402c24)
    block [402c24, 402c42)
    block [402c42, 402c51)
    block [402c51, 402c7b)
    block [402c7b, 402ca6)
    block [402ca6, 402cf6)
    block [402cf6, 402d8f)
    block [402d8f, 402dad)
    block [402dad, 402dc6)
    block [402dc6, 402de7)
    block [402de7, 402e27)
    block [402e27, 402e7f)
    block [402e7f, 402f15)
    block [402f15, 402f33)
    block [402f33, 402f83)
    block [402f83, 40303c)
    block [40303c, 40304b)
    block [40304b, 4030d5)
    block [4030d5, 40314c)
    block [40314c, 40316a)
    block [40316a, 4031af)
    block [4031af, 4031e7)
    block [4031e7, 403209)
    block [403209, 40328b)
    block [40328b, 403324)
    block [403324, 403342)
    block [403342, 40335d)
    block [40335d, 4033df)
    block [4033df, 403480)
    block [403480, 4034a5)
    block [4034a5, 40352f)
    block [40352f, 4035de)
    block [4035de, 4035f8)
    block [4035f8, 403653)
    block [403653, 4036dd)
    block [4036dd, 4036fb)
    block [4036fb, 40370a)
    block [40370a, 403794)
    block [403794, 40382f)
    block [40382f, 40383e)
    block [40383e, 4038c8)
    block [4038c8, 403952)
    block [403952, 403961)
    block [403961, 403988)
    block [403988, 403a0a)
    block [403a0a, 403a66)
    block [403a66, 403a75)
    block [403a75, 403a9c)
    block [403a9c, 403aab)
    block [403aab, 403afb)
    block [403afb, 403b6e)
    block [403b6e, 403b7d)
    block [403b7d, 403c07)
    block [403c07, 403c5f)
    block [403c5f, 403c6e)
    block [403c6e, 403c89)
    block [403c89, 403c98)
    block [403c98, 403cbf)
    block [403cbf, 403ceb)
    block [403ceb, 403d0e)
    block [403d0e, 403d1d)
    block [403d1d, 403d5d)
    block [403d5d, 403d9a)
    block [403d9a, 403df2)
    block [403df2, 403ea5)
    block [403ea5, 403eb4)
    block [403eb4, 403eea)
    block [403eea, 403f35)
    block [403f35, 403f73)
    block [403f73, 403ffd)
    block [403ffd, 40405f)
    block [40405f, 40407d)
    block [40407d, 4040ff)
    block [4040ff, 40416e)
    block [40416e, 40418c)
    block [40418c, 4041e4)
    block [4041e4, 404272)
    block [404272, 404281)
    block [404281, 4042af)
    block [4042af, 4042e6)
    block [4042e6, 404373)
    block [404373, 4043f5)
    block [4043f5, 404413)
    block [404413, 404495)
    block [404495, 4044e5)
    block [4044e5, 4044f4)
    block [4044f4, 404516)
    block [404516, 404525)
    block [404525, 404575)
    block [404575, 404616)
    block [404616, 404634)
    block [404634, 40464f)
    block [40464f, 4046d9)
    block [4046d9, 404740)
    block [404740, 40475e)
    block [40475e, 4047e8)
    block [4047e8, 40486a)
    block [40486a, 404879)
    block [404879, 4048fb)
    block [4048fb, 40496e)
    block [40496e, 40497d)
    block [40497d, 40498c)
    block [40498c, 4049a7)
    block [4049a7, 4049b6)
    block [4049b6, 4049dd)
    block [4049dd, 404a09)
    block [404a09, 404a8b)
    block [404a8b, 404b29)
    block [404b29, 404b38)
    block [404b38, 404b47)
    block [404b47, 404b56)
    block [404b56, 404b7e)
    block [404b7e, 404b8d)
    block [404b8d, 404be5)
    block [404be5, 404c7a)
    block [404c7a, 404c89)
    block [404c89, 404ce1)
    block [404ce1, 404d81)
    block [404d81, 404d9f)
    block [404d9f, 404dc8)
    block [404dc8, 404de8)
    block [404de8, 404e6a)
    block [404e6a, 404f08)
    block [404f08, 404f26)
    block [404f26, 404f4f)
    block [404f4f, 404f6f)
    block [404f6f, 404f91)
    block [404f91, 404fe9)
    block [404fe9, 405082)
    block [405082, 405091)
    block [405091, 4050b7)
    block [4050b7, 4050c6)
    block [4050c6, 4050d1)
    block [4050d1, 4050fd)
    block [4050fd, 405132)
    block [405132, 405154)
    block [405154, 40516d)
    block [40516d, 40518f)
    block [40518f, 4051ba)
    block [4051ba, 4051c9)
    block [4051c9, 4051d8)
    block [4051d8, 4051e7)
    block [4051e7, 405221)
    block [405221, 405230)
    block [405230, 40523f)
    block [40523f, 40524e)
    block [40524e, 40525d)
    block [40525d, 40526c)
    block [40526c, 405294)
    block [405294, 4052a3)
    block [4052a3, 4052be)
    block [4052be, 4052e0)
    block [4052e0, 4052ef)
    block [4052ef, 405327)
    block [405327, 405336)
    block [405336, 405345)
    block [405345, 405360)
    block [405360, 40536f)
    block [40536f, 40537e)
    block [40537e, 40538d)
    block [40538d, 40539c)
    block [40539c, 4053ab)
    block [4053ab, 4053d3)
    block [4053d3, 4053f6)
    block [4053f6, 405418)
    block [405418, 405431)
    block [405431, 405440)
    block [405440, 405459)
    block [405459, 40545e)
    chunk [401160, 40545e)
Looking for instructions in segment .fini
  Default block heads for function 405460 with loose bounds [405460, 40546d)
    block [405460, 40546d)
    chunk [405460, 40546d)
Looking for strings in segment .rodata [406000, 40600e)
  Found string b'NA' of length 3 at 406007, jumping to 40600a
  Found string b'%d\n' of length 4 at 40600a, jumping to 40600e
Looking for strings in segment .eh_frame_hdr [406010, 40603c)
Looking for strings in segment .eh_frame [406040, 4060d0)
Looking for strings in segment .init_array [407de8, 407df0)
Looking for strings in segment .fini_array [407df0, 407df8)
Looking for strings in segment .got [407fd8, 407fe8)
Looking for strings in segment .got.plt [407fe8, 408020)
Looking for strings in segment .data [408020, 408030)
Looking for strings in segment .bss [408030, 408040)
Looking for strings in segment extern [408040, 408070)
Looking for cross-references in segment .init [401000, 40101b)
Looking for cross-references in segment .plt [401020, 401070)
  Stopping scan at 40102c
Looking for cross-references in segment .text [401070, 40545e)
  Stopping scan at 40109c
  Stopping scan at 4010ac
  Stopping scan at ffffffffffffffff
  Stopping scan at 4010dc
  Stopping scan at 40111c
  Stopping scan at ffffffffffffffff
  Stopping scan at 40114c
  Stopping scan at 40115c
Looking for cross-references in segment .fini [405460, 40546d)
Looking for cross-references in segment .rodata [406000, 40600e)
  Stopping scan at 40600c
Looking for cross-references in segment .eh_frame_hdr [406010, 40603c)
  Stopping scan at 406038
Looking for cross-references in segment .eh_frame [406040, 4060d0)
  Stopping scan at 4060cc
Looking for cross-references in segment .init_array [407de8, 407df0)
  Adding qword reference from 407de8 to 401150
  Stopping scan at 407de8
Looking for cross-references in segment .fini_array [407df0, 407df8)
  Adding qword reference from 407df0 to 401120
  Stopping scan at 407df0
Looking for cross-references in segment .got [407fd8, 407fe8)
  Adding qword reference from 407fd8 to 408040
  Adding qword reference from 407fe0 to 408068
  Stopping scan at 407fe0
Looking for cross-references in segment .got.plt [407fe8, 408020)
  Adding qword reference from 408000 to 408048
  Adding qword reference from 408008 to 408050
  Adding qword reference from 408010 to 408058
  Adding qword reference from 408018 to 408060
  Stopping scan at 408018
Looking for cross-references in segment .data [408020, 408030)
  Stopping scan at 40802c
Looking for cross-references in segment .bss [408030, 408040)
  Stopping scan at 40803c
Looking for cross-references in segment extern [408040, 408070)
  Stopping scan at 40806c
Looking for thunks
  Found thunk for puts targeting 408048 at 401030
  Found thunk for printf targeting 408050 at 401040
  Found thunk for memset targeting 408058 at 401050
  Found thunk for __isoc99_scanf targeting 408060 at 401060
Looking for external symbols
  Function at 401030 is the external function puts
  Function at 401040 is the external function printf
  Function at 401050 is the external function memset
  Function at 401060 is the external function __isoc99_scanf
  Function at 408040 is the external function __libc_start_main
  Function at 408048 is the external function puts
  Function at 408050 is the external function printf
  Function at 408058 is the external function memset
  Function at 408060 is the external function __isoc99_scanf
  Function at 408068 is the external function __gmon_start__
Looking for entrypoints
Recovering .init_proc at 401000
  Analysing subroutine .init_proc at 401000
    Block head at 0040101b is not code.
  Subroutine .init_proc at 401000 has 3 blocks
  BB: 401000 in func 401000 with 5 insts
    Referenced by data
    I: 401000
    I: 401004
    I: 401008 (mem 407fe0)
    I: 40100f
    I: 401012 (flow 401016)
      Successors: 401014, 401016
  BB: 401014 in func 401000 with 1 insts
    I: 401014
      Successors: 401016
  BB: 401016 in func 401000 with 2 insts
    I: 401016
    I: 40101a
      No successors
Recovering 401020
  Analysing subroutine sub_401020 at 401020
  WARNING: No table entries for indirect jump at 401026; Adding next_ea 40102c as successor.
  Subroutine sub_401020 at 401020 has 2 blocks
  WARNING: No table entries for indirect jump at 401026; Adding next_ea 40102c as successor.
  BB: 401020 in func 401020 with 2 insts
    I: 401020 (mem 407ff0)
    I: 401026 (mem 407ff8)
      Successors: 40102c
  BB: 40102c in func 401020 with 1 insts
    I: 40102c
      No successors
Recovering start at 401070
  Analysing subroutine start at 401070
  Subroutine start at 401070 has 3 blocks
  BB: 401070 in func 401070 with 13 insts
    Referenced by data
    I: 401070
    I: 401074
    I: 401076
    I: 401079
    I: 40107a
    I: 40107d
    I: 401081
    I: 401082
    I: 401083
    I: 401086
    I: 401088 (imm 401160)
    I: 40108f (mem 407fd8)
    I: 401095
      No successors
  BB: 4010a5 in func 401070 with 2 insts
    I: 4010a5
    I: 4010af
      No successors
  BB: 401096 in func 401070 with 3 insts
    I: 401096
    I: 4010a0
    I: 4010a4
      No successors
Recovering 4010b0
  Analysing subroutine sub_4010B0 at 4010b0
  WARNING: No table entries for indirect jump at 4010cc; Adding next_ea 4010ce as successor.
  WARNING: No table entries for indirect jump at 40110e; Adding next_ea 401110 as successor.
  Subroutine sub_4010B0 at 4010b0 has 11 blocks
  BB: 4010e0 in func 4010b0 with 8 insts
    I: 4010e0 (imm 408030)
    I: 4010e5 (imm 408030)
    I: 4010ec
    I: 4010ef
    I: 4010f3
    I: 4010f7
    I: 4010fa
    I: 4010fd (flow 401110)
      Successors: 401110, 4010ff
  WARNING: No table entries for indirect jump at 4010cc; Adding next_ea 4010ce as successor.
  BB: 4010c7 in func 4010b0 with 2 insts
    I: 4010c7 (imm 408030)
    I: 4010cc
      Successors: 4010ce
  WARNING: No table entries for indirect jump at 40110e; Adding next_ea 401110 as successor.
  BB: 401109 in func 4010b0 with 2 insts
    I: 401109 (imm 408030)
    I: 40110e
      Successors: 401110
  BB: 4010ce in func 4010b0 with 1 insts
    I: 4010ce
      Successors: 4010d0
  BB: 4010b0 in func 4010b0 with 3 insts
    I: 4010b0 (imm 408030)
    I: 4010b5 (imm 408030)
    I: 4010bb (flow 4010d0)
      Successors: 4010d0, 4010bd
  BB: 4010d0 in func 4010b0 with 1 insts
    I: 4010d0
      No successors
  BB: 4010d1 in func 4010b0 with 2 insts
    I: 4010d1
    I: 4010d5
      Successors: 4010e0
  BB: 401110 in func 4010b0 with 1 insts
    I: 401110
      No successors
  BB: 401111 in func 4010b0 with 2 insts
    I: 401111
    I: 401115
      No successors
  BB: 4010bd in func 4010b0 with 3 insts
    I: 4010bd
    I: 4010c2
    I: 4010c5 (flow 4010d0)
      Successors: 4010d0, 4010c7
  BB: 4010ff in func 4010b0 with 3 insts
    I: 4010ff
    I: 401104
    I: 401107 (flow 401110)
      Successors: 401110, 401109
Recovering 401120
  Analysing subroutine sub_401120 at 401120
  Subroutine sub_401120 at 401120 has 5 blocks
  BB: 401120 in func 401120 with 3 insts
    Referenced by data
    I: 401120
    I: 401124 (mem 408030)
    I: 40112b (flow 401140)
      Successors: 401140, 40112d
  BB: 401141 in func 401120 with 2 insts
    I: 401141
    I: 401145
      No successors
  BB: 401140 in func 401120 with 1 insts
    I: 401140
      No successors
  BB: 40112d in func 401120 with 6 insts
    I: 40112d
    I: 40112e
    I: 401131 (flow 4010b0)
    I: 401136 (mem 408030)
    I: 40113d
    I: 40113e
      No successors
  BB: 40113f in func 401120 with 1 insts
    I: 40113f
      Successors: 401140
Recovering 401150
  Analysing subroutine sub_401150 at 401150
  WARNING: No table entries for indirect jump at 40110e; Adding next_ea 401110 as successor.
  Subroutine sub_401150 at 401150 has 6 blocks
  BB: 4010e0 in func 401150 with 8 insts
    I: 4010e0 (imm 408030)
    I: 4010e5 (imm 408030)
    I: 4010ec
    I: 4010ef
    I: 4010f3
    I: 4010f7
    I: 4010fa
    I: 4010fd (flow 401110)
      Successors: 401110, 4010ff
  WARNING: No table entries for indirect jump at 40110e; Adding next_ea 401110 as successor.
  BB: 401109 in func 401150 with 2 insts
    I: 401109 (imm 408030)
    I: 40110e
      Successors: 401110
  BB: 401150 in func 401150 with 2 insts
    Referenced by data
    I: 401150
    I: 401154 (flow 4010e0)
      Successors: 4010e0
  BB: 401110 in func 401150 with 1 insts
    I: 401110
      No successors
  BB: 401156 in func 401150 with 1 insts
    I: 401156
      No successors
  BB: 4010ff in func 401150 with 3 insts
    I: 4010ff
    I: 401104
    I: 401107 (flow 401110)
      Successors: 401110, 401109
Recovering main at 401160
  Analysing subroutine main at 401160
    Block head at 0040545e is not code.
  Subroutine main at 401160 has 603 blocks
  BB: 402003 in func 401160 with 1 insts
    I: 402003 (flow 402008)
      Successors: 402008
  BB: 401805 in func 401160 with 1 insts
    I: 401805 (flow 40180a)
      Successors: 40180a
  BB: 402008 in func 401160 with 3 insts
    I: 402008
    I: 40200e
    I: 402013 (flow 4043f5)
      Successors: 402019, 4043f5
  BB: 40180a in func 401160 with 3 insts
    I: 40180a
    I: 401810
    I: 401815 (flow 40497d)
      Successors: 40181b, 40497d
  BB: 402812 in func 401160 with 8 insts
    I: 402812
    I: 402819
    I: 40281e
    I: 402823
    I: 40282b
    I: 40282e
    I: 402834
    I: 40283b (flow 405459)
      Successors: 405459
  BB: 402019 in func 401160 with 1 insts
    I: 402019 (flow 40201e)
      Successors: 40201e
  BB: 40181b in func 401160 with 1 insts
    I: 40181b (flow 401820)
      Successors: 401820
  BB: 40201e in func 401160 with 3 insts
    I: 40201e
    I: 402024
    I: 402029 (flow 404281)
      Successors: 404281, 40202f
  BB: 401820 in func 401160 with 3 insts
    I: 401820
    I: 401826
    I: 40182b (flow 403d5d)
      Successors: 401831, 403d5d
  BB: 40202f in func 401160 with 1 insts
    I: 40202f (flow 402034)
      Successors: 402034
  BB: 40382f in func 401160 with 2 insts
    I: 40382f
    I: 403839 (flow 405459)
      Successors: 405459
  BB: 401831 in func 401160 with 1 insts
    I: 401831 (flow 401836)
      Successors: 401836
  BB: 402034 in func 401160 with 3 insts
    I: 402034
    I: 40203a
    I: 40203f (flow 404879)
      Successors: 404879, 402045
  BB: 401836 in func 401160 with 3 insts
    I: 401836
    I: 40183c
    I: 401841 (flow 404373)
      Successors: 404373, 401847
  BB: 40303c in func 401160 with 2 insts
    I: 40303c
    I: 403046 (flow 405459)
      Successors: 405459
  BB: 40383e in func 401160 with 40 insts
    I: 40383e (imm 408034)
    I: 403845
    I: 403847 (imm 408038)
    I: 40384e
    I: 403850
    I: 403852
    I: 403858
    I: 40385b
    I: 403861
    I: 403864
    I: 403867
    I: 40386a
    I: 40386e
    I: 403871
    I: 403875
    I: 403878
    I: 40387a
    I: 40387d
    I: 403881
    I: 403883
    I: 403886
    I: 403888
    I: 40388b
    I: 40388e
    I: 403891
    I: 403895
    I: 403898
    I: 40389b
    I: 40389e
    I: 4038a1
    I: 4038a4
    I: 4038a6
    I: 4038a9
    I: 4038ab
    I: 4038ad
    I: 4038b2
    I: 4038b7
    I: 4038ba
    I: 4038bd
    I: 4038c3 (flow 405459)
      Successors: 405459
  BB: 402840 in func 401160 with 11 insts
    I: 402840
    I: 402846
    I: 40284b
    I: 40284e
    I: 402853
    I: 402855
    I: 40285d
    I: 402860
    I: 40286a
    I: 40286c
    I: 402872 (flow 405459)
      Successors: 405459
  BB: 402045 in func 401160 with 1 insts
    I: 402045 (flow 40204a)
      Successors: 40204a
  BB: 401847 in func 401160 with 1 insts
    I: 401847 (flow 40184c)
      Successors: 40184c
  BB: 40204a in func 401160 with 3 insts
    I: 40204a
    I: 402050
    I: 402055 (flow 405440)
      Successors: 405440, 40205b
  BB: 40304b in func 401160 with 40 insts
    I: 40304b (imm 408034)
    I: 403052
    I: 403054 (imm 408038)
    I: 40305b
    I: 40305d
    I: 40305f
    I: 403065
    I: 403068
    I: 40306e
    I: 403071
    I: 403074
    I: 403077
    I: 40307b
    I: 40307e
    I: 403082
    I: 403085
    I: 403087
    I: 40308a
    I: 40308e
    I: 403090
    I: 403093
    I: 403095
    I: 403098
    I: 40309b
    I: 40309e
    I: 4030a2
    I: 4030a5
    I: 4030a8
    I: 4030ab
    I: 4030ae
    I: 4030b1
    I: 4030b3
    I: 4030b6
    I: 4030b8
    I: 4030ba
    I: 4030bf
    I: 4030c4
    I: 4030c7
    I: 4030ca
    I: 4030d0 (flow 405459)
      Successors: 405459
  BB: 40184c in func 401160 with 3 insts
    I: 40184c
    I: 401852
    I: 401857 (flow 4051e7)
      Successors: 40185d, 4051e7
  BB: 40205b in func 401160 with 1 insts
    I: 40205b (flow 402060)
      Successors: 402060
  BB: 40185d in func 401160 with 1 insts
    I: 40185d (flow 401862)
      Successors: 401862
  BB: 40405f in func 401160 with 7 insts
    I: 40405f
    I: 404062
    I: 404067
    I: 40406c
    I: 40406f
    I: 404072
    I: 404078 (flow 405459)
      Successors: 405459
  BB: 402060 in func 401160 with 3 insts
    I: 402060
    I: 402066
    I: 40206b (flow 4027b9)
      Successors: 402071, 4027b9
  BB: 401862 in func 401160 with 3 insts
    I: 401862
    I: 401868
    I: 40186d (flow 402b47)
      Successors: 401873, 402b47
  BB: 40486a in func 401160 with 2 insts
    I: 40486a
    I: 404874 (flow 405459)
      Successors: 405459
  BB: 402071 in func 401160 with 1 insts
    I: 402071 (flow 402076)
      Successors: 402076
  BB: 401873 in func 401160 with 1 insts
    I: 401873 (flow 401878)
      Successors: 401878
  BB: 402076 in func 401160 with 3 insts
    I: 402076
    I: 40207c
    I: 402081 (flow 4048fb)
      Successors: 4048fb, 402087
  BB: 402877 in func 401160 with 6 insts
    I: 402877
    I: 40287c
    I: 402881
    I: 402888
    I: 40288b
    I: 402891 (flow 405459)
      Successors: 405459
  BB: 401878 in func 401160 with 3 insts
    I: 401878
    I: 40187e
    I: 401883 (flow 40525d)
      Successors: 401889, 40525d
  BB: 404879 in func 401160 with 40 insts
    I: 404879 (imm 408034)
    I: 404880
    I: 404882 (imm 408038)
    I: 404889
    I: 40488b
    I: 40488d
    I: 404890
    I: 404892
    I: 404894
    I: 404897
    I: 40489a
    I: 40489d
    I: 4048a1
    I: 4048a4
    I: 4048a8
    I: 4048ab
    I: 4048ad
    I: 4048b0
    I: 4048b4
    I: 4048b6
    I: 4048b9
    I: 4048bb
    I: 4048be
    I: 4048c1
    I: 4048c4
    I: 4048c8
    I: 4048cb
    I: 4048ce
    I: 4048d1
    I: 4048d4
    I: 4048d7
    I: 4048d9
    I: 4048dc
    I: 4048de
    I: 4048e0
    I: 4048e5
    I: 4048ea
    I: 4048ed
    I: 4048f0
    I: 4048f6 (flow 405459)
      Successors: 405459
  BB: 40407d in func 401160 with 40 insts
    I: 40407d (imm 408034)
    I: 404084
    I: 404086 (imm 408038)
    I: 40408d
    I: 40408f
    I: 404091
    I: 404094
    I: 404096
    I: 404098
    I: 40409b
    I: 40409e
    I: 4040a1
    I: 4040a5
    I: 4040a8
    I: 4040ac
    I: 4040af
    I: 4040b1
    I: 4040b4
    I: 4040b8
    I: 4040ba
    I: 4040bd
    I: 4040bf
    I: 4040c2
    I: 4040c5
    I: 4040c8
    I: 4040cc
    I: 4040cf
    I: 4040d2
    I: 4040d5
    I: 4040d8
    I: 4040db
    I: 4040dd
    I: 4040e0
    I: 4040e2
    I: 4040e4
    I: 4040e9
    I: 4040ee
    I: 4040f1
    I: 4040f4
    I: 4040fa (flow 405459)
      Successors: 405459
  BB: 405082 in func 401160 with 2 insts
    I: 405082
    I: 40508c (flow 405459)
      Successors: 405459
  BB: 402087 in func 401160 with 1 insts
    I: 402087 (flow 40208c)
      Successors: 40208c
  BB: 401889 in func 401160 with 1 insts
    I: 401889 (flow 40188e)
      Successors: 40188e
  BB: 40208c in func 401160 with 3 insts
    I: 40208c
    I: 402092
    I: 402097 (flow 404a8b)
      Successors: 404a8b, 40209d
  BB: 40188e in func 401160 with 3 insts
    I: 40188e
    I: 401894
    I: 401899 (flow 404c7a)
      Successors: 404c7a, 40189f
  BB: 405091 in func 401160 with 6 insts
    I: 405091
    I: 405097 (imm 40600a)
    I: 4050a1
    I: 4050a3 (flow 408050)
    I: 4050a8
    I: 4050b2 (flow 405459)
      Successors: 405459
  BB: 402896 in func 401160 with 2 insts
    I: 402896
    I: 4028a0 (flow 405459)
      Successors: 405459
  BB: 40209d in func 401160 with 1 insts
    I: 40209d (flow 4020a2)
      Successors: 4020a2
  BB: 40189f in func 401160 with 1 insts
    I: 40189f (flow 4018a4)
      Successors: 4018a4
  BB: 4020a2 in func 401160 with 3 insts
    I: 4020a2
    I: 4020a8
    I: 4020ad (flow 402f83)
      Successors: 4020b3, 402f83
  BB: 4018a4 in func 401160 with 3 insts
    I: 4018a4
    I: 4018aa
    I: 4018af (flow 402ca6)
      Successors: 4018b5, 402ca6
  BB: 4028a5 in func 401160 with 40 insts
    I: 4028a5 (imm 408034)
    I: 4028ac
    I: 4028ae (imm 408038)
    I: 4028b5
    I: 4028b7
    I: 4028b9
    I: 4028bf
    I: 4028c2
    I: 4028c8
    I: 4028cb
    I: 4028ce
    I: 4028d1
    I: 4028d5
    I: 4028d8
    I: 4028dc
    I: 4028df
    I: 4028e1
    I: 4028e4
    I: 4028e8
    I: 4028ea
    I: 4028ed
    I: 4028ef
    I: 4028f2
    I: 4028f5
    I: 4028f8
    I: 4028fc
    I: 4028ff
    I: 402902
    I: 402905
    I: 402908
    I: 40290b
    I: 40290d
    I: 402910
    I: 402912
    I: 402914
    I: 402919
    I: 40291e
    I: 402921
    I: 402924
    I: 40292a (flow 405459)
      Successors: 405459
  BB: 4020b3 in func 401160 with 1 insts
    I: 4020b3 (flow 4020b8)
      Successors: 4020b8
  BB: 4018b5 in func 401160 with 1 insts
    I: 4018b5 (flow 4018ba)
      Successors: 4018ba
  BB: 4050b7 in func 401160 with 2 insts
    I: 4050b7
    I: 4050c1 (flow 405459)
      Successors: 405459
  BB: 4020b8 in func 401160 with 3 insts
    I: 4020b8
    I: 4020be
    I: 4020c3 (flow 40526c)
      Successors: 4020c9, 40526c
  BB: 4018ba in func 401160 with 3 insts
    I: 4018ba
    I: 4018c0
    I: 4018c5 (flow 402dad)
      Successors: 4018cb, 402dad
  BB: 4050c6 in func 401160 with 4 insts
    I: 4050c6
    I: 4050c8
    I: 4050cf
    I: 4050d0
      No successors
  BB: 4038c8 in func 401160 with 40 insts
    I: 4038c8 (imm 408034)
    I: 4038cf
    I: 4038d1 (imm 408038)
    I: 4038d8
    I: 4038da
    I: 4038dc
    I: 4038e2
    I: 4038e5
    I: 4038eb
    I: 4038ee
    I: 4038f1
    I: 4038f4
    I: 4038f8
    I: 4038fb
    I: 4038ff
    I: 403902
    I: 403904
    I: 403907
    I: 40390b
    I: 40390d
    I: 403910
    I: 403912
    I: 403915
    I: 403918
    I: 40391b
    I: 40391f
    I: 403922
    I: 403925
    I: 403928
    I: 40392b
    I: 40392e
    I: 403930
    I: 403933
    I: 403935
    I: 403937
    I: 40393c
    I: 403941
    I: 403944
    I: 403947
    I: 40394d (flow 405459)
      Successors: 405459
  BB: 4020c9 in func 401160 with 1 insts
    I: 4020c9 (flow 4020ce)
      Successors: 4020ce
  BB: 4018cb in func 401160 with 1 insts
    I: 4018cb (flow 4018d0)
      Successors: 4018d0
  BB: 4020ce in func 401160 with 3 insts
    I: 4020ce
    I: 4020d4
    I: 4020d9 (flow 403209)
      Successors: 403209, 4020df
  BB: 4018d0 in func 401160 with 3 insts
    I: 4018d0
    I: 4018d6
    I: 4018db (flow 403f73)
      Successors: 4018e1, 403f73
  BB: 4050d1 in func 401160 with 7 insts
    I: 4050d1
    I: 4050d8
    I: 4050da
    I: 4050df (flow 408058)
    I: 4050e4
    I: 4050ee
    I: 4050f8 (flow 405459)
      Successors: 405459
  BB: 4030d5 in func 401160 with 33 insts
    I: 4030d5
    I: 4030db
    I: 4030dd
    I: 4030e0
    I: 4030e2
    I: 4030e4
    I: 4030ec
    I: 4030ef
    I: 4030f1
    I: 4030f4 (imm 408034)
    I: 4030fb
    I: 4030fd (imm 408038)
    I: 403104
    I: 403106
    I: 403108
    I: 40310e
    I: 403111
    I: 403117
    I: 40311a
    I: 40311d
    I: 403120
    I: 403123
    I: 403126
    I: 403129
    I: 40312b
    I: 40312d
    I: 40312f
    I: 403131
    I: 403136
    I: 40313b
    I: 40313e
    I: 403141
    I: 403147 (flow 405459)
      Successors: 405459
  BB: 4020df in func 401160 with 1 insts
    I: 4020df (flow 4020e4)
      Successors: 4020e4
  BB: 4018e1 in func 401160 with 1 insts
    I: 4018e1 (flow 4018e6)
      Successors: 4018e6
  BB: 4020e4 in func 401160 with 3 insts
    I: 4020e4
    I: 4020ea
    I: 4020ef (flow 403480)
      Successors: 403480, 4020f5
  BB: 4018e6 in func 401160 with 3 insts
    I: 4018e6
    I: 4018ec
    I: 4018f1 (flow 403a75)
      Successors: 403a75, 4018f7
  BB: 4020f5 in func 401160 with 1 insts
    I: 4020f5 (flow 4020fa)
      Successors: 4020fa
  BB: 4018f7 in func 401160 with 1 insts
    I: 4018f7 (flow 4018fc)
      Successors: 4018fc
  BB: 4020fa in func 401160 with 3 insts
    I: 4020fa
    I: 402100
    I: 402105 (flow 40523f)
      Successors: 40210b, 40523f
  BB: 4048fb in func 401160 with 33 insts
    I: 4048fb
    I: 404901
    I: 404903
    I: 404905
    I: 404907
    I: 40490a
    I: 40490c
    I: 40490e
    I: 404910
    I: 404916 (imm 408034)
    I: 40491d
    I: 40491f (imm 408038)
    I: 404926
    I: 404928
    I: 40492a
    I: 404930
    I: 404933
    I: 404939
    I: 40493c
    I: 40493f
    I: 404942
    I: 404945
    I: 404948
    I: 40494b
    I: 40494d
    I: 40494f
    I: 404951
    I: 404953
    I: 404958
    I: 40495d
    I: 404960
    I: 404963
    I: 404969 (flow 405459)
      Successors: 405459
  BB: 4018fc in func 401160 with 3 insts
    I: 4018fc
    I: 401902
    I: 401907 (flow 404d9f)
      Successors: 40190d, 404d9f
  BB: 4050fd in func 401160 with 9 insts
    I: 4050fd
    I: 405104
    I: 40510b
    I: 40510f
    I: 405112 (imm 406004)
    I: 40511c
    I: 40511e (flow 408060)
    I: 405123
    I: 40512d (flow 405459)
      Successors: 405459
  BB: 4040ff in func 401160 with 29 insts
    I: 4040ff
    I: 404106
    I: 40410e
    I: 404111
    I: 404113
    I: 404116 (imm 408034)
    I: 40411d
    I: 40411f (imm 408038)
    I: 404126
    I: 404128
    I: 40412a
    I: 404130
    I: 404133
    I: 404139
    I: 40413c
    I: 40413f
    I: 404142
    I: 404145
    I: 404148
    I: 40414b
    I: 40414d
    I: 40414f
    I: 404151
    I: 404153
    I: 404158
    I: 40415d
    I: 404160
    I: 404163
    I: 404169 (flow 405459)
      Successors: 405459
  BB: 40210b in func 401160 with 1 insts
    I: 40210b (flow 402110)
      Successors: 402110
  BB: 40190d in func 401160 with 1 insts
    I: 40190d (flow 401912)
      Successors: 401912
  BB: 402110 in func 401160 with 3 insts
    I: 402110
    I: 402116
    I: 40211b (flow 4024a0)
      Successors: 4024a0, 402121
  BB: 401912 in func 401160 with 3 insts
    I: 401912
    I: 401918
    I: 40191d (flow 403ffd)
      Successors: 401923, 403ffd
  BB: 402121 in func 401160 with 1 insts
    I: 402121 (flow 402126)
      Successors: 402126
  BB: 401923 in func 401160 with 1 insts
    I: 401923 (flow 401928)
      Successors: 401928
  BB: 402126 in func 401160 with 3 insts
    I: 402126
    I: 40212c
    I: 402131 (flow 403cbf)
      Successors: 403cbf, 402137
  BB: 401928 in func 401160 with 3 insts
    I: 401928
    I: 40192e
    I: 401933 (flow 40498c)
      Successors: 401939, 40498c
  BB: 40292f in func 401160 with 29 insts
    I: 40292f
    I: 402935
    I: 402937
    I: 40293a
    I: 40293c
    I: 402942 (imm 408034)
    I: 402949
    I: 40294b (imm 408038)
    I: 402952
    I: 402954
    I: 402956
    I: 40295c
    I: 40295f
    I: 402965
    I: 402968
    I: 40296b
    I: 40296e
    I: 402971
    I: 402974
    I: 402977
    I: 402979
    I: 40297b
    I: 40297d
    I: 40297f
    I: 402984
    I: 402989
    I: 40298c
    I: 40298f
    I: 402995 (flow 405459)
      Successors: 405459
  BB: 405132 in func 401160 with 7 insts
    I: 405132
    I: 405138
    I: 40513a
    I: 40513d
    I: 40513f
    I: 405145
    I: 40514f (flow 405459)
      Successors: 405459
  BB: 402137 in func 401160 with 1 insts
    I: 402137 (flow 40213c)
      Successors: 40213c
  BB: 401939 in func 401160 with 1 insts
    I: 401939 (flow 40193e)
      Successors: 40193e
  BB: 40213c in func 401160 with 3 insts
    I: 40213c
    I: 402142
    I: 402147 (flow 4029a9)
      Successors: 4029a9, 40214d
  BB: 40193e in func 401160 with 3 insts
    I: 40193e
    I: 401944
    I: 401949 (flow 40524e)
      Successors: 40524e, 40194f
  BB: 40314c in func 401160 with 7 insts
    I: 40314c
    I: 40314f
    I: 403154
    I: 403159
    I: 40315c
    I: 40315f
    I: 403165 (flow 405459)
      Successors: 405459
  BB: 40214d in func 401160 with 1 insts
    I: 40214d (flow 402152)
      Successors: 402152
  BB: 40194f in func 401160 with 1 insts
    I: 40194f (flow 401954)
      Successors: 401954
  BB: 402152 in func 401160 with 3 insts
    I: 402152
    I: 402158
    I: 40215d (flow 403ea5)
      Successors: 402163, 403ea5
  BB: 403952 in func 401160 with 2 insts
    I: 403952
    I: 40395c (flow 405459)
      Successors: 405459
  BB: 401954 in func 401160 with 3 insts
    I: 401954
    I: 40195a
    I: 40195f (flow 4051ba)
      Successors: 4051ba, 401965
  BB: 405154 in func 401160 with 3 insts
    I: 405154
    I: 40515e
    I: 405168 (flow 405459)
      Successors: 405459
  BB: 401160 in func 401160 with 5 insts
    Referenced by data
    I: 401160
    I: 401161
    I: 401164
    I: 40116b
    I: 401172
      Successors: 40117c
  BB: 403961 in func 401160 with 7 insts
    I: 403961
    I: 403968
    I: 40396d
    I: 403972
    I: 40397a
    I: 40397d
    I: 403983 (flow 405459)
      Successors: 405459
  BB: 402163 in func 401160 with 1 insts
    I: 402163 (flow 402168)
      Successors: 402168
  BB: 401965 in func 401160 with 1 insts
    I: 401965 (flow 40196a)
      Successors: 40196a
  BB: 402168 in func 401160 with 3 insts
    I: 402168
    I: 40216e
    I: 402173 (flow 403b6e)
      Successors: 402179, 403b6e
  BB: 40196a in func 401160 with 3 insts
    I: 40196a
    I: 401970
    I: 401975 (flow 40537e)
      Successors: 40197b, 40537e
  BB: 40316a in func 401160 with 16 insts
    I: 40316a
    I: 403170
    I: 403176
    I: 403178
    I: 40317b
    I: 40317d
    I: 40317f
    I: 403186
    I: 40318c
    I: 40318f
    I: 403195
    I: 40319a
    I: 40319f
    I: 4031a1
    I: 4031a4
    I: 4031aa (flow 405459)
      Successors: 405459
  BB: 40516d in func 401160 with 7 insts
    I: 40516d
    I: 405173
    I: 405175
    I: 405178
    I: 40517a
    I: 405180
    I: 40518a (flow 405459)
      Successors: 405459
  BB: 40416e in func 401160 with 7 insts
    I: 40416e
    I: 404171
    I: 404176
    I: 40417b
    I: 40417e
    I: 404181
    I: 404187 (flow 405459)
      Successors: 405459
  BB: 40496e in func 401160 with 2 insts
    I: 40496e
    I: 404978 (flow 405459)
      Successors: 405459
  BB: 402179 in func 401160 with 1 insts
    I: 402179 (flow 40217e)
      Successors: 40217e
  BB: 40197b in func 401160 with 1 insts
    I: 40197b (flow 401980)
      Successors: 401980
  BB: 40117c in func 401160 with 4 insts
    I: 40117c
    I: 401182
    I: 401188
    I: 40118d (flow 4053ab)
      Successors: 401193, 4053ab
  BB: 40497d in func 401160 with 2 insts
    I: 40497d
    I: 404987 (flow 405459)
      Successors: 405459
  BB: 40217e in func 401160 with 3 insts
    I: 40217e
    I: 402184
    I: 402189 (flow 402c24)
      Successors: 402c24, 40218f
  BB: 401980 in func 401160 with 3 insts
    I: 401980
    I: 401986
    I: 40198b (flow 4049dd)
      Successors: 401991, 4049dd
  BB: 403988 in func 401160 with 40 insts
    I: 403988 (imm 408034)
    I: 40398f
    I: 403991 (imm 408038)
    I: 403998
    I: 40399a
    I: 40399c
    I: 40399f
    I: 4039a1
    I: 4039a3
    I: 4039a6
    I: 4039a9
    I: 4039ac
    I: 4039b0
    I: 4039b3
    I: 4039b7
    I: 4039ba
    I: 4039bc
    I: 4039bf
    I: 4039c3
    I: 4039c5
    I: 4039c8
    I: 4039ca
    I: 4039cd
    I: 4039d0
    I: 4039d3
    I: 4039d7
    I: 4039da
    I: 4039dd
    I: 4039e0
    I: 4039e3
    I: 4039e6
    I: 4039e8
    I: 4039eb
    I: 4039ed
    I: 4039ef
    I: 4039f4
    I: 4039f9
    I: 4039fc
    I: 4039ff
    I: 403a05 (flow 405459)
      Successors: 405459
  BB: 40418c in func 401160 with 24 insts
    I: 40418c (imm 408034)
    I: 404193
    I: 404195 (imm 408038)
    I: 40419c
    I: 40419e
    I: 4041a0
    I: 4041a6
    I: 4041a9
    I: 4041af
    I: 4041b2
    I: 4041b5
    I: 4041b8
    I: 4041bb
    I: 4041be
    I: 4041c1
    I: 4041c3
    I: 4041c5
    I: 4041c7
    I: 4041c9
    I: 4041ce
    I: 4041d3
    I: 4041d6
    I: 4041d9
    I: 4041df (flow 405459)
      Successors: 405459
  BB: 40498c in func 401160 with 4 insts
    I: 40498c
    I: 404992
    I: 404998
    I: 4049a2 (flow 405459)
      Successors: 405459
  BB: 40218f in func 401160 with 1 insts
    I: 40218f (flow 402194)
      Successors: 402194
  BB: 40518f in func 401160 with 5 insts
    I: 40518f
    I: 405196
    I: 4051a1
    I: 4051ab
    I: 4051b5 (flow 405459)
      Successors: 405459
  BB: 401991 in func 401160 with 1 insts
    I: 401991 (flow 401996)
      Successors: 401996
  BB: 401193 in func 401160 with 1 insts
    I: 401193 (flow 401198)
      Successors: 401198
  BB: 402194 in func 401160 with 3 insts
    I: 402194
    I: 40219a
    I: 40219f (flow 403952)
      Successors: 403952, 4021a5
  BB: 401996 in func 401160 with 3 insts
    I: 401996
    I: 40199c
    I: 4019a1 (flow 405154)
      Successors: 405154, 4019a7
  BB: 401198 in func 401160 with 3 insts
    I: 401198
    I: 40119e
    I: 4011a3 (flow 404f91)
      Successors: 4011a9, 404f91
  BB: 40299a in func 401160 with 2 insts
    I: 40299a
    I: 4029a4 (flow 405459)
      Successors: 405459
  BB: 4021a5 in func 401160 with 1 insts
    I: 4021a5 (flow 4021aa)
      Successors: 4021aa
  BB: 4019a7 in func 401160 with 1 insts
    I: 4019a7 (flow 4019ac)
      Successors: 4019ac
  BB: 4049a7 in func 401160 with 2 insts
    I: 4049a7
    I: 4049b1 (flow 405459)
      Successors: 405459
  BB: 4011a9 in func 401160 with 1 insts
    I: 4011a9 (flow 4011ae)
      Successors: 4011ae
  BB: 4021aa in func 401160 with 3 insts
    I: 4021aa
    I: 4021b0
    I: 4021b5 (flow 405360)
      Successors: 405360, 4021bb
  BB: 4029a9 in func 401160 with 40 insts
    I: 4029a9 (imm 408034)
    I: 4029b0
    I: 4029b2 (imm 408038)
    I: 4029b9
    I: 4029bb
    I: 4029bd
    I: 4029c0
    I: 4029c2
    I: 4029c4
    I: 4029c7
    I: 4029ca
    I: 4029cd
    I: 4029d1
    I: 4029d4
    I: 4029d8
    I: 4029db
    I: 4029dd
    I: 4029e0
    I: 4029e4
    I: 4029e6
    I: 4029e9
    I: 4029eb
    I: 4029ee
    I: 4029f1
    I: 4029f4
    I: 4029f8
    I: 4029fb
    I: 4029fe
    I: 402a01
    I: 402a04
    I: 402a07
    I: 402a09
    I: 402a0c
    I: 402a0e
    I: 402a10
    I: 402a15
    I: 402a1a
    I: 402a1d
    I: 402a20
    I: 402a26 (flow 405459)
      Successors: 405459
  BB: 4019ac in func 401160 with 3 insts
    I: 4019ac
    I: 4019b2
    I: 4019b7 (flow 4052a3)
      Successors: 4052a3, 4019bd
  BB: 4011ae in func 401160 with 3 insts
    I: 4011ae
    I: 4011b4
    I: 4011b9 (flow 40496e)
      Successors: 40496e, 4011bf
  BB: 4031af in func 401160 with 12 insts
    I: 4031af
    I: 4031b5
    I: 4031b7
    I: 4031ba
    I: 4031bc
    I: 4031be
    I: 4031c5
    I: 4031ca
    I: 4031cd
    I: 4031d2
    I: 4031d8
    I: 4031e2 (flow 405459)
      Successors: 405459
  BB: 4049b6 in func 401160 with 7 insts
    I: 4049b6
    I: 4049bd
    I: 4049c2
    I: 4049c7
    I: 4049cf
    I: 4049d2
    I: 4049d8 (flow 405459)
      Successors: 405459
  BB: 4051ba in func 401160 with 2 insts
    I: 4051ba
    I: 4051c4 (flow 405459)
      Successors: 405459
  BB: 4021bb in func 401160 with 1 insts
    I: 4021bb (flow 4021c0)
      Successors: 4021c0
  BB: 4019bd in func 401160 with 1 insts
    I: 4019bd (flow 4019c2)
      Successors: 4019c2
  BB: 4011bf in func 401160 with 1 insts
    I: 4011bf (flow 4011c4)
      Successors: 4011c4
  BB: 4021c0 in func 401160 with 3 insts
    I: 4021c0
    I: 4021c6
    I: 4021cb (flow 4025e9)
      Successors: 4021d1, 4025e9
  BB: 4019c2 in func 401160 with 3 insts
    I: 4019c2
    I: 4019c8
    I: 4019cd (flow 40275c)
      Successors: 4019d3, 40275c
  BB: 4011c4 in func 401160 with 3 insts
    I: 4011c4
    I: 4011ca
    I: 4011cf (flow 402f33)
      Successors: 402f33, 4011d5
  BB: 4051c9 in func 401160 with 2 insts
    I: 4051c9
    I: 4051d3 (flow 405459)
      Successors: 405459
  BB: 4021d1 in func 401160 with 1 insts
    I: 4021d1 (flow 4021d6)
      Successors: 4021d6
  BB: 4019d3 in func 401160 with 1 insts
    I: 4019d3 (flow 4019d8)
      Successors: 4019d8
  BB: 4011d5 in func 401160 with 1 insts
    I: 4011d5 (flow 4011da)
      Successors: 4011da
  BB: 4021d6 in func 401160 with 3 insts
    I: 4021d6
    I: 4021dc
    I: 4021e1 (flow 403eea)
      Successors: 403eea, 4021e7
  BB: 4019d8 in func 401160 with 3 insts
    I: 4019d8
    I: 4019de
    I: 4019e3 (flow 4041e4)
      Successors: 4019e9, 4041e4
  BB: 4051d8 in func 401160 with 2 insts
    I: 4051d8
    I: 4051e2 (flow 405459)
      Successors: 405459
  BB: 4011da in func 401160 with 3 insts
    I: 4011da
    I: 4011e0
    I: 4011e5 (flow 404d81)
      Successors: 404d81, 4011eb
  BB: 4049dd in func 401160 with 8 insts
    I: 4049dd
    I: 4049e4
    I: 4049eb
    I: 4049f0
    I: 4049f5
    I: 4049fb
    I: 4049fe
    I: 404a04 (flow 405459)
      Successors: 405459
  BB: 4041e4 in func 401160 with 42 insts
    I: 4041e4
    I: 4041ea
    I: 4041f0 (imm 408034)
    I: 4041f7
    I: 4041f9 (imm 408038)
    I: 404200
    I: 404202
    I: 404204
    I: 404207
    I: 404209
    I: 40420b
    I: 40420e
    I: 404211
    I: 404214
    I: 404218
    I: 40421b
    I: 40421f
    I: 404222
    I: 404224
    I: 404227
    I: 40422b
    I: 40422d
    I: 404230
    I: 404232
    I: 404235
    I: 404238
    I: 40423b
    I: 40423f
    I: 404242
    I: 404245
    I: 404248
    I: 40424b
    I: 40424e
    I: 404250
    I: 404253
    I: 404255
    I: 404257
    I: 40425c
    I: 404261
    I: 404264
    I: 404267
    I: 40426d (flow 405459)
      Successors: 405459
  BB: 4021e7 in func 401160 with 1 insts
    I: 4021e7 (flow 4021ec)
      Successors: 4021ec
  BB: 4031e7 in func 401160 with 6 insts
    I: 4031e7
    I: 4031ec
    I: 4031f1
    I: 4031fb
    I: 4031fe
    I: 403204 (flow 405459)
      Successors: 405459
  BB: 4019e9 in func 401160 with 1 insts
    I: 4019e9 (flow 4019ee)
      Successors: 4019ee
  BB: 4051e7 in func 401160 with 16 insts
    I: 4051e7
    I: 4051ed
    I: 4051ef
    I: 4051f2
    I: 4051f4
    I: 4051f6
    I: 4051fd
    I: 4051ff
    I: 405201
    I: 405203
    I: 405206
    I: 405208
    I: 40520a
    I: 40520c
    I: 405212
    I: 40521c (flow 405459)
      Successors: 405459
  BB: 4011eb in func 401160 with 1 insts
    I: 4011eb (flow 4011f0)
      Successors: 4011f0
  BB: 4021ec in func 401160 with 3 insts
    I: 4021ec
    I: 4021f2
    I: 4021f7 (flow 4046d9)
      Successors: 4046d9, 4021fd
  BB: 4019ee in func 401160 with 3 insts
    I: 4019ee
    I: 4019f4
    I: 4019f9 (flow 40328b)
      Successors: 40328b, 4019ff
  BB: 4011f0 in func 401160 with 3 insts
    I: 4011f0
    I: 4011f6
    I: 4011fb (flow 404f6f)
      Successors: 401201, 404f6f
  BB: 4021fd in func 401160 with 1 insts
    I: 4021fd (flow 402202)
      Successors: 402202
  BB: 4019ff in func 401160 with 1 insts
    I: 4019ff (flow 401a04)
      Successors: 401a04
  BB: 401201 in func 401160 with 1 insts
    I: 401201 (flow 401206)
      Successors: 401206
  BB: 402202 in func 401160 with 3 insts
    I: 402202
    I: 402208
    I: 40220d (flow 405230)
      Successors: 405230, 402213
  BB: 401a04 in func 401160 with 3 insts
    I: 401a04
    I: 401a0a
    I: 401a0f (flow 404ce1)
      Successors: 404ce1, 401a15
  BB: 401206 in func 401160 with 3 insts
    I: 401206
    I: 40120c
    I: 401211 (flow 402652)
      Successors: 402652, 401217
  BB: 403209 in func 401160 with 40 insts
    I: 403209 (imm 408034)
    I: 403210
    I: 403212 (imm 408038)
    I: 403219
    I: 40321b
    I: 40321d
    I: 403220
    I: 403222
    I: 403224
    I: 403227
    I: 40322a
    I: 40322d
    I: 403231
    I: 403234
    I: 403238
    I: 40323b
    I: 40323d
    I: 403240
    I: 403244
    I: 403246
    I: 403249
    I: 40324b
    I: 40324e
    I: 403251
    I: 403254
    I: 403258
    I: 40325b
    I: 40325e
    I: 403261
    I: 403264
    I: 403267
    I: 403269
    I: 40326c
    I: 40326e
    I: 403270
    I: 403275
    I: 40327a
    I: 40327d
    I: 403280
    I: 403286 (flow 405459)
      Successors: 405459
  BB: 403a0a in func 401160 with 26 insts
    I: 403a0a
    I: 403a10
    I: 403a16 (imm 408034)
    I: 403a1d
    I: 403a1f (imm 408038)
    I: 403a26
    I: 403a28
    I: 403a2a
    I: 403a2d
    I: 403a2f
    I: 403a31
    I: 403a34
    I: 403a37
    I: 403a3a
    I: 403a3d
    I: 403a40
    I: 403a43
    I: 403a45
    I: 403a47
    I: 403a49
    I: 403a4b
    I: 403a50
    I: 403a55
    I: 403a58
    I: 403a5b
    I: 403a61 (flow 405459)
      Successors: 405459
  BB: 404a09 in func 401160 with 40 insts
    I: 404a09 (imm 408034)
    I: 404a10
    I: 404a12 (imm 408038)
    I: 404a19
    I: 404a1b
    I: 404a1d
    I: 404a20
    I: 404a22
    I: 404a24
    I: 404a27
    I: 404a2a
    I: 404a2d
    I: 404a31
    I: 404a34
    I: 404a38
    I: 404a3b
    I: 404a3d
    I: 404a40
    I: 404a44
    I: 404a46
    I: 404a49
    I: 404a4b
    I: 404a4e
    I: 404a51
    I: 404a54
    I: 404a58
    I: 404a5b
    I: 404a5e
    I: 404a61
    I: 404a64
    I: 404a67
    I: 404a69
    I: 404a6c
    I: 404a6e
    I: 404a70
    I: 404a75
    I: 404a7a
    I: 404a7d
    I: 404a80
    I: 404a86 (flow 405459)
      Successors: 405459
  BB: 402213 in func 401160 with 1 insts
    I: 402213 (flow 402218)
      Successors: 402218
  BB: 401a15 in func 401160 with 1 insts
    I: 401a15 (flow 401a1a)
      Successors: 401a1a
  BB: 401217 in func 401160 with 1 insts
    I: 401217 (flow 40121c)
      Successors: 40121c
  BB: 402218 in func 401160 with 3 insts
    I: 402218
    I: 40221e
    I: 402223 (flow 402450)
      Successors: 402450, 402229
  BB: 401a1a in func 401160 with 3 insts
    I: 401a1a
    I: 401a20
    I: 401a25 (flow 404fe9)
      Successors: 404fe9, 401a2b
  BB: 40121c in func 401160 with 3 insts
    I: 40121c
    I: 401222
    I: 401227 (flow 40475e)
      Successors: 40122d, 40475e
  BB: 405221 in func 401160 with 2 insts
    I: 405221
    I: 40522b (flow 405459)
      Successors: 405459
  BB: 402229 in func 401160 with 1 insts
    I: 402229 (flow 40222e)
      Successors: 40222e
  BB: 401a2b in func 401160 with 1 insts
    I: 401a2b (flow 401a30)
      Successors: 401a30
  BB: 402a2b in func 401160 with 43 insts
    I: 402a2b
    I: 402a32
    I: 402a3d
    I: 402a47 (imm 408034)
    I: 402a4e
    I: 402a50 (imm 408038)
    I: 402a57
    I: 402a59
    I: 402a5b
    I: 402a61
    I: 402a64
    I: 402a6a
    I: 402a6d
    I: 402a70
    I: 402a73
    I: 402a77
    I: 402a7a
    I: 402a7e
    I: 402a81
    I: 402a83
    I: 402a86
    I: 402a8a
    I: 402a8c
    I: 402a8f
    I: 402a91
    I: 402a94
    I: 402a97
    I: 402a9a
    I: 402a9e
    I: 402aa1
    I: 402aa4
    I: 402aa7
    I: 402aaa
    I: 402aad
    I: 402aaf
    I: 402ab2
    I: 402ab4
    I: 402ab6
    I: 402abb
    I: 402ac0
    I: 402ac3
    I: 402ac6
    I: 402acc (flow 405459)
      Successors: 405459
  BB: 40122d in func 401160 with 1 insts
    I: 40122d (flow 401232)
      Successors: 401232
  BB: 40222e in func 401160 with 3 insts
    I: 40222e
    I: 402234
    I: 402239 (flow 4042af)
      Successors: 4042af, 40223f
  BB: 401a30 in func 401160 with 3 insts
    I: 401a30
    I: 401a36
    I: 401a3b (flow 405431)
      Successors: 401a41, 405431
  BB: 405230 in func 401160 with 2 insts
    I: 405230
    I: 40523a (flow 405459)
      Successors: 405459
  BB: 401232 in func 401160 with 3 insts
    I: 401232
    I: 401238
    I: 40123d (flow 402812)
      Successors: 402812, 401243
  BB: 40223f in func 401160 with 1 insts
    I: 40223f (flow 402244)
      Successors: 402244
  BB: 40523f in func 401160 with 2 insts
    I: 40523f
    I: 405249 (flow 405459)
      Successors: 405459
  BB: 401a41 in func 401160 with 1 insts
    I: 401a41 (flow 401a46)
      Successors: 401a46
  BB: 401243 in func 401160 with 1 insts
    I: 401243 (flow 401248)
      Successors: 401248
  BB: 402244 in func 401160 with 3 insts
    I: 402244
    I: 40224a
    I: 40224f (flow 403b7d)
      Successors: 403b7d, 402255
  BB: 401a46 in func 401160 with 3 insts
    I: 401a46
    I: 401a4c
    I: 401a51 (flow 40352f)
      Successors: 40352f, 401a57
  BB: 401248 in func 401160 with 3 insts
    I: 401248
    I: 40124e
    I: 401253 (flow 40416e)
      Successors: 401259, 40416e
  BB: 40524e in func 401160 with 2 insts
    I: 40524e
    I: 405258 (flow 405459)
      Successors: 405459
  BB: 402255 in func 401160 with 1 insts
    I: 402255 (flow 40225a)
      Successors: 40225a
  BB: 401a57 in func 401160 with 1 insts
    I: 401a57 (flow 401a5c)
      Successors: 401a5c
  BB: 401259 in func 401160 with 1 insts
    I: 401259 (flow 40125e)
      Successors: 40125e
  BB: 40225a in func 401160 with 3 insts
    I: 40225a
    I: 402260
    I: 402265 (flow 404616)
      Successors: 40226b, 404616
  BB: 401a5c in func 401160 with 3 insts
    I: 401a5c
    I: 401a62
    I: 401a67 (flow 4027e3)
      Successors: 4027e3, 401a6d
  BB: 40525d in func 401160 with 2 insts
    I: 40525d
    I: 405267 (flow 405459)
      Successors: 405459
  BB: 40125e in func 401160 with 3 insts
    I: 40125e
    I: 401264
    I: 401269 (flow 404b29)
      Successors: 404b29, 40126f
  BB: 403a66 in func 401160 with 2 insts
    I: 403a66
    I: 403a70 (flow 405459)
      Successors: 405459
  BB: 40226b in func 401160 with 1 insts
    I: 40226b (flow 402270)
      Successors: 402270
  BB: 40526c in func 401160 with 7 insts
    I: 40526c
    I: 405272
    I: 405277
    I: 40527a
    I: 40527f
    I: 405285
    I: 40528f (flow 405459)
      Successors: 405459
  BB: 401a6d in func 401160 with 1 insts
    I: 401a6d (flow 401a72)
      Successors: 401a72
  BB: 40126f in func 401160 with 1 insts
    I: 40126f (flow 401274)
      Successors: 401274
  BB: 402270 in func 401160 with 3 insts
    I: 402270
    I: 402276
    I: 40227b (flow 4053f6)
      Successors: 402281, 4053f6
  BB: 401a72 in func 401160 with 3 insts
    I: 401a72
    I: 401a78
    I: 401a7d (flow 4052ef)
      Successors: 401a83, 4052ef
  BB: 404272 in func 401160 with 2 insts
    I: 404272
    I: 40427c (flow 405459)
      Successors: 405459
  BB: 401274 in func 401160 with 3 insts
    I: 401274
    I: 40127a
    I: 40127f (flow 4050fd)
      Successors: 4050fd, 401285
  BB: 403a75 in func 401160 with 7 insts
    I: 403a75
    I: 403a7c
    I: 403a81
    I: 403a86
    I: 403a8e
    I: 403a91
    I: 403a97 (flow 405459)
      Successors: 405459
  BB: 402281 in func 401160 with 1 insts
    I: 402281 (flow 402286)
      Successors: 402286
  BB: 404281 in func 401160 with 8 insts
    I: 404281
    I: 404288
    I: 40428d
    I: 404292
    I: 40429a
    I: 40429d
    I: 4042a3
    I: 4042aa (flow 405459)
      Successors: 405459
  BB: 401a83 in func 401160 with 1 insts
    I: 401a83 (flow 401a88)
      Successors: 401a88
  BB: 401285 in func 401160 with 1 insts
    I: 401285 (flow 40128a)
      Successors: 40128a
  BB: 402286 in func 401160 with 3 insts
    I: 402286
    I: 40228c
    I: 402291 (flow 4022b7)
      Successors: 4022b7, 402297
  BB: 401a88 in func 401160 with 3 insts
    I: 401a88
    I: 401a8e
    I: 401a93 (flow 403794)
      Successors: 401a99, 403794
  BB: 40128a in func 401160 with 3 insts
    I: 40128a
    I: 401290
    I: 401295 (flow 404b56)
      Successors: 40129b, 404b56
  BB: 40328b in func 401160 with 45 insts
    I: 40328b
    I: 403292
    I: 40329a
    I: 40329d
    I: 40329f
    I: 4032a2 (imm 408034)
    I: 4032a9
    I: 4032ab (imm 408038)
    I: 4032b2
    I: 4032b4
    I: 4032b6
    I: 4032b9
    I: 4032bb
    I: 4032bd
    I: 4032c0
    I: 4032c3
    I: 4032c6
    I: 4032ca
    I: 4032cd
    I: 4032d1
    I: 4032d4
    I: 4032d6
    I: 4032d9
    I: 4032dd
    I: 4032df
    I: 4032e2
    I: 4032e4
    I: 4032e7
    I: 4032ea
    I: 4032ed
    I: 4032f1
    I: 4032f4
    I: 4032f7
    I: 4032fa
    I: 4032fd
    I: 403300
    I: 403302
    I: 403305
    I: 403307
    I: 403309
    I: 40330e
    I: 403313
    I: 403316
    I: 403319
    I: 40331f (flow 405459)
      Successors: 405459
  BB: 404a8b in func 401160 with 43 insts
    I: 404a8b
    I: 404a91
    I: 404a98
    I: 404a9f (imm 408034)
    I: 404aa6
    I: 404aa8 (imm 408038)
    I: 404aaf
    I: 404ab1
    I: 404ab3
    I: 404ab9
    I: 404abc
    I: 404ac2
    I: 404ac5
    I: 404ac8
    I: 404acb
    I: 404acf
    I: 404ad2
    I: 404ad6
    I: 404ad9
    I: 404adb
    I: 404ade
    I: 404ae2
    I: 404ae4
    I: 404ae7
    I: 404ae9
    I: 404aec
    I: 404aef
    I: 404af2
    I: 404af6
    I: 404af9
    I: 404afc
    I: 404aff
    I: 404b02
    I: 404b05
    I: 404b07
    I: 404b0a
    I: 404b0c
    I: 404b0e
    I: 404b13
    I: 404b18
    I: 404b1b
    I: 404b1e
    I: 404b24 (flow 405459)
      Successors: 405459
  BB: 405294 in func 401160 with 2 insts
    I: 405294
    I: 40529e (flow 405459)
      Successors: 405459
  BB: 402297 in func 401160 with 1 insts
    I: 402297 (flow 40229c)
      Successors: 40229c
  BB: 401a99 in func 401160 with 1 insts
    I: 401a99 (flow 401a9e)
      Successors: 401a9e
  BB: 40129b in func 401160 with 1 insts
    I: 40129b (flow 4012a0)
      Successors: 4012a0
  BB: 40229c in func 401160 with 3 insts
    I: 40229c
    I: 4022a2
    I: 4022a7 (flow 402de7)
      Successors: 4022ad, 402de7
  BB: 403a9c in func 401160 with 2 insts
    I: 403a9c
    I: 403aa6 (flow 405459)
      Successors: 405459
  BB: 401a9e in func 401160 with 3 insts
    I: 401a9e
    I: 401aa4
    I: 401aa9 (flow 40382f)
      Successors: 40382f, 401aaf
  BB: 4012a0 in func 401160 with 3 insts
    I: 4012a0
    I: 4012a6
    I: 4012ab (flow 40304b)
      Successors: 4012b1, 40304b
  BB: 4052a3 in func 401160 with 4 insts
    I: 4052a3
    I: 4052a9
    I: 4052af
    I: 4052b9 (flow 405459)
      Successors: 405459
  BB: 403aab in func 401160 with 24 insts
    I: 403aab (imm 408034)
    I: 403ab2
    I: 403ab4 (imm 408038)
    I: 403abb
    I: 403abd
    I: 403abf
    I: 403ac2
    I: 403ac4
    I: 403ac6
    I: 403ac9
    I: 403acc
    I: 403acf
    I: 403ad2
    I: 403ad5
    I: 403ad8
    I: 403ada
    I: 403adc
    I: 403ade
    I: 403ae0
    I: 403ae5
    I: 403aea
    I: 403aed
    I: 403af0
    I: 403af6 (flow 405459)
      Successors: 405459
  BB: 4022ad in func 401160 with 1 insts
    I: 4022ad (flow 4022b2)
      Successors: 4022b2
  BB: 401aaf in func 401160 with 1 insts
    I: 401aaf (flow 401ab4)
      Successors: 401ab4
  BB: 4042af in func 401160 with 11 insts
    I: 4042af
    I: 4042b5
    I: 4042ba
    I: 4042bd
    I: 4042c2
    I: 4042c4
    I: 4042cc
    I: 4042cf
    I: 4042d9
    I: 4042db
    I: 4042e1 (flow 405459)
      Successors: 405459
  BB: 4012b1 in func 401160 with 1 insts
    I: 4012b1 (flow 4012b6)
      Successors: 4012b6
  BB: 4022b2 in func 401160 with 1 insts
    I: 4022b2 (flow 405459)
      Successors: 405459
  BB: 401ab4 in func 401160 with 3 insts
    I: 401ab4
    I: 401aba
    I: 401abf (flow 402896)
      Successors: 401ac5, 402896
  BB: 4012b6 in func 401160 with 3 insts
    I: 4012b6
    I: 4012bc
    I: 4012c1 (flow 4034a5)
      Successors: 4034a5, 4012c7
  BB: 4022b7 in func 401160 with 10 insts
    I: 4022b7 (imm 406004)
    I: 4022c1
    I: 4022c5
    I: 4022c7 (flow 408060)
    I: 4022cc
    I: 4022d1
    I: 4022d6
    I: 4022da
    I: 4022dd
    I: 4022e3 (flow 405459)
      Successors: 405459
  BB: 4052be in func 401160 with 7 insts
    I: 4052be
    I: 4052c4
    I: 4052c6
    I: 4052c9
    I: 4052cb
    I: 4052d1
    I: 4052db (flow 405459)
      Successors: 405459
  BB: 401ac5 in func 401160 with 1 insts
    I: 401ac5 (flow 401aca)
      Successors: 401aca
  BB: 4012c7 in func 401160 with 1 insts
    I: 4012c7 (flow 4012cc)
      Successors: 4012cc
  BB: 401aca in func 401160 with 3 insts
    I: 401aca
    I: 401ad0
    I: 401ad5 (flow 4022f7)
      Successors: 401adb, 4022f7
  BB: 4012cc in func 401160 with 3 insts
    I: 4012cc
    I: 4012d2
    I: 4012d7 (flow 403f35)
      Successors: 403f35, 4012dd
  BB: 402ad1 in func 401160 with 2 insts
    I: 402ad1
    I: 402adb (flow 405459)
      Successors: 405459
  BB: 401adb in func 401160 with 1 insts
    I: 401adb (flow 401ae0)
      Successors: 401ae0
  BB: 4012dd in func 401160 with 1 insts
    I: 4012dd (flow 4012e2)
      Successors: 4012e2
  BB: 401ae0 in func 401160 with 3 insts
    I: 401ae0
    I: 401ae6
    I: 401aeb (flow 4052be)
      Successors: 401af1, 4052be
  BB: 402ae0 in func 401160 with 8 insts
    I: 402ae0
    I: 402ae7
    I: 402aec
    I: 402af1
    I: 402af9
    I: 402afc
    I: 402b02
    I: 402b09 (flow 405459)
      Successors: 405459
  BB: 4012e2 in func 401160 with 3 insts
    I: 4012e2
    I: 4012e8
    I: 4012ed (flow 404dc8)
      Successors: 404dc8, 4012f3
  BB: 4052e0 in func 401160 with 2 insts
    I: 4052e0
    I: 4052ea (flow 405459)
      Successors: 405459
  BB: 4042e6 in func 401160 with 43 insts
    I: 4042e6
    I: 4042ec
    I: 4042ee
    I: 4042f1 (imm 408034)
    I: 4042f8
    I: 4042fa (imm 408038)
    I: 404301
    I: 404303
    I: 404305
    I: 404308
    I: 40430a
    I: 40430c
    I: 40430f
    I: 404312
    I: 404315
    I: 404319
    I: 40431c
    I: 404320
    I: 404323
    I: 404325
    I: 404328
    I: 40432c
    I: 40432e
    I: 404331
    I: 404333
    I: 404336
    I: 404339
    I: 40433c
    I: 404340
    I: 404343
    I: 404346
    I: 404349
    I: 40434c
    I: 40434f
    I: 404351
    I: 404354
    I: 404356
    I: 404358
    I: 40435d
    I: 404362
    I: 404365
    I: 404368
    I: 40436e (flow 405459)
      Successors: 405459
  BB: 4022e8 in func 401160 with 2 insts
    I: 4022e8
    I: 4022f2 (flow 405459)
      Successors: 405459
  BB: 4052ef in func 401160 with 12 insts
    I: 4052ef
    I: 4052f5
    I: 4052f7
    I: 4052fa
    I: 4052fc
    I: 4052fe
    I: 405305
    I: 40530a
    I: 40530d
    I: 405312
    I: 405318
    I: 405322 (flow 405459)
      Successors: 405459
  BB: 401af1 in func 401160 with 1 insts
    I: 401af1 (flow 401af6)
      Successors: 401af6
  BB: 4012f3 in func 401160 with 1 insts
    I: 4012f3 (flow 4012f8)
      Successors: 4012f8
  BB: 401af6 in func 401160 with 3 insts
    I: 401af6
    I: 401afc
    I: 401b01 (flow 40277d)
      Successors: 40277d, 401b07
  BB: 4022f7 in func 401160 with 40 insts
    I: 4022f7 (imm 408034)
    I: 4022fe
    I: 402300 (imm 408038)
    I: 402307
    I: 402309
    I: 40230b
    I: 402311
    I: 402314
    I: 40231a
    I: 40231d
    I: 402320
    I: 402323
    I: 402327
    I: 40232a
    I: 40232e
    I: 402331
    I: 402333
    I: 402336
    I: 40233a
    I: 40233c
    I: 40233f
    I: 402341
    I: 402344
    I: 402347
    I: 40234a
    I: 40234e
    I: 402351
    I: 402354
    I: 402357
    I: 40235a
    I: 40235d
    I: 40235f
    I: 402362
    I: 402364
    I: 402366
    I: 40236b
    I: 402370
    I: 402373
    I: 402376
    I: 40237c (flow 405459)
      Successors: 405459
  BB: 4012f8 in func 401160 with 3 insts
    I: 4012f8
    I: 4012fe
    I: 401303 (flow 404a09)
      Successors: 401309, 404a09
  BB: 403afb in func 401160 with 33 insts
    I: 403afb
    I: 403b01
    I: 403b03
    I: 403b05
    I: 403b07
    I: 403b0a
    I: 403b0c
    I: 403b0e
    I: 403b10
    I: 403b16 (imm 408034)
    I: 403b1d
    I: 403b1f (imm 408038)
    I: 403b26
    I: 403b28
    I: 403b2a
    I: 403b30
    I: 403b33
    I: 403b39
    I: 403b3c
    I: 403b3f
    I: 403b42
    I: 403b45
    I: 403b48
    I: 403b4b
    I: 403b4d
    I: 403b4f
    I: 403b51
    I: 403b53
    I: 403b58
    I: 403b5d
    I: 403b60
    I: 403b63
    I: 403b69 (flow 405459)
      Successors: 405459
  BB: 401b07 in func 401160 with 1 insts
    I: 401b07 (flow 401b0c)
      Successors: 401b0c
  BB: 401309 in func 401160 with 1 insts
    I: 401309 (flow 40130e)
      Successors: 40130e
  BB: 401b0c in func 401160 with 3 insts
    I: 401b0c
    I: 401b12
    I: 401b17 (flow 40538d)
      Successors: 401b1d, 40538d
  BB: 40130e in func 401160 with 3 insts
    I: 40130e
    I: 401314
    I: 401319 (flow 404495)
      Successors: 404495, 40131f
  BB: 402b0e in func 401160 with 15 insts
    I: 402b0e
    I: 402b14
    I: 402b16
    I: 402b18
    I: 402b1a
    I: 402b1d
    I: 402b1f
    I: 402b21
    I: 402b23
    I: 402b25
    I: 402b2d
    I: 402b30
    I: 402b3a
    I: 402b3c
    I: 402b42 (flow 405459)
      Successors: 405459
  BB: 401b1d in func 401160 with 1 insts
    I: 401b1d (flow 401b22)
      Successors: 401b22
  BB: 40131f in func 401160 with 1 insts
    I: 40131f (flow 401324)
      Successors: 401324
  BB: 401b22 in func 401160 with 3 insts
    I: 401b22
    I: 401b28
    I: 401b2d (flow 404f4f)
      Successors: 401b33, 404f4f
  BB: 401324 in func 401160 with 3 insts
    I: 401324
    I: 40132a
    I: 40132f (flow 4049a7)
      Successors: 401335, 4049a7
  BB: 403324 in func 401160 with 7 insts
    I: 403324
    I: 403327
    I: 40332c
    I: 403331
    I: 403334
    I: 403337
    I: 40333d (flow 405459)
      Successors: 405459
  BB: 405327 in func 401160 with 2 insts
    I: 405327
    I: 405331 (flow 405459)
      Successors: 405459
  BB: 404b29 in func 401160 with 2 insts
    I: 404b29
    I: 404b33 (flow 405459)
      Successors: 405459
  BB: 401b33 in func 401160 with 1 insts
    I: 401b33 (flow 401b38)
      Successors: 401b38
  BB: 401335 in func 401160 with 1 insts
    I: 401335 (flow 40133a)
      Successors: 40133a
  BB: 405336 in func 401160 with 2 insts
    I: 405336
    I: 405340 (flow 405459)
      Successors: 405459
  BB: 401b38 in func 401160 with 3 insts
    I: 401b38
    I: 401b3e
    I: 401b43 (flow 4052e0)
      Successors: 4052e0, 401b49
  BB: 404b38 in func 401160 with 2 insts
    I: 404b38
    I: 404b42 (flow 405459)
      Successors: 405459
  BB: 40133a in func 401160 with 3 insts
    I: 40133a
    I: 401340
    I: 401345 (flow 4031af)
      Successors: 40134b, 4031af
  BB: 403342 in func 401160 with 4 insts
    I: 403342
    I: 403348
    I: 40334e
    I: 403358 (flow 405459)
      Successors: 405459
  BB: 405345 in func 401160 with 4 insts
    I: 405345
    I: 40534b
    I: 405351
    I: 40535b (flow 405459)
      Successors: 405459
  BB: 402b47 in func 401160 with 43 insts
    I: 402b47
    I: 402b4d
    I: 402b4f
    I: 402b52 (imm 408034)
    I: 402b59
    I: 402b5b (imm 408038)
    I: 402b62
    I: 402b64
    I: 402b66
    I: 402b69
    I: 402b6b
    I: 402b6d
    I: 402b70
    I: 402b73
    I: 402b76
    I: 402b7a
    I: 402b7d
    I: 402b81
    I: 402b84
    I: 402b86
    I: 402b89
    I: 402b8d
    I: 402b8f
    I: 402b92
    I: 402b94
    I: 402b97
    I: 402b9a
    I: 402b9d
    I: 402ba1
    I: 402ba4
    I: 402ba7
    I: 402baa
    I: 402bad
    I: 402bb0
    I: 402bb2
    I: 402bb5
    I: 402bb7
    I: 402bb9
    I: 402bbe
    I: 402bc3
    I: 402bc6
    I: 402bc9
    I: 402bcf (flow 405459)
      Successors: 405459
  BB: 404b47 in func 401160 with 2 insts
    I: 404b47
    I: 404b51 (flow 405459)
      Successors: 405459
  BB: 401b49 in func 401160 with 1 insts
    I: 401b49 (flow 401b4e)
      Successors: 401b4e
  BB: 40134b in func 401160 with 1 insts
    I: 40134b (flow 401350)
      Successors: 401350
  BB: 401b4e in func 401160 with 3 insts
    I: 401b4e
    I: 401b54
    I: 401b59 (flow 402420)
      Successors: 402420, 401b5f
  BB: 401350 in func 401160 with 3 insts
    I: 401350
    I: 401356
    I: 40135b (flow 404b47)
      Successors: 401361, 404b47
  BB: 404b56 in func 401160 with 7 insts
    I: 404b56
    I: 404b5c
    I: 404b61
    I: 404b64
    I: 404b69
    I: 404b6f
    I: 404b79 (flow 405459)
      Successors: 405459
  BB: 40335d in func 401160 with 40 insts
    I: 40335d (imm 408034)
    I: 403364
    I: 403366 (imm 408038)
    I: 40336d
    I: 40336f
    I: 403371
    I: 403374
    I: 403376
    I: 403378
    I: 40337b
    I: 40337e
    I: 403381
    I: 403385
    I: 403388
    I: 40338c
    I: 40338f
    I: 403391
    I: 403394
    I: 403398
    I: 40339a
    I: 40339d
    I: 40339f
    I: 4033a2
    I: 4033a5
    I: 4033a8
    I: 4033ac
    I: 4033af
    I: 4033b2
    I: 4033b5
    I: 4033b8
    I: 4033bb
    I: 4033bd
    I: 4033c0
    I: 4033c2
    I: 4033c4
    I: 4033c9
    I: 4033ce
    I: 4033d1
    I: 4033d4
    I: 4033da (flow 405459)
      Successors: 405459
  BB: 401b5f in func 401160 with 1 insts
    I: 401b5f (flow 401b64)
      Successors: 401b64
  BB: 405360 in func 401160 with 2 insts
    I: 405360
    I: 40536a (flow 405459)
      Successors: 405459
  BB: 401361 in func 401160 with 1 insts
    I: 401361 (flow 401366)
      Successors: 401366
  BB: 401b64 in func 401160 with 3 insts
    I: 401b64
    I: 401b6a
    I: 401b6f (flow 40303c)
      Successors: 40303c, 401b75
  BB: 401366 in func 401160 with 3 insts
    I: 401366
    I: 40136c
    I: 401371 (flow 402e27)
      Successors: 402e27, 401377
  BB: 403b6e in func 401160 with 2 insts
    I: 403b6e
    I: 403b78 (flow 405459)
      Successors: 405459
  BB: 40536f in func 401160 with 2 insts
    I: 40536f
    I: 405379 (flow 405459)
      Successors: 405459
  BB: 404373 in func 401160 with 40 insts
    I: 404373 (imm 408034)
    I: 40437a
    I: 40437c (imm 408038)
    I: 404383
    I: 404385
    I: 404387
    I: 40438a
    I: 40438c
    I: 40438e
    I: 404391
    I: 404394
    I: 404397
    I: 40439b
    I: 40439e
    I: 4043a2
    I: 4043a5
    I: 4043a7
    I: 4043aa
    I: 4043ae
    I: 4043b0
    I: 4043b3
    I: 4043b5
    I: 4043b8
    I: 4043bb
    I: 4043be
    I: 4043c2
    I: 4043c5
    I: 4043c8
    I: 4043cb
    I: 4043ce
    I: 4043d1
    I: 4043d3
    I: 4043d6
    I: 4043d8
    I: 4043da
    I: 4043df
    I: 4043e4
    I: 4043e7
    I: 4043ea
    I: 4043f0 (flow 405459)
      Successors: 405459
  BB: 401b75 in func 401160 with 1 insts
    I: 401b75 (flow 401b7a)
      Successors: 401b7a
  BB: 401377 in func 401160 with 1 insts
    I: 401377 (flow 40137c)
      Successors: 40137c
  BB: 401b7a in func 401160 with 3 insts
    I: 401b7a
    I: 401b80
    I: 401b85 (flow 40316a)
      Successors: 40316a, 401b8b
  BB: 40137c in func 401160 with 3 insts
    I: 40137c
    I: 401382
    I: 401387 (flow 402c7b)
      Successors: 402c7b, 40138d
  BB: 403b7d in func 401160 with 40 insts
    I: 403b7d (imm 408034)
    I: 403b84
    I: 403b86 (imm 408038)
    I: 403b8d
    I: 403b8f
    I: 403b91
    I: 403b97
    I: 403b9a
    I: 403ba0
    I: 403ba3
    I: 403ba6
    I: 403ba9
    I: 403bad
    I: 403bb0
    I: 403bb4
    I: 403bb7
    I: 403bb9
    I: 403bbc
    I: 403bc0
    I: 403bc2
    I: 403bc5
    I: 403bc7
    I: 403bca
    I: 403bcd
    I: 403bd0
    I: 403bd4
    I: 403bd7
    I: 403bda
    I: 403bdd
    I: 403be0
    I: 403be3
    I: 403be5
    I: 403be8
    I: 403bea
    I: 403bec
    I: 403bf1
    I: 403bf6
    I: 403bf9
    I: 403bfc
    I: 403c02 (flow 405459)
      Successors: 405459
  BB: 404b7e in func 401160 with 2 insts
    I: 404b7e
    I: 404b88 (flow 405459)
      Successors: 405459
  BB: 40537e in func 401160 with 2 insts
    I: 40537e
    I: 405388 (flow 405459)
      Successors: 405459
  BB: 402381 in func 401160 with 45 insts
    I: 402381
    I: 402388
    I: 40238a
    I: 40238f (flow 408058)
    I: 402394
    I: 40239e (imm 408034)
    I: 4023a5
    I: 4023a7 (imm 408038)
    I: 4023ae
    I: 4023b0
    I: 4023b2
    I: 4023b5
    I: 4023b7
    I: 4023b9
    I: 4023bc
    I: 4023bf
    I: 4023c2
    I: 4023c6
    I: 4023c9
    I: 4023cd
    I: 4023d0
    I: 4023d2
    I: 4023d5
    I: 4023d9
    I: 4023db
    I: 4023de
    I: 4023e0
    I: 4023e3
    I: 4023e6
    I: 4023e9
    I: 4023ed
    I: 4023f0
    I: 4023f3
    I: 4023f6
    I: 4023f9
    I: 4023fc
    I: 4023fe
    I: 402401
    I: 402403
    I: 402405
    I: 40240a
    I: 40240f
    I: 402412
    I: 402415
    I: 40241b (flow 405459)
      Successors: 405459
  BB: 401b8b in func 401160 with 1 insts
    I: 401b8b (flow 401b90)
      Successors: 401b90
  BB: 40138d in func 401160 with 1 insts
    I: 40138d (flow 401392)
      Successors: 401392
  BB: 404b8d in func 401160 with 24 insts
    I: 404b8d (imm 408034)
    I: 404b94
    I: 404b96 (imm 408038)
    I: 404b9d
    I: 404b9f
    I: 404ba1
    I: 404ba7
    I: 404baa
    I: 404bb0
    I: 404bb3
    I: 404bb6
    I: 404bb9
    I: 404bbc
    I: 404bbf
    I: 404bc2
    I: 404bc4
    I: 404bc6
    I: 404bc8
    I: 404bca
    I: 404bcf
    I: 404bd4
    I: 404bd7
    I: 404bda
    I: 404be0 (flow 405459)
      Successors: 405459
  BB: 40538d in func 401160 with 2 insts
    I: 40538d
    I: 405397 (flow 405459)
      Successors: 405459
  BB: 401b90 in func 401160 with 3 insts
    I: 401b90
    I: 401b96
    I: 401b9b (flow 402a2b)
      Successors: 401ba1, 402a2b
  BB: 401392 in func 401160 with 3 insts
    I: 401392
    I: 401398
    I: 40139d (flow 4050b7)
      Successors: 4013a3, 4050b7
  BB: 40539c in func 401160 with 2 insts
    I: 40539c
    I: 4053a6 (flow 405459)
      Successors: 405459
  BB: 401ba1 in func 401160 with 1 insts
    I: 401ba1 (flow 401ba6)
      Successors: 401ba6
  BB: 4013a3 in func 401160 with 1 insts
    I: 4013a3 (flow 4013a8)
      Successors: 4013a8
  BB: 401ba6 in func 401160 with 3 insts
    I: 401ba6
    I: 401bac
    I: 401bb1 (flow 403988)
      Successors: 403988, 401bb7
  BB: 4013a8 in func 401160 with 3 insts
    I: 4013a8
    I: 4013ae
    I: 4013b3 (flow 404575)
      Successors: 4013b9, 404575
  BB: 4053ab in func 401160 with 7 insts
    I: 4053ab
    I: 4053b1
    I: 4053b6
    I: 4053b9
    I: 4053be
    I: 4053c4
    I: 4053ce (flow 405459)
      Successors: 405459
  BB: 401bb7 in func 401160 with 1 insts
    I: 401bb7 (flow 401bbc)
      Successors: 401bbc
  BB: 4013b9 in func 401160 with 1 insts
    I: 4013b9 (flow 4013be)
      Successors: 4013be
  BB: 401bbc in func 401160 with 3 insts
    I: 401bbc
    I: 401bc2
    I: 401bc7 (flow 4035de)
      Successors: 401bcd, 4035de
  BB: 4013be in func 401160 with 3 insts
    I: 4013be
    I: 4013c4
    I: 4013c9 (flow 402550)
      Successors: 402550, 4013cf
  BB: 401bcd in func 401160 with 1 insts
    I: 401bcd (flow 401bd2)
      Successors: 401bd2
  BB: 4013cf in func 401160 with 1 insts
    I: 4013cf (flow 4013d4)
      Successors: 4013d4
  BB: 401bd2 in func 401160 with 3 insts
    I: 401bd2
    I: 401bd8
    I: 401bdd (flow 40539c)
      Successors: 401be3, 40539c
  BB: 4053d3 in func 401160 with 5 insts
    I: 4053d3
    I: 4053d9
    I: 4053e0
    I: 4053e7
    I: 4053f1 (flow 405459)
      Successors: 405459
  BB: 4013d4 in func 401160 with 3 insts
    I: 4013d4
    I: 4013da
    I: 4013df (flow 404b8d)
      Successors: 4013e5, 404b8d
  BB: 402bd4 in func 401160 with 24 insts
    I: 402bd4 (imm 408034)
    I: 402bdb
    I: 402bdd (imm 408038)
    I: 402be4
    I: 402be6
    I: 402be8
    I: 402beb
    I: 402bed
    I: 402bef
    I: 402bf2
    I: 402bf5
    I: 402bf8
    I: 402bfb
    I: 402bfe
    I: 402c01
    I: 402c03
    I: 402c05
    I: 402c07
    I: 402c09
    I: 402c0e
    I: 402c13
    I: 402c16
    I: 402c19
    I: 402c1f (flow 405459)
      Successors: 405459
  BB: 4033df in func 401160 with 45 insts
    I: 4033df
    I: 4033e6
    I: 4033ee
    I: 4033f1
    I: 4033f3
    I: 4033f6 (imm 408034)
    I: 4033fd
    I: 4033ff (imm 408038)
    I: 403406
    I: 403408
    I: 40340a
    I: 403410
    I: 403413
    I: 403419
    I: 40341c
    I: 40341f
    I: 403422
    I: 403426
    I: 403429
    I: 40342d
    I: 403430
    I: 403432
    I: 403435
    I: 403439
    I: 40343b
    I: 40343e
    I: 403440
    I: 403443
    I: 403446
    I: 403449
    I: 40344d
    I: 403450
    I: 403453
    I: 403456
    I: 403459
    I: 40345c
    I: 40345e
    I: 403461
    I: 403463
    I: 403465
    I: 40346a
    I: 40346f
    I: 403472
    I: 403475
    I: 40347b (flow 405459)
      Successors: 405459
  BB: 401be3 in func 401160 with 1 insts
    I: 401be3 (flow 401be8)
      Successors: 401be8
  BB: 4013e5 in func 401160 with 1 insts
    I: 4013e5 (flow 4013ea)
      Successors: 4013ea
  BB: 404be5 in func 401160 with 45 insts
    I: 404be5
    I: 404beb
    I: 404bed
    I: 404bf0
    I: 404bf2
    I: 404bf8 (imm 408034)
    I: 404bff
    I: 404c01 (imm 408038)
    I: 404c08
    I: 404c0a
    I: 404c0c
    I: 404c0f
    I: 404c11
    I: 404c13
    I: 404c16
    I: 404c19
    I: 404c1c
    I: 404c20
    I: 404c23
    I: 404c27
    I: 404c2a
    I: 404c2c
    I: 404c2f
    I: 404c33
    I: 404c35
    I: 404c38
    I: 404c3a
    I: 404c3d
    I: 404c40
    I: 404c43
    I: 404c47
    I: 404c4a
    I: 404c4d
    I: 404c50
    I: 404c53
    I: 404c56
    I: 404c58
    I: 404c5b
    I: 404c5d
    I: 404c5f
    I: 404c64
    I: 404c69
    I: 404c6c
    I: 404c6f
    I: 404c75 (flow 405459)
      Successors: 405459
  BB: 401be8 in func 401160 with 3 insts
    I: 401be8
    I: 401bee
    I: 401bf3 (flow 403c98)
      Successors: 403c98, 401bf9
  BB: 4013ea in func 401160 with 3 insts
    I: 4013ea
    I: 4013f0
    I: 4013f5 (flow 40255f)
      Successors: 4013fb, 40255f
  BB: 4043f5 in func 401160 with 7 insts
    I: 4043f5
    I: 4043f8
    I: 4043fd
    I: 404402
    I: 404405
    I: 404408
    I: 40440e (flow 405459)
      Successors: 405459
  BB: 4053f6 in func 401160 with 7 insts
    I: 4053f6
    I: 4053fc
    I: 4053fe
    I: 405401
    I: 405403
    I: 405409
    I: 405413 (flow 405459)
      Successors: 405459
  BB: 401bf9 in func 401160 with 1 insts
    I: 401bf9 (flow 401bfe)
      Successors: 401bfe
  BB: 4013fb in func 401160 with 1 insts
    I: 4013fb (flow 401400)
      Successors: 401400
  BB: 401bfe in func 401160 with 3 insts
    I: 401bfe
    I: 401c04
    I: 401c09 (flow 4028a5)
      Successors: 4028a5, 401c0f
  BB: 401400 in func 401160 with 3 insts
    I: 401400
    I: 401406
    I: 40140b (flow 403aab)
      Successors: 401411, 403aab
  BB: 403c07 in func 401160 with 24 insts
    I: 403c07 (imm 408034)
    I: 403c0e
    I: 403c10 (imm 408038)
    I: 403c17
    I: 403c19
    I: 403c1b
    I: 403c21
    I: 403c24
    I: 403c2a
    I: 403c2d
    I: 403c30
    I: 403c33
    I: 403c36
    I: 403c39
    I: 403c3c
    I: 403c3e
    I: 403c40
    I: 403c42
    I: 403c44
    I: 403c49
    I: 403c4e
    I: 403c51
    I: 403c54
    I: 403c5a (flow 405459)
      Successors: 405459
  BB: 401c0f in func 401160 with 1 insts
    I: 401c0f (flow 401c14)
      Successors: 401c14
  BB: 401411 in func 401160 with 1 insts
    I: 401411 (flow 401416)
      Successors: 401416
  BB: 404413 in func 401160 with 40 insts
    I: 404413 (imm 408034)
    I: 40441a
    I: 40441c (imm 408038)
    I: 404423
    I: 404425
    I: 404427
    I: 40442a
    I: 40442c
    I: 40442e
    I: 404431
    I: 404434
    I: 404437
    I: 40443b
    I: 40443e
    I: 404442
    I: 404445
    I: 404447
    I: 40444a
    I: 40444e
    I: 404450
    I: 404453
    I: 404455
    I: 404458
    I: 40445b
    I: 40445e
    I: 404462
    I: 404465
    I: 404468
    I: 40446b
    I: 40446e
    I: 404471
    I: 404473
    I: 404476
    I: 404478
    I: 40447a
    I: 40447f
    I: 404484
    I: 404487
    I: 40448a
    I: 404490 (flow 405459)
      Successors: 405459
  BB: 401c14 in func 401160 with 3 insts
    I: 401c14
    I: 401c1a
    I: 401c1f (flow 40314c)
      Successors: 40314c, 401c25
  BB: 401416 in func 401160 with 3 insts
    I: 401416
    I: 40141c
    I: 401421 (flow 40383e)
      Successors: 40383e, 401427
  BB: 405418 in func 401160 with 3 insts
    I: 405418
    I: 405422
    I: 40542c (flow 405459)
      Successors: 405459
  BB: 402420 in func 401160 with 2 insts
    I: 402420
    I: 40242a (flow 405459)
      Successors: 405459
  BB: 402c24 in func 401160 with 7 insts
    I: 402c24
    I: 402c27
    I: 402c2c
    I: 402c31
    I: 402c34
    I: 402c37
    I: 402c3d (flow 405459)
      Successors: 405459
  BB: 401c25 in func 401160 with 1 insts
    I: 401c25 (flow 401c2a)
      Successors: 401c2a
  BB: 401427 in func 401160 with 1 insts
    I: 401427 (flow 40142c)
      Successors: 40142c
  BB: 401c2a in func 401160 with 3 insts
    I: 401c2a
    I: 401c30
    I: 401c35 (flow 4051c9)
      Successors: 4051c9, 401c3b
  BB: 40142c in func 401160 with 3 insts
    I: 40142c
    I: 401432
    I: 401437 (flow 4044f4)
      Successors: 4044f4, 40143d
  BB: 40242f in func 401160 with 7 insts
    I: 40242f
    I: 402435
    I: 40243a
    I: 40243f
    I: 402442
    I: 402445
    I: 40244b (flow 405459)
      Successors: 405459
  BB: 405431 in func 401160 with 2 insts
    I: 405431
    I: 40543b (flow 405459)
      Successors: 405459
  BB: 401c3b in func 401160 with 1 insts
    I: 401c3b (flow 401c40)
      Successors: 401c40
  BB: 40143d in func 401160 with 1 insts
    I: 40143d (flow 401442)
      Successors: 401442
  BB: 401c40 in func 401160 with 3 insts
    I: 401c40
    I: 401c46
    I: 401c4b (flow 40274d)
      Successors: 401c51, 40274d
  BB: 405440 in func 401160 with 3 insts
    I: 405440 (imm 406007)
    I: 40544a (flow 408048)
    I: 40544f
      Successors: 405459
  BB: 401442 in func 401160 with 3 insts
    I: 401442
    I: 401448
    I: 40144d (flow 404634)
      Successors: 401453, 404634
  BB: 402c42 in func 401160 with 2 insts
    I: 402c42
    I: 402c4c (flow 405459)
      Successors: 405459
  BB: 402450 in func 401160 with 24 insts
    I: 402450 (imm 408034)
    I: 402457
    I: 402459 (imm 408038)
    I: 402460
    I: 402462
    I: 402464
    I: 402467
    I: 402469
    I: 40246b
    I: 40246e
    I: 402471
    I: 402474
    I: 402477
    I: 40247a
    I: 40247d
    I: 40247f
    I: 402481
    I: 402483
    I: 402485
    I: 40248a
    I: 40248f
    I: 402492
    I: 402495
    I: 40249b (flow 405459)
      Successors: 405459
  BB: 401c51 in func 401160 with 1 insts
    I: 401c51 (flow 401c56)
      Successors: 401c56
  BB: 402c51 in func 401160 with 11 insts
    I: 402c51
    I: 402c57
    I: 402c59
    I: 402c5b
    I: 402c5d
    I: 402c60
    I: 402c62
    I: 402c64
    I: 402c66
    I: 402c6c
    I: 402c76 (flow 405459)
      Successors: 405459
  BB: 401453 in func 401160 with 1 insts
    I: 401453 (flow 401458)
      Successors: 401458
  BB: 401c56 in func 401160 with 3 insts
    I: 401c56
    I: 401c5c
    I: 401c61 (flow 403324)
      Successors: 403324, 401c67
  BB: 401458 in func 401160 with 3 insts
    I: 401458
    I: 40145e
    I: 401463 (flow 40518f)
      Successors: 401469, 40518f
  BB: 405459 in func 401160 with 1 insts
    I: 405459 (flow 40117c)
      Successors: 40117c
  BB: 403c5f in func 401160 with 2 insts
    I: 403c5f
    I: 403c69 (flow 405459)
      Successors: 405459
  BB: 401c67 in func 401160 with 1 insts
    I: 401c67 (flow 401c6c)
      Successors: 401c6c
  BB: 401469 in func 401160 with 1 insts
    I: 401469 (flow 40146e)
      Successors: 40146e
  BB: 401c6c in func 401160 with 3 insts
    I: 401c6c
    I: 401c72
    I: 401c77 (flow 40536f)
      Successors: 401c7d, 40536f
  BB: 40146e in func 401160 with 3 insts
    I: 40146e
    I: 401474
    I: 401479 (flow 404f08)
      Successors: 404f08, 40147f
  BB: 403c6e in func 401160 with 4 insts
    I: 403c6e
    I: 403c74
    I: 403c7a
    I: 403c84 (flow 405459)
      Successors: 405459
  BB: 404c7a in func 401160 with 2 insts
    I: 404c7a
    I: 404c84 (flow 405459)
      Successors: 405459
  BB: 402c7b in func 401160 with 5 insts
    I: 402c7b
    I: 402c82
    I: 402c8d
    I: 402c97
    I: 402ca1 (flow 405459)
      Successors: 405459
  BB: 401c7d in func 401160 with 1 insts
    I: 401c7d (flow 401c82)
      Successors: 401c82
  BB: 40147f in func 401160 with 1 insts
    I: 40147f (flow 401484)
      Successors: 401484
  BB: 403480 in func 401160 with 8 insts
    I: 403480
    I: 403483
    I: 403488
    I: 40348d
    I: 403490
    I: 403493
    I: 403499
    I: 4034a0 (flow 405459)
      Successors: 405459
  BB: 401c82 in func 401160 with 3 insts
    I: 401c82
    I: 401c88
    I: 401c8d (flow 4044e5)
      Successors: 401c93, 4044e5
  BB: 401484 in func 401160 with 3 insts
    I: 401484
    I: 40148a
    I: 40148f (flow 4033df)
      Successors: 401495, 4033df
  BB: 403c89 in func 401160 with 2 insts
    I: 403c89
    I: 403c93 (flow 405459)
      Successors: 405459
  BB: 404c89 in func 401160 with 24 insts
    I: 404c89 (imm 408034)
    I: 404c90
    I: 404c92 (imm 408038)
    I: 404c99
    I: 404c9b
    I: 404c9d
    I: 404ca3
    I: 404ca6
    I: 404cac
    I: 404caf
    I: 404cb2
    I: 404cb5
    I: 404cb8
    I: 404cbb
    I: 404cbe
    I: 404cc0
    I: 404cc2
    I: 404cc4
    I: 404cc6
    I: 404ccb
    I: 404cd0
    I: 404cd3
    I: 404cd6
    I: 404cdc (flow 405459)
      Successors: 405459
  BB: 401c93 in func 401160 with 1 insts
    I: 401c93 (flow 401c98)
      Successors: 401c98
  BB: 401495 in func 401160 with 1 insts
    I: 401495 (flow 40149a)
      Successors: 40149a
  BB: 404495 in func 401160 with 24 insts
    I: 404495 (imm 408034)
    I: 40449c
    I: 40449e (imm 408038)
    I: 4044a5
    I: 4044a7
    I: 4044a9
    I: 4044ac
    I: 4044ae
    I: 4044b0
    I: 4044b3
    I: 4044b6
    I: 4044b9
    I: 4044bc
    I: 4044bf
    I: 4044c2
    I: 4044c4
    I: 4044c6
    I: 4044c8
    I: 4044ca
    I: 4044cf
    I: 4044d4
    I: 4044d7
    I: 4044da
    I: 4044e0 (flow 405459)
      Successors: 405459
  BB: 401c98 in func 401160 with 3 insts
    I: 401c98
    I: 401c9e
    I: 401ca3 (flow 4049b6)
      Successors: 401ca9, 4049b6
  BB: 403c98 in func 401160 with 7 insts
    I: 403c98
    I: 403c9f
    I: 403ca4
    I: 403ca9
    I: 403cb1
    I: 403cb4
    I: 403cba (flow 405459)
      Successors: 405459
  BB: 40149a in func 401160 with 3 insts
    I: 40149a
    I: 4014a0
    I: 4014a5 (flow 404e6a)
      Successors: 404e6a, 4014ab
  BB: 4024a0 in func 401160 with 47 insts
    I: 4024a0
    I: 4024a7
    I: 4024ae
    I: 4024b2
    I: 4024b5 (imm 406004)
    I: 4024bf
    I: 4024c1 (flow 408060)
    I: 4024c6 (imm 408034)
    I: 4024cd
    I: 4024cf (imm 408038)
    I: 4024d6
    I: 4024d8
    I: 4024da
    I: 4024e0
    I: 4024e3
    I: 4024e9
    I: 4024ec
    I: 4024ef
    I: 4024f2
    I: 4024f6
    I: 4024f9
    I: 4024fd
    I: 402500
    I: 402502
    I: 402505
    I: 402509
    I: 40250b
    I: 40250e
    I: 402510
    I: 402513
    I: 402516
    I: 402519
    I: 40251d
    I: 402520
    I: 402523
    I: 402526
    I: 402529
    I: 40252c
    I: 40252e
    I: 402531
    I: 402533
    I: 402535
    I: 40253a
    I: 40253f
    I: 402542
    I: 402545
    I: 40254b (flow 405459)
      Successors: 405459
  BB: 4034a5 in func 401160 with 40 insts
    I: 4034a5 (imm 408034)
    I: 4034ac
    I: 4034ae (imm 408038)
    I: 4034b5
    I: 4034b7
    I: 4034b9
    I: 4034bf
    I: 4034c2
    I: 4034c8
    I: 4034cb
    I: 4034ce
    I: 4034d1
    I: 4034d5
    I: 4034d8
    I: 4034dc
    I: 4034df
    I: 4034e1
    I: 4034e4
    I: 4034e8
    I: 4034ea
    I: 4034ed
    I: 4034ef
    I: 4034f2
    I: 4034f5
    I: 4034f8
    I: 4034fc
    I: 4034ff
    I: 403502
    I: 403505
    I: 403508
    I: 40350b
    I: 40350d
    I: 403510
    I: 403512
    I: 403514
    I: 403519
    I: 40351e
    I: 403521
    I: 403524
    I: 40352a (flow 405459)
      Successors: 405459
  BB: 402ca6 in func 401160 with 24 insts
    I: 402ca6 (imm 408034)
    I: 402cad
    I: 402caf (imm 408038)
    I: 402cb6
    I: 402cb8
    I: 402cba
    I: 402cbd
    I: 402cbf
    I: 402cc1
    I: 402cc4
    I: 402cc7
    I: 402cca
    I: 402ccd
    I: 402cd0
    I: 402cd3
    I: 402cd5
    I: 402cd7
    I: 402cd9
    I: 402cdb
    I: 402ce0
    I: 402ce5
    I: 402ce8
    I: 402ceb
    I: 402cf1 (flow 405459)
      Successors: 405459
  BB: 401ca9 in func 401160 with 1 insts
    I: 401ca9 (flow 401cae)
      Successors: 401cae
  BB: 4014ab in func 401160 with 1 insts
    I: 4014ab (flow 4014b0)
      Successors: 4014b0
  BB: 401cae in func 401160 with 3 insts
    I: 401cae
    I: 401cb4
    I: 401cb9 (flow 404413)
      Successors: 404413, 401cbf
  BB: 4014b0 in func 401160 with 3 insts
    I: 4014b0
    I: 4014b6
    I: 4014bb (flow 405082)
      Successors: 4014c1, 405082
  BB: 401cbf in func 401160 with 1 insts
    I: 401cbf (flow 401cc4)
      Successors: 401cc4
  BB: 403cbf in func 401160 with 8 insts
    I: 403cbf
    I: 403cc6
    I: 403ccd
    I: 403cd2
    I: 403cd7
    I: 403cdd
    I: 403ce0
    I: 403ce6 (flow 405459)
      Successors: 405459
  BB: 4014c1 in func 401160 with 1 insts
    I: 4014c1 (flow 4014c6)
      Successors: 4014c6
  BB: 401cc4 in func 401160 with 3 insts
    I: 401cc4
    I: 401cca
    I: 401ccf (flow 402f15)
      Successors: 402f15, 401cd5
  BB: 4014c6 in func 401160 with 3 insts
    I: 4014c6
    I: 4014cc
    I: 4014d1 (flow 402cf6)
      Successors: 402cf6, 4014d7
  BB: 401cd5 in func 401160 with 1 insts
    I: 401cd5 (flow 401cda)
      Successors: 401cda
  BB: 4014d7 in func 401160 with 1 insts
    I: 4014d7 (flow 4014dc)
      Successors: 4014dc
  BB: 401cda in func 401160 with 3 insts
    I: 401cda
    I: 401ce0
    I: 401ce5 (flow 403df2)
      Successors: 403df2, 401ceb
  BB: 4014dc in func 401160 with 3 insts
    I: 4014dc
    I: 4014e2
    I: 4014e7 (flow 4031e7)
      Successors: 4014ed, 4031e7
  BB: 404ce1 in func 401160 with 46 insts
    I: 404ce1
    I: 404ceb
    I: 404cef
    I: 404cf7
    I: 404cfa
    I: 404cfc
    I: 404cff (imm 408034)
    I: 404d06
    I: 404d08 (imm 408038)
    I: 404d0f
    I: 404d11
    I: 404d13
    I: 404d16
    I: 404d18
    I: 404d1a
    I: 404d1d
    I: 404d20
    I: 404d23
    I: 404d27
    I: 404d2a
    I: 404d2e
    I: 404d31
    I: 404d33
    I: 404d36
    I: 404d3a
    I: 404d3c
    I: 404d3f
    I: 404d41
    I: 404d44
    I: 404d47
    I: 404d4a
    I: 404d4e
    I: 404d51
    I: 404d54
    I: 404d57
    I: 404d5a
    I: 404d5d
    I: 404d5f
    I: 404d62
    I: 404d64
    I: 404d66
    I: 404d6b
    I: 404d70
    I: 404d73
    I: 404d76
    I: 404d7c (flow 405459)
      Successors: 405459
  BB: 4044e5 in func 401160 with 2 insts
    I: 4044e5
    I: 4044ef (flow 405459)
      Successors: 405459
  BB: 401ceb in func 401160 with 1 insts
    I: 401ceb (flow 401cf0)
      Successors: 401cf0
  BB: 403ceb in func 401160 with 5 insts
    I: 403ceb
    I: 403cf1
    I: 403cf8
    I: 403cff
    I: 403d09 (flow 405459)
      Successors: 405459
  BB: 4014ed in func 401160 with 1 insts
    I: 4014ed (flow 4014f2)
      Successors: 4014f2
  BB: 401cf0 in func 401160 with 3 insts
    I: 401cf0
    I: 401cf6
    I: 401cfb (flow 404de8)
      Successors: 404de8, 401d01
  BB: 4014f2 in func 401160 with 3 insts
    I: 4014f2
    I: 4014f8
    I: 4014fd (flow 405336)
      Successors: 401503, 405336
  BB: 4044f4 in func 401160 with 7 insts
    I: 4044f4
    I: 4044fa
    I: 4044fc
    I: 4044ff
    I: 404501
    I: 404507
    I: 404511 (flow 405459)
      Successors: 405459
  BB: 402cf6 in func 401160 with 44 insts
    I: 402cf6
    I: 402cfd
    I: 402d00
    I: 402d02
    I: 402d05 (imm 408034)
    I: 402d0c
    I: 402d0e (imm 408038)
    I: 402d15
    I: 402d17
    I: 402d19
    I: 402d1f
    I: 402d22
    I: 402d28
    I: 402d2b
    I: 402d2e
    I: 402d31
    I: 402d35
    I: 402d38
    I: 402d3c
    I: 402d3f
    I: 402d41
    I: 402d44
    I: 402d48
    I: 402d4a
    I: 402d4d
    I: 402d4f
    I: 402d52
    I: 402d55
    I: 402d58
    I: 402d5c
    I: 402d5f
    I: 402d62
    I: 402d65
    I: 402d68
    I: 402d6b
    I: 402d6d
    I: 402d70
    I: 402d72
    I: 402d74
    I: 402d79
    I: 402d7e
    I: 402d81
    I: 402d84
    I: 402d8a (flow 405459)
      Successors: 405459
  BB: 401d01 in func 401160 with 1 insts
    I: 401d01 (flow 401d06)
      Successors: 401d06
  BB: 401503 in func 401160 with 1 insts
    I: 401503 (flow 401508)
      Successors: 401508
  BB: 401d06 in func 401160 with 3 insts
    I: 401d06
    I: 401d0c
    I: 401d11 (flow 405345)
      Successors: 405345, 401d17
  BB: 401508 in func 401160 with 3 insts
    I: 401508
    I: 40150e
    I: 401513 (flow 4036fb)
      Successors: 401519, 4036fb
  BB: 403d0e in func 401160 with 2 insts
    I: 403d0e
    I: 403d18 (flow 405459)
      Successors: 405459
  BB: 404516 in func 401160 with 2 insts
    I: 404516
    I: 404520 (flow 405459)
      Successors: 405459
  BB: 401d17 in func 401160 with 1 insts
    I: 401d17 (flow 401d1c)
      Successors: 401d1c
  BB: 401519 in func 401160 with 1 insts
    I: 401519 (flow 40151e)
      Successors: 40151e
  BB: 401d1c in func 401160 with 3 insts
    I: 401d1c
    I: 401d22
    I: 401d27 (flow 403961)
      Successors: 403961, 401d2d
  BB: 403d1d in func 401160 with 12 insts
    I: 403d1d
    I: 403d27
    I: 403d2d
    I: 403d32
    I: 403d35
    I: 403d3a
    I: 403d3d
    I: 403d42
    I: 403d47
    I: 403d4f
    I: 403d52
    I: 403d58 (flow 405459)
      Successors: 405459
  BB: 40151e in func 401160 with 3 insts
    I: 40151e
    I: 401524
    I: 401529 (flow 405327)
      Successors: 405327, 40152f
  BB: 404525 in func 401160 with 24 insts
    I: 404525 (imm 408034)
    I: 40452c
    I: 40452e (imm 408038)
    I: 404535
    I: 404537
    I: 404539
    I: 40453c
    I: 40453e
    I: 404540
    I: 404543
    I: 404546
    I: 404549
    I: 40454c
    I: 40454f
    I: 404552
    I: 404554
    I: 404556
    I: 404558
    I: 40455a
    I: 40455f
    I: 404564
    I: 404567
    I: 40456a
    I: 404570 (flow 405459)
      Successors: 405459
  BB: 401d2d in func 401160 with 1 insts
    I: 401d2d (flow 401d32)
      Successors: 401d32
  BB: 40152f in func 401160 with 1 insts
    I: 40152f (flow 401534)
      Successors: 401534
  BB: 40352f in func 401160 with 49 insts
    I: 40352f
    I: 403535
    I: 40353a
    I: 40353d
    I: 403542
    I: 403544
    I: 40354c
    I: 40354f
    I: 403551
    I: 403554 (imm 408034)
    I: 40355b
    I: 40355d (imm 408038)
    I: 403564
    I: 403566
    I: 403568
    I: 40356e
    I: 403571
    I: 403577
    I: 40357a
    I: 40357d
    I: 403580
    I: 403584
    I: 403587
    I: 40358b
    I: 40358e
    I: 403590
    I: 403593
    I: 403597
    I: 403599
    I: 40359c
    I: 40359e
    I: 4035a1
    I: 4035a4
    I: 4035a7
    I: 4035ab
    I: 4035ae
    I: 4035b1
    I: 4035b4
    I: 4035b7
    I: 4035ba
    I: 4035bc
    I: 4035bf
    I: 4035c1
    I: 4035c3
    I: 4035c8
    I: 4035cd
    I: 4035d0
    I: 4035d3
    I: 4035d9 (flow 405459)
      Successors: 405459
  BB: 401d32 in func 401160 with 3 insts
    I: 401d32
    I: 401d38
    I: 401d3d (flow 404be5)
      Successors: 401d43, 404be5
  BB: 401534 in func 401160 with 3 insts
    I: 401534
    I: 40153a
    I: 40153f (flow 404b38)
      Successors: 404b38, 401545
  BB: 401d43 in func 401160 with 1 insts
    I: 401d43 (flow 401d48)
      Successors: 401d48
  BB: 401545 in func 401160 with 1 insts
    I: 401545 (flow 40154a)
      Successors: 40154a
  BB: 401d48 in func 401160 with 3 insts
    I: 401d48
    I: 401d4e
    I: 401d53 (flow 40486a)
      Successors: 401d59, 40486a
  BB: 40154a in func 401160 with 3 insts
    I: 40154a
    I: 401550
    I: 401555 (flow 40242f)
      Successors: 40155b, 40242f
  BB: 402550 in func 401160 with 2 insts
    I: 402550
    I: 40255a (flow 405459)
      Successors: 405459
  BB: 401d59 in func 401160 with 1 insts
    I: 401d59 (flow 401d5e)
      Successors: 401d5e
  BB: 40155b in func 401160 with 1 insts
    I: 40155b (flow 401560)
      Successors: 401560
  BB: 403d5d in func 401160 with 16 insts
    I: 403d5d
    I: 403d63
    I: 403d69
    I: 403d6b
    I: 403d6e
    I: 403d70
    I: 403d72
    I: 403d79
    I: 403d7b
    I: 403d7e
    I: 403d80
    I: 403d85
    I: 403d8a
    I: 403d8c
    I: 403d8f
    I: 403d95 (flow 405459)
      Successors: 405459
  BB: 401d5e in func 401160 with 3 insts
    I: 401d5e
    I: 401d64
    I: 401d69 (flow 404f26)
      Successors: 404f26, 401d6f
  BB: 40255f in func 401160 with 40 insts
    I: 40255f (imm 408034)
    I: 402566
    I: 402568 (imm 408038)
    I: 40256f
    I: 402571
    I: 402573
    I: 402579
    I: 40257c
    I: 402582
    I: 402585
    I: 402588
    I: 40258b
    I: 40258f
    I: 402592
    I: 402596
    I: 402599
    I: 40259b
    I: 40259e
    I: 4025a2
    I: 4025a4
    I: 4025a7
    I: 4025a9
    I: 4025ac
    I: 4025af
    I: 4025b2
    I: 4025b6
    I: 4025b9
    I: 4025bc
    I: 4025bf
    I: 4025c2
    I: 4025c5
    I: 4025c7
    I: 4025ca
    I: 4025cc
    I: 4025ce
    I: 4025d3
    I: 4025d8
    I: 4025db
    I: 4025de
    I: 4025e4 (flow 405459)
      Successors: 405459
  BB: 401560 in func 401160 with 3 insts
    I: 401560
    I: 401566
    I: 40156b (flow 4042e6)
      Successors: 401571, 4042e6
  BB: 401d6f in func 401160 with 1 insts
    I: 401d6f (flow 401d74)
      Successors: 401d74
  BB: 401571 in func 401160 with 1 insts
    I: 401571 (flow 401576)
      Successors: 401576
  BB: 401d74 in func 401160 with 3 insts
    I: 401d74
    I: 401d7a
    I: 401d7f (flow 4047e8)
      Successors: 4047e8, 401d85
  BB: 404575 in func 401160 with 45 insts
    I: 404575
    I: 40457c
    I: 404584
    I: 404587
    I: 404589
    I: 40458c (imm 408034)
    I: 404593
    I: 404595 (imm 408038)
    I: 40459c
    I: 40459e
    I: 4045a0
    I: 4045a6
    I: 4045a9
    I: 4045af
    I: 4045b2
    I: 4045b5
    I: 4045b8
    I: 4045bc
    I: 4045bf
    I: 4045c3
    I: 4045c6
    I: 4045c8
    I: 4045cb
    I: 4045cf
    I: 4045d1
    I: 4045d4
    I: 4045d6
    I: 4045d9
    I: 4045dc
    I: 4045df
    I: 4045e3
    I: 4045e6
    I: 4045e9
    I: 4045ec
    I: 4045ef
    I: 4045f2
    I: 4045f4
    I: 4045f7
    I: 4045f9
    I: 4045fb
    I: 404600
    I: 404605
    I: 404608
    I: 40460b
    I: 404611 (flow 405459)
      Successors: 405459
  BB: 401576 in func 401160 with 3 insts
    I: 401576
    I: 40157c
    I: 401581 (flow 403a66)
      Successors: 403a66, 401587
  BB: 404d81 in func 401160 with 7 insts
    I: 404d81
    I: 404d84
    I: 404d89
    I: 404d8e
    I: 404d91
    I: 404d94
    I: 404d9a (flow 405459)
      Successors: 405459
  BB: 401d85 in func 401160 with 1 insts
    I: 401d85 (flow 401d8a)
      Successors: 401d8a
  BB: 401587 in func 401160 with 1 insts
    I: 401587 (flow 40158c)
      Successors: 40158c
  BB: 401d8a in func 401160 with 3 insts
    I: 401d8a
    I: 401d90
    I: 401d95 (flow 402bd4)
      Successors: 401d9b, 402bd4
  BB: 40158c in func 401160 with 3 insts
    I: 40158c
    I: 401592
    I: 401597 (flow 40407d)
      Successors: 40407d, 40159d
  BB: 402d8f in func 401160 with 7 insts
    I: 402d8f
    I: 402d92
    I: 402d97
    I: 402d9c
    I: 402d9f
    I: 402da2
    I: 402da8 (flow 405459)
      Successors: 405459
  BB: 403d9a in func 401160 with 24 insts
    I: 403d9a (imm 408034)
    I: 403da1
    I: 403da3 (imm 408038)
    I: 403daa
    I: 403dac
    I: 403dae
    I: 403db4
    I: 403db7
    I: 403dbd
    I: 403dc0
    I: 403dc3
    I: 403dc6
    I: 403dc9
    I: 403dcc
    I: 403dcf
    I: 403dd1
    I: 403dd3
    I: 403dd5
    I: 403dd7
    I: 403ddc
    I: 403de1
    I: 403de4
    I: 403de7
    I: 403ded (flow 405459)
      Successors: 405459
  BB: 401d9b in func 401160 with 1 insts
    I: 401d9b (flow 401da0)
      Successors: 401da0
  BB: 40159d in func 401160 with 1 insts
    I: 40159d (flow 4015a2)
      Successors: 4015a2
  BB: 404d9f in func 401160 with 8 insts
    I: 404d9f
    I: 404da5
    I: 404da9
    I: 404dae
    I: 404db3
    I: 404dba
    I: 404dbd
    I: 404dc3 (flow 405459)
      Successors: 405459
  BB: 401da0 in func 401160 with 3 insts
    I: 401da0
    I: 401da6
    I: 401dab (flow 402381)
      Successors: 401db1, 402381
  BB: 4015a2 in func 401160 with 3 insts
    I: 4015a2
    I: 4015a8
    I: 4015ad (flow 403c6e)
      Successors: 4015b3, 403c6e
  BB: 402dad in func 401160 with 3 insts
    I: 402dad
    I: 402db7
    I: 402dc1 (flow 405459)
      Successors: 405459
  BB: 401db1 in func 401160 with 1 insts
    I: 401db1 (flow 401db6)
      Successors: 401db6
  BB: 4015b3 in func 401160 with 1 insts
    I: 4015b3 (flow 4015b8)
      Successors: 4015b8
  BB: 401db6 in func 401160 with 3 insts
    I: 401db6
    I: 401dbc
    I: 401dc1 (flow 404b7e)
      Successors: 404b7e, 401dc7
  BB: 4015b8 in func 401160 with 3 insts
    I: 4015b8
    I: 4015be
    I: 4015c3 (flow 40299a)
      Successors: 4015c9, 40299a
  BB: 402dc6 in func 401160 with 7 insts
    I: 402dc6
    I: 402dcc
    I: 402dd1
    I: 402dd6
    I: 402dd9
    I: 402ddc
    I: 402de2 (flow 405459)
      Successors: 405459
  BB: 401dc7 in func 401160 with 1 insts
    I: 401dc7 (flow 401dcc)
      Successors: 401dcc
  BB: 404dc8 in func 401160 with 5 insts
    I: 404dc8
    I: 404dcc
    I: 404dd3
    I: 404dd9
    I: 404de3 (flow 405459)
      Successors: 405459
  BB: 4015c9 in func 401160 with 1 insts
    I: 4015c9 (flow 4015ce)
      Successors: 4015ce
  BB: 401dcc in func 401160 with 3 insts
    I: 401dcc
    I: 401dd2
    I: 401dd7 (flow 403d9a)
      Successors: 403d9a, 401ddd
  BB: 4015ce in func 401160 with 3 insts
    I: 4015ce
    I: 4015d4
    I: 4015d9 (flow 403c89)
      Successors: 403c89, 4015df
  BB: 401ddd in func 401160 with 1 insts
    I: 401ddd (flow 401de2)
      Successors: 401de2
  BB: 4035de in func 401160 with 5 insts
    I: 4035de
    I: 4035e8
    I: 4035eb
    I: 4035ed
    I: 4035f3 (flow 405459)
      Successors: 405459
  BB: 4015df in func 401160 with 1 insts
    I: 4015df (flow 4015e4)
      Successors: 4015e4
  BB: 401de2 in func 401160 with 3 insts
    I: 401de2
    I: 401de8
    I: 401ded (flow 402661)
      Successors: 402661, 401df3
  BB: 4015e4 in func 401160 with 3 insts
    I: 4015e4
    I: 4015ea
    I: 4015ef (flow 403afb)
      Successors: 403afb, 4015f5
  BB: 402de7 in func 401160 with 12 insts
    I: 402de7
    I: 402df1
    I: 402df7
    I: 402dfc
    I: 402dff
    I: 402e04
    I: 402e07
    I: 402e0c
    I: 402e11
    I: 402e19
    I: 402e1c
    I: 402e22 (flow 405459)
      Successors: 405459
  BB: 404de8 in func 401160 with 40 insts
    I: 404de8 (imm 408034)
    I: 404def
    I: 404df1 (imm 408038)
    I: 404df8
    I: 404dfa
    I: 404dfc
    I: 404dff
    I: 404e01
    I: 404e03
    I: 404e06
    I: 404e09
    I: 404e0c
    I: 404e10
    I: 404e13
    I: 404e17
    I: 404e1a
    I: 404e1c
    I: 404e1f
    I: 404e23
    I: 404e25
    I: 404e28
    I: 404e2a
    I: 404e2d
    I: 404e30
    I: 404e33
    I: 404e37
    I: 404e3a
    I: 404e3d
    I: 404e40
    I: 404e43
    I: 404e46
    I: 404e48
    I: 404e4b
    I: 404e4d
    I: 404e4f
    I: 404e54
    I: 404e59
    I: 404e5c
    I: 404e5f
    I: 404e65 (flow 405459)
      Successors: 405459
  BB: 4025e9 in func 401160 with 29 insts
    I: 4025e9
    I: 4025ef
    I: 4025f4
    I: 4025f7
    I: 4025fc
    I: 402602 (imm 408034)
    I: 402609
    I: 40260b (imm 408038)
    I: 402612
    I: 402614
    I: 402616
    I: 402619
    I: 40261b
    I: 40261d
    I: 402620
    I: 402623
    I: 402626
    I: 402629
    I: 40262c
    I: 40262f
    I: 402631
    I: 402633
    I: 402635
    I: 402637
    I: 40263c
    I: 402641
    I: 402644
    I: 402647
    I: 40264d (flow 405459)
      Successors: 405459
  BB: 403df2 in func 401160 with 50 insts
    I: 403df2
    I: 403df8
    I: 403dfa
    I: 403dfd
    I: 403dff
    I: 403e01
    I: 403e08
    I: 403e0d
    I: 403e10
    I: 403e15
    I: 403e1b (imm 408034)
    I: 403e22
    I: 403e24 (imm 408038)
    I: 403e2b
    I: 403e2d
    I: 403e2f
    I: 403e35
    I: 403e38
    I: 403e3e
    I: 403e41
    I: 403e44
    I: 403e47
    I: 403e4b
    I: 403e4e
    I: 403e52
    I: 403e55
    I: 403e57
    I: 403e5a
    I: 403e5e
    I: 403e60
    I: 403e63
    I: 403e65
    I: 403e68
    I: 403e6b
    I: 403e6e
    I: 403e72
    I: 403e75
    I: 403e78
    I: 403e7b
    I: 403e7e
    I: 403e81
    I: 403e83
    I: 403e86
    I: 403e88
    I: 403e8a
    I: 403e8f
    I: 403e94
    I: 403e97
    I: 403e9a
    I: 403ea0 (flow 405459)
      Successors: 405459
  BB: 401df3 in func 401160 with 1 insts
    I: 401df3 (flow 401df8)
      Successors: 401df8
  BB: 4015f5 in func 401160 with 1 insts
    I: 4015f5 (flow 4015fa)
      Successors: 4015fa
  BB: 401df8 in func 401160 with 3 insts
    I: 401df8
    I: 401dfe
    I: 401e03 (flow 403c5f)
      Successors: 401e09, 403c5f
  BB: 4035f8 in func 401160 with 27 insts
    I: 4035f8
    I: 4035fe
    I: 403600
    I: 403603 (imm 408034)
    I: 40360a
    I: 40360c (imm 408038)
    I: 403613
    I: 403615
    I: 403617
    I: 40361a
    I: 40361c
    I: 40361e
    I: 403621
    I: 403624
    I: 403627
    I: 40362a
    I: 40362d
    I: 403630
    I: 403632
    I: 403634
    I: 403636
    I: 403638
    I: 40363d
    I: 403642
    I: 403645
    I: 403648
    I: 40364e (flow 405459)
      Successors: 405459
  BB: 4015fa in func 401160 with 3 insts
    I: 4015fa
    I: 401600
    I: 401605 (flow 402b0e)
      Successors: 40160b, 402b0e
  BB: 401e09 in func 401160 with 1 insts
    I: 401e09 (flow 401e0e)
      Successors: 401e0e
  BB: 40160b in func 401160 with 1 insts
    I: 40160b (flow 401610)
      Successors: 401610
  BB: 401e0e in func 401160 with 3 insts
    I: 401e0e
    I: 401e14
    I: 401e19 (flow 40292f)
      Successors: 40292f, 401e1f
  BB: 401610 in func 401160 with 3 insts
    I: 401610
    I: 401616
    I: 40161b (flow 405418)
      Successors: 405418, 401621
  BB: 404616 in func 401160 with 7 insts
    I: 404616
    I: 404619
    I: 40461e
    I: 404623
    I: 404626
    I: 404629
    I: 40462f (flow 405459)
      Successors: 405459
  BB: 401e1f in func 401160 with 1 insts
    I: 401e1f (flow 401e24)
      Successors: 401e24
  BB: 401621 in func 401160 with 1 insts
    I: 401621 (flow 401626)
      Successors: 401626
  BB: 401e24 in func 401160 with 3 insts
    I: 401e24
    I: 401e2a
    I: 401e2f (flow 4053d3)
      Successors: 4053d3, 401e35
  BB: 401626 in func 401160 with 3 insts
    I: 401626
    I: 40162c
    I: 401631 (flow 403653)
      Successors: 403653, 401637
  BB: 402e27 in func 401160 with 24 insts
    I: 402e27 (imm 408034)
    I: 402e2e
    I: 402e30 (imm 408038)
    I: 402e37
    I: 402e39
    I: 402e3b
    I: 402e41
    I: 402e44
    I: 402e4a
    I: 402e4d
    I: 402e50
    I: 402e53
    I: 402e56
    I: 402e59
    I: 402e5c
    I: 402e5e
    I: 402e60
    I: 402e62
    I: 402e64
    I: 402e69
    I: 402e6e
    I: 402e71
    I: 402e74
    I: 402e7a (flow 405459)
      Successors: 405459
  BB: 404634 in func 401160 with 4 insts
    I: 404634
    I: 40463a
    I: 404640
    I: 40464a (flow 405459)
      Successors: 405459
  BB: 401e35 in func 401160 with 1 insts
    I: 401e35 (flow 401e3a)
      Successors: 401e3a
  BB: 401637 in func 401160 with 1 insts
    I: 401637 (flow 40163c)
      Successors: 40163c
  BB: 401e3a in func 401160 with 3 insts
    I: 401e3a
    I: 401e40
    I: 401e45 (flow 40516d)
      Successors: 401e4b, 40516d
  BB: 40163c in func 401160 with 3 insts
    I: 40163c
    I: 401642
    I: 401647 (flow 402ad1)
      Successors: 402ad1, 40164d
  BB: 401e4b in func 401160 with 1 insts
    I: 401e4b (flow 401e50)
      Successors: 401e50
  BB: 40164d in func 401160 with 1 insts
    I: 40164d (flow 401652)
      Successors: 401652
  BB: 40464f in func 401160 with 40 insts
    I: 40464f (imm 408034)
    I: 404656
    I: 404658 (imm 408038)
    I: 40465f
    I: 404661
    I: 404663
    I: 404669
    I: 40466c
    I: 404672
    I: 404675
    I: 404678
    I: 40467b
    I: 40467f
    I: 404682
    I: 404686
    I: 404689
    I: 40468b
    I: 40468e
    I: 404692
    I: 404694
    I: 404697
    I: 404699
    I: 40469c
    I: 40469f
    I: 4046a2
    I: 4046a6
    I: 4046a9
    I: 4046ac
    I: 4046af
    I: 4046b2
    I: 4046b5
    I: 4046b7
    I: 4046ba
    I: 4046bc
    I: 4046be
    I: 4046c3
    I: 4046c8
    I: 4046cb
    I: 4046ce
    I: 4046d4 (flow 405459)
      Successors: 405459
  BB: 401e50 in func 401160 with 3 insts
    I: 401e50
    I: 401e56
    I: 401e5b (flow 405091)
      Successors: 401e61, 405091
  BB: 401652 in func 401160 with 3 insts
    I: 401652
    I: 401658
    I: 40165d (flow 402840)
      Successors: 402840, 401663
  BB: 402652 in func 401160 with 2 insts
    I: 402652
    I: 40265c (flow 405459)
      Successors: 405459
  BB: 403653 in func 401160 with 40 insts
    I: 403653 (imm 408034)
    I: 40365a
    I: 40365c (imm 408038)
    I: 403663
    I: 403665
    I: 403667
    I: 40366d
    I: 403670
    I: 403676
    I: 403679
    I: 40367c
    I: 40367f
    I: 403683
    I: 403686
    I: 40368a
    I: 40368d
    I: 40368f
    I: 403692
    I: 403696
    I: 403698
    I: 40369b
    I: 40369d
    I: 4036a0
    I: 4036a3
    I: 4036a6
    I: 4036aa
    I: 4036ad
    I: 4036b0
    I: 4036b3
    I: 4036b6
    I: 4036b9
    I: 4036bb
    I: 4036be
    I: 4036c0
    I: 4036c2
    I: 4036c7
    I: 4036cc
    I: 4036cf
    I: 4036d2
    I: 4036d8 (flow 405459)
      Successors: 405459
  BB: 401e61 in func 401160 with 1 insts
    I: 401e61 (flow 401e66)
      Successors: 401e66
  BB: 402661 in func 401160 with 40 insts
    I: 402661 (imm 408034)
    I: 402668
    I: 40266a (imm 408038)
    I: 402671
    I: 402673
    I: 402675
    I: 40267b
    I: 40267e
    I: 402684
    I: 402687
    I: 40268a
    I: 40268d
    I: 402691
    I: 402694
    I: 402698
    I: 40269b
    I: 40269d
    I: 4026a0
    I: 4026a4
    I: 4026a6
    I: 4026a9
    I: 4026ab
    I: 4026ae
    I: 4026b1
    I: 4026b4
    I: 4026b8
    I: 4026bb
    I: 4026be
    I: 4026c1
    I: 4026c4
    I: 4026c7
    I: 4026c9
    I: 4026cc
    I: 4026ce
    I: 4026d0
    I: 4026d5
    I: 4026da
    I: 4026dd
    I: 4026e0
    I: 4026e6 (flow 405459)
      Successors: 405459
  BB: 401663 in func 401160 with 1 insts
    I: 401663 (flow 401668)
      Successors: 401668
  BB: 401e66 in func 401160 with 3 insts
    I: 401e66
    I: 401e6c
    I: 401e71 (flow 40405f)
      Successors: 40405f, 401e77
  BB: 401668 in func 401160 with 3 insts
    I: 401668
    I: 40166e
    I: 401673 (flow 404516)
      Successors: 401679, 404516
  BB: 404e6a in func 401160 with 45 insts
    I: 404e6a
    I: 404e6e
    I: 404e76
    I: 404e79
    I: 404e7b
    I: 404e7e (imm 408034)
    I: 404e85
    I: 404e87 (imm 408038)
    I: 404e8e
    I: 404e90
    I: 404e92
    I: 404e98
    I: 404e9b
    I: 404ea1
    I: 404ea4
    I: 404ea7
    I: 404eaa
    I: 404eae
    I: 404eb1
    I: 404eb5
    I: 404eb8
    I: 404eba
    I: 404ebd
    I: 404ec1
    I: 404ec3
    I: 404ec6
    I: 404ec8
    I: 404ecb
    I: 404ece
    I: 404ed1
    I: 404ed5
    I: 404ed8
    I: 404edb
    I: 404ede
    I: 404ee1
    I: 404ee4
    I: 404ee6
    I: 404ee9
    I: 404eeb
    I: 404eed
    I: 404ef2
    I: 404ef7
    I: 404efa
    I: 404efd
    I: 404f03 (flow 405459)
      Successors: 405459
  BB: 401e77 in func 401160 with 1 insts
    I: 401e77 (flow 401e7c)
      Successors: 401e7c
  BB: 401679 in func 401160 with 1 insts
    I: 401679 (flow 40167e)
      Successors: 40167e
  BB: 401e7c in func 401160 with 3 insts
    I: 401e7c
    I: 401e82
    I: 401e87 (flow 4035f8)
      Successors: 4035f8, 401e8d
  BB: 40167e in func 401160 with 3 insts
    I: 40167e
    I: 401684
    I: 401689 (flow 403d0e)
      Successors: 403d0e, 40168f
  BB: 402e7f in func 401160 with 42 insts
    I: 402e7f
    I: 402e85
    I: 402e8b
    I: 402e91
    I: 402e94
    I: 402e9a
    I: 402e9d
    I: 402ea4
    I: 402ea6
    I: 402ea8
    I: 402eaa
    I: 402ead
    I: 402eaf
    I: 402eb1
    I: 402eb3
    I: 402eb5
    I: 402eb8
    I: 402eba
    I: 402ebd (imm 408034)
    I: 402ec4
    I: 402ec6 (imm 408038)
    I: 402ecd
    I: 402ecf
    I: 402ed1
    I: 402ed7
    I: 402eda
    I: 402ee0
    I: 402ee3
    I: 402ee6
    I: 402ee9
    I: 402eec
    I: 402eef
    I: 402ef2
    I: 402ef4
    I: 402ef6
    I: 402ef8
    I: 402efa
    I: 402eff
    I: 402f04
    I: 402f07
    I: 402f0a
    I: 402f10 (flow 405459)
      Successors: 405459
  BB: 401e8d in func 401160 with 1 insts
    I: 401e8d (flow 401e92)
      Successors: 401e92
  BB: 40168f in func 401160 with 1 insts
    I: 40168f (flow 401694)
      Successors: 401694
  BB: 401e92 in func 401160 with 3 insts
    I: 401e92
    I: 401e98
    I: 401e9d (flow 40464f)
      Successors: 401ea3, 40464f
  BB: 401694 in func 401160 with 3 insts
    I: 401694
    I: 40169a
    I: 40169f (flow 403342)
      Successors: 403342, 4016a5
  BB: 401ea3 in func 401160 with 1 insts
    I: 401ea3 (flow 401ea8)
      Successors: 401ea8
  BB: 4016a5 in func 401160 with 1 insts
    I: 4016a5 (flow 4016aa)
      Successors: 4016aa
  BB: 403ea5 in func 401160 with 2 insts
    I: 403ea5
    I: 403eaf (flow 405459)
      Successors: 405459
  BB: 401ea8 in func 401160 with 3 insts
    I: 401ea8
    I: 401eae
    I: 401eb3 (flow 403a0a)
      Successors: 401eb9, 403a0a
  BB: 4016aa in func 401160 with 3 insts
    I: 4016aa
    I: 4016b0
    I: 4016b5 (flow 404525)
      Successors: 4016bb, 404525
  BB: 403eb4 in func 401160 with 11 insts
    I: 403eb4
    I: 403eba
    I: 403ebf
    I: 403ec2
    I: 403ec7
    I: 403eca
    I: 403ecf
    I: 403ed4
    I: 403edc
    I: 403edf
    I: 403ee5 (flow 405459)
      Successors: 405459
  BB: 401eb9 in func 401160 with 1 insts
    I: 401eb9 (flow 401ebe)
      Successors: 401ebe
  BB: 4016bb in func 401160 with 1 insts
    I: 4016bb (flow 4016c0)
      Successors: 4016c0
  BB: 401ebe in func 401160 with 3 insts
    I: 401ebe
    I: 401ec4
    I: 401ec9 (flow 4026eb)
      Successors: 4026eb, 401ecf
  BB: 4016c0 in func 401160 with 3 insts
    I: 4016c0
    I: 4016c6
    I: 4016cb (flow 404c89)
      Successors: 4016d1, 404c89
  BB: 401ecf in func 401160 with 1 insts
    I: 401ecf (flow 401ed4)
      Successors: 401ed4
  BB: 4016d1 in func 401160 with 1 insts
    I: 4016d1 (flow 4016d6)
      Successors: 4016d6
  BB: 401ed4 in func 401160 with 3 insts
    I: 401ed4
    I: 401eda
    I: 401edf (flow 4038c8)
      Successors: 4038c8, 401ee5
  BB: 4016d6 in func 401160 with 3 insts
    I: 4016d6
    I: 4016dc
    I: 4016e1 (flow 4030d5)
      Successors: 4030d5, 4016e7
  BB: 4046d9 in func 401160 with 29 insts
    I: 4046d9
    I: 4046e0
    I: 4046e8
    I: 4046eb
    I: 4046ed
    I: 4046f0 (imm 408034)
    I: 4046f7
    I: 4046f9 (imm 408038)
    I: 404700
    I: 404702
    I: 404704
    I: 404707
    I: 404709
    I: 40470b
    I: 40470e
    I: 404711
    I: 404714
    I: 404717
    I: 40471a
    I: 40471d
    I: 40471f
    I: 404721
    I: 404723
    I: 404725
    I: 40472a
    I: 40472f
    I: 404732
    I: 404735
    I: 40473b (flow 405459)
      Successors: 405459
  BB: 4036dd in func 401160 with 7 insts
    I: 4036dd
    I: 4036e0
    I: 4036e5
    I: 4036ea
    I: 4036ed
    I: 4036f0
    I: 4036f6 (flow 405459)
      Successors: 405459
  BB: 401ee5 in func 401160 with 1 insts
    I: 401ee5 (flow 401eea)
      Successors: 401eea
  BB: 4016e7 in func 401160 with 1 insts
    I: 4016e7 (flow 4016ec)
      Successors: 4016ec
  BB: 401eea in func 401160 with 3 insts
    I: 401eea
    I: 401ef0
    I: 401ef5 (flow 402d8f)
      Successors: 401efb, 402d8f
  BB: 4026eb in func 401160 with 25 insts
    I: 4026eb
    I: 4026f5 (imm 408034)
    I: 4026fc
    I: 4026fe (imm 408038)
    I: 402705
    I: 402707
    I: 402709
    I: 40270f
    I: 402712
    I: 402718
    I: 40271b
    I: 40271e
    I: 402721
    I: 402724
    I: 402727
    I: 40272a
    I: 40272c
    I: 40272e
    I: 402730
    I: 402732
    I: 402737
    I: 40273c
    I: 40273f
    I: 402742
    I: 402748 (flow 405459)
      Successors: 405459
  BB: 4016ec in func 401160 with 3 insts
    I: 4016ec
    I: 4016f2
    I: 4016f7 (flow 405132)
      Successors: 405132, 4016fd
  BB: 403eea in func 401160 with 16 insts
    I: 403eea
    I: 403ef0
    I: 403ef6
    I: 403efb
    I: 403efe
    I: 403f03
    I: 403f05
    I: 403f0c
    I: 403f12
    I: 403f15
    I: 403f1b
    I: 403f20
    I: 403f25
    I: 403f27
    I: 403f2a
    I: 403f30 (flow 405459)
      Successors: 405459
  BB: 401efb in func 401160 with 1 insts
    I: 401efb (flow 401f00)
      Successors: 401f00
  BB: 4036fb in func 401160 with 2 insts
    I: 4036fb
    I: 403705 (flow 405459)
      Successors: 405459
  BB: 4016fd in func 401160 with 1 insts
    I: 4016fd (flow 401702)
      Successors: 401702
  BB: 401f00 in func 401160 with 3 insts
    I: 401f00
    I: 401f06
    I: 401f0b (flow 4022e8)
      Successors: 4022e8, 401f11
  BB: 401702 in func 401160 with 3 insts
    I: 401702
    I: 401708
    I: 40170d (flow 405294)
      Successors: 401713, 405294
  BB: 404f08 in func 401160 with 7 insts
    I: 404f08
    I: 404f0b
    I: 404f10
    I: 404f15
    I: 404f18
    I: 404f1b
    I: 404f21 (flow 405459)
      Successors: 405459
  BB: 40370a in func 401160 with 40 insts
    I: 40370a (imm 408034)
    I: 403711
    I: 403713 (imm 408038)
    I: 40371a
    I: 40371c
    I: 40371e
    I: 403724
    I: 403727
    I: 40372d
    I: 403730
    I: 403733
    I: 403736
    I: 40373a
    I: 40373d
    I: 403741
    I: 403744
    I: 403746
    I: 403749
    I: 40374d
    I: 40374f
    I: 403752
    I: 403754
    I: 403757
    I: 40375a
    I: 40375d
    I: 403761
    I: 403764
    I: 403767
    I: 40376a
    I: 40376d
    I: 403770
    I: 403772
    I: 403775
    I: 403777
    I: 403779
    I: 40377e
    I: 403783
    I: 403786
    I: 403789
    I: 40378f (flow 405459)
      Successors: 405459
  BB: 401f11 in func 401160 with 1 insts
    I: 401f11 (flow 401f16)
      Successors: 401f16
  BB: 401713 in func 401160 with 1 insts
    I: 401713 (flow 401718)
      Successors: 401718
  BB: 402f15 in func 401160 with 7 insts
    I: 402f15
    I: 402f18
    I: 402f1d
    I: 402f22
    I: 402f25
    I: 402f28
    I: 402f2e (flow 405459)
      Successors: 405459
  BB: 401f16 in func 401160 with 3 insts
    I: 401f16
    I: 401f1c
    I: 401f21 (flow 4050d1)
      Successors: 4050d1, 401f27
  BB: 401718 in func 401160 with 3 insts
    I: 401718
    I: 40171e
    I: 401723 (flow 403eb4)
      Successors: 401729, 403eb4
  BB: 404f26 in func 401160 with 8 insts
    I: 404f26
    I: 404f2c
    I: 404f30
    I: 404f35
    I: 404f3a
    I: 404f41
    I: 404f44
    I: 404f4a (flow 405459)
      Successors: 405459
  BB: 401f27 in func 401160 with 1 insts
    I: 401f27 (flow 401f2c)
      Successors: 401f2c
  BB: 401729 in func 401160 with 1 insts
    I: 401729 (flow 40172e)
      Successors: 40172e
  BB: 401f2c in func 401160 with 3 insts
    I: 401f2c
    I: 401f32
    I: 401f37 (flow 4036dd)
      Successors: 4036dd, 401f3d
  BB: 40172e in func 401160 with 3 insts
    I: 40172e
    I: 401734
    I: 401739 (flow 402c51)
      Successors: 402c51, 40173f
  BB: 402f33 in func 401160 with 24 insts
    I: 402f33 (imm 408034)
    I: 402f3a
    I: 402f3c (imm 408038)
    I: 402f43
    I: 402f45
    I: 402f47
    I: 402f4a
    I: 402f4c
    I: 402f4e
    I: 402f51
    I: 402f54
    I: 402f57
    I: 402f5a
    I: 402f5d
    I: 402f60
    I: 402f62
    I: 402f64
    I: 402f66
    I: 402f68
    I: 402f6d
    I: 402f72
    I: 402f75
    I: 402f78
    I: 402f7e (flow 405459)
      Successors: 405459
  BB: 403f35 in func 401160 with 12 insts
    I: 403f35
    I: 403f3b
    I: 403f40
    I: 403f43
    I: 403f48
    I: 403f4a
    I: 403f51
    I: 403f56
    I: 403f59
    I: 403f5e
    I: 403f64
    I: 403f6e (flow 405459)
      Successors: 405459
  BB: 401f3d in func 401160 with 1 insts
    I: 401f3d (flow 401f42)
      Successors: 401f42
  BB: 40173f in func 401160 with 1 insts
    I: 40173f (flow 401744)
      Successors: 401744
  BB: 404740 in func 401160 with 7 insts
    I: 404740
    I: 404743
    I: 404748
    I: 40474d
    I: 404750
    I: 404753
    I: 404759 (flow 405459)
      Successors: 405459
  BB: 401f42 in func 401160 with 3 insts
    I: 401f42
    I: 401f48
    I: 401f4d (flow 403c07)
      Successors: 401f53, 403c07
  BB: 401744 in func 401160 with 3 insts
    I: 401744
    I: 40174a
    I: 40174f (flow 405221)
      Successors: 405221, 401755
  BB: 40274d in func 401160 with 2 insts
    I: 40274d
    I: 402757 (flow 405459)
      Successors: 405459
  BB: 404f4f in func 401160 with 5 insts
    I: 404f4f
    I: 404f53
    I: 404f5a
    I: 404f60
    I: 404f6a (flow 405459)
      Successors: 405459
  BB: 401f53 in func 401160 with 1 insts
    I: 401f53 (flow 401f58)
      Successors: 401f58
  BB: 401755 in func 401160 with 1 insts
    I: 401755 (flow 40175a)
      Successors: 40175a
  BB: 401f58 in func 401160 with 3 insts
    I: 401f58
    I: 401f5e
    I: 401f63 (flow 402e7f)
      Successors: 401f69, 402e7f
  BB: 40175a in func 401160 with 3 insts
    I: 40175a
    I: 401760
    I: 401765 (flow 402dc6)
      Successors: 40176b, 402dc6
  BB: 40275c in func 401160 with 7 insts
    I: 40275c
    I: 402762
    I: 402767
    I: 40276c
    I: 40276f
    I: 402772
    I: 402778 (flow 405459)
      Successors: 405459
  BB: 40475e in func 401160 with 40 insts
    I: 40475e (imm 408034)
    I: 404765
    I: 404767 (imm 408038)
    I: 40476e
    I: 404770
    I: 404772
    I: 404778
    I: 40477b
    I: 404781
    I: 404784
    I: 404787
    I: 40478a
    I: 40478e
    I: 404791
    I: 404795
    I: 404798
    I: 40479a
    I: 40479d
    I: 4047a1
    I: 4047a3
    I: 4047a6
    I: 4047a8
    I: 4047ab
    I: 4047ae
    I: 4047b1
    I: 4047b5
    I: 4047b8
    I: 4047bb
    I: 4047be
    I: 4047c1
    I: 4047c4
    I: 4047c6
    I: 4047c9
    I: 4047cb
    I: 4047cd
    I: 4047d2
    I: 4047d7
    I: 4047da
    I: 4047dd
    I: 4047e3 (flow 405459)
      Successors: 405459
  BB: 401f69 in func 401160 with 1 insts
    I: 401f69 (flow 401f6e)
      Successors: 401f6e
  BB: 40176b in func 401160 with 1 insts
    I: 40176b (flow 401770)
      Successors: 401770
  BB: 401f6e in func 401160 with 3 insts
    I: 401f6e
    I: 401f74
    I: 401f79 (flow 402c42)
      Successors: 402c42, 401f7f
  BB: 404f6f in func 401160 with 6 insts
    I: 404f6f
    I: 404f74
    I: 404f79
    I: 404f83
    I: 404f86
    I: 404f8c (flow 405459)
      Successors: 405459
  BB: 401770 in func 401160 with 3 insts
    I: 401770
    I: 401776
    I: 40177b (flow 4040ff)
      Successors: 401781, 4040ff
  BB: 403f73 in func 401160 with 40 insts
    I: 403f73 (imm 408034)
    I: 403f7a
    I: 403f7c (imm 408038)
    I: 403f83
    I: 403f85
    I: 403f87
    I: 403f8d
    I: 403f90
    I: 403f96
    I: 403f99
    I: 403f9c
    I: 403f9f
    I: 403fa3
    I: 403fa6
    I: 403faa
    I: 403fad
    I: 403faf
    I: 403fb2
    I: 403fb6
    I: 403fb8
    I: 403fbb
    I: 403fbd
    I: 403fc0
    I: 403fc3
    I: 403fc6
    I: 403fca
    I: 403fcd
    I: 403fd0
    I: 403fd3
    I: 403fd6
    I: 403fd9
    I: 403fdb
    I: 403fde
    I: 403fe0
    I: 403fe2
    I: 403fe7
    I: 403fec
    I: 403fef
    I: 403ff2
    I: 403ff8 (flow 405459)
      Successors: 405459
  BB: 40277d in func 401160 with 10 insts
    I: 40277d
    I: 402784
    I: 40278b
    I: 402792
    I: 402796
    I: 402799 (imm 406004)
    I: 4027a3
    I: 4027a5 (flow 408060)
    I: 4027aa
    I: 4027b4 (flow 405459)
      Successors: 405459
  BB: 401f7f in func 401160 with 1 insts
    I: 401f7f (flow 401f84)
      Successors: 401f84
  BB: 401781 in func 401160 with 1 insts
    I: 401781 (flow 401786)
      Successors: 401786
  BB: 402f83 in func 401160 with 50 insts
    I: 402f83
    I: 402f89
    I: 402f8e
    I: 402f91
    I: 402f96
    I: 402f98
    I: 402f9f
    I: 402fa4
    I: 402fa7
    I: 402fac
    I: 402fb2 (imm 408034)
    I: 402fb9
    I: 402fbb (imm 408038)
    I: 402fc2
    I: 402fc4
    I: 402fc6
    I: 402fcc
    I: 402fcf
    I: 402fd5
    I: 402fd8
    I: 402fdb
    I: 402fde
    I: 402fe2
    I: 402fe5
    I: 402fe9
    I: 402fec
    I: 402fee
    I: 402ff1
    I: 402ff5
    I: 402ff7
    I: 402ffa
    I: 402ffc
    I: 402fff
    I: 403002
    I: 403005
    I: 403009
    I: 40300c
    I: 40300f
    I: 403012
    I: 403015
    I: 403018
    I: 40301a
    I: 40301d
    I: 40301f
    I: 403021
    I: 403026
    I: 40302b
    I: 40302e
    I: 403031
    I: 403037 (flow 405459)
      Successors: 405459
  BB: 401f84 in func 401160 with 3 insts
    I: 401f84
    I: 401f8a
    I: 401f8f (flow 402877)
      Successors: 401f95, 402877
  BB: 401786 in func 401160 with 3 insts
    I: 401786
    I: 40178c
    I: 401791 (flow 4050c6)
      Successors: 4050c6, 401797
  BB: 404f91 in func 401160 with 24 insts
    I: 404f91 (imm 408034)
    I: 404f98
    I: 404f9a (imm 408038)
    I: 404fa1
    I: 404fa3
    I: 404fa5
    I: 404fab
    I: 404fae
    I: 404fb4
    I: 404fb7
    I: 404fba
    I: 404fbd
    I: 404fc0
    I: 404fc3
    I: 404fc6
    I: 404fc8
    I: 404fca
    I: 404fcc
    I: 404fce
    I: 404fd3
    I: 404fd8
    I: 404fdb
    I: 404fde
    I: 404fe4 (flow 405459)
      Successors: 405459
  BB: 403794 in func 401160 with 45 insts
    I: 403794
    I: 40379a
    I: 40379f
    I: 4037a2
    I: 4037a7
    I: 4037ad (imm 408034)
    I: 4037b4
    I: 4037b6 (imm 408038)
    I: 4037bd
    I: 4037bf
    I: 4037c1
    I: 4037c4
    I: 4037c6
    I: 4037c8
    I: 4037cb
    I: 4037ce
    I: 4037d1
    I: 4037d5
    I: 4037d8
    I: 4037dc
    I: 4037df
    I: 4037e1
    I: 4037e4
    I: 4037e8
    I: 4037ea
    I: 4037ed
    I: 4037ef
    I: 4037f2
    I: 4037f5
    I: 4037f8
    I: 4037fc
    I: 4037ff
    I: 403802
    I: 403805
    I: 403808
    I: 40380b
    I: 40380d
    I: 403810
    I: 403812
    I: 403814
    I: 403819
    I: 40381e
    I: 403821
    I: 403824
    I: 40382a (flow 405459)
      Successors: 405459
  BB: 401f95 in func 401160 with 1 insts
    I: 401f95 (flow 401f9a)
      Successors: 401f9a
  BB: 401797 in func 401160 with 1 insts
    I: 401797 (flow 40179c)
      Successors: 40179c
  BB: 401f9a in func 401160 with 3 insts
    I: 401f9a
    I: 401fa0
    I: 401fa5 (flow 403d1d)
      Successors: 401fab, 403d1d
  BB: 40179c in func 401160 with 3 insts
    I: 40179c
    I: 4017a2
    I: 4017a7 (flow 404740)
      Successors: 404740, 4017ad
  BB: 401fab in func 401160 with 1 insts
    I: 401fab (flow 401fb0)
      Successors: 401fb0
  BB: 4017ad in func 401160 with 1 insts
    I: 4017ad (flow 4017b2)
      Successors: 4017b2
  BB: 401fb0 in func 401160 with 3 insts
    I: 401fb0
    I: 401fb6
    I: 401fbb (flow 403ceb)
      Successors: 401fc1, 403ceb
  BB: 4017b2 in func 401160 with 3 insts
    I: 4017b2
    I: 4017b8
    I: 4017bd (flow 402ae0)
      Successors: 402ae0, 4017c3
  BB: 4027b9 in func 401160 with 11 insts
    I: 4027b9
    I: 4027bf
    I: 4027c1
    I: 4027c3
    I: 4027c5
    I: 4027c8
    I: 4027ca
    I: 4027cc
    I: 4027ce
    I: 4027d4
    I: 4027de (flow 405459)
      Successors: 405459
  BB: 401fc1 in func 401160 with 1 insts
    I: 401fc1 (flow 401fc6)
      Successors: 401fc6
  BB: 4017c3 in func 401160 with 1 insts
    I: 4017c3 (flow 4017c8)
      Successors: 4017c8
  BB: 401fc6 in func 401160 with 3 insts
    I: 401fc6
    I: 401fcc
    I: 401fd1 (flow 40370a)
      Successors: 40370a, 401fd7
  BB: 4017c8 in func 401160 with 3 insts
    I: 4017c8
    I: 4017ce
    I: 4017d3 (flow 4051d8)
      Successors: 4051d8, 4017d9
  BB: 401fd7 in func 401160 with 1 insts
    I: 401fd7 (flow 401fdc)
      Successors: 401fdc
  BB: 4017d9 in func 401160 with 1 insts
    I: 4017d9 (flow 4017de)
      Successors: 4017de
  BB: 401fdc in func 401160 with 3 insts
    I: 401fdc
    I: 401fe2
    I: 401fe7 (flow 403a9c)
      Successors: 403a9c, 401fed
  BB: 4017de in func 401160 with 3 insts
    I: 4017de
    I: 4017e4
    I: 4017e9 (flow 40418c)
      Successors: 40418c, 4017ef
  BB: 4027e3 in func 401160 with 7 insts
    I: 4027e3
    I: 4027ea
    I: 4027ef
    I: 4027f4 (flow 408058)
    I: 4027f9
    I: 402803
    I: 40280d (flow 405459)
      Successors: 405459
  BB: 4047e8 in func 401160 with 40 insts
    I: 4047e8 (imm 408034)
    I: 4047ef
    I: 4047f1 (imm 408038)
    I: 4047f8
    I: 4047fa
    I: 4047fc
    I: 4047ff
    I: 404801
    I: 404803
    I: 404806
    I: 404809
    I: 40480c
    I: 404810
    I: 404813
    I: 404817
    I: 40481a
    I: 40481c
    I: 40481f
    I: 404823
    I: 404825
    I: 404828
    I: 40482a
    I: 40482d
    I: 404830
    I: 404833
    I: 404837
    I: 40483a
    I: 40483d
    I: 404840
    I: 404843
    I: 404846
    I: 404848
    I: 40484b
    I: 40484d
    I: 40484f
    I: 404854
    I: 404859
    I: 40485c
    I: 40485f
    I: 404865 (flow 405459)
      Successors: 405459
  BB: 404fe9 in func 401160 with 42 insts
    I: 404fe9 (imm 406007)
    I: 404ff3 (flow 408048)
    I: 404ff8 (imm 408034)
    I: 404fff
    I: 405001 (imm 408038)
    I: 405008
    I: 40500a
    I: 40500c
    I: 405012
    I: 405015
    I: 40501b
    I: 40501e
    I: 405021
    I: 405024
    I: 405028
    I: 40502b
    I: 40502f
    I: 405032
    I: 405034
    I: 405037
    I: 40503b
    I: 40503d
    I: 405040
    I: 405042
    I: 405045
    I: 405048
    I: 40504b
    I: 40504f
    I: 405052
    I: 405055
    I: 405058
    I: 40505b
    I: 40505e
    I: 405060
    I: 405063
    I: 405065
    I: 405067
    I: 40506c
    I: 405071
    I: 405074
    I: 405077
    I: 40507d (flow 405459)
      Successors: 405459
  BB: 401fed in func 401160 with 1 insts
    I: 401fed (flow 401ff2)
      Successors: 401ff2
  BB: 4017ef in func 401160 with 1 insts
    I: 4017ef (flow 4017f4)
      Successors: 4017f4
  BB: 401ff2 in func 401160 with 3 insts
    I: 401ff2
    I: 401ff8
    I: 401ffd (flow 404272)
      Successors: 404272, 402003
  BB: 4017f4 in func 401160 with 3 insts
    I: 4017f4
    I: 4017fa
    I: 4017ff (flow 40335d)
      Successors: 40335d, 401805
  BB: 403ffd in func 401160 with 28 insts
    I: 403ffd
    I: 404007
    I: 40400a
    I: 40400c
    I: 40400f (imm 408034)
    I: 404016
    I: 404018 (imm 408038)
    I: 40401f
    I: 404021
    I: 404023
    I: 404026
    I: 404028
    I: 40402a
    I: 40402d
    I: 404030
    I: 404033
    I: 404036
    I: 404039
    I: 40403c
    I: 40403e
    I: 404040
    I: 404042
    I: 404044
    I: 404049
    I: 40404e
    I: 404051
    I: 404054
    I: 40405a (flow 405459)
      Successors: 405459
Recovering .term_proc at 405460
  Analysing subroutine .term_proc at 405460
    Block head at 0040546d is not code.
  Subroutine .term_proc at 405460 has 1 blocks
  BB: 405460 in func 405460 with 4 insts
    I: 405460
    I: 405464
    I: 405468
    I: 40546c
      No successors
Global Variable None
WARNING: Global constructor and destructor sections are adjacent!
Recovering region LOAD [400000, 400558) in segment LOAD
  8-byte reference at 400018 to 401070 (start)
  8-byte reference at 4000f8 to 401000 (.init_proc)
  8-byte reference at 400130 to 406000 ()
  8-byte reference at 400168 to 407de8 ()
  8-byte reference at 400280 to 406010 ()
  8-byte reference at 4002f0 to 407de8 ()
Recovering region .init [401000, 40101b) in segment .init
Recovering region LOAD [40101b, 401020) in segment LOAD
Recovering region .plt [401020, 401070) in segment .plt
Recovering region .text [401070, 40545e) in segment .text
Recovering region LOAD [40545e, 405460) in segment LOAD
Recovering region .fini [405460, 40546d) in segment .fini
Recovering region .rodata [406000, 40600e) in segment .rodata
  Variable s at 406007
  Variable format at 40600a
Recovering region LOAD [40600e, 406010) in segment LOAD
Recovering region .eh_frame_hdr [406010, 40603c) in segment .eh_frame_hdr
Recovering region LOAD [40603c, 406040) in segment LOAD
Recovering region .eh_frame [406040, 4060d0) in segment .eh_frame
Recovering region LOAD [4060d0, 406110) in segment LOAD
Recovering region .init_array [407de8, 407df8) in segment .init_array
  8-byte reference at 407de8 to 401150 ()
  8-byte reference at 407df0 to 401120 ()
Recovering region LOAD [407df8, 407fd8) in segment LOAD
Recovering region .got [407fd8, 407fe8) in segment .got
  8-byte reference at 407fd8 to 408040 (__libc_start_main)
  8-byte reference at 407fe0 to 408068 (__gmon_start__)
Recovering region .got.plt [407fe8, 408020) in segment .got.plt
  8-byte reference at 408000 to 408048 (puts)
  8-byte reference at 408008 to 408050 (printf)
  8-byte reference at 408010 to 408058 (memset)
  8-byte reference at 408018 to 408060 (__isoc99_scanf)
Recovering region .data [408020, 408030) in segment .data
Recovering region .bss [408030, 408040) in segment .bss
Recovering extern function puts at 401030
Recovering extern function printf at 401040
Recovering extern function memset at 401050
Recovering extern function __isoc99_scanf at 401060
Recovering extern function __libc_start_main at 408040
Recovering extern function puts at 408048
Recovering extern function printf at 408050
Recovering extern function memset at 408058
Recovering extern function __isoc99_scanf at 408060
Recovering extern function __gmon_start__ at 408068
Recovered 8 functions.
Saving to: /home/ubuntu/capstone_project/result/pipeline_20260629_141746/s380322669_fla_bcf_instsub.cfg
Done analysis!
