Debugging is enabled.
Loading Standard Definitions file: /home/ubuntu/capstone_project/dependency/mcsema/mcsema/lib/python3/site-packages/mcsema_disass-3.1.3.8-py3.8.egg/mcsema_disass/defs/linux.txt
Using Batch mode.
Starting analysis
Recovering module s591874935_bcf.elf
Found main at 401150
Looking for instructions in segment .init
  Default block heads for function 401000 with loose bounds [401000, 40101b)
    block [401000, 401014)
    block [401014, 401016)
    block [401016, 40101b)
    chunk [401000, 40101b)
Looking for instructions in segment .plt
  Default block heads for function 401020 with loose bounds [401020, 40102c)
    block [401020, 40102c)
    chunk [401020, 40102c)
  Default block heads for function 401030 with loose bounds [401030, 401036)
    block [401030, 401036)
    chunk [401030, 401036)
  Default block heads for function 401040 with loose bounds [401040, 401046)
    block [401040, 401046)
    chunk [401040, 401046)
  Default block heads for function 401050 with loose bounds [401050, 401056)
    block [401050, 401056)
    chunk [401050, 401056)
Looking for instructions in segment .text
  Default block heads for function 401060 with loose bounds [401060, 401086)
    block [401060, 401086)
    chunk [401060, 401086)
  Default block heads for function 4010a0 with loose bounds [4010a0, 4010c1)
    block [4010a0, 4010ad)
    block [4010ad, 4010b7)
    block [4010b7, 4010be)
    block [4010c0, 4010c1)
    chunk [4010a0, 4010c1)
  Default block heads for function 401110 with loose bounds [401110, 401131)
    block [401110, 40111d)
    block [40111d, 40112f)
    block [401130, 401131)
    chunk [401110, 401131)
  Default block heads for function 401140 with loose bounds [401140, 401146)
    block [401140, 401146)
    chunk [401140, 401146)
    chunk [4010d0, 401101)
  Default block heads for function 401150 with loose bounds [401150, 401749)
    block [401150, 40118c)
    block [40118c, 401191)
    block [401191, 40127c)
    block [40127c, 401281)
    block [401281, 401286)
    block [401286, 4012d6)
    block [4012d6, 401309)
    block [401309, 40130e)
    block [40130e, 401491)
    block [401491, 401496)
    block [401496, 4014a1)
    block [4014a1, 4014a6)
    block [4014a6, 4014b3)
    block [4014b3, 4014c0)
    block [4014c0, 4014cd)
    block [4014cd, 4014e3)
    block [4014e3, 4014f4)
    block [4014f4, 401527)
    block [401527, 40152c)
    block [40152c, 40155f)
    block [40155f, 401564)
    block [401564, 401569)
    block [401569, 40159c)
    block [40159c, 4015a1)
    block [4015a1, 4015d4)
    block [4015d4, 4015d9)
    block [4015d9, 4015e2)
    block [4015e2, 4015f7)
    block [4015f7, 40173f)
    block [40173f, 401744)
    block [401744, 401749)
    chunk [401150, 401749)
  Default block heads for function 401750 with loose bounds [401750, 403dd7)
    block [401750, 4017b1)
    block [4017b1, 4017c1)
    block [4017c1, 4017f4)
    block [4017f4, 4017f9)
    block [4017f9, 401836)
    block [401836, 40183b)
    block [40183b, 401840)
    block [401840, 401850)
    block [401850, 401860)
    block [401860, 40186f)
    block [40186f, 40187f)
    block [40187f, 40188f)
    block [40188f, 4018c2)
    block [4018c2, 4018c7)
    block [4018c7, 401904)
    block [401904, 401909)
    block [401909, 40190e)
    block [40190e, 401913)
    block [401913, 401918)
    block [401918, 40192c)
    block [40192c, 401940)
    block [401940, 401973)
    block [401973, 401978)
    block [401978, 4019b5)
    block [4019b5, 4019ba)
    block [4019ba, 4019bf)
    block [4019bf, 4019f2)
    block [4019f2, 4019f7)
    block [4019f7, 401a41)
    block [401a41, 401a46)
    block [401a46, 401a54)
    block [401a54, 401a59)
    block [401a59, 401a6d)
    block [401a6d, 401a7c)
    block [401a7c, 401aaf)
    block [401aaf, 401ab4)
    block [401ab4, 401afe)
    block [401afe, 401b03)
    block [401b03, 401b11)
    block [401b11, 401b16)
    block [401b16, 401b2a)
    block [401b2a, 401b34)
    block [401b34, 401b39)
    block [401b39, 401b3e)
    block [401b3e, 401b4e)
    block [401b4e, 401b54)
    block [401b54, 401b59)
    block [401b59, 401b8c)
    block [401b8c, 401b91)
    block [401b91, 401be2)
    block [401be2, 401be7)
    block [401be7, 401bec)
    block [401bec, 401bfc)
    block [401bfc, 401c02)
    block [401c02, 401c07)
    block [401c07, 401c25)
    block [401c25, 401c58)
    block [401c58, 401c5d)
    block [401c5d, 401ca8)
    block [401ca8, 401cad)
    block [401cad, 401cbb)
    block [401cbb, 401cc0)
    block [401cc0, 401cde)
    block [401cde, 401cee)
    block [401cee, 401cf4)
    block [401cf4, 401cf9)
    block [401cf9, 401d17)
    block [401d17, 401d4a)
    block [401d4a, 401d4f)
    block [401d4f, 401d9a)
    block [401d9a, 401d9f)
    block [401d9f, 401dad)
    block [401dad, 401db2)
    block [401db2, 401dd0)
    block [401dd0, 401de0)
    block [401de0, 401de6)
    block [401de6, 401deb)
    block [401deb, 401e1e)
    block [401e1e, 401e23)
    block [401e23, 401e74)
    block [401e74, 401e79)
    block [401e79, 401e7e)
    block [401e7e, 401e8e)
    block [401e8e, 401e94)
    block [401e94, 401eb2)
    block [401eb2, 401ec1)
    block [401ec1, 401ecb)
    block [401ecb, 401efe)
    block [401efe, 401f03)
    block [401f03, 401f36)
    block [401f36, 401f3b)
    block [401f3b, 401f40)
    block [401f40, 401f5f)
    block [401f5f, 401f92)
    block [401f92, 401f97)
    block [401f97, 401fe2)
    block [401fe2, 401fe7)
    block [401fe7, 401ff5)
    block [401ff5, 401ffa)
    block [401ffa, 402018)
    block [402018, 402024)
    block [402024, 402057)
    block [402057, 40205c)
    block [40205c, 402096)
    block [402096, 40209b)
    block [40209b, 4020a0)
    block [4020a0, 4020a5)
    block [4020a5, 4020d8)
    block [4020d8, 4020dd)
    block [4020dd, 40212c)
    block [40212c, 402131)
    block [402131, 402136)
    block [402136, 402169)
    block [402169, 40216e)
    block [40216e, 4021b9)
    block [4021b9, 4021be)
    block [4021be, 4021cc)
    block [4021cc, 4021d1)
    block [4021d1, 4021ef)
    block [4021ef, 4021fb)
    block [4021fb, 402202)
    block [402202, 402207)
    block [402207, 402223)
    block [402223, 402233)
    block [402233, 402239)
    block [402239, 40223e)
    block [40223e, 40224e)
    block [40224e, 402254)
    block [402254, 402259)
    block [402259, 402269)
    block [402269, 40226f)
    block [40226f, 4022a2)
    block [4022a2, 4022a7)
    block [4022a7, 4022ea)
    block [4022ea, 4022ef)
    block [4022ef, 4022fd)
    block [4022fd, 402302)
    block [402302, 402335)
    block [402335, 40233a)
    block [40233a, 402380)
    block [402380, 402385)
    block [402385, 402393)
    block [402393, 402398)
    block [402398, 4023cb)
    block [4023cb, 4023d0)
    block [4023d0, 402415)
    block [402415, 40241a)
    block [40241a, 40241f)
    block [40241f, 402452)
    block [402452, 402457)
    block [402457, 40249c)
    block [40249c, 4024a1)
    block [4024a1, 4024a6)
    block [4024a6, 4024d9)
    block [4024d9, 4024de)
    block [4024de, 402529)
    block [402529, 40252e)
    block [40252e, 40253c)
    block [40253c, 402541)
    block [402541, 402550)
    block [402550, 402564)
    block [402564, 402597)
    block [402597, 40259c)
    block [40259c, 4025d9)
    block [4025d9, 4025de)
    block [4025de, 4025e3)
    block [4025e3, 402616)
    block [402616, 40261b)
    block [40261b, 402658)
    block [402658, 40265d)
    block [40265d, 402662)
    block [402662, 402695)
    block [402695, 40269a)
    block [40269a, 4026cd)
    block [4026cd, 4026d2)
    block [4026d2, 4026d7)
    block [4026d7, 40270a)
    block [40270a, 40270f)
    block [40270f, 402757)
    block [402757, 40275c)
    block [40275c, 40276a)
    block [40276a, 40276f)
    block [40276f, 40277c)
    block [40277c, 402789)
    block [402789, 402795)
    block [402795, 4027a1)
    block [4027a1, 4027ae)
    block [4027ae, 4027be)
    block [4027be, 4027d8)
    block [4027d8, 40280b)
    block [40280b, 402810)
    block [402810, 402858)
    block [402858, 40285d)
    block [40285d, 402862)
    block [402862, 402872)
    block [402872, 402878)
    block [402878, 4028ab)
    block [4028ab, 4028b0)
    block [4028b0, 4028ed)
    block [4028ed, 4028f2)
    block [4028f2, 4028f7)
    block [4028f7, 40292a)
    block [40292a, 40292f)
    block [40292f, 402979)
    block [402979, 40297e)
    block [40297e, 40298c)
    block [40298c, 402991)
    block [402991, 4029a0)
    block [4029a0, 4029d3)
    block [4029d3, 4029d8)
    block [4029d8, 402a15)
    block [402a15, 402a1a)
    block [402a1a, 402a1f)
    block [402a1f, 402a24)
    block [402a24, 402a33)
    block [402a33, 402a40)
    block [402a40, 402a73)
    block [402a73, 402a78)
    block [402a78, 402abb)
    block [402abb, 402ac0)
    block [402ac0, 402ace)
    block [402ace, 402ad3)
    block [402ad3, 402adf)
    block [402adf, 402aeb)
    block [402aeb, 402b1e)
    block [402b1e, 402b23)
    block [402b23, 402b66)
    block [402b66, 402b6b)
    block [402b6b, 402b79)
    block [402b79, 402b7e)
    block [402b7e, 402b8e)
    block [402b8e, 402bc1)
    block [402bc1, 402bc6)
    block [402bc6, 402c0e)
    block [402c0e, 402c13)
    block [402c13, 402c18)
    block [402c18, 402c2d)
    block [402c2d, 402c3d)
    block [402c3d, 402c43)
    block [402c43, 402c76)
    block [402c76, 402c7b)
    block [402c7b, 402cb8)
    block [402cb8, 402cbd)
    block [402cbd, 402cc2)
    block [402cc2, 402cd6)
    block [402cd6, 402d09)
    block [402d09, 402d0e)
    block [402d0e, 402d4b)
    block [402d4b, 402d50)
    block [402d50, 402d55)
    block [402d55, 402d5f)
    block [402d5f, 402d64)
    block [402d64, 402d97)
    block [402d97, 402d9c)
    block [402d9c, 402de1)
    block [402de1, 402de6)
    block [402de6, 402df4)
    block [402df4, 402df9)
    block [402df9, 402e06)
    block [402e06, 402e39)
    block [402e39, 402e3e)
    block [402e3e, 402e81)
    block [402e81, 402e86)
    block [402e86, 402e94)
    block [402e94, 402e99)
    block [402e99, 402ecc)
    block [402ecc, 402ed1)
    block [402ed1, 402f0b)
    block [402f0b, 402f10)
    block [402f10, 402f15)
    block [402f15, 402f21)
    block [402f21, 402f26)
    block [402f26, 402f59)
    block [402f59, 402f5e)
    block [402f5e, 402f91)
    block [402f91, 402f96)
    block [402f96, 402f9b)
    block [402f9b, 402fa0)
    block [402fa0, 402fad)
    block [402fad, 402fba)
    block [402fba, 402fed)
    block [402fed, 402ff2)
    block [402ff2, 403035)
    block [403035, 40303a)
    block [40303a, 403048)
    block [403048, 40304d)
    block [40304d, 403080)
    block [403080, 403085)
    block [403085, 4030c8)
    block [4030c8, 4030cd)
    block [4030cd, 4030db)
    block [4030db, 4030e0)
    block [4030e0, 403102)
    block [403102, 40310f)
    block [40310f, 403119)
    block [403119, 40314c)
    block [40314c, 403151)
    block [403151, 403191)
    block [403191, 403196)
    block [403196, 4031a4)
    block [4031a4, 4031a9)
    block [4031a9, 4031dc)
    block [4031dc, 4031e1)
    block [4031e1, 40321b)
    block [40321b, 403220)
    block [403220, 403225)
    block [403225, 403231)
    block [403231, 403253)
    block [403253, 403260)
    block [403260, 403293)
    block [403293, 403298)
    block [403298, 4032d8)
    block [4032d8, 4032dd)
    block [4032dd, 4032eb)
    block [4032eb, 4032f0)
    block [4032f0, 4032fa)
    block [4032fa, 403306)
    block [403306, 403312)
    block [403312, 403317)
    block [403317, 40331c)
    block [40331c, 403329)
    block [403329, 403336)
    block [403336, 403369)
    block [403369, 40336e)
    block [40336e, 4033b1)
    block [4033b1, 4033b6)
    block [4033b6, 4033c4)
    block [4033c4, 4033c9)
    block [4033c9, 4033fc)
    block [4033fc, 403401)
    block [403401, 403444)
    block [403444, 403449)
    block [403449, 403457)
    block [403457, 40345c)
    block [40345c, 40348f)
    block [40348f, 403494)
    block [403494, 4034ec)
    block [4034ec, 4034f1)
    block [4034f1, 4034ff)
    block [4034ff, 403504)
    block [403504, 403537)
    block [403537, 40353c)
    block [40353c, 40357f)
    block [40357f, 403584)
    block [403584, 403592)
    block [403592, 403597)
    block [403597, 4035a1)
    block [4035a1, 4035ab)
    block [4035ab, 4035b7)
    block [4035b7, 4035ea)
    block [4035ea, 4035ef)
    block [4035ef, 403629)
    block [403629, 40362e)
    block [40362e, 403633)
    block [403633, 403655)
    block [403655, 403662)
    block [403662, 40366c)
    block [40366c, 403676)
    block [403676, 403682)
    block [403682, 40368e)
    block [40368e, 403693)
    block [403693, 403698)
    block [403698, 4036a5)
    block [4036a5, 4036b2)
    block [4036b2, 4036bf)
    block [4036bf, 4036f2)
    block [4036f2, 4036f7)
    block [4036f7, 40373a)
    block [40373a, 40373f)
    block [40373f, 40374d)
    block [40374d, 403752)
    block [403752, 403774)
    block [403774, 4037a7)
    block [4037a7, 4037ac)
    block [4037ac, 4037ef)
    block [4037ef, 4037f4)
    block [4037f4, 403802)
    block [403802, 403807)
    block [403807, 403811)
    block [403811, 40381b)
    block [40381b, 40384e)
    block [40384e, 403853)
    block [403853, 40388d)
    block [40388d, 403892)
    block [403892, 403897)
    block [403897, 4038a3)
    block [4038a3, 4038c5)
    block [4038c5, 4038f8)
    block [4038f8, 4038fd)
    block [4038fd, 403940)
    block [403940, 403945)
    block [403945, 403953)
    block [403953, 403958)
    block [403958, 40398b)
    block [40398b, 403990)
    block [403990, 4039d0)
    block [4039d0, 4039d5)
    block [4039d5, 4039e3)
    block [4039e3, 4039e8)
    block [4039e8, 4039f2)
    block [4039f2, 4039fe)
    block [4039fe, 403a31)
    block [403a31, 403a36)
    block [403a36, 403a70)
    block [403a70, 403a75)
    block [403a75, 403a7a)
    block [403a7a, 403aad)
    block [403aad, 403ab2)
    block [403ab2, 403ae5)
    block [403ae5, 403aea)
    block [403aea, 403aef)
    block [403aef, 403af4)
    block [403af4, 403b27)
    block [403b27, 403b2c)
    block [403b2c, 403b5f)
    block [403b5f, 403b64)
    block [403b64, 403b69)
    block [403b69, 403b6e)
    block [403b6e, 403b73)
    block [403b73, 403b7a)
    block [403b7a, 403b86)
    block [403b86, 403b95)
    block [403b95, 403ba4)
    block [403ba4, 403bb3)
    block [403bb3, 403bb8)
    block [403bb8, 403bbd)
    block [403bbd, 403be0)
    block [403be0, 403be5)
    block [403be5, 403bea)
    block [403bea, 403c0d)
    block [403c0d, 403c12)
    block [403c12, 403c17)
    block [403c17, 403c23)
    block [403c23, 403c44)
    block [403c44, 403c49)
    block [403c49, 403c4e)
    block [403c4e, 403c53)
    block [403c53, 403c6a)
    block [403c6a, 403c81)
    block [403c81, 403c86)
    block [403c86, 403c95)
    block [403c95, 403ca4)
    block [403ca4, 403ca9)
    block [403ca9, 403cae)
    block [403cae, 403cc8)
    block [403cc8, 403cd7)
    block [403cd7, 403cdc)
    block [403cdc, 403ceb)
    block [403ceb, 403cf0)
    block [403cf0, 403cf5)
    block [403cf5, 403d0f)
    block [403d0f, 403d1e)
    block [403d1e, 403d2d)
    block [403d2d, 403d32)
    block [403d32, 403d37)
    block [403d37, 403d43)
    block [403d43, 403d48)
    block [403d48, 403d4d)
    block [403d4d, 403d52)
    block [403d52, 403d57)
    block [403d57, 403d63)
    block [403d63, 403d68)
    block [403d68, 403d6d)
    block [403d6d, 403d72)
    block [403d72, 403d90)
    block [403d90, 403d95)
    block [403d95, 403da1)
    block [403da1, 403da6)
    block [403da6, 403dab)
    block [403dab, 403db7)
    block [403db7, 403dbc)
    block [403dbc, 403dc1)
    block [403dc1, 403dcd)
    block [403dcd, 403dd2)
    block [403dd2, 403dd7)
    chunk [401750, 403dd7)
  Default block heads for function 403de0 with loose bounds [403de0, 403e12)
    block [403de0, 403e12)
    chunk [403de0, 403e12)
  Default block heads for function 403e20 with loose bounds [403e20, 403e8e)
    block [403e20, 403e8e)
    chunk [403e20, 403e8e)
  Default block heads for function 403e90 with loose bounds [403e90, 40400e)
    block [403e90, 403ed4)
    block [403ed4, 403eda)
    block [403eda, 403ee6)
    block [403ee6, 403f19)
    block [403f19, 403f1e)
    block [403f1e, 403f61)
    block [403f61, 403f66)
    block [403f66, 403f71)
    block [403f71, 403f76)
    block [403f76, 403f82)
    block [403f82, 403f89)
    block [403f89, 403fbc)
    block [403fbc, 403fc1)
    block [403fc1, 403ffa)
    block [403ffa, 403fff)
    block [403fff, 404004)
    block [404004, 404009)
    block [404009, 40400e)
    chunk [403e90, 40400e)
  Default block heads for function 404010 with loose bounds [404010, 40406b)
    block [404010, 40406b)
    chunk [404010, 40406b)
Looking for instructions in segment .fini
  Default block heads for function 40406c with loose bounds [40406c, 404079)
    block [40406c, 404079)
    chunk [40406c, 404079)
Looking for strings in segment .rodata [405000, 40502d)
  Found string b'%lf,%lf,%lf,%lf,%lf,%lf,%lf,%lf' of length 32 at 405004, jumping to 405024
  Found string b'NO\n' of length 4 at 405024, jumping to 405028
  Found string b'YES\n' of length 5 at 405028, jumping to 40502d
Looking for strings in segment .eh_frame_hdr [405030, 405084)
Looking for strings in segment .eh_frame [405088, 4051c4)
Looking for strings in segment .init_array [406de8, 406df0)
Looking for strings in segment .fini_array [406df0, 406df8)
Looking for strings in segment .got [406fd8, 406fe8)
Looking for strings in segment .got.plt [406fe8, 407018)
Looking for strings in segment .data [407018, 407028)
Looking for strings in segment .bss [407028, 407060)
Looking for strings in segment extern [407060, 407088)
Looking for cross-references in segment .init [401000, 40101b)
Looking for cross-references in segment .plt [401020, 401060)
  Stopping scan at 40102c
Looking for cross-references in segment .text [401060, 40406b)
  Stopping scan at 40108c
  Stopping scan at 40109c
  Stopping scan at ffffffffffffffff
  Stopping scan at 4010cc
  Stopping scan at 40110c
  Stopping scan at ffffffffffffffff
  Stopping scan at 40113c
  Stopping scan at 40114c
  Stopping scan at 40174c
  Stopping scan at 403ddc
  Stopping scan at 403e1c
  Stopping scan at ffffffffffffffff
  Stopping scan at ffffffffffffffff
Looking for cross-references in segment .fini [40406c, 404079)
Looking for cross-references in segment .rodata [405000, 40502d)
  Found string at 405004, jumping to 405024
  Found string at 405024, jumping to 405028
  Found string at 405028, jumping to 40502d
  Stopping scan at 405028
Looking for cross-references in segment .eh_frame_hdr [405030, 405084)
  Stopping scan at 405080
Looking for cross-references in segment .eh_frame [405088, 4051c4)
  Stopping scan at 4051c0
Looking for cross-references in segment .init_array [406de8, 406df0)
  Adding qword reference from 406de8 to 401140
  Stopping scan at 406de8
Looking for cross-references in segment .fini_array [406df0, 406df8)
  Adding qword reference from 406df0 to 401110
  Stopping scan at 406df0
Looking for cross-references in segment .got [406fd8, 406fe8)
  Adding qword reference from 406fd8 to 407060
  Adding qword reference from 406fe0 to 407080
  Stopping scan at 406fe0
Looking for cross-references in segment .got.plt [406fe8, 407018)
  Adding qword reference from 407000 to 407068
  Adding qword reference from 407008 to 407070
  Adding qword reference from 407010 to 407078
  Stopping scan at 407010
Looking for cross-references in segment .data [407018, 407028)
  Stopping scan at 407024
Looking for cross-references in segment .bss [407028, 407060)
  Stopping scan at 40705c
Looking for cross-references in segment extern [407060, 407088)
  Stopping scan at 407084
Looking for thunks
  Found thunk for printf targeting 407068 at 401030
  Found thunk for __isoc99_scanf targeting 407070 at 401040
  Found thunk for sqrt targeting 407078 at 401050
Looking for external symbols
  Function at 401030 is the external function printf
  Function at 401040 is the external function __isoc99_scanf
  Function at 401050 is the external function sqrt
  Function at 407060 is the external function __libc_start_main
  Function at 407068 is the external function printf
  Function at 407070 is the external function __isoc99_scanf
  Function at 407078 is the external function sqrt
  Function at 407080 is the external function __gmon_start__
Looking for entrypoints
Recovering .init_proc at 401000
  Analysing subroutine .init_proc at 401000
    Block head at 0040101b is not code.
  Subroutine .init_proc at 401000 has 3 blocks
  BB: 401000 in func 401000 with 5 insts
    Referenced by data
    I: 401000
    I: 401004
    I: 401008 (mem 406fe0)
    I: 40100f
    I: 401012 (flow 401016)
      Successors: 401014, 401016
  BB: 401014 in func 401000 with 1 insts
    I: 401014
      Successors: 401016
  BB: 401016 in func 401000 with 2 insts
    I: 401016
    I: 40101a
      No successors
Recovering 401020
  Analysing subroutine sub_401020 at 401020
  WARNING: No table entries for indirect jump at 401026; Adding next_ea 40102c as successor.
  Subroutine sub_401020 at 401020 has 2 blocks
  WARNING: No table entries for indirect jump at 401026; Adding next_ea 40102c as successor.
  BB: 401020 in func 401020 with 2 insts
    I: 401020 (mem 406ff0)
    I: 401026 (mem 406ff8)
      Successors: 40102c
  BB: 40102c in func 401020 with 1 insts
    I: 40102c
      No successors
Recovering start at 401060
  Analysing subroutine start at 401060
  Subroutine start at 401060 has 3 blocks
  BB: 401060 in func 401060 with 13 insts
    Referenced by data
    I: 401060
    I: 401064
    I: 401066
    I: 401069
    I: 40106a
    I: 40106d
    I: 401071
    I: 401072
    I: 401073
    I: 401076
    I: 401078 (imm 401150)
    I: 40107f (mem 406fd8)
    I: 401085
      No successors
  BB: 401095 in func 401060 with 2 insts
    I: 401095
    I: 40109f
      No successors
  BB: 401086 in func 401060 with 3 insts
    I: 401086
    I: 401090
    I: 401094
      No successors
Recovering 4010a0
  Analysing subroutine sub_4010A0 at 4010a0
  WARNING: No table entries for indirect jump at 4010bc; Adding next_ea 4010be as successor.
  WARNING: No table entries for indirect jump at 4010fe; Adding next_ea 401100 as successor.
  Subroutine sub_4010A0 at 4010a0 has 11 blocks
  BB: 4010a0 in func 4010a0 with 3 insts
    I: 4010a0 (imm 407028)
    I: 4010a5 (imm 407028)
    I: 4010ab (flow 4010c0)
      Successors: 4010c0, 4010ad
  BB: 4010c0 in func 4010a0 with 1 insts
    I: 4010c0
      No successors
  BB: 4010c1 in func 4010a0 with 2 insts
    I: 4010c1
    I: 4010c5
      Successors: 4010d0
  BB: 401100 in func 4010a0 with 1 insts
    I: 401100
      No successors
  BB: 401101 in func 4010a0 with 2 insts
    I: 401101
    I: 401105
      No successors
  BB: 4010ad in func 4010a0 with 3 insts
    I: 4010ad
    I: 4010b2
    I: 4010b5 (flow 4010c0)
      Successors: 4010c0, 4010b7
  BB: 4010ef in func 4010a0 with 3 insts
    I: 4010ef
    I: 4010f4
    I: 4010f7 (flow 401100)
      Successors: 401100, 4010f9
  BB: 4010d0 in func 4010a0 with 8 insts
    I: 4010d0 (imm 407028)
    I: 4010d5 (imm 407028)
    I: 4010dc
    I: 4010df
    I: 4010e3
    I: 4010e7
    I: 4010ea
    I: 4010ed (flow 401100)
      Successors: 401100, 4010ef
  WARNING: No table entries for indirect jump at 4010bc; Adding next_ea 4010be as successor.
  BB: 4010b7 in func 4010a0 with 2 insts
    I: 4010b7 (imm 407028)
    I: 4010bc
      Successors: 4010be
  WARNING: No table entries for indirect jump at 4010fe; Adding next_ea 401100 as successor.
  BB: 4010f9 in func 4010a0 with 2 insts
    I: 4010f9 (imm 407028)
    I: 4010fe
      Successors: 401100
  BB: 4010be in func 4010a0 with 1 insts
    I: 4010be
      Successors: 4010c0
Recovering 401110
  Analysing subroutine sub_401110 at 401110
  Subroutine sub_401110 at 401110 has 5 blocks
  BB: 40112f in func 401110 with 1 insts
    I: 40112f
      Successors: 401130
  BB: 401110 in func 401110 with 3 insts
    Referenced by data
    I: 401110
    I: 401114 (mem 407028)
    I: 40111b (flow 401130)
      Successors: 401130, 40111d
  BB: 401131 in func 401110 with 2 insts
    I: 401131
    I: 401135
      No successors
  BB: 401130 in func 401110 with 1 insts
    I: 401130
      No successors
  BB: 40111d in func 401110 with 6 insts
    I: 40111d
    I: 40111e
    I: 401121 (flow 4010a0)
    I: 401126 (mem 407028)
    I: 40112d
    I: 40112e
      No successors
Recovering 401140
  Analysing subroutine sub_401140 at 401140
  WARNING: No table entries for indirect jump at 4010fe; Adding next_ea 401100 as successor.
  Subroutine sub_401140 at 401140 has 6 blocks
  BB: 401140 in func 401140 with 2 insts
    Referenced by data
    I: 401140
    I: 401144 (flow 4010d0)
      Successors: 4010d0
  BB: 401100 in func 401140 with 1 insts
    I: 401100
      No successors
  BB: 401146 in func 401140 with 1 insts
    I: 401146
      No successors
  BB: 4010ef in func 401140 with 3 insts
    I: 4010ef
    I: 4010f4
    I: 4010f7 (flow 401100)
      Successors: 401100, 4010f9
  BB: 4010d0 in func 401140 with 8 insts
    I: 4010d0 (imm 407028)
    I: 4010d5 (imm 407028)
    I: 4010dc
    I: 4010df
    I: 4010e3
    I: 4010e7
    I: 4010ea
    I: 4010ed (flow 401100)
      Successors: 401100, 4010ef
  WARNING: No table entries for indirect jump at 4010fe; Adding next_ea 401100 as successor.
  BB: 4010f9 in func 401140 with 2 insts
    I: 4010f9 (imm 407028)
    I: 4010fe
      Successors: 401100
Recovering main at 401150
  Analysing subroutine main at 401150
  Subroutine main at 401150 has 32 blocks
  BB: 401281 in func 401150 with 1 insts
    I: 401281 (flow 401286)
      Successors: 401286
  BB: 401286 in func 401150 with 18 insts
    I: 401286
    I: 40128a
    I: 40128e
    I: 401292
    I: 401296
    I: 40129a
    I: 40129e
    I: 4012a2
    I: 4012a6 (imm 405004)
    I: 4012b0
    I: 4012b4
    I: 4012b8
    I: 4012bd
    I: 4012c2
    I: 4012c4 (flow 407070)
    I: 4012c9
    I: 4012cd
    I: 4012d0 (flow 401569)
      Successors: 401569, 4012d6
  BB: 401309 in func 401150 with 1 insts
    I: 401309 (flow 4015f7)
      Successors: 4015f7
  BB: 40118c in func 401150 with 1 insts
    I: 40118c (flow 4015e2)
      Successors: 4015e2
  BB: 40130e in func 401150 with 99 insts
    I: 40130e
    I: 401312
    I: 401316
    I: 40131a
    I: 40131e
    I: 401322
    I: 401326
    I: 40132a
    I: 40132e
    I: 401333
    I: 401338
    I: 40133d
    I: 401341
    I: 401345
    I: 401349
    I: 40134d
    I: 401351 (flow 401750)
    I: 401356
    I: 40135a
    I: 40135e
    I: 401362
    I: 401366
    I: 40136a
    I: 40136e
    I: 401372
    I: 401376
    I: 401378
    I: 40137c
    I: 40137f
    I: 401384
    I: 401389
    I: 40138e
    I: 401392
    I: 401396
    I: 40139a
    I: 40139e
    I: 4013a2 (flow 401750)
    I: 4013a7
    I: 4013ab
    I: 4013af
    I: 4013b3
    I: 4013b7
    I: 4013bb
    I: 4013bf
    I: 4013c3
    I: 4013c7
    I: 4013c9
    I: 4013cd
    I: 4013d0
    I: 4013d5
    I: 4013da
    I: 4013df
    I: 4013e3
    I: 4013e7
    I: 4013eb
    I: 4013ef
    I: 4013f3 (flow 401750)
    I: 4013f8
    I: 4013fc
    I: 401400
    I: 401404
    I: 401408
    I: 40140c
    I: 401410
    I: 401414
    I: 401418
    I: 40141a
    I: 40141e
    I: 401421
    I: 401426
    I: 40142b
    I: 401430
    I: 401434
    I: 401438
    I: 40143c
    I: 401440
    I: 401444 (flow 401750)
    I: 401449
    I: 40144d
    I: 40144f
    I: 401453
    I: 401455
    I: 401458
    I: 40145b
    I: 40145e (imm 407030)
    I: 401465
    I: 401467 (imm 40704c)
    I: 40146e
    I: 401470
    I: 401472
    I: 401475
    I: 401478
    I: 40147b
    I: 40147e
    I: 401481
    I: 401484
    I: 401487
    I: 401489
    I: 40148b (flow 401496)
      Successors: 401491, 401496
  BB: 401191 in func 401150 with 67 insts
    I: 401191
    I: 401194
    I: 401198
    I: 40119b
    I: 40119e
    I: 4011a2
    I: 4011a6
    I: 4011a9
    I: 4011ac
    I: 4011b0
    I: 4011b4
    I: 4011b7
    I: 4011ba
    I: 4011be
    I: 4011c2
    I: 4011c5
    I: 4011c8
    I: 4011cc
    I: 4011d0
    I: 4011d3
    I: 4011d6
    I: 4011da
    I: 4011de
    I: 4011e1
    I: 4011e4
    I: 4011e8
    I: 4011ec
    I: 4011ef
    I: 4011f2
    I: 4011f6
    I: 4011fa
    I: 4011fd
    I: 401200
    I: 401204
    I: 401208
    I: 40120b
    I: 40120e
    I: 401212
    I: 401216
    I: 401219
    I: 40121c
    I: 401220
    I: 401224
    I: 401227
    I: 40122a
    I: 40122e
    I: 401232
    I: 401235
    I: 401238
    I: 40123c
    I: 401240
    I: 401243
    I: 401249 (imm 407030)
    I: 401250
    I: 401252 (imm 40704c)
    I: 401259
    I: 40125b
    I: 40125d
    I: 401260
    I: 401263
    I: 401266
    I: 401269
    I: 40126c
    I: 40126f
    I: 401272
    I: 401274
    I: 401276 (flow 401281)
      Successors: 401281, 40127c
  BB: 401491 in func 401150 with 1 insts
    I: 401491 (flow 4015f7)
      Successors: 4015f7
  BB: 401496 in func 401150 with 3 insts
    I: 401496
    I: 401499
    I: 40149b (flow 4014cd)
      Successors: 4014a1, 4014cd
  BB: 40159c in func 401150 with 1 insts
    I: 40159c (flow 401744)
      Successors: 401744
  BB: 4014a1 in func 401150 with 1 insts
    I: 4014a1 (flow 4014a6)
      Successors: 4014a6
  BB: 4015a1 in func 401150 with 15 insts
    I: 4015a1 (imm 407030)
    I: 4015a8
    I: 4015aa (imm 40704c)
    I: 4015b1
    I: 4015b3
    I: 4015b5
    I: 4015b8
    I: 4015bb
    I: 4015be
    I: 4015c1
    I: 4015c4
    I: 4015c7
    I: 4015ca
    I: 4015cc
    I: 4015ce (flow 4015d9)
      Successors: 4015d9, 4015d4
  BB: 4014a6 in func 401150 with 3 insts
    I: 4014a6
    I: 4014aa
    I: 4014ad (flow 4014cd)
      Successors: 4014b3, 4014cd
  BB: 401527 in func 401150 with 1 insts
    I: 401527 (flow 40173f)
      Successors: 40173f
  BB: 40152c in func 401150 with 15 insts
    I: 40152c (imm 407030)
    I: 401533
    I: 401535 (imm 40704c)
    I: 40153c
    I: 40153e
    I: 401540
    I: 401543
    I: 401546
    I: 401549
    I: 40154c
    I: 40154f
    I: 401552
    I: 401555
    I: 401557
    I: 401559 (flow 401564)
      Successors: 401564, 40155f
  BB: 4014b3 in func 401150 with 3 insts
    I: 4014b3
    I: 4014b7
    I: 4014ba (flow 4014cd)
      Successors: 4014c0, 4014cd
  BB: 40173f in func 401150 with 1 insts
    I: 40173f (flow 40152c)
      Successors: 40152c
  BB: 4014c0 in func 401150 with 3 insts
    I: 4014c0
    I: 4014c4
    I: 4014c7 (flow 4014e3)
      Successors: 4014e3, 4014cd
  BB: 401744 in func 401150 with 1 insts
    I: 401744 (flow 4015a1)
      Successors: 4015a1
  BB: 401749 in func 401150 with 1 insts
    I: 401749
      No successors
  BB: 4014cd in func 401150 with 4 insts
    I: 4014cd (imm 405024)
    I: 4014d7
    I: 4014d9 (flow 407068)
    I: 4014de (flow 4014f4)
      Successors: 4014f4
  BB: 401150 in func 401150 with 19 insts
    Referenced by data
    I: 401150
    I: 401151
    I: 401154
    I: 401155
    I: 401159 (imm 407030)
    I: 401160
    I: 401162 (imm 40704c)
    I: 401169
    I: 40116b
    I: 40116d
    I: 401170
    I: 401173
    I: 401176
    I: 401179
    I: 40117c
    I: 40117f
    I: 401182
    I: 401184
    I: 401186 (flow 401191)
      Successors: 401191, 40118c
  BB: 4015d4 in func 401150 with 1 insts
    I: 4015d4 (flow 401744)
      Successors: 401744
  BB: 4012d6 in func 401150 with 15 insts
    I: 4012d6 (imm 407030)
    I: 4012dd
    I: 4012df (imm 40704c)
    I: 4012e6
    I: 4012e8
    I: 4012ea
    I: 4012ed
    I: 4012f0
    I: 4012f3
    I: 4012f6
    I: 4012f9
    I: 4012fc
    I: 4012ff
    I: 401301
    I: 401303 (flow 40130e)
      Successors: 401309, 40130e
  BB: 4015d9 in func 401150 with 5 insts
    I: 4015d9
    I: 4015db
    I: 4015df
    I: 4015e0
    I: 4015e1
      No successors
  BB: 40155f in func 401150 with 1 insts
    I: 40155f (flow 40173f)
      Successors: 40173f
  BB: 4015e2 in func 401150 with 5 insts
    I: 4015e2
    I: 4015e5
    I: 4015e9
    I: 4015ec
    I: 4015f2 (flow 401191)
      Successors: 401191
  BB: 4014e3 in func 401150 with 3 insts
    I: 4014e3 (imm 405028)
    I: 4014ed
    I: 4014ef (flow 407068)
      Successors: 4014f4
  BB: 401564 in func 401150 with 1 insts
    I: 401564 (flow 401286)
      Successors: 401286
  BB: 401569 in func 401150 with 15 insts
    I: 401569 (imm 407030)
    I: 401570
    I: 401572 (imm 40704c)
    I: 401579
    I: 40157b
    I: 40157d
    I: 401580
    I: 401583
    I: 401586
    I: 401589
    I: 40158c
    I: 40158f
    I: 401592
    I: 401594
    I: 401596 (flow 4015a1)
      Successors: 4015a1, 40159c
  BB: 4014f4 in func 401150 with 15 insts
    I: 4014f4 (imm 407030)
    I: 4014fb
    I: 4014fd (imm 40704c)
    I: 401504
    I: 401506
    I: 401508
    I: 40150b
    I: 40150e
    I: 401511
    I: 401514
    I: 401517
    I: 40151a
    I: 40151d
    I: 40151f
    I: 401521 (flow 40152c)
      Successors: 40152c, 401527
  BB: 4015f7 in func 401150 with 81 insts
    I: 4015f7
    I: 4015fb
    I: 4015ff
    I: 401603
    I: 401607
    I: 40160b
    I: 40160f
    I: 401613
    I: 401617
    I: 40161c
    I: 401621
    I: 401626
    I: 40162a
    I: 40162e
    I: 401632
    I: 401636
    I: 40163a (flow 401750)
    I: 40163f
    I: 401643
    I: 401647
    I: 40164b
    I: 40164f
    I: 401653
    I: 401657
    I: 40165b
    I: 40165f
    I: 401661
    I: 401665
    I: 401668
    I: 40166d
    I: 401672
    I: 401677
    I: 40167b
    I: 40167f
    I: 401683
    I: 401687
    I: 40168b (flow 401750)
    I: 401690
    I: 401694
    I: 401698
    I: 40169c
    I: 4016a0
    I: 4016a4
    I: 4016a8
    I: 4016ac
    I: 4016b0
    I: 4016b2
    I: 4016b6
    I: 4016b9
    I: 4016be
    I: 4016c3
    I: 4016c8
    I: 4016cc
    I: 4016d0
    I: 4016d4
    I: 4016d8
    I: 4016dc (flow 401750)
    I: 4016e1
    I: 4016e5
    I: 4016e9
    I: 4016ed
    I: 4016f1
    I: 4016f5
    I: 4016f9
    I: 4016fd
    I: 401701
    I: 401703
    I: 401707
    I: 40170a
    I: 40170f
    I: 401714
    I: 401719
    I: 40171d
    I: 401721
    I: 401725
    I: 401729
    I: 40172d (flow 401750)
    I: 401732
    I: 401734
    I: 401738
    I: 40173a (flow 40130e)
      Successors: 40130e
  BB: 40127c in func 401150 with 1 insts
    I: 40127c (flow 4015e2)
      Successors: 4015e2
Recovering 401750
  Analysing subroutine sub_401750 at 401750
  Subroutine sub_401750 at 401750 has 476 blocks
  BB: 403802 in func 401750 with 1 insts
    I: 403802 (flow 403897)
      Successors: 403897
  BB: 403807 in func 401750 with 2 insts
    I: 403807
    I: 40380b (flow 403897)
      Successors: 403811, 403897
  BB: 40280b in func 401750 with 1 insts
    I: 40280b (flow 403cae)
      Successors: 403cae
  BB: 402810 in func 401750 with 19 insts
    I: 402810
    I: 402816
    I: 40281c
    I: 40281f
    I: 402825 (imm 407034)
    I: 40282c
    I: 40282e (imm 407050)
    I: 402835
    I: 402837
    I: 402839
    I: 40283c
    I: 40283f
    I: 402842
    I: 402845
    I: 402848
    I: 40284b
    I: 40284e
    I: 402850
    I: 402852 (flow 40285d)
      Successors: 402858, 40285d
  BB: 403811 in func 401750 with 2 insts
    I: 403811
    I: 403815 (flow 403897)
      Successors: 40381b, 403897
  BB: 402018 in func 401750 with 2 insts
    I: 402018
    I: 40201f (flow 4020a0)
      Successors: 4020a0
  BB: 40381b in func 401750 with 15 insts
    I: 40381b (imm 407034)
    I: 403822
    I: 403824 (imm 407050)
    I: 40382b
    I: 40382d
    I: 40382f
    I: 403832
    I: 403835
    I: 403838
    I: 40383b
    I: 40383e
    I: 403841
    I: 403844
    I: 403846
    I: 403848 (flow 403853)
      Successors: 403853, 40384e
  BB: 402024 in func 401750 with 15 insts
    I: 402024 (imm 407034)
    I: 40202b
    I: 40202d (imm 407050)
    I: 402034
    I: 402036
    I: 402038
    I: 40203b
    I: 40203e
    I: 402041
    I: 402044
    I: 402047
    I: 40204a
    I: 40204d
    I: 40204f
    I: 402051 (flow 40205c)
      Successors: 40205c, 402057
  BB: 403035 in func 401750 with 1 insts
    I: 403035 (flow 403d48)
      Successors: 403d48
  BB: 401836 in func 401750 with 1 insts
    I: 401836 (flow 403b86)
      Successors: 403b86
  BB: 40303a in func 401750 with 3 insts
    I: 40303a
    I: 403040
    I: 403042 (flow 40304d)
      Successors: 403048, 40304d
  BB: 40183b in func 401750 with 1 insts
    I: 40183b (flow 401918)
      Successors: 401918
  BB: 401840 in func 401750 with 3 insts
    I: 401840
    I: 401845
    I: 40184a (flow 40186f)
      Successors: 401850, 40186f
  BB: 403048 in func 401750 with 1 insts
    I: 403048 (flow 40331c)
      Successors: 40331c
  BB: 40304d in func 401750 with 15 insts
    I: 40304d (imm 407034)
    I: 403054
    I: 403056 (imm 407050)
    I: 40305d
    I: 40305f
    I: 403061
    I: 403064
    I: 403067
    I: 40306a
    I: 40306d
    I: 403070
    I: 403073
    I: 403076
    I: 403078
    I: 40307a (flow 403085)
      Successors: 403080, 403085
  BB: 40384e in func 401750 with 1 insts
    I: 40384e (flow 403dab)
      Successors: 403dab
  BB: 401850 in func 401750 with 3 insts
    I: 401850
    I: 401855
    I: 40185a (flow 40186f)
      Successors: 401860, 40186f
  BB: 403853 in func 401750 with 16 insts
    I: 403853
    I: 40385a (imm 407034)
    I: 403861
    I: 403863 (imm 407050)
    I: 40386a
    I: 40386c
    I: 40386e
    I: 403871
    I: 403874
    I: 403877
    I: 40387a
    I: 40387d
    I: 403880
    I: 403883
    I: 403885
    I: 403887 (flow 403892)
      Successors: 403892, 40388d
  BB: 402057 in func 401750 with 1 insts
    I: 402057 (flow 403c17)
      Successors: 403c17
  BB: 402858 in func 401750 with 1 insts
    I: 402858 (flow 403cae)
      Successors: 403cae
  BB: 40205c in func 401750 with 16 insts
    I: 40205c
    I: 402063 (imm 407034)
    I: 40206a
    I: 40206c (imm 407050)
    I: 402073
    I: 402075
    I: 402077
    I: 40207a
    I: 40207d
    I: 402080
    I: 402083
    I: 402086
    I: 402089
    I: 40208c
    I: 40208e
    I: 402090 (flow 40209b)
      Successors: 40209b, 402096
  BB: 40285d in func 401750 with 1 insts
    I: 40285d (flow 402862)
      Successors: 402862
  BB: 401860 in func 401750 with 2 insts
    I: 401860
    I: 40186a (flow 401913)
      Successors: 401913
  BB: 402862 in func 401750 with 3 insts
    I: 402862
    I: 402867
    I: 40286c (flow 4028f7)
      Successors: 402872, 4028f7
  BB: 40186f in func 401750 with 3 insts
    I: 40186f
    I: 401874
    I: 401879 (flow 40190e)
      Successors: 40190e, 40187f
  BB: 402872 in func 401750 with 1 insts
    I: 402872 (flow 4028f7)
      Successors: 402878, 4028f7
  BB: 402878 in func 401750 with 15 insts
    I: 402878 (imm 407034)
    I: 40287f
    I: 402881 (imm 407050)
    I: 402888
    I: 40288a
    I: 40288c
    I: 40288f
    I: 402892
    I: 402895
    I: 402898
    I: 40289b
    I: 40289e
    I: 4028a1
    I: 4028a3
    I: 4028a5 (flow 4028b0)
      Successors: 4028b0, 4028ab
  BB: 40187f in func 401750 with 3 insts
    I: 40187f
    I: 401884
    I: 401889 (flow 40190e)
      Successors: 40190e, 40188f
  BB: 403080 in func 401750 with 1 insts
    I: 403080 (flow 403d4d)
      Successors: 403d4d
  BB: 403085 in func 401750 with 18 insts
    I: 403085
    I: 40308c
    I: 40308f
    I: 403095 (imm 407034)
    I: 40309c
    I: 40309e (imm 407050)
    I: 4030a5
    I: 4030a7
    I: 4030a9
    I: 4030ac
    I: 4030af
    I: 4030b2
    I: 4030b5
    I: 4030b8
    I: 4030bb
    I: 4030be
    I: 4030c0
    I: 4030c2 (flow 4030cd)
      Successors: 4030c8, 4030cd
  BB: 40388d in func 401750 with 1 insts
    I: 40388d (flow 403dab)
      Successors: 403dab
  BB: 40188f in func 401750 with 15 insts
    I: 40188f (imm 407034)
    I: 401896
    I: 401898 (imm 407050)
    I: 40189f
    I: 4018a1
    I: 4018a3
    I: 4018a6
    I: 4018a9
    I: 4018ac
    I: 4018af
    I: 4018b2
    I: 4018b5
    I: 4018b8
    I: 4018ba
    I: 4018bc (flow 4018c7)
      Successors: 4018c2, 4018c7
  BB: 403892 in func 401750 with 1 insts
    I: 403892 (flow 403b7a)
      Successors: 403b7a
  BB: 402096 in func 401750 with 1 insts
    I: 402096 (flow 403c17)
      Successors: 403c17
  BB: 403897 in func 401750 with 2 insts
    I: 403897
    I: 40389e (flow 403b7a)
      Successors: 403b7a
  BB: 40209b in func 401750 with 1 insts
    I: 40209b (flow 4020a0)
      Successors: 4020a0
  BB: 4020a0 in func 401750 with 1 insts
    I: 4020a0 (flow 402136)
      Successors: 402136
  BB: 4038a3 in func 401750 with 7 insts
    I: 4038a3
    I: 4038a8
    I: 4038ad
    I: 4038b2
    I: 4038b7 (flow 403e90)
    I: 4038bc
    I: 4038bf (flow 403a7a)
      Successors: 403a7a, 4038c5
  BB: 4020a5 in func 401750 with 15 insts
    I: 4020a5 (imm 407034)
    I: 4020ac
    I: 4020ae (imm 407050)
    I: 4020b5
    I: 4020b7
    I: 4020b9
    I: 4020bc
    I: 4020bf
    I: 4020c2
    I: 4020c5
    I: 4020c8
    I: 4020cb
    I: 4020ce
    I: 4020d0
    I: 4020d2 (flow 4020dd)
      Successors: 4020d8, 4020dd
  BB: 4028ab in func 401750 with 1 insts
    I: 4028ab (flow 403cc8)
      Successors: 403cc8
  BB: 4028b0 in func 401750 with 16 insts
    I: 4028b0
    I: 4028ba (imm 407034)
    I: 4028c1
    I: 4028c3 (imm 407050)
    I: 4028ca
    I: 4028cc
    I: 4028ce
    I: 4028d1
    I: 4028d4
    I: 4028d7
    I: 4028da
    I: 4028dd
    I: 4028e0
    I: 4028e3
    I: 4028e5
    I: 4028e7 (flow 4028f2)
      Successors: 4028f2, 4028ed
  BB: 4018c2 in func 401750 with 1 insts
    I: 4018c2 (flow 403b95)
      Successors: 403b95
  BB: 4038c5 in func 401750 with 15 insts
    I: 4038c5 (imm 407034)
    I: 4038cc
    I: 4038ce (imm 407050)
    I: 4038d5
    I: 4038d7
    I: 4038d9
    I: 4038dc
    I: 4038df
    I: 4038e2
    I: 4038e5
    I: 4038e8
    I: 4038eb
    I: 4038ee
    I: 4038f0
    I: 4038f2 (flow 4038fd)
      Successors: 4038f8, 4038fd
  BB: 4018c7 in func 401750 with 16 insts
    I: 4018c7
    I: 4018d1 (imm 407034)
    I: 4018d8
    I: 4018da (imm 407050)
    I: 4018e1
    I: 4018e3
    I: 4018e5
    I: 4018e8
    I: 4018eb
    I: 4018ee
    I: 4018f1
    I: 4018f4
    I: 4018f7
    I: 4018fa
    I: 4018fc
    I: 4018fe (flow 401909)
      Successors: 401909, 401904
  BB: 4030c8 in func 401750 with 1 insts
    I: 4030c8 (flow 403d4d)
      Successors: 403d4d
  BB: 4030cd in func 401750 with 3 insts
    I: 4030cd
    I: 4030d3
    I: 4030d5 (flow 4030e0)
      Successors: 4030e0, 4030db
  BB: 4020d8 in func 401750 with 1 insts
    I: 4020d8 (flow 403c23)
      Successors: 403c23
  BB: 4030db in func 401750 with 1 insts
    I: 4030db (flow 40331c)
      Successors: 40331c
  BB: 4020dd in func 401750 with 21 insts
    I: 4020dd
    I: 4020e2
    I: 4020e7
    I: 4020ec
    I: 4020f1 (flow 403e90)
    I: 4020f6
    I: 4020f9 (imm 407034)
    I: 402100
    I: 402102 (imm 407050)
    I: 402109
    I: 40210b
    I: 40210d
    I: 402110
    I: 402113
    I: 402116
    I: 402119
    I: 40211c
    I: 40211f
    I: 402122
    I: 402124
    I: 402126 (flow 402131)
      Successors: 402131, 40212c
  BB: 4030e0 in func 401750 with 7 insts
    I: 4030e0
    I: 4030e5
    I: 4030ea
    I: 4030ef
    I: 4030f4 (flow 403e90)
    I: 4030f9
    I: 4030fc (flow 403231)
      Successors: 403231, 403102
  BB: 4028ed in func 401750 with 1 insts
    I: 4028ed (flow 403cc8)
      Successors: 403cc8
  BB: 4028f2 in func 401750 with 1 insts
    I: 4028f2 (flow 402a24)
      Successors: 402a24
  BB: 4028f7 in func 401750 with 15 insts
    I: 4028f7 (imm 407034)
    I: 4028fe
    I: 402900 (imm 407050)
    I: 402907
    I: 402909
    I: 40290b
    I: 40290e
    I: 402911
    I: 402914
    I: 402917
    I: 40291a
    I: 40291d
    I: 402920
    I: 402922
    I: 402924 (flow 40292f)
      Successors: 40292a, 40292f
  BB: 4038f8 in func 401750 with 1 insts
    I: 4038f8 (flow 403db7)
      Successors: 403db7
  BB: 4038fd in func 401750 with 18 insts
    I: 4038fd
    I: 403904
    I: 403907
    I: 40390d (imm 407034)
    I: 403914
    I: 403916 (imm 407050)
    I: 40391d
    I: 40391f
    I: 403921
    I: 403924
    I: 403927
    I: 40392a
    I: 40392d
    I: 403930
    I: 403933
    I: 403936
    I: 403938
    I: 40393a (flow 403945)
      Successors: 403940, 403945
  BB: 403102 in func 401750 with 2 insts
    I: 403102
    I: 403109 (flow 403225)
      Successors: 403225, 40310f
  BB: 401904 in func 401750 with 1 insts
    I: 401904 (flow 403b95)
      Successors: 403b95
  BB: 401909 in func 401750 with 1 insts
    I: 401909 (flow 40190e)
      Successors: 40190e
  BB: 40190e in func 401750 with 1 insts
    I: 40190e (flow 401913)
      Successors: 401913
  BB: 40310f in func 401750 with 2 insts
    I: 40310f
    I: 403113 (flow 403225)
      Successors: 403119, 403225
  BB: 401913 in func 401750 with 1 insts
    I: 401913 (flow 401918)
      Successors: 401918
  BB: 401918 in func 401750 with 4 insts
    I: 401918
    I: 40191d
    I: 401922
    I: 401926 (flow 4019bf)
      Successors: 40192c, 4019bf
  BB: 403119 in func 401750 with 15 insts
    I: 403119 (imm 407034)
    I: 403120
    I: 403122 (imm 407050)
    I: 403129
    I: 40312b
    I: 40312d
    I: 403130
    I: 403133
    I: 403136
    I: 403139
    I: 40313c
    I: 40313f
    I: 403142
    I: 403144
    I: 403146 (flow 403151)
      Successors: 403151, 40314c
  BB: 40292a in func 401750 with 1 insts
    I: 40292a (flow 403cd7)
      Successors: 403cd7
  BB: 40192c in func 401750 with 4 insts
    I: 40192c
    I: 401931
    I: 401936
    I: 40193a (flow 4019bf)
      Successors: 401940, 4019bf
  BB: 40212c in func 401750 with 1 insts
    I: 40212c (flow 403c23)
      Successors: 403c23
  BB: 40292f in func 401750 with 20 insts
    I: 40292f
    I: 402934
    I: 402939
    I: 40293d
    I: 402940
    I: 402946 (imm 407034)
    I: 40294d
    I: 40294f (imm 407050)
    I: 402956
    I: 402958
    I: 40295a
    I: 40295d
    I: 402960
    I: 402963
    I: 402966
    I: 402969
    I: 40296c
    I: 40296f
    I: 402971
    I: 402973 (flow 40297e)
      Successors: 402979, 40297e
  BB: 402131 in func 401750 with 1 insts
    I: 402131 (flow 402136)
      Successors: 402136
  BB: 402136 in func 401750 with 15 insts
    I: 402136 (imm 407034)
    I: 40213d
    I: 40213f (imm 407050)
    I: 402146
    I: 402148
    I: 40214a
    I: 40214d
    I: 402150
    I: 402153
    I: 402156
    I: 402159
    I: 40215c
    I: 40215f
    I: 402161
    I: 402163 (flow 40216e)
      Successors: 402169, 40216e
  BB: 401940 in func 401750 with 15 insts
    I: 401940 (imm 407034)
    I: 401947
    I: 401949 (imm 407050)
    I: 401950
    I: 401952
    I: 401954
    I: 401957
    I: 40195a
    I: 40195d
    I: 401960
    I: 401963
    I: 401966
    I: 401969
    I: 40196b
    I: 40196d (flow 401978)
      Successors: 401978, 401973
  BB: 403940 in func 401750 with 1 insts
    I: 403940 (flow 403db7)
      Successors: 403db7
  BB: 403945 in func 401750 with 3 insts
    I: 403945
    I: 40394b
    I: 40394d (flow 403958)
      Successors: 403958, 403953
  BB: 40314c in func 401750 with 1 insts
    I: 40314c (flow 403d52)
      Successors: 403d52
  BB: 403151 in func 401750 with 18 insts
    I: 403151
    I: 403155
    I: 403158
    I: 40315e (imm 407034)
    I: 403165
    I: 403167 (imm 407050)
    I: 40316e
    I: 403170
    I: 403172
    I: 403175
    I: 403178
    I: 40317b
    I: 40317e
    I: 403181
    I: 403184
    I: 403187
    I: 403189
    I: 40318b (flow 403196)
      Successors: 403191, 403196
  BB: 403953 in func 401750 with 1 insts
    I: 403953 (flow 4039fe)
      Successors: 4039fe
  BB: 403958 in func 401750 with 15 insts
    I: 403958 (imm 407034)
    I: 40395f
    I: 403961 (imm 407050)
    I: 403968
    I: 40396a
    I: 40396c
    I: 40396f
    I: 403972
    I: 403975
    I: 403978
    I: 40397b
    I: 40397e
    I: 403981
    I: 403983
    I: 403985 (flow 403990)
      Successors: 403990, 40398b
  BB: 402169 in func 401750 with 1 insts
    I: 402169 (flow 403c44)
      Successors: 403c44
  BB: 40216e in func 401750 with 21 insts
    I: 40216e
    I: 402173
    I: 402178
    I: 40217b
    I: 40217e
    I: 402180
    I: 402186 (imm 407034)
    I: 40218d
    I: 40218f (imm 407050)
    I: 402196
    I: 402198
    I: 40219a
    I: 40219d
    I: 4021a0
    I: 4021a3
    I: 4021a6
    I: 4021a9
    I: 4021ac
    I: 4021af
    I: 4021b1
    I: 4021b3 (flow 4021be)
      Successors: 4021b9, 4021be
  BB: 401973 in func 401750 with 1 insts
    I: 401973 (flow 403ba4)
      Successors: 403ba4
  BB: 401978 in func 401750 with 16 insts
    I: 401978
    I: 401982 (imm 407034)
    I: 401989
    I: 40198b (imm 407050)
    I: 401992
    I: 401994
    I: 401996
    I: 401999
    I: 40199c
    I: 40199f
    I: 4019a2
    I: 4019a5
    I: 4019a8
    I: 4019ab
    I: 4019ad
    I: 4019af (flow 4019ba)
      Successors: 4019ba, 4019b5
  BB: 402979 in func 401750 with 1 insts
    I: 402979 (flow 403cd7)
      Successors: 403cd7
  BB: 40297e in func 401750 with 3 insts
    I: 40297e
    I: 402984
    I: 402986 (flow 402991)
      Successors: 402991, 40298c
  BB: 40398b in func 401750 with 1 insts
    I: 40398b (flow 403dbc)
      Successors: 403dbc
  BB: 40298c in func 401750 with 1 insts
    I: 40298c (flow 4029a0)
      Successors: 4029a0
  BB: 403990 in func 401750 with 18 insts
    I: 403990
    I: 403994
    I: 403997
    I: 40399d (imm 407034)
    I: 4039a4
    I: 4039a6 (imm 407050)
    I: 4039ad
    I: 4039af
    I: 4039b1
    I: 4039b4
    I: 4039b7
    I: 4039ba
    I: 4039bd
    I: 4039c0
    I: 4039c3
    I: 4039c6
    I: 4039c8
    I: 4039ca (flow 4039d5)
      Successors: 4039d0, 4039d5
  BB: 403191 in func 401750 with 1 insts
    I: 403191 (flow 403d52)
      Successors: 403d52
  BB: 402991 in func 401750 with 2 insts
    I: 402991
    I: 40299b (flow 402a1f)
      Successors: 402a1f
  BB: 403196 in func 401750 with 3 insts
    I: 403196
    I: 40319c
    I: 40319e (flow 4031a9)
      Successors: 4031a9, 4031a4
  BB: 4029a0 in func 401750 with 15 insts
    I: 4029a0 (imm 407034)
    I: 4029a7
    I: 4029a9 (imm 407050)
    I: 4029b0
    I: 4029b2
    I: 4029b4
    I: 4029b7
    I: 4029ba
    I: 4029bd
    I: 4029c0
    I: 4029c3
    I: 4029c6
    I: 4029c9
    I: 4029cb
    I: 4029cd (flow 4029d8)
      Successors: 4029d8, 4029d3
  BB: 4031a4 in func 401750 with 1 insts
    I: 4031a4 (flow 403225)
      Successors: 403225
  BB: 4031a9 in func 401750 with 15 insts
    I: 4031a9 (imm 407034)
    I: 4031b0
    I: 4031b2 (imm 407050)
    I: 4031b9
    I: 4031bb
    I: 4031bd
    I: 4031c0
    I: 4031c3
    I: 4031c6
    I: 4031c9
    I: 4031cc
    I: 4031cf
    I: 4031d2
    I: 4031d4
    I: 4031d6 (flow 4031e1)
      Successors: 4031e1, 4031dc
  BB: 4019b5 in func 401750 with 1 insts
    I: 4019b5 (flow 403ba4)
      Successors: 403ba4
  BB: 4021b9 in func 401750 with 1 insts
    I: 4021b9 (flow 403c44)
      Successors: 403c44
  BB: 4019ba in func 401750 with 1 insts
    I: 4019ba (flow 401b3e)
      Successors: 401b3e
  BB: 4021be in func 401750 with 3 insts
    I: 4021be
    I: 4021c4
    I: 4021c6 (flow 4021d1)
      Successors: 4021d1, 4021cc
  BB: 4019bf in func 401750 with 15 insts
    I: 4019bf (imm 407034)
    I: 4019c6
    I: 4019c8 (imm 407050)
    I: 4019cf
    I: 4019d1
    I: 4019d3
    I: 4019d6
    I: 4019d9
    I: 4019dc
    I: 4019df
    I: 4019e2
    I: 4019e5
    I: 4019e8
    I: 4019ea
    I: 4019ec (flow 4019f7)
      Successors: 4019f2, 4019f7
  BB: 4021cc in func 401750 with 1 insts
    I: 4021cc (flow 402207)
      Successors: 402207
  BB: 4039d0 in func 401750 with 1 insts
    I: 4039d0 (flow 403dbc)
      Successors: 403dbc
  BB: 4021d1 in func 401750 with 5 insts
    I: 4021d1
    I: 4021db
    I: 4021e0
    I: 4021e5
    I: 4021e9 (flow 4021fb)
      Successors: 4021fb, 4021ef
  BB: 4029d3 in func 401750 with 1 insts
    I: 4029d3 (flow 403cdc)
      Successors: 403cdc
  BB: 4039d5 in func 401750 with 3 insts
    I: 4039d5
    I: 4039db
    I: 4039dd (flow 4039e8)
      Successors: 4039e8, 4039e3
  BB: 4029d8 in func 401750 with 16 insts
    I: 4029d8
    I: 4029e2 (imm 407034)
    I: 4029e9
    I: 4029eb (imm 407050)
    I: 4029f2
    I: 4029f4
    I: 4029f6
    I: 4029f9
    I: 4029fc
    I: 4029ff
    I: 402a02
    I: 402a05
    I: 402a08
    I: 402a0b
    I: 402a0d
    I: 402a0f (flow 402a1a)
      Successors: 402a1a, 402a15
  BB: 4031dc in func 401750 with 1 insts
    I: 4031dc (flow 403d57)
      Successors: 403d57
  BB: 4031e1 in func 401750 with 16 insts
    I: 4031e1
    I: 4031e8 (imm 407034)
    I: 4031ef
    I: 4031f1 (imm 407050)
    I: 4031f8
    I: 4031fa
    I: 4031fc
    I: 4031ff
    I: 403202
    I: 403205
    I: 403208
    I: 40320b
    I: 40320e
    I: 403211
    I: 403213
    I: 403215 (flow 403220)
      Successors: 403220, 40321b
  BB: 4039e3 in func 401750 with 1 insts
    I: 4039e3 (flow 4039fe)
      Successors: 4039fe
  BB: 4039e8 in func 401750 with 2 insts
    I: 4039e8
    I: 4039ec (flow 4039fe)
      Successors: 4039f2, 4039fe
  BB: 4021ef in func 401750 with 2 insts
    I: 4021ef
    I: 4021f6 (flow 402202)
      Successors: 402202
  BB: 4019f2 in func 401750 with 1 insts
    I: 4019f2 (flow 403bb3)
      Successors: 403bb3
  BB: 4039f2 in func 401750 with 2 insts
    I: 4039f2
    I: 4039f9 (flow 403b7a)
      Successors: 403b7a
  BB: 4019f7 in func 401750 with 20 insts
    I: 4019f7
    I: 4019fc
    I: 401a01
    I: 401a05
    I: 401a08
    I: 401a0e (imm 407034)
    I: 401a15
    I: 401a17 (imm 407050)
    I: 401a1e
    I: 401a20
    I: 401a22
    I: 401a25
    I: 401a28
    I: 401a2b
    I: 401a2e
    I: 401a31
    I: 401a34
    I: 401a37
    I: 401a39
    I: 401a3b (flow 401a46)
      Successors: 401a41, 401a46
  BB: 4021fb in func 401750 with 1 insts
    I: 4021fb
      Successors: 402202
  BB: 4039fe in func 401750 with 15 insts
    I: 4039fe (imm 407034)
    I: 403a05
    I: 403a07 (imm 407050)
    I: 403a0e
    I: 403a10
    I: 403a12
    I: 403a15
    I: 403a18
    I: 403a1b
    I: 403a1e
    I: 403a21
    I: 403a24
    I: 403a27
    I: 403a29
    I: 403a2b (flow 403a36)
      Successors: 403a31, 403a36
  BB: 402202 in func 401750 with 1 insts
    I: 402202 (flow 402223)
      Successors: 402223
  BB: 402207 in func 401750 with 6 insts
    I: 402207
    I: 40220c
    I: 402211
    I: 402216
    I: 40221b (flow 403e90)
    I: 402220
      Successors: 402223
  BB: 402a15 in func 401750 with 1 insts
    I: 402a15 (flow 403cdc)
      Successors: 403cdc
  BB: 402a1a in func 401750 with 1 insts
    I: 402a1a (flow 402a1f)
      Successors: 402a1f
  BB: 40321b in func 401750 with 1 insts
    I: 40321b (flow 403d57)
      Successors: 403d57
  BB: 402a1f in func 401750 with 1 insts
    I: 402a1f (flow 402a24)
      Successors: 402a24
  BB: 403220 in func 401750 with 1 insts
    I: 403220 (flow 403b7a)
      Successors: 403b7a
  BB: 402223 in func 401750 with 3 insts
    I: 402223
    I: 402228
    I: 40222d (flow 40223e)
      Successors: 402233, 40223e
  BB: 402a24 in func 401750 with 3 insts
    I: 402a24
    I: 402a27
    I: 402a2d (flow 402adf)
      Successors: 402a33, 402adf
  BB: 403225 in func 401750 with 2 insts
    I: 403225
    I: 40322c (flow 403b7a)
      Successors: 403b7a
  BB: 403231 in func 401750 with 7 insts
    I: 403231
    I: 403236
    I: 40323b
    I: 403240
    I: 403245 (flow 403e90)
    I: 40324a
    I: 40324d (flow 403312)
      Successors: 403312, 403253
  BB: 403a31 in func 401750 with 1 insts
    I: 403a31 (flow 403dc1)
      Successors: 403dc1
  BB: 402233 in func 401750 with 1 insts
    I: 402233 (flow 40223e)
      Successors: 402239, 40223e
  BB: 402a33 in func 401750 with 2 insts
    I: 402a33
    I: 402a3a (flow 402adf)
      Successors: 402a40, 402adf
  BB: 403a36 in func 401750 with 16 insts
    I: 403a36
    I: 403a3d (imm 407034)
    I: 403a44
    I: 403a46 (imm 407050)
    I: 403a4d
    I: 403a4f
    I: 403a51
    I: 403a54
    I: 403a57
    I: 403a5a
    I: 403a5d
    I: 403a60
    I: 403a63
    I: 403a66
    I: 403a68
    I: 403a6a (flow 403a75)
      Successors: 403a70, 403a75
  BB: 402239 in func 401750 with 1 insts
    I: 402239 (flow 40226f)
      Successors: 40226f
  BB: 40223e in func 401750 with 3 insts
    I: 40223e
    I: 402243
    I: 402248 (flow 402259)
      Successors: 402259, 40224e
  BB: 402a40 in func 401750 with 15 insts
    I: 402a40 (imm 407034)
    I: 402a47
    I: 402a49 (imm 407050)
    I: 402a50
    I: 402a52
    I: 402a54
    I: 402a57
    I: 402a5a
    I: 402a5d
    I: 402a60
    I: 402a63
    I: 402a66
    I: 402a69
    I: 402a6b
    I: 402a6d (flow 402a78)
      Successors: 402a78, 402a73
  BB: 401a41 in func 401750 with 1 insts
    I: 401a41 (flow 403bb3)
      Successors: 403bb3
  BB: 401a46 in func 401750 with 3 insts
    I: 401a46
    I: 401a4c
    I: 401a4e (flow 401a59)
      Successors: 401a59, 401a54
  BB: 40224e in func 401750 with 1 insts
    I: 40224e (flow 402259)
      Successors: 402259, 402254
  BB: 403253 in func 401750 with 2 insts
    I: 403253
    I: 40325a (flow 403306)
      Successors: 403260, 403306
  BB: 401a54 in func 401750 with 1 insts
    I: 401a54 (flow 401a7c)
      Successors: 401a7c
  BB: 402254 in func 401750 with 1 insts
    I: 402254 (flow 40226f)
      Successors: 40226f
  BB: 401a59 in func 401750 with 4 insts
    I: 401a59
    I: 401a5e
    I: 401a63
    I: 401a67 (flow 401a7c)
      Successors: 401a7c, 401a6d
  BB: 402259 in func 401750 with 3 insts
    I: 402259
    I: 40225e
    I: 402263 (flow 402fa0)
      Successors: 402fa0, 402269
  BB: 403260 in func 401750 with 15 insts
    I: 403260 (imm 407034)
    I: 403267
    I: 403269 (imm 407050)
    I: 403270
    I: 403272
    I: 403274
    I: 403277
    I: 40327a
    I: 40327d
    I: 403280
    I: 403283
    I: 403286
    I: 403289
    I: 40328b
    I: 40328d (flow 403298)
      Successors: 403298, 403293
  BB: 402269 in func 401750 with 1 insts
    I: 402269 (flow 402fa0)
      Successors: 402fa0, 40226f
  BB: 401a6d in func 401750 with 2 insts
    I: 401a6d
    I: 401a77 (flow 401b39)
      Successors: 401b39
  BB: 40226f in func 401750 with 15 insts
    I: 40226f (imm 407034)
    I: 402276
    I: 402278 (imm 407050)
    I: 40227f
    I: 402281
    I: 402283
    I: 402286
    I: 402289
    I: 40228c
    I: 40228f
    I: 402292
    I: 402295
    I: 402298
    I: 40229a
    I: 40229c (flow 4022a7)
      Successors: 4022a2, 4022a7
  BB: 403a70 in func 401750 with 1 insts
    I: 403a70 (flow 403dc1)
      Successors: 403dc1
  BB: 402a73 in func 401750 with 1 insts
    I: 402a73 (flow 403ceb)
      Successors: 403ceb
  BB: 403a75 in func 401750 with 1 insts
    I: 403a75 (flow 403b7a)
      Successors: 403b7a
  BB: 402a78 in func 401750 with 18 insts
    I: 402a78
    I: 402a7f
    I: 402a82
    I: 402a88 (imm 407034)
    I: 402a8f
    I: 402a91 (imm 407050)
    I: 402a98
    I: 402a9a
    I: 402a9c
    I: 402a9f
    I: 402aa2
    I: 402aa5
    I: 402aa8
    I: 402aab
    I: 402aae
    I: 402ab1
    I: 402ab3
    I: 402ab5 (flow 402ac0)
      Successors: 402ac0, 402abb
  BB: 403a7a in func 401750 with 15 insts
    I: 403a7a (imm 407034)
    I: 403a81
    I: 403a83 (imm 407050)
    I: 403a8a
    I: 403a8c
    I: 403a8e
    I: 403a91
    I: 403a94
    I: 403a97
    I: 403a9a
    I: 403a9d
    I: 403aa0
    I: 403aa3
    I: 403aa5
    I: 403aa7 (flow 403ab2)
      Successors: 403ab2, 403aad
  BB: 401a7c in func 401750 with 15 insts
    I: 401a7c (imm 407034)
    I: 401a83
    I: 401a85 (imm 407050)
    I: 401a8c
    I: 401a8e
    I: 401a90
    I: 401a93
    I: 401a96
    I: 401a99
    I: 401a9c
    I: 401a9f
    I: 401aa2
    I: 401aa5
    I: 401aa7
    I: 401aa9 (flow 401ab4)
      Successors: 401ab4, 401aaf
  BB: 403293 in func 401750 with 1 insts
    I: 403293 (flow 403d63)
      Successors: 403d63
  BB: 403298 in func 401750 with 18 insts
    I: 403298
    I: 40329c
    I: 40329f
    I: 4032a5 (imm 407034)
    I: 4032ac
    I: 4032ae (imm 407050)
    I: 4032b5
    I: 4032b7
    I: 4032b9
    I: 4032bc
    I: 4032bf
    I: 4032c2
    I: 4032c5
    I: 4032c8
    I: 4032cb
    I: 4032ce
    I: 4032d0
    I: 4032d2 (flow 4032dd)
      Successors: 4032d8, 4032dd
  BB: 4022a2 in func 401750 with 1 insts
    I: 4022a2 (flow 403c49)
      Successors: 403c49
  BB: 4022a7 in func 401750 with 18 insts
    I: 4022a7
    I: 4022ae
    I: 4022b1
    I: 4022b7 (imm 407034)
    I: 4022be
    I: 4022c0 (imm 407050)
    I: 4022c7
    I: 4022c9
    I: 4022cb
    I: 4022ce
    I: 4022d1
    I: 4022d4
    I: 4022d7
    I: 4022da
    I: 4022dd
    I: 4022e0
    I: 4022e2
    I: 4022e4 (flow 4022ef)
      Successors: 4022ea, 4022ef
  BB: 403aad in func 401750 with 1 insts
    I: 403aad (flow 403dcd)
      Successors: 403dcd
  BB: 401aaf in func 401750 with 1 insts
    I: 401aaf (flow 403bb8)
      Successors: 403bb8
  BB: 403ab2 in func 401750 with 15 insts
    I: 403ab2 (imm 407034)
    I: 403ab9
    I: 403abb (imm 407050)
    I: 403ac2
    I: 403ac4
    I: 403ac6
    I: 403ac9
    I: 403acc
    I: 403acf
    I: 403ad2
    I: 403ad5
    I: 403ad8
    I: 403adb
    I: 403add
    I: 403adf (flow 403aea)
      Successors: 403aea, 403ae5
  BB: 401ab4 in func 401750 with 20 insts
    I: 401ab4
    I: 401ab9
    I: 401abe
    I: 401ac2
    I: 401ac5
    I: 401acb (imm 407034)
    I: 401ad2
    I: 401ad4 (imm 407050)
    I: 401adb
    I: 401add
    I: 401adf
    I: 401ae2
    I: 401ae5
    I: 401ae8
    I: 401aeb
    I: 401aee
    I: 401af1
    I: 401af4
    I: 401af6
    I: 401af8 (flow 401b03)
      Successors: 401b03, 401afe
  BB: 402abb in func 401750 with 1 insts
    I: 402abb (flow 403ceb)
      Successors: 403ceb
  BB: 402ac0 in func 401750 with 3 insts
    I: 402ac0
    I: 402ac6
    I: 402ac8 (flow 402ad3)
      Successors: 402ad3, 402ace
  BB: 402ace in func 401750 with 1 insts
    I: 402ace (flow 402adf)
      Successors: 402adf
  BB: 402ad3 in func 401750 with 2 insts
    I: 402ad3
    I: 402ada (flow 403b7a)
      Successors: 403b7a
  BB: 4032d8 in func 401750 with 1 insts
    I: 4032d8 (flow 403d63)
      Successors: 403d63
  BB: 4032dd in func 401750 with 3 insts
    I: 4032dd
    I: 4032e3
    I: 4032e5 (flow 4032f0)
      Successors: 4032f0, 4032eb
  BB: 402adf in func 401750 with 2 insts
    I: 402adf
    I: 402ae6 (flow 403b7a)
      Successors: 403b7a
  BB: 403ae5 in func 401750 with 1 insts
    I: 403ae5 (flow 403dcd)
      Successors: 403dcd
  BB: 4022ea in func 401750 with 1 insts
    I: 4022ea (flow 403c49)
      Successors: 403c49
  BB: 402aeb in func 401750 with 15 insts
    I: 402aeb (imm 407034)
    I: 402af2
    I: 402af4 (imm 407050)
    I: 402afb
    I: 402afd
    I: 402aff
    I: 402b02
    I: 402b05
    I: 402b08
    I: 402b0b
    I: 402b0e
    I: 402b11
    I: 402b14
    I: 402b16
    I: 402b18 (flow 402b23)
      Successors: 402b23, 402b1e
  BB: 4032eb in func 401750 with 1 insts
    I: 4032eb (flow 403306)
      Successors: 403306
  BB: 403aea in func 401750 with 1 insts
    I: 403aea (flow 403aef)
      Successors: 403aef
  BB: 4022ef in func 401750 with 3 insts
    I: 4022ef
    I: 4022f5
    I: 4022f7 (flow 402302)
      Successors: 402302, 4022fd
  BB: 4032f0 in func 401750 with 2 insts
    I: 4032f0
    I: 4032f4 (flow 403306)
      Successors: 4032fa, 403306
  BB: 403aef in func 401750 with 1 insts
    I: 403aef (flow 403af4)
      Successors: 403af4
  BB: 403af4 in func 401750 with 15 insts
    I: 403af4 (imm 407034)
    I: 403afb
    I: 403afd (imm 407050)
    I: 403b04
    I: 403b06
    I: 403b08
    I: 403b0b
    I: 403b0e
    I: 403b11
    I: 403b14
    I: 403b17
    I: 403b1a
    I: 403b1d
    I: 403b1f
    I: 403b21 (flow 403b2c)
      Successors: 403b2c, 403b27
  BB: 4032fa in func 401750 with 2 insts
    I: 4032fa
    I: 403301 (flow 403b7a)
      Successors: 403b7a
  BB: 4022fd in func 401750 with 1 insts
    I: 4022fd (flow 4027a1)
      Successors: 4027a1
  BB: 401afe in func 401750 with 1 insts
    I: 401afe (flow 403bb8)
      Successors: 403bb8
  BB: 402302 in func 401750 with 15 insts
    I: 402302 (imm 407034)
    I: 402309
    I: 40230b (imm 407050)
    I: 402312
    I: 402314
    I: 402316
    I: 402319
    I: 40231c
    I: 40231f
    I: 402322
    I: 402325
    I: 402328
    I: 40232b
    I: 40232d
    I: 40232f (flow 40233a)
      Successors: 40233a, 402335
  BB: 401b03 in func 401750 with 3 insts
    I: 401b03
    I: 401b09
    I: 401b0b (flow 401b16)
      Successors: 401b11, 401b16
  BB: 403306 in func 401750 with 2 insts
    I: 403306
    I: 40330d (flow 403b7a)
      Successors: 403b7a
  BB: 401b11 in func 401750 with 1 insts
    I: 401b11 (flow 401b34)
      Successors: 401b34
  BB: 403312 in func 401750 with 1 insts
    I: 403312 (flow 403317)
      Successors: 403317
  BB: 401b16 in func 401750 with 4 insts
    I: 401b16
    I: 401b1b
    I: 401b20
    I: 401b24 (flow 401b34)
      Successors: 401b2a, 401b34
  BB: 403317 in func 401750 with 1 insts
    I: 403317 (flow 403b6e)
      Successors: 403b6e
  BB: 40331c in func 401750 with 2 insts
    I: 40331c
    I: 403323 (flow 403336)
      Successors: 403329, 403336
  BB: 402b1e in func 401750 with 1 insts
    I: 402b1e (flow 403cf0)
      Successors: 403cf0
  BB: 402b23 in func 401750 with 18 insts
    I: 402b23
    I: 402b2a
    I: 402b2d
    I: 402b33 (imm 407034)
    I: 402b3a
    I: 402b3c (imm 407050)
    I: 402b43
    I: 402b45
    I: 402b47
    I: 402b4a
    I: 402b4d
    I: 402b50
    I: 402b53
    I: 402b56
    I: 402b59
    I: 402b5c
    I: 402b5e
    I: 402b60 (flow 402b6b)
      Successors: 402b6b, 402b66
  BB: 403b27 in func 401750 with 1 insts
    I: 403b27 (flow 403dd2)
      Successors: 403dd2
  BB: 403329 in func 401750 with 2 insts
    I: 403329
    I: 403330 (flow 40345c)
      Successors: 40345c, 403336
  BB: 401b2a in func 401750 with 1 insts
    I: 401b2a
      Successors: 401b34
  BB: 403b2c in func 401750 with 15 insts
    I: 403b2c (imm 407034)
    I: 403b33
    I: 403b35 (imm 407050)
    I: 403b3c
    I: 403b3e
    I: 403b40
    I: 403b43
    I: 403b46
    I: 403b49
    I: 403b4c
    I: 403b4f
    I: 403b52
    I: 403b55
    I: 403b57
    I: 403b59 (flow 403b64)
      Successors: 403b64, 403b5f
  BB: 401b34 in func 401750 with 1 insts
    I: 401b34 (flow 401b39)
      Successors: 401b39
  BB: 402335 in func 401750 with 1 insts
    I: 402335 (flow 403c4e)
      Successors: 403c4e
  BB: 403336 in func 401750 with 15 insts
    I: 403336 (imm 407034)
    I: 40333d
    I: 40333f (imm 407050)
    I: 403346
    I: 403348
    I: 40334a
    I: 40334d
    I: 403350
    I: 403353
    I: 403356
    I: 403359
    I: 40335c
    I: 40335f
    I: 403361
    I: 403363 (flow 40336e)
      Successors: 403369, 40336e
  BB: 401b39 in func 401750 with 1 insts
    I: 401b39 (flow 401b3e)
      Successors: 401b3e
  BB: 40233a in func 401750 with 19 insts
    I: 40233a
    I: 40233f
    I: 402344
    I: 402347
    I: 40234d (imm 407034)
    I: 402354
    I: 402356 (imm 407050)
    I: 40235d
    I: 40235f
    I: 402361
    I: 402364
    I: 402367
    I: 40236a
    I: 40236d
    I: 402370
    I: 402373
    I: 402376
    I: 402378
    I: 40237a (flow 402385)
      Successors: 402380, 402385
  BB: 401b3e in func 401750 with 3 insts
    I: 401b3e
    I: 401b43
    I: 401b48 (flow 401b59)
      Successors: 401b59, 401b4e
  BB: 401b4e in func 401750 with 1 insts
    I: 401b4e (flow 401b59)
      Successors: 401b59, 401b54
  BB: 401b54 in func 401750 with 1 insts
    I: 401b54 (flow 401bec)
      Successors: 401bec
  BB: 401b59 in func 401750 with 15 insts
    I: 401b59 (imm 407034)
    I: 401b60
    I: 401b62 (imm 407050)
    I: 401b69
    I: 401b6b
    I: 401b6d
    I: 401b70
    I: 401b73
    I: 401b76
    I: 401b79
    I: 401b7c
    I: 401b7f
    I: 401b82
    I: 401b84
    I: 401b86 (flow 401b91)
      Successors: 401b91, 401b8c
  BB: 403b5f in func 401750 with 1 insts
    I: 403b5f (flow 403dd2)
      Successors: 403dd2
  BB: 403b64 in func 401750 with 1 insts
    I: 403b64 (flow 403b69)
      Successors: 403b69
  BB: 402b66 in func 401750 with 1 insts
    I: 402b66 (flow 403cf0)
      Successors: 403cf0
  BB: 403369 in func 401750 with 1 insts
    I: 403369 (flow 403d68)
      Successors: 403d68
  BB: 403b69 in func 401750 with 1 insts
    I: 403b69 (flow 403b6e)
      Successors: 403b6e
  BB: 402b6b in func 401750 with 3 insts
    I: 402b6b
    I: 402b71
    I: 402b73 (flow 402b7e)
      Successors: 402b79, 402b7e
  BB: 40336e in func 401750 with 18 insts
    I: 40336e
    I: 403375
    I: 403378
    I: 40337e (imm 407034)
    I: 403385
    I: 403387 (imm 407050)
    I: 40338e
    I: 403390
    I: 403392
    I: 403395
    I: 403398
    I: 40339b
    I: 40339e
    I: 4033a1
    I: 4033a4
    I: 4033a7
    I: 4033a9
    I: 4033ab (flow 4033b6)
      Successors: 4033b1, 4033b6
  BB: 403b6e in func 401750 with 1 insts
    I: 403b6e (flow 403b73)
      Successors: 403b73
  BB: 403b73 in func 401750 with 1 insts
    I: 403b73
      Successors: 403b7a
  BB: 402b79 in func 401750 with 1 insts
    I: 402b79 (flow 402f21)
      Successors: 402f21
  BB: 403b7a in func 401750 with 4 insts
    I: 403b7a
    I: 403b7d
    I: 403b84
    I: 403b85
      No successors
  BB: 402b7e in func 401750 with 3 insts
    I: 402b7e
    I: 402b83
    I: 402b88 (flow 402c18)
      Successors: 402c18, 402b8e
  BB: 402380 in func 401750 with 1 insts
    I: 402380 (flow 403c4e)
      Successors: 403c4e
  BB: 402385 in func 401750 with 3 insts
    I: 402385
    I: 40238b
    I: 40238d (flow 402398)
      Successors: 402398, 402393
  BB: 403b86 in func 401750 with 2 insts
    I: 403b86
    I: 403b90 (flow 4017f9)
      Successors: 4017f9
  BB: 401b8c in func 401750 with 1 insts
    I: 401b8c (flow 403bbd)
      Successors: 403bbd
  BB: 402b8e in func 401750 with 15 insts
    I: 402b8e (imm 407034)
    I: 402b95
    I: 402b97 (imm 407050)
    I: 402b9e
    I: 402ba0
    I: 402ba2
    I: 402ba5
    I: 402ba8
    I: 402bab
    I: 402bae
    I: 402bb1
    I: 402bb4
    I: 402bb7
    I: 402bb9
    I: 402bbb (flow 402bc6)
      Successors: 402bc1, 402bc6
  BB: 401b91 in func 401750 with 21 insts
    I: 401b91
    I: 401b96
    I: 401b9b
    I: 401ba0
    I: 401ba5 (flow 403de0)
    I: 401baa
    I: 401baf (imm 407034)
    I: 401bb6
    I: 401bb8 (imm 407050)
    I: 401bbf
    I: 401bc1
    I: 401bc3
    I: 401bc6
    I: 401bc9
    I: 401bcc
    I: 401bcf
    I: 401bd2
    I: 401bd5
    I: 401bd8
    I: 401bda
    I: 401bdc (flow 401be7)
      Successors: 401be2, 401be7
  BB: 402393 in func 401750 with 1 insts
    I: 402393 (flow 40241f)
      Successors: 40241f
  BB: 403b95 in func 401750 with 2 insts
    I: 403b95
    I: 403b9f (flow 4018c7)
      Successors: 4018c7
  BB: 402398 in func 401750 with 15 insts
    I: 402398 (imm 407034)
    I: 40239f
    I: 4023a1 (imm 407050)
    I: 4023a8
    I: 4023aa
    I: 4023ac
    I: 4023af
    I: 4023b2
    I: 4023b5
    I: 4023b8
    I: 4023bb
    I: 4023be
    I: 4023c1
    I: 4023c3
    I: 4023c5 (flow 4023d0)
      Successors: 4023d0, 4023cb
  BB: 403ba4 in func 401750 with 2 insts
    I: 403ba4
    I: 403bae (flow 401978)
      Successors: 401978
  BB: 4033b1 in func 401750 with 1 insts
    I: 4033b1 (flow 403d68)
      Successors: 403d68
  BB: 403bb3 in func 401750 with 1 insts
    I: 403bb3 (flow 4019f7)
      Successors: 4019f7
  BB: 4033b6 in func 401750 with 3 insts
    I: 4033b6
    I: 4033bc
    I: 4033be (flow 4033c9)
      Successors: 4033c9, 4033c4
  BB: 403bb8 in func 401750 with 1 insts
    I: 403bb8 (flow 401ab4)
      Successors: 401ab4
  BB: 403bbd in func 401750 with 7 insts
    I: 403bbd
    I: 403bc2
    I: 403bc7
    I: 403bcc
    I: 403bd1 (flow 403de0)
    I: 403bd6
    I: 403bdb (flow 401b91)
      Successors: 401b91
  BB: 402bc1 in func 401750 with 1 insts
    I: 402bc1 (flow 403cf5)
      Successors: 403cf5
  BB: 4033c4 in func 401750 with 1 insts
    I: 4033c4 (flow 403698)
      Successors: 403698
  BB: 402bc6 in func 401750 with 19 insts
    I: 402bc6
    I: 402bcc
    I: 402bd2
    I: 402bd5
    I: 402bdb (imm 407034)
    I: 402be2
    I: 402be4 (imm 407050)
    I: 402beb
    I: 402bed
    I: 402bef
    I: 402bf2
    I: 402bf5
    I: 402bf8
    I: 402bfb
    I: 402bfe
    I: 402c01
    I: 402c04
    I: 402c06
    I: 402c08 (flow 402c13)
      Successors: 402c13, 402c0e
  BB: 4033c9 in func 401750 with 15 insts
    I: 4033c9 (imm 407034)
    I: 4033d0
    I: 4033d2 (imm 407050)
    I: 4033d9
    I: 4033db
    I: 4033dd
    I: 4033e0
    I: 4033e3
    I: 4033e6
    I: 4033e9
    I: 4033ec
    I: 4033ef
    I: 4033f2
    I: 4033f4
    I: 4033f6 (flow 403401)
      Successors: 403401, 4033fc
  BB: 4023cb in func 401750 with 1 insts
    I: 4023cb (flow 403c53)
      Successors: 403c53
  BB: 4023d0 in func 401750 with 19 insts
    I: 4023d0
    I: 4023d3
    I: 4023d9
    I: 4023dc
    I: 4023e2 (imm 407034)
    I: 4023e9
    I: 4023eb (imm 407050)
    I: 4023f2
    I: 4023f4
    I: 4023f6
    I: 4023f9
    I: 4023fc
    I: 4023ff
    I: 402402
    I: 402405
    I: 402408
    I: 40240b
    I: 40240d
    I: 40240f (flow 40241a)
      Successors: 40241a, 402415
  BB: 403be0 in func 401750 with 1 insts
    I: 403be0 (flow 401c5d)
      Successors: 401c5d
  BB: 401be2 in func 401750 with 1 insts
    I: 401be2 (flow 403bbd)
      Successors: 403bbd
  BB: 403be5 in func 401750 with 1 insts
    I: 403be5 (flow 401d4f)
      Successors: 401d4f
  BB: 401be7 in func 401750 with 1 insts
    I: 401be7 (flow 401bec)
      Successors: 401bec
  BB: 403bea in func 401750 with 7 insts
    I: 403bea
    I: 403bef
    I: 403bf4
    I: 403bf9
    I: 403bfe (flow 403e20)
    I: 403c03
    I: 403c08 (flow 401e23)
      Successors: 401e23
  BB: 401bec in func 401750 with 3 insts
    I: 401bec
    I: 401bf1
    I: 401bf6 (flow 401c07)
      Successors: 401bfc, 401c07
  BB: 4033fc in func 401750 with 1 insts
    I: 4033fc (flow 403d6d)
      Successors: 403d6d
  BB: 401bfc in func 401750 with 1 insts
    I: 401bfc (flow 401c07)
      Successors: 401c02, 401c07
  BB: 403401 in func 401750 with 18 insts
    I: 403401
    I: 403408
    I: 40340b
    I: 403411 (imm 407034)
    I: 403418
    I: 40341a (imm 407050)
    I: 403421
    I: 403423
    I: 403425
    I: 403428
    I: 40342b
    I: 40342e
    I: 403431
    I: 403434
    I: 403437
    I: 40343a
    I: 40343c
    I: 40343e (flow 403449)
      Successors: 403449, 403444
  BB: 401c02 in func 401750 with 1 insts
    I: 401c02 (flow 401c25)
      Successors: 401c25
  BB: 401c07 in func 401750 with 6 insts
    I: 401c07
    I: 401c0c
    I: 401c11
    I: 401c16
    I: 401c1b (flow 403e20)
    I: 401c20
      Successors: 401c25
  BB: 403c0d in func 401750 with 1 insts
    I: 403c0d (flow 401f03)
      Successors: 401f03
  BB: 402c0e in func 401750 with 1 insts
    I: 402c0e (flow 403cf5)
      Successors: 403cf5
  BB: 403c12 in func 401750 with 1 insts
    I: 403c12 (flow 401f97)
      Successors: 401f97
  BB: 402c13 in func 401750 with 1 insts
    I: 402c13 (flow 402c2d)
      Successors: 402c2d
  BB: 402415 in func 401750 with 1 insts
    I: 402415 (flow 403c53)
      Successors: 403c53
  BB: 403c17 in func 401750 with 2 insts
    I: 403c17
    I: 403c1e (flow 40205c)
      Successors: 40205c
  BB: 402c18 in func 401750 with 4 insts
    I: 402c18
    I: 402c1b
    I: 402c21
    I: 402c27
      Successors: 402c2d
  BB: 40241a in func 401750 with 1 insts
    I: 40241a (flow 4024a6)
      Successors: 4024a6
  BB: 40241f in func 401750 with 15 insts
    I: 40241f (imm 407034)
    I: 402426
    I: 402428 (imm 407050)
    I: 40242f
    I: 402431
    I: 402433
    I: 402436
    I: 402439
    I: 40243c
    I: 40243f
    I: 402442
    I: 402445
    I: 402448
    I: 40244a
    I: 40244c (flow 402457)
      Successors: 402452, 402457
  BB: 403c23 in func 401750 with 7 insts
    I: 403c23
    I: 403c28
    I: 403c2d
    I: 403c32
    I: 403c37 (flow 403e90)
    I: 403c3c
    I: 403c3f (flow 4020dd)
      Successors: 4020dd
  BB: 401c25 in func 401750 with 15 insts
    I: 401c25 (imm 407034)
    I: 401c2c
    I: 401c2e (imm 407050)
    I: 401c35
    I: 401c37
    I: 401c39
    I: 401c3c
    I: 401c3f
    I: 401c42
    I: 401c45
    I: 401c48
    I: 401c4b
    I: 401c4e
    I: 401c50
    I: 401c52 (flow 401c5d)
      Successors: 401c58, 401c5d
  BB: 402c2d in func 401750 with 3 insts
    I: 402c2d
    I: 402c32
    I: 402c37 (flow 402cc2)
      Successors: 402cc2, 402c3d
  BB: 402c3d in func 401750 with 1 insts
    I: 402c3d (flow 402cc2)
      Successors: 402cc2, 402c43
  BB: 402c43 in func 401750 with 15 insts
    I: 402c43 (imm 407034)
    I: 402c4a
    I: 402c4c (imm 407050)
    I: 402c53
    I: 402c55
    I: 402c57
    I: 402c5a
    I: 402c5d
    I: 402c60
    I: 402c63
    I: 402c66
    I: 402c69
    I: 402c6c
    I: 402c6e
    I: 402c70 (flow 402c7b)
      Successors: 402c7b, 402c76
  BB: 403444 in func 401750 with 1 insts
    I: 403444 (flow 403d6d)
      Successors: 403d6d
  BB: 403c44 in func 401750 with 1 insts
    I: 403c44 (flow 40216e)
      Successors: 40216e
  BB: 403449 in func 401750 with 3 insts
    I: 403449
    I: 40344f
    I: 403451 (flow 40345c)
      Successors: 40345c, 403457
  BB: 403c49 in func 401750 with 1 insts
    I: 403c49 (flow 4022a7)
      Successors: 4022a7
  BB: 403c4e in func 401750 with 1 insts
    I: 403c4e (flow 40233a)
      Successors: 40233a
  BB: 402452 in func 401750 with 1 insts
    I: 402452 (flow 403c6a)
      Successors: 403c6a
  BB: 403c53 in func 401750 with 5 insts
    I: 403c53
    I: 403c56
    I: 403c5c
    I: 403c5f
    I: 403c65 (flow 4023d0)
      Successors: 4023d0
  BB: 402457 in func 401750 with 19 insts
    I: 402457
    I: 40245a
    I: 402460
    I: 402463
    I: 402469 (imm 407034)
    I: 402470
    I: 402472 (imm 407050)
    I: 402479
    I: 40247b
    I: 40247d
    I: 402480
    I: 402483
    I: 402486
    I: 402489
    I: 40248c
    I: 40248f
    I: 402492
    I: 402494
    I: 402496 (flow 4024a1)
      Successors: 4024a1, 40249c
  BB: 401c58 in func 401750 with 1 insts
    I: 401c58 (flow 403be0)
      Successors: 403be0
  BB: 403457 in func 401750 with 1 insts
    I: 403457 (flow 403698)
      Successors: 403698
  BB: 40345c in func 401750 with 15 insts
    I: 40345c (imm 407034)
    I: 403463
    I: 403465 (imm 407050)
    I: 40346c
    I: 40346e
    I: 403470
    I: 403473
    I: 403476
    I: 403479
    I: 40347c
    I: 40347f
    I: 403482
    I: 403485
    I: 403487
    I: 403489 (flow 403494)
      Successors: 403494, 40348f
  BB: 401c5d in func 401750 with 21 insts
    I: 401c5d
    I: 401c62
    I: 401c67
    I: 401c6a
    I: 401c6d
    I: 401c6f
    I: 401c75 (imm 407034)
    I: 401c7c
    I: 401c7e (imm 407050)
    I: 401c85
    I: 401c87
    I: 401c89
    I: 401c8c
    I: 401c8f
    I: 401c92
    I: 401c95
    I: 401c98
    I: 401c9b
    I: 401c9e
    I: 401ca0
    I: 401ca2 (flow 401cad)
      Successors: 401ca8, 401cad
  BB: 403c6a in func 401750 with 5 insts
    I: 403c6a
    I: 403c6d
    I: 403c73
    I: 403c76
    I: 403c7c (flow 402457)
      Successors: 402457
  BB: 402c76 in func 401750 with 1 insts
    I: 402c76 (flow 403d0f)
      Successors: 403d0f
  BB: 402c7b in func 401750 with 16 insts
    I: 402c7b
    I: 402c85 (imm 407034)
    I: 402c8c
    I: 402c8e (imm 407050)
    I: 402c95
    I: 402c97
    I: 402c99
    I: 402c9c
    I: 402c9f
    I: 402ca2
    I: 402ca5
    I: 402ca8
    I: 402cab
    I: 402cae
    I: 402cb0
    I: 402cb2 (flow 402cbd)
      Successors: 402cb8, 402cbd
  BB: 403c81 in func 401750 with 1 insts
    I: 403c81 (flow 4024de)
      Successors: 4024de
  BB: 403c86 in func 401750 with 2 insts
    I: 403c86
    I: 403c90 (flow 40259c)
      Successors: 40259c
  BB: 40348f in func 401750 with 1 insts
    I: 40348f (flow 403d72)
      Successors: 403d72
  BB: 403494 in func 401750 with 23 insts
    I: 403494
    I: 403499
    I: 40349e
    I: 4034a3
    I: 4034a8 (flow 403e90)
    I: 4034ad
    I: 4034b0
    I: 4034b3
    I: 4034b9 (imm 407034)
    I: 4034c0
    I: 4034c2 (imm 407050)
    I: 4034c9
    I: 4034cb
    I: 4034cd
    I: 4034d0
    I: 4034d3
    I: 4034d6
    I: 4034d9
    I: 4034dc
    I: 4034df
    I: 4034e2
    I: 4034e4
    I: 4034e6 (flow 4034f1)
      Successors: 4034f1, 4034ec
  BB: 403c95 in func 401750 with 2 insts
    I: 403c95
    I: 403c9f (flow 40261b)
      Successors: 40261b
  BB: 40249c in func 401750 with 1 insts
    I: 40249c (flow 403c6a)
      Successors: 403c6a
  BB: 4024a1 in func 401750 with 1 insts
    I: 4024a1 (flow 4024a6)
      Successors: 4024a6
  BB: 403ca4 in func 401750 with 1 insts
    I: 403ca4 (flow 40269a)
      Successors: 40269a
  BB: 4024a6 in func 401750 with 15 insts
    I: 4024a6 (imm 407034)
    I: 4024ad
    I: 4024af (imm 407050)
    I: 4024b6
    I: 4024b8
    I: 4024ba
    I: 4024bd
    I: 4024c0
    I: 4024c3
    I: 4024c6
    I: 4024c9
    I: 4024cc
    I: 4024cf
    I: 4024d1
    I: 4024d3 (flow 4024de)
      Successors: 4024d9, 4024de
  BB: 401ca8 in func 401750 with 1 insts
    I: 401ca8 (flow 403be0)
      Successors: 403be0
  BB: 403ca9 in func 401750 with 1 insts
    I: 403ca9 (flow 40270f)
      Successors: 40270f
  BB: 401cad in func 401750 with 3 insts
    I: 401cad
    I: 401cb3
    I: 401cb5 (flow 401cc0)
      Successors: 401cc0, 401cbb
  BB: 403cae in func 401750 with 5 insts
    I: 403cae
    I: 403cb4
    I: 403cba
    I: 403cbd
    I: 403cc3 (flow 402810)
      Successors: 402810
  BB: 402cb8 in func 401750 with 1 insts
    I: 402cb8 (flow 403d0f)
      Successors: 403d0f
  BB: 401cbb in func 401750 with 1 insts
    I: 401cbb (flow 401cde)
      Successors: 401cde
  BB: 402cbd in func 401750 with 1 insts
    I: 402cbd (flow 402d64)
      Successors: 402d64
  BB: 401cc0 in func 401750 with 6 insts
    I: 401cc0
    I: 401cc5
    I: 401cca
    I: 401ccf
    I: 401cd4 (flow 403de0)
    I: 401cd9
      Successors: 401cde
  BB: 402cc2 in func 401750 with 4 insts
    I: 402cc2
    I: 402cc7
    I: 402ccc
    I: 402cd0 (flow 402d55)
      Successors: 402d55, 402cd6
  BB: 403cc8 in func 401750 with 2 insts
    I: 403cc8
    I: 403cd2 (flow 4028b0)
      Successors: 4028b0
  BB: 402cd6 in func 401750 with 15 insts
    I: 402cd6 (imm 407034)
    I: 402cdd
    I: 402cdf (imm 407050)
    I: 402ce6
    I: 402ce8
    I: 402cea
    I: 402ced
    I: 402cf0
    I: 402cf3
    I: 402cf6
    I: 402cf9
    I: 402cfc
    I: 402cff
    I: 402d01
    I: 402d03 (flow 402d0e)
      Successors: 402d09, 402d0e
  BB: 403cd7 in func 401750 with 1 insts
    I: 403cd7 (flow 40292f)
      Successors: 40292f
  BB: 4024d9 in func 401750 with 1 insts
    I: 4024d9 (flow 403c81)
      Successors: 403c81
  BB: 403cdc in func 401750 with 2 insts
    I: 403cdc
    I: 403ce6 (flow 4029d8)
      Successors: 4029d8
  BB: 401cde in func 401750 with 3 insts
    I: 401cde
    I: 401ce3
    I: 401ce8 (flow 401cf9)
      Successors: 401cf9, 401cee
  BB: 4024de in func 401750 with 21 insts
    I: 4024de
    I: 4024e3
    I: 4024e8
    I: 4024eb
    I: 4024ee
    I: 4024f0
    I: 4024f6 (imm 407034)
    I: 4024fd
    I: 4024ff (imm 407050)
    I: 402506
    I: 402508
    I: 40250a
    I: 40250d
    I: 402510
    I: 402513
    I: 402516
    I: 402519
    I: 40251c
    I: 40251f
    I: 402521
    I: 402523 (flow 40252e)
      Successors: 402529, 40252e
  BB: 403ceb in func 401750 with 1 insts
    I: 403ceb (flow 402a78)
      Successors: 402a78
  BB: 4034ec in func 401750 with 1 insts
    I: 4034ec (flow 403d72)
      Successors: 403d72
  BB: 401cee in func 401750 with 1 insts
    I: 401cee (flow 401cf9)
      Successors: 401cf9, 401cf4
  BB: 403cf0 in func 401750 with 1 insts
    I: 403cf0 (flow 402b23)
      Successors: 402b23
  BB: 4034f1 in func 401750 with 3 insts
    I: 4034f1
    I: 4034f7
    I: 4034f9 (flow 403504)
      Successors: 403504, 4034ff
  BB: 401cf4 in func 401750 with 1 insts
    I: 401cf4 (flow 401d17)
      Successors: 401d17
  BB: 403cf5 in func 401750 with 5 insts
    I: 403cf5
    I: 403cfb
    I: 403d01
    I: 403d04
    I: 403d0a (flow 402bc6)
      Successors: 402bc6
  BB: 401cf9 in func 401750 with 6 insts
    I: 401cf9
    I: 401cfe
    I: 401d03
    I: 401d08
    I: 401d0d (flow 403e20)
    I: 401d12
      Successors: 401d17
  BB: 4034ff in func 401750 with 1 insts
    I: 4034ff (flow 403633)
      Successors: 403633
  BB: 403504 in func 401750 with 15 insts
    I: 403504 (imm 407034)
    I: 40350b
    I: 40350d (imm 407050)
    I: 403514
    I: 403516
    I: 403518
    I: 40351b
    I: 40351e
    I: 403521
    I: 403524
    I: 403527
    I: 40352a
    I: 40352d
    I: 40352f
    I: 403531 (flow 40353c)
      Successors: 40353c, 403537
  BB: 402d09 in func 401750 with 1 insts
    I: 402d09 (flow 403d1e)
      Successors: 403d1e
  BB: 402d0e in func 401750 with 16 insts
    I: 402d0e
    I: 402d18 (imm 407034)
    I: 402d1f
    I: 402d21 (imm 407050)
    I: 402d28
    I: 402d2a
    I: 402d2c
    I: 402d2f
    I: 402d32
    I: 402d35
    I: 402d38
    I: 402d3b
    I: 402d3e
    I: 402d41
    I: 402d43
    I: 402d45 (flow 402d50)
      Successors: 402d50, 402d4b
  BB: 403d0f in func 401750 with 2 insts
    I: 403d0f
    I: 403d19 (flow 402c7b)
      Successors: 402c7b
  BB: 401d17 in func 401750 with 15 insts
    I: 401d17 (imm 407034)
    I: 401d1e
    I: 401d20 (imm 407050)
    I: 401d27
    I: 401d29
    I: 401d2b
    I: 401d2e
    I: 401d31
    I: 401d34
    I: 401d37
    I: 401d3a
    I: 401d3d
    I: 401d40
    I: 401d42
    I: 401d44 (flow 401d4f)
      Successors: 401d4a, 401d4f
  BB: 403d1e in func 401750 with 2 insts
    I: 403d1e
    I: 403d28 (flow 402d0e)
      Successors: 402d0e
  BB: 402529 in func 401750 with 1 insts
    I: 402529 (flow 403c81)
      Successors: 403c81
  BB: 403d2d in func 401750 with 1 insts
    I: 403d2d (flow 402d9c)
      Successors: 402d9c
  BB: 40252e in func 401750 with 3 insts
    I: 40252e
    I: 402534
    I: 402536 (flow 402541)
      Successors: 402541, 40253c
  BB: 403d32 in func 401750 with 1 insts
    I: 403d32 (flow 402e3e)
      Successors: 402e3e
  BB: 403537 in func 401750 with 1 insts
    I: 403537 (flow 403d90)
      Successors: 403d90
  BB: 403d37 in func 401750 with 2 insts
    I: 403d37
    I: 403d3e (flow 402ed1)
      Successors: 402ed1
  BB: 40253c in func 401750 with 1 insts
    I: 40253c (flow 402550)
      Successors: 402550
  BB: 40353c in func 401750 with 18 insts
    I: 40353c
    I: 403543
    I: 403546
    I: 40354c (imm 407034)
    I: 403553
    I: 403555 (imm 407050)
    I: 40355c
    I: 40355e
    I: 403560
    I: 403563
    I: 403566
    I: 403569
    I: 40356c
    I: 40356f
    I: 403572
    I: 403575
    I: 403577
    I: 403579 (flow 403584)
      Successors: 403584, 40357f
  BB: 402541 in func 401750 with 2 insts
    I: 402541
    I: 40254b (flow 4026d7)
      Successors: 4026d7
  BB: 403d43 in func 401750 with 1 insts
    I: 403d43 (flow 402f5e)
      Successors: 402f5e
  BB: 403d48 in func 401750 with 1 insts
    I: 403d48 (flow 402ff2)
      Successors: 402ff2
  BB: 401d4a in func 401750 with 1 insts
    I: 401d4a (flow 403be5)
      Successors: 403be5
  BB: 402d4b in func 401750 with 1 insts
    I: 402d4b (flow 403d1e)
      Successors: 403d1e
  BB: 403d4d in func 401750 with 1 insts
    I: 403d4d (flow 403085)
      Successors: 403085
  BB: 401d4f in func 401750 with 21 insts
    I: 401d4f
    I: 401d54
    I: 401d59
    I: 401d5c
    I: 401d5f
    I: 401d61
    I: 401d67 (imm 407034)
    I: 401d6e
    I: 401d70 (imm 407050)
    I: 401d77
    I: 401d79
    I: 401d7b
    I: 401d7e
    I: 401d81
    I: 401d84
    I: 401d87
    I: 401d8a
    I: 401d8d
    I: 401d90
    I: 401d92
    I: 401d94 (flow 401d9f)
      Successors: 401d9a, 401d9f
  BB: 402550 in func 401750 with 4 insts
    I: 402550
    I: 402555
    I: 40255a
    I: 40255e (flow 4025e3)
      Successors: 4025e3, 402564
  BB: 402d50 in func 401750 with 1 insts
    I: 402d50 (flow 402d5f)
      Successors: 402d5f
  BB: 403d52 in func 401750 with 1 insts
    I: 403d52 (flow 403151)
      Successors: 403151
  BB: 402d55 in func 401750 with 1 insts
    I: 402d55
      Successors: 402d5f
  BB: 403d57 in func 401750 with 2 insts
    I: 403d57
    I: 403d5e (flow 4031e1)
      Successors: 4031e1
  BB: 402d5f in func 401750 with 1 insts
    I: 402d5f (flow 402d64)
      Successors: 402d64
  BB: 403d63 in func 401750 with 1 insts
    I: 403d63 (flow 403298)
      Successors: 403298
  BB: 402564 in func 401750 with 15 insts
    I: 402564 (imm 407034)
    I: 40256b
    I: 40256d (imm 407050)
    I: 402574
    I: 402576
    I: 402578
    I: 40257b
    I: 40257e
    I: 402581
    I: 402584
    I: 402587
    I: 40258a
    I: 40258d
    I: 40258f
    I: 402591 (flow 40259c)
      Successors: 40259c, 402597
  BB: 402d64 in func 401750 with 15 insts
    I: 402d64 (imm 407034)
    I: 402d6b
    I: 402d6d (imm 407050)
    I: 402d74
    I: 402d76
    I: 402d78
    I: 402d7b
    I: 402d7e
    I: 402d81
    I: 402d84
    I: 402d87
    I: 402d8a
    I: 402d8d
    I: 402d8f
    I: 402d91 (flow 402d9c)
      Successors: 402d9c, 402d97
  BB: 403d68 in func 401750 with 1 insts
    I: 403d68 (flow 40336e)
      Successors: 40336e
  BB: 403d6d in func 401750 with 1 insts
    I: 403d6d (flow 403401)
      Successors: 403401
  BB: 403d72 in func 401750 with 6 insts
    I: 403d72
    I: 403d77
    I: 403d7c
    I: 403d81
    I: 403d86 (flow 403e90)
    I: 403d8b (flow 403494)
      Successors: 403494
  BB: 40357f in func 401750 with 1 insts
    I: 40357f (flow 403d90)
      Successors: 403d90
  BB: 403584 in func 401750 with 3 insts
    I: 403584
    I: 40358a
    I: 40358c (flow 403597)
      Successors: 403592, 403597
  BB: 403d90 in func 401750 with 1 insts
    I: 403d90 (flow 40353c)
      Successors: 40353c
  BB: 403592 in func 401750 with 1 insts
    I: 403592 (flow 4035b7)
      Successors: 4035b7
  BB: 403d95 in func 401750 with 2 insts
    I: 403d95
    I: 403d9c (flow 4035ef)
      Successors: 4035ef
  BB: 402597 in func 401750 with 1 insts
    I: 402597 (flow 403c86)
      Successors: 403c86
  BB: 402d97 in func 401750 with 1 insts
    I: 402d97 (flow 403d2d)
      Successors: 403d2d
  BB: 403597 in func 401750 with 2 insts
    I: 403597
    I: 40359b (flow 4035b7)
      Successors: 4035a1, 4035b7
  BB: 401d9a in func 401750 with 1 insts
    I: 401d9a (flow 403be5)
      Successors: 403be5
  BB: 40259c in func 401750 with 16 insts
    I: 40259c
    I: 4025a6 (imm 407034)
    I: 4025ad
    I: 4025af (imm 407050)
    I: 4025b6
    I: 4025b8
    I: 4025ba
    I: 4025bd
    I: 4025c0
    I: 4025c3
    I: 4025c6
    I: 4025c9
    I: 4025cc
    I: 4025cf
    I: 4025d1
    I: 4025d3 (flow 4025de)
      Successors: 4025d9, 4025de
  BB: 402d9c in func 401750 with 19 insts
    I: 402d9c
    I: 402d9f
    I: 402da5
    I: 402da8
    I: 402dae (imm 407034)
    I: 402db5
    I: 402db7 (imm 407050)
    I: 402dbe
    I: 402dc0
    I: 402dc2
    I: 402dc5
    I: 402dc8
    I: 402dcb
    I: 402dce
    I: 402dd1
    I: 402dd4
    I: 402dd7
    I: 402dd9
    I: 402ddb (flow 402de6)
      Successors: 402de1, 402de6
  BB: 401d9f in func 401750 with 3 insts
    I: 401d9f
    I: 401da5
    I: 401da7 (flow 401db2)
      Successors: 401db2, 401dad
  BB: 4035a1 in func 401750 with 2 insts
    I: 4035a1
    I: 4035a5 (flow 4035b7)
      Successors: 4035ab, 4035b7
  BB: 403da1 in func 401750 with 1 insts
    I: 403da1 (flow 4036f7)
      Successors: 4036f7
  BB: 403da6 in func 401750 with 1 insts
    I: 403da6 (flow 4037ac)
      Successors: 4037ac
  BB: 4035ab in func 401750 with 2 insts
    I: 4035ab
    I: 4035b2 (flow 403b7a)
      Successors: 403b7a
  BB: 403dab in func 401750 with 2 insts
    I: 403dab
    I: 403db2 (flow 403853)
      Successors: 403853
  BB: 401dad in func 401750 with 1 insts
    I: 401dad (flow 401dd0)
      Successors: 401dd0
  BB: 401db2 in func 401750 with 6 insts
    I: 401db2
    I: 401db7
    I: 401dbc
    I: 401dc1
    I: 401dc6 (flow 403de0)
    I: 401dcb
      Successors: 401dd0
  BB: 4035b7 in func 401750 with 15 insts
    I: 4035b7 (imm 407034)
    I: 4035be
    I: 4035c0 (imm 407050)
    I: 4035c7
    I: 4035c9
    I: 4035cb
    I: 4035ce
    I: 4035d1
    I: 4035d4
    I: 4035d7
    I: 4035da
    I: 4035dd
    I: 4035e0
    I: 4035e2
    I: 4035e4 (flow 4035ef)
      Successors: 4035ea, 4035ef
  BB: 403db7 in func 401750 with 1 insts
    I: 403db7 (flow 4038fd)
      Successors: 4038fd
  BB: 403dbc in func 401750 with 1 insts
    I: 403dbc (flow 403990)
      Successors: 403990
  BB: 403dc1 in func 401750 with 2 insts
    I: 403dc1
    I: 403dc8 (flow 403a36)
      Successors: 403a36
  BB: 403dcd in func 401750 with 1 insts
    I: 403dcd (flow 403ab2)
      Successors: 403ab2
  BB: 401dd0 in func 401750 with 3 insts
    I: 401dd0
    I: 401dd5
    I: 401dda (flow 401deb)
      Successors: 401de0, 401deb
  BB: 403dd2 in func 401750 with 1 insts
    I: 403dd2 (flow 403b2c)
      Successors: 403b2c
  BB: 403dd7 in func 401750 with 1 insts
    I: 403dd7
      No successors
  BB: 4025d9 in func 401750 with 1 insts
    I: 4025d9 (flow 403c86)
      Successors: 403c86
  BB: 4025de in func 401750 with 1 insts
    I: 4025de (flow 402662)
      Successors: 402662
  BB: 401de0 in func 401750 with 1 insts
    I: 401de0 (flow 401deb)
      Successors: 401deb, 401de6
  BB: 402de1 in func 401750 with 1 insts
    I: 402de1 (flow 403d2d)
      Successors: 403d2d
  BB: 4025e3 in func 401750 with 15 insts
    I: 4025e3 (imm 407034)
    I: 4025ea
    I: 4025ec (imm 407050)
    I: 4025f3
    I: 4025f5
    I: 4025f7
    I: 4025fa
    I: 4025fd
    I: 402600
    I: 402603
    I: 402606
    I: 402609
    I: 40260c
    I: 40260e
    I: 402610 (flow 40261b)
      Successors: 40261b, 402616
  BB: 401de6 in func 401750 with 1 insts
    I: 401de6 (flow 401e7e)
      Successors: 401e7e
  BB: 402de6 in func 401750 with 3 insts
    I: 402de6
    I: 402dec
    I: 402dee (flow 402df9)
      Successors: 402df9, 402df4
  BB: 4035ea in func 401750 with 1 insts
    I: 4035ea (flow 403d95)
      Successors: 403d95
  BB: 401deb in func 401750 with 15 insts
    I: 401deb (imm 407034)
    I: 401df2
    I: 401df4 (imm 407050)
    I: 401dfb
    I: 401dfd
    I: 401dff
    I: 401e02
    I: 401e05
    I: 401e08
    I: 401e0b
    I: 401e0e
    I: 401e11
    I: 401e14
    I: 401e16
    I: 401e18 (flow 401e23)
      Successors: 401e23, 401e1e
  BB: 4035ef in func 401750 with 16 insts
    I: 4035ef
    I: 4035f6 (imm 407034)
    I: 4035fd
    I: 4035ff (imm 407050)
    I: 403606
    I: 403608
    I: 40360a
    I: 40360d
    I: 403610
    I: 403613
    I: 403616
    I: 403619
    I: 40361c
    I: 40361f
    I: 403621
    I: 403623 (flow 40362e)
      Successors: 403629, 40362e
  BB: 402df4 in func 401750 with 1 insts
    I: 402df4 (flow 402f15)
      Successors: 402f15
  BB: 402df9 in func 401750 with 2 insts
    I: 402df9
    I: 402e00 (flow 402f15)
      Successors: 402f15, 402e06
  BB: 402e06 in func 401750 with 15 insts
    I: 402e06 (imm 407034)
    I: 402e0d
    I: 402e0f (imm 407050)
    I: 402e16
    I: 402e18
    I: 402e1a
    I: 402e1d
    I: 402e20
    I: 402e23
    I: 402e26
    I: 402e29
    I: 402e2c
    I: 402e2f
    I: 402e31
    I: 402e33 (flow 402e3e)
      Successors: 402e39, 402e3e
  BB: 402616 in func 401750 with 1 insts
    I: 402616 (flow 403c95)
      Successors: 403c95
  BB: 40261b in func 401750 with 16 insts
    I: 40261b
    I: 402625 (imm 407034)
    I: 40262c
    I: 40262e (imm 407050)
    I: 402635
    I: 402637
    I: 402639
    I: 40263c
    I: 40263f
    I: 402642
    I: 402645
    I: 402648
    I: 40264b
    I: 40264e
    I: 402650
    I: 402652 (flow 40265d)
      Successors: 402658, 40265d
  BB: 401e1e in func 401750 with 1 insts
    I: 401e1e (flow 403bea)
      Successors: 403bea
  BB: 401e23 in func 401750 with 21 insts
    I: 401e23
    I: 401e28
    I: 401e2d
    I: 401e32
    I: 401e37 (flow 403e20)
    I: 401e3c
    I: 401e41 (imm 407034)
    I: 401e48
    I: 401e4a (imm 407050)
    I: 401e51
    I: 401e53
    I: 401e55
    I: 401e58
    I: 401e5b
    I: 401e5e
    I: 401e61
    I: 401e64
    I: 401e67
    I: 401e6a
    I: 401e6c
    I: 401e6e (flow 401e79)
      Successors: 401e79, 401e74
  BB: 403629 in func 401750 with 1 insts
    I: 403629 (flow 403d95)
      Successors: 403d95
  BB: 40362e in func 401750 with 1 insts
    I: 40362e (flow 403b7a)
      Successors: 403b7a
  BB: 403633 in func 401750 with 7 insts
    I: 403633
    I: 403638
    I: 40363d
    I: 403642
    I: 403647 (flow 403e90)
    I: 40364c
    I: 40364f (flow 40368e)
      Successors: 403655, 40368e
  BB: 402e39 in func 401750 with 1 insts
    I: 402e39 (flow 403d32)
      Successors: 403d32
  BB: 402e3e in func 401750 with 18 insts
    I: 402e3e
    I: 402e45
    I: 402e48
    I: 402e4e (imm 407034)
    I: 402e55
    I: 402e57 (imm 407050)
    I: 402e5e
    I: 402e60
    I: 402e62
    I: 402e65
    I: 402e68
    I: 402e6b
    I: 402e6e
    I: 402e71
    I: 402e74
    I: 402e77
    I: 402e79
    I: 402e7b (flow 402e86)
      Successors: 402e81, 402e86
  BB: 403655 in func 401750 with 2 insts
    I: 403655
    I: 40365c (flow 403682)
      Successors: 403662, 403682
  BB: 402658 in func 401750 with 1 insts
    I: 402658 (flow 403c95)
      Successors: 403c95
  BB: 40265d in func 401750 with 1 insts
    I: 40265d (flow 402662)
      Successors: 402662
  BB: 402662 in func 401750 with 15 insts
    I: 402662 (imm 407034)
    I: 402669
    I: 40266b (imm 407050)
    I: 402672
    I: 402674
    I: 402676
    I: 402679
    I: 40267c
    I: 40267f
    I: 402682
    I: 402685
    I: 402688
    I: 40268b
    I: 40268d
    I: 40268f (flow 40269a)
      Successors: 40269a, 402695
  BB: 403662 in func 401750 with 2 insts
    I: 403662
    I: 403666 (flow 403682)
      Successors: 403682, 40366c
  BB: 40366c in func 401750 with 2 insts
    I: 40366c
    I: 403670 (flow 403682)
      Successors: 403682, 403676
  BB: 401e74 in func 401750 with 1 insts
    I: 401e74 (flow 403bea)
      Successors: 403bea
  BB: 403676 in func 401750 with 2 insts
    I: 403676
    I: 40367d (flow 403b7a)
      Successors: 403b7a
  BB: 401e79 in func 401750 with 1 insts
    I: 401e79 (flow 401e7e)
      Successors: 401e7e
  BB: 401e7e in func 401750 with 3 insts
    I: 401e7e
    I: 401e83
    I: 401e88 (flow 401f40)
      Successors: 401f40, 401e8e
  BB: 402e81 in func 401750 with 1 insts
    I: 402e81 (flow 403d32)
      Successors: 403d32
  BB: 403682 in func 401750 with 2 insts
    I: 403682
    I: 403689 (flow 403b7a)
      Successors: 403b7a
  BB: 402e86 in func 401750 with 3 insts
    I: 402e86
    I: 402e8c
    I: 402e8e (flow 402e99)
      Successors: 402e99, 402e94
  BB: 401e8e in func 401750 with 1 insts
    I: 401e8e (flow 401f40)
      Successors: 401f40, 401e94
  BB: 40368e in func 401750 with 1 insts
    I: 40368e (flow 403693)
      Successors: 403693
  BB: 403693 in func 401750 with 1 insts
    I: 403693 (flow 403b69)
      Successors: 403b69
  BB: 401e94 in func 401750 with 5 insts
    I: 401e94
    I: 401e9e
    I: 401ea3
    I: 401ea8
    I: 401eac (flow 401ec1)
      Successors: 401ec1, 401eb2
  BB: 402695 in func 401750 with 1 insts
    I: 402695 (flow 403ca4)
      Successors: 403ca4
  BB: 402e94 in func 401750 with 1 insts
    I: 402e94 (flow 402f15)
      Successors: 402f15
  BB: 403698 in func 401750 with 2 insts
    I: 403698
    I: 40369f (flow 4036b2)
      Successors: 4036b2, 4036a5
  BB: 402e99 in func 401750 with 15 insts
    I: 402e99 (imm 407034)
    I: 402ea0
    I: 402ea2 (imm 407050)
    I: 402ea9
    I: 402eab
    I: 402ead
    I: 402eb0
    I: 402eb3
    I: 402eb6
    I: 402eb9
    I: 402ebc
    I: 402ebf
    I: 402ec2
    I: 402ec4
    I: 402ec6 (flow 402ed1)
      Successors: 402ed1, 402ecc
  BB: 40269a in func 401750 with 15 insts
    I: 40269a (imm 407034)
    I: 4026a1
    I: 4026a3 (imm 407050)
    I: 4026aa
    I: 4026ac
    I: 4026ae
    I: 4026b1
    I: 4026b4
    I: 4026b7
    I: 4026ba
    I: 4026bd
    I: 4026c0
    I: 4026c3
    I: 4026c5
    I: 4026c7 (flow 4026d2)
      Successors: 4026d2, 4026cd
  BB: 4036a5 in func 401750 with 2 insts
    I: 4036a5
    I: 4036ac (flow 403752)
      Successors: 4036b2, 403752
  BB: 401eb2 in func 401750 with 2 insts
    I: 401eb2
    I: 401ebc (flow 401ecb)
      Successors: 401ecb
  BB: 4036b2 in func 401750 with 2 insts
    I: 4036b2
    I: 4036b9 (flow 403af4)
      Successors: 403af4, 4036bf
  BB: 4036bf in func 401750 with 15 insts
    I: 4036bf (imm 407034)
    I: 4036c6
    I: 4036c8 (imm 407050)
    I: 4036cf
    I: 4036d1
    I: 4036d3
    I: 4036d6
    I: 4036d9
    I: 4036dc
    I: 4036df
    I: 4036e2
    I: 4036e5
    I: 4036e8
    I: 4036ea
    I: 4036ec (flow 4036f7)
      Successors: 4036f2, 4036f7
  BB: 401ec1 in func 401750 with 1 insts
    I: 401ec1
      Successors: 401ecb
  BB: 401ecb in func 401750 with 15 insts
    I: 401ecb (imm 407034)
    I: 401ed2
    I: 401ed4 (imm 407050)
    I: 401edb
    I: 401edd
    I: 401edf
    I: 401ee2
    I: 401ee5
    I: 401ee8
    I: 401eeb
    I: 401eee
    I: 401ef1
    I: 401ef4
    I: 401ef6
    I: 401ef8 (flow 401f03)
      Successors: 401f03, 401efe
  BB: 402ecc in func 401750 with 1 insts
    I: 402ecc (flow 403d37)
      Successors: 403d37
  BB: 4026cd in func 401750 with 1 insts
    I: 4026cd (flow 403ca4)
      Successors: 403ca4
  BB: 402ed1 in func 401750 with 16 insts
    I: 402ed1
    I: 402ed8 (imm 407034)
    I: 402edf
    I: 402ee1 (imm 407050)
    I: 402ee8
    I: 402eea
    I: 402eec
    I: 402eef
    I: 402ef2
    I: 402ef5
    I: 402ef8
    I: 402efb
    I: 402efe
    I: 402f01
    I: 402f03
    I: 402f05 (flow 402f10)
      Successors: 402f10, 402f0b
  BB: 4026d2 in func 401750 with 1 insts
    I: 4026d2 (flow 4026d7)
      Successors: 4026d7
  BB: 4026d7 in func 401750 with 15 insts
    I: 4026d7 (imm 407034)
    I: 4026de
    I: 4026e0 (imm 407050)
    I: 4026e7
    I: 4026e9
    I: 4026eb
    I: 4026ee
    I: 4026f1
    I: 4026f4
    I: 4026f7
    I: 4026fa
    I: 4026fd
    I: 402700
    I: 402702
    I: 402704 (flow 40270f)
      Successors: 40270a, 40270f
  BB: 4036f2 in func 401750 with 1 insts
    I: 4036f2 (flow 403da1)
      Successors: 403da1
  BB: 4036f7 in func 401750 with 18 insts
    I: 4036f7
    I: 4036fe
    I: 403701
    I: 403707 (imm 407034)
    I: 40370e
    I: 403710 (imm 407050)
    I: 403717
    I: 403719
    I: 40371b
    I: 40371e
    I: 403721
    I: 403724
    I: 403727
    I: 40372a
    I: 40372d
    I: 403730
    I: 403732
    I: 403734 (flow 40373f)
      Successors: 40373a, 40373f
  BB: 401efe in func 401750 with 1 insts
    I: 401efe (flow 403c0d)
      Successors: 403c0d
  BB: 401f03 in func 401750 with 15 insts
    I: 401f03 (imm 407034)
    I: 401f0a
    I: 401f0c (imm 407050)
    I: 401f13
    I: 401f15
    I: 401f17
    I: 401f1a
    I: 401f1d
    I: 401f20
    I: 401f23
    I: 401f26
    I: 401f29
    I: 401f2c
    I: 401f2e
    I: 401f30 (flow 401f3b)
      Successors: 401f3b, 401f36
  BB: 40270a in func 401750 with 1 insts
    I: 40270a (flow 403ca9)
      Successors: 403ca9
  BB: 402f0b in func 401750 with 1 insts
    I: 402f0b (flow 403d37)
      Successors: 403d37
  BB: 40270f in func 401750 with 19 insts
    I: 40270f
    I: 402715
    I: 40271b
    I: 40271e
    I: 402724 (imm 407034)
    I: 40272b
    I: 40272d (imm 407050)
    I: 402734
    I: 402736
    I: 402738
    I: 40273b
    I: 40273e
    I: 402741
    I: 402744
    I: 402747
    I: 40274a
    I: 40274d
    I: 40274f
    I: 402751 (flow 40275c)
      Successors: 40275c, 402757
  BB: 402f10 in func 401750 with 1 insts
    I: 402f10 (flow 403b7a)
      Successors: 403b7a
  BB: 402f15 in func 401750 with 2 insts
    I: 402f15
    I: 402f1c (flow 403b7a)
      Successors: 403b7a
  BB: 402f21 in func 401750 with 1 insts
    I: 402f21 (flow 402f26)
      Successors: 402f26
  BB: 402f26 in func 401750 with 15 insts
    I: 402f26 (imm 407034)
    I: 402f2d
    I: 402f2f (imm 407050)
    I: 402f36
    I: 402f38
    I: 402f3a
    I: 402f3d
    I: 402f40
    I: 402f43
    I: 402f46
    I: 402f49
    I: 402f4c
    I: 402f4f
    I: 402f51
    I: 402f53 (flow 402f5e)
      Successors: 402f59, 402f5e
  BB: 401f36 in func 401750 with 1 insts
    I: 401f36 (flow 403c0d)
      Successors: 403c0d
  BB: 40373a in func 401750 with 1 insts
    I: 40373a (flow 403da1)
      Successors: 403da1
  BB: 401f3b in func 401750 with 1 insts
    I: 401f3b (flow 401f5f)
      Successors: 401f5f
  BB: 40373f in func 401750 with 3 insts
    I: 40373f
    I: 403745
    I: 403747 (flow 403752)
      Successors: 403752, 40374d
  BB: 401f40 in func 401750 with 6 insts
    I: 401f40
    I: 401f45
    I: 401f4a
    I: 401f4f
    I: 401f54 (flow 403e90)
    I: 401f59
      Successors: 401f5f
  BB: 40374d in func 401750 with 1 insts
    I: 40374d (flow 403af4)
      Successors: 403af4
  BB: 401750 in func 401750 with 17 insts
    I: 401750
    I: 401751
    I: 401754
    I: 40175b
    I: 401760
    I: 401765
    I: 40176a
    I: 40176f
    I: 401774
    I: 401779
    I: 40177e
    I: 401783
    I: 40178d
    I: 401797
    I: 4017a1
    I: 4017a6
    I: 4017ab (flow 401840)
      Successors: 401840, 4017b1
  BB: 403752 in func 401750 with 7 insts
    I: 403752
    I: 403757
    I: 40375c
    I: 403761
    I: 403766 (flow 403e90)
    I: 40376b
    I: 40376e (flow 4038a3)
      Successors: 4038a3, 403774
  BB: 402757 in func 401750 with 1 insts
    I: 402757 (flow 403ca9)
      Successors: 403ca9
  BB: 402f59 in func 401750 with 1 insts
    I: 402f59 (flow 403d43)
      Successors: 403d43
  BB: 40275c in func 401750 with 3 insts
    I: 40275c
    I: 402762
    I: 402764 (flow 40276f)
      Successors: 40276a, 40276f
  BB: 402f5e in func 401750 with 15 insts
    I: 402f5e (imm 407034)
    I: 402f65
    I: 402f67 (imm 407050)
    I: 402f6e
    I: 402f70
    I: 402f72
    I: 402f75
    I: 402f78
    I: 402f7b
    I: 402f7e
    I: 402f81
    I: 402f84
    I: 402f87
    I: 402f89
    I: 402f8b (flow 402f96)
      Successors: 402f91, 402f96
  BB: 401f5f in func 401750 with 15 insts
    I: 401f5f (imm 407034)
    I: 401f66
    I: 401f68 (imm 407050)
    I: 401f6f
    I: 401f71
    I: 401f73
    I: 401f76
    I: 401f79
    I: 401f7c
    I: 401f7f
    I: 401f82
    I: 401f85
    I: 401f88
    I: 401f8a
    I: 401f8c (flow 401f97)
      Successors: 401f92, 401f97
  BB: 40276a in func 401750 with 1 insts
    I: 40276a (flow 402795)
      Successors: 402795
  BB: 40276f in func 401750 with 2 insts
    I: 40276f
    I: 402776 (flow 402795)
      Successors: 40277c, 402795
  BB: 403774 in func 401750 with 15 insts
    I: 403774 (imm 407034)
    I: 40377b
    I: 40377d (imm 407050)
    I: 403784
    I: 403786
    I: 403788
    I: 40378b
    I: 40378e
    I: 403791
    I: 403794
    I: 403797
    I: 40379a
    I: 40379d
    I: 40379f
    I: 4037a1 (flow 4037ac)
      Successors: 4037ac, 4037a7
  BB: 40277c in func 401750 with 2 insts
    I: 40277c
    I: 402783 (flow 402795)
      Successors: 402789, 402795
  BB: 402789 in func 401750 with 2 insts
    I: 402789
    I: 402790 (flow 403b7a)
      Successors: 403b7a
  BB: 402f91 in func 401750 with 1 insts
    I: 402f91 (flow 403d43)
      Successors: 403d43
  BB: 401f92 in func 401750 with 1 insts
    I: 401f92 (flow 403c12)
      Successors: 403c12
  BB: 402795 in func 401750 with 2 insts
    I: 402795
    I: 40279c (flow 403b7a)
      Successors: 403b7a
  BB: 402f96 in func 401750 with 1 insts
    I: 402f96 (flow 402f9b)
      Successors: 402f9b
  BB: 401f97 in func 401750 with 21 insts
    I: 401f97
    I: 401f9c
    I: 401fa1
    I: 401fa4
    I: 401fa7
    I: 401fa9
    I: 401faf (imm 407034)
    I: 401fb6
    I: 401fb8 (imm 407050)
    I: 401fbf
    I: 401fc1
    I: 401fc3
    I: 401fc6
    I: 401fc9
    I: 401fcc
    I: 401fcf
    I: 401fd2
    I: 401fd5
    I: 401fd8
    I: 401fda
    I: 401fdc (flow 401fe7)
      Successors: 401fe2, 401fe7
  BB: 402f9b in func 401750 with 1 insts
    I: 402f9b (flow 403b73)
      Successors: 403b73
  BB: 402fa0 in func 401750 with 2 insts
    I: 402fa0
    I: 402fa7 (flow 402fba)
      Successors: 402fba, 402fad
  BB: 4027a1 in func 401750 with 2 insts
    I: 4027a1
    I: 4027a8 (flow 402aeb)
      Successors: 402aeb, 4027ae
  BB: 4037a7 in func 401750 with 1 insts
    I: 4037a7 (flow 403da6)
      Successors: 403da6
  BB: 4037ac in func 401750 with 18 insts
    I: 4037ac
    I: 4037b3
    I: 4037b6
    I: 4037bc (imm 407034)
    I: 4037c3
    I: 4037c5 (imm 407050)
    I: 4037cc
    I: 4037ce
    I: 4037d0
    I: 4037d3
    I: 4037d6
    I: 4037d9
    I: 4037dc
    I: 4037df
    I: 4037e2
    I: 4037e5
    I: 4037e7
    I: 4037e9 (flow 4037f4)
      Successors: 4037f4, 4037ef
  BB: 402fad in func 401750 with 2 insts
    I: 402fad
    I: 402fb4 (flow 4030e0)
      Successors: 4030e0, 402fba
  BB: 4027ae in func 401750 with 3 insts
    I: 4027ae
    I: 4027b3
    I: 4027b8 (flow 4027d8)
      Successors: 4027d8, 4027be
  BB: 4017b1 in func 401750 with 3 insts
    I: 4017b1
    I: 4017b6
    I: 4017bb (flow 401840)
      Successors: 401840, 4017c1
  BB: 402fba in func 401750 with 15 insts
    I: 402fba (imm 407034)
    I: 402fc1
    I: 402fc3 (imm 407050)
    I: 402fca
    I: 402fcc
    I: 402fce
    I: 402fd1
    I: 402fd4
    I: 402fd7
    I: 402fda
    I: 402fdd
    I: 402fe0
    I: 402fe3
    I: 402fe5
    I: 402fe7 (flow 402ff2)
      Successors: 402ff2, 402fed
  BB: 4027be in func 401750 with 5 insts
    I: 4027be
    I: 4027c1
    I: 4027c7
    I: 4027cd
    I: 4027d3 (flow 402862)
      Successors: 402862
  BB: 4017c1 in func 401750 with 15 insts
    I: 4017c1 (imm 407034)
    I: 4017c8
    I: 4017ca (imm 407050)
    I: 4017d1
    I: 4017d3
    I: 4017d5
    I: 4017d8
    I: 4017db
    I: 4017de
    I: 4017e1
    I: 4017e4
    I: 4017e7
    I: 4017ea
    I: 4017ec
    I: 4017ee (flow 4017f9)
      Successors: 4017f9, 4017f4
  BB: 4027d8 in func 401750 with 15 insts
    I: 4027d8 (imm 407034)
    I: 4027df
    I: 4027e1 (imm 407050)
    I: 4027e8
    I: 4027ea
    I: 4027ec
    I: 4027ef
    I: 4027f2
    I: 4027f5
    I: 4027f8
    I: 4027fb
    I: 4027fe
    I: 402801
    I: 402803
    I: 402805 (flow 402810)
      Successors: 402810, 40280b
  BB: 401fe2 in func 401750 with 1 insts
    I: 401fe2 (flow 403c12)
      Successors: 403c12
  BB: 401fe7 in func 401750 with 3 insts
    I: 401fe7
    I: 401fed
    I: 401fef (flow 401ffa)
      Successors: 401ffa, 401ff5
  BB: 402fed in func 401750 with 1 insts
    I: 402fed (flow 403d48)
      Successors: 403d48
  BB: 4037ef in func 401750 with 1 insts
    I: 4037ef (flow 403da6)
      Successors: 403da6
  BB: 402ff2 in func 401750 with 18 insts
    I: 402ff2
    I: 402ff9
    I: 402ffc
    I: 403002 (imm 407034)
    I: 403009
    I: 40300b (imm 407050)
    I: 403012
    I: 403014
    I: 403016
    I: 403019
    I: 40301c
    I: 40301f
    I: 403022
    I: 403025
    I: 403028
    I: 40302b
    I: 40302d
    I: 40302f (flow 40303a)
      Successors: 40303a, 403035
  BB: 4017f4 in func 401750 with 1 insts
    I: 4017f4 (flow 403b86)
      Successors: 403b86
  BB: 401ff5 in func 401750 with 1 insts
    I: 401ff5 (flow 4020a5)
      Successors: 4020a5
  BB: 4037f4 in func 401750 with 3 insts
    I: 4037f4
    I: 4037fa
    I: 4037fc (flow 403807)
      Successors: 403802, 403807
  BB: 4017f9 in func 401750 with 16 insts
    I: 4017f9
    I: 401803 (imm 407034)
    I: 40180a
    I: 40180c (imm 407050)
    I: 401813
    I: 401815
    I: 401817
    I: 40181a
    I: 40181d
    I: 401820
    I: 401823
    I: 401826
    I: 401829
    I: 40182c
    I: 40182e
    I: 401830 (flow 40183b)
      Successors: 40183b, 401836
  BB: 401ffa in func 401750 with 5 insts
    I: 401ffa
    I: 402004
    I: 402009
    I: 40200e
    I: 402012 (flow 402024)
      Successors: 402018, 402024
Recovering 403de0
  Analysing subroutine sub_403DE0 at 403de0
  Subroutine sub_403DE0 at 403de0 has 2 blocks
  BB: 403de0 in func 403de0 with 13 insts
    I: 403de0
    I: 403de1
    I: 403de4
    I: 403de9
    I: 403dee
    I: 403df3
    I: 403df8
    I: 403dfd
    I: 403e02
    I: 403e07
    I: 403e0c
    I: 403e10
    I: 403e11
      No successors
  BB: 403e12 in func 403de0 with 2 insts
    I: 403e12
    I: 403e1c
      No successors
Recovering 403e20
  Analysing subroutine sub_403E20 at 403e20
  Subroutine sub_403E20 at 403e20 has 2 blocks
  BB: 403e20 in func 403e20 with 25 insts
    I: 403e20
    I: 403e21
    I: 403e24
    I: 403e28
    I: 403e2d
    I: 403e32
    I: 403e37
    I: 403e3c
    I: 403e41
    I: 403e46
    I: 403e4b
    I: 403e50
    I: 403e55
    I: 403e5a (flow 403de0)
    I: 403e5f
    I: 403e64
    I: 403e69
    I: 403e6e
    I: 403e78
    I: 403e7b
    I: 403e80
    I: 403e84
    I: 403e88
    I: 403e8c
    I: 403e8d
      No successors
  BB: 403e8e in func 403e20 with 1 insts
    I: 403e8e
      No successors
Recovering 403e90
  Analysing subroutine sub_403E90 at 403e90
  Subroutine sub_403E90 at 403e90 has 19 blocks
  BB: 403f82 in func 403e90 with 1 insts
    I: 403f82
      Successors: 403f89
  BB: 404004 in func 403e90 with 1 insts
    I: 404004 (flow 403f1e)
      Successors: 403f1e
  BB: 403f89 in func 403e90 with 15 insts
    I: 403f89 (imm 407040)
    I: 403f90
    I: 403f92 (imm 407044)
    I: 403f99
    I: 403f9b
    I: 403f9d
    I: 403fa0
    I: 403fa3
    I: 403fa6
    I: 403fa9
    I: 403fac
    I: 403faf
    I: 403fb2
    I: 403fb4
    I: 403fb6 (flow 403fc1)
      Successors: 403fc1, 403fbc
  BB: 404009 in func 403e90 with 1 insts
    I: 404009 (flow 403fc1)
      Successors: 403fc1
  BB: 40400e in func 403e90 with 1 insts
    I: 40400e
      No successors
  BB: 403e90 in func 403e90 with 15 insts
    I: 403e90
    I: 403e91
    I: 403e94
    I: 403e99
    I: 403e9e
    I: 403ea3
    I: 403ea8
    I: 403ead
    I: 403eb2
    I: 403eb7
    I: 403ebb
    I: 403ebf
    I: 403ec4
    I: 403ec9
    I: 403ece (flow 403ee6)
      Successors: 403ed4, 403ee6
  BB: 403f19 in func 403e90 with 1 insts
    I: 403f19 (flow 404004)
      Successors: 404004
  BB: 403f1e in func 403e90 with 19 insts
    I: 403f1e
    I: 403f23
    I: 403f28
    I: 403f2b
    I: 403f2e (imm 407040)
    I: 403f35
    I: 403f37 (imm 407044)
    I: 403f3e
    I: 403f40
    I: 403f42
    I: 403f45
    I: 403f48
    I: 403f4b
    I: 403f4e
    I: 403f51
    I: 403f54
    I: 403f57
    I: 403f59
    I: 403f5b (flow 403f66)
      Successors: 403f61, 403f66
  BB: 403fbc in func 403e90 with 1 insts
    I: 403fbc (flow 404009)
      Successors: 404009
  BB: 403fc1 in func 403e90 with 17 insts
    I: 403fc1
    I: 403fc4
    I: 403fc7 (imm 407040)
    I: 403fce
    I: 403fd0 (imm 407044)
    I: 403fd7
    I: 403fd9
    I: 403fdb
    I: 403fde
    I: 403fe1
    I: 403fe4
    I: 403fe7
    I: 403fea
    I: 403fed
    I: 403ff0
    I: 403ff2
    I: 403ff4 (flow 403fff)
      Successors: 403ffa, 403fff
  BB: 403ed4 in func 403e90 with 1 insts
    I: 403ed4 (flow 403ee6)
      Successors: 403eda, 403ee6
  BB: 403eda in func 403e90 with 2 insts
    I: 403eda
    I: 403ee1 (flow 403f89)
      Successors: 403f89
  BB: 403f61 in func 403e90 with 1 insts
    I: 403f61 (flow 404004)
      Successors: 404004
  BB: 403ee6 in func 403e90 with 15 insts
    I: 403ee6 (imm 407040)
    I: 403eed
    I: 403eef (imm 407044)
    I: 403ef6
    I: 403ef8
    I: 403efa
    I: 403efd
    I: 403f00
    I: 403f03
    I: 403f06
    I: 403f09
    I: 403f0c
    I: 403f0f
    I: 403f11
    I: 403f13 (flow 403f1e)
      Successors: 403f19, 403f1e
  BB: 403f66 in func 403e90 with 3 insts
    I: 403f66
    I: 403f69
    I: 403f6b (flow 403f76)
      Successors: 403f71, 403f76
  BB: 403f71 in func 403e90 with 1 insts
    I: 403f71 (flow 403f82)
      Successors: 403f82
  BB: 403f76 in func 403e90 with 2 insts
    I: 403f76
    I: 403f7d (flow 403f89)
      Successors: 403f89
  BB: 403ffa in func 403e90 with 1 insts
    I: 403ffa (flow 404009)
      Successors: 404009
  BB: 403fff in func 403e90 with 3 insts
    I: 403fff
    I: 404002
    I: 404003
      No successors
Recovering 404010
  Analysing subroutine sub_404010 at 404010
    Block head at 0040406b is not code.
  Subroutine sub_404010 at 404010 has 1 blocks
  BB: 404010 in func 404010 with 22 insts
    I: 404010
    I: 404011
    I: 404014
    I: 404018
    I: 40401d
    I: 404022
    I: 404027
    I: 40402c
    I: 404031
    I: 404036
    I: 40403b
    I: 404040
    I: 404045
    I: 40404a
    I: 40404f
    I: 404054
    I: 404058
    I: 40405c
    I: 404060 (flow 407078)
    I: 404065
    I: 404069
    I: 40406a
      No successors
Recovering .term_proc at 40406c
  Analysing subroutine .term_proc at 40406c
    Block head at 00404079 is not code.
  Subroutine .term_proc at 40406c has 1 blocks
  BB: 40406c in func 40406c with 4 insts
    I: 40406c
    I: 404070
    I: 404074
    I: 404078
      No successors
Global Variable None
WARNING: Global constructor and destructor sections are adjacent!
Recovering region LOAD [400000, 400540) in segment LOAD
  8-byte reference at 400018 to 401060 (start)
  8-byte reference at 4000f8 to 401000 (.init_proc)
  8-byte reference at 400130 to 405000 ()
  8-byte reference at 400168 to 406de8 ()
  8-byte reference at 400280 to 405030 ()
  8-byte reference at 4002f0 to 406de8 ()
Recovering region .init [401000, 40101b) in segment .init
Recovering region LOAD [40101b, 401020) in segment LOAD
Recovering region .plt [401020, 401060) in segment .plt
Recovering region .text [401060, 40406b) in segment .text
Recovering region LOAD [40406b, 40406c) in segment LOAD
Recovering region .fini [40406c, 404079) in segment .fini
Recovering region .rodata [405000, 40502d) in segment .rodata
  Variable aLfLfLfLfLfLfLf at 405004
  Variable format at 405024
  Variable aYes at 405028
Recovering region LOAD [40502d, 405030) in segment LOAD
Recovering region .eh_frame_hdr [405030, 405084) in segment .eh_frame_hdr
Recovering region LOAD [405084, 405088) in segment LOAD
Recovering region .eh_frame [405088, 4051c4) in segment .eh_frame
Recovering region LOAD [4051c4, 405208) in segment LOAD
Recovering region .init_array [406de8, 406df8) in segment .init_array
  8-byte reference at 406de8 to 401140 ()
  8-byte reference at 406df0 to 401110 ()
Recovering region LOAD [406df8, 406fd8) in segment LOAD
Recovering region .got [406fd8, 406fe8) in segment .got
  8-byte reference at 406fd8 to 407060 (__libc_start_main)
  8-byte reference at 406fe0 to 407080 (__gmon_start__)
Recovering region .got.plt [406fe8, 407018) in segment .got.plt
  8-byte reference at 407000 to 407068 (printf)
  8-byte reference at 407008 to 407070 (__isoc99_scanf)
  8-byte reference at 407010 to 407078 (sqrt)
Recovering region .data [407018, 407028) in segment .data
Recovering region .bss [407028, 407060) in segment .bss
Recovering extern function printf at 401030
Recovering extern function __isoc99_scanf at 401040
Recovering extern function sqrt at 401050
Recovering extern function __libc_start_main at 407060
Recovering extern function printf at 407068
Recovering extern function __isoc99_scanf at 407070
Recovering extern function sqrt at 407078
Recovering extern function __gmon_start__ at 407080
Recovered 13 functions.
Saving to: /home/ubuntu/capstone_project/result/pipeline_20260629_141746/s591874935_bcf.cfg
Done analysis!
