Debugging is enabled.
Loading Standard Definitions file: /home/ubuntu/capstone_project/dependency/mcsema/mcsema/lib/python3/site-packages/mcsema_disass-3.1.3.8-py3.8.egg/mcsema_disass/defs/linux.txt
Using Batch mode.
Starting analysis
Recovering module s591874935_bcf_instsub.elf
Found main at 401150
Looking for instructions in segment .init
  Default block heads for function 401000 with loose bounds [401000, 40101b)
    block [401000, 401014)
    block [401014, 401016)
    block [401016, 40101b)
    chunk [401000, 40101b)
Looking for instructions in segment .plt
  Default block heads for function 401020 with loose bounds [401020, 40102c)
    block [401020, 40102c)
    chunk [401020, 40102c)
  Default block heads for function 401030 with loose bounds [401030, 401036)
    block [401030, 401036)
    chunk [401030, 401036)
  Default block heads for function 401040 with loose bounds [401040, 401046)
    block [401040, 401046)
    chunk [401040, 401046)
  Default block heads for function 401050 with loose bounds [401050, 401056)
    block [401050, 401056)
    chunk [401050, 401056)
Looking for instructions in segment .text
  Default block heads for function 401060 with loose bounds [401060, 401086)
    block [401060, 401086)
    chunk [401060, 401086)
  Default block heads for function 4010a0 with loose bounds [4010a0, 4010c1)
    block [4010a0, 4010ad)
    block [4010ad, 4010b7)
    block [4010b7, 4010be)
    block [4010c0, 4010c1)
    chunk [4010a0, 4010c1)
  Default block heads for function 401110 with loose bounds [401110, 401131)
    block [401110, 40111d)
    block [40111d, 40112f)
    block [401130, 401131)
    chunk [401110, 401131)
  Default block heads for function 401140 with loose bounds [401140, 401146)
    block [401140, 401146)
    chunk [401140, 401146)
    chunk [4010d0, 401101)
  Default block heads for function 401150 with loose bounds [401150, 401738)
    block [401150, 4011d1)
    block [4011d1, 4011d6)
    block [4011d6, 4012d3)
    block [4012d3, 4012d8)
    block [4012d8, 4012dd)
    block [4012dd, 40132d)
    block [40132d, 40147d)
    block [40147d, 40148a)
    block [40148a, 401497)
    block [401497, 4014dc)
    block [4014dc, 4014e1)
    block [4014e1, 401533)
    block [401533, 401538)
    block [401538, 401543)
    block [401543, 401548)
    block [401548, 4015b8)
    block [4015b8, 4015bd)
    block [4015bd, 401613)
    block [401613, 401618)
    block [401618, 40161d)
    block [40161d, 40162e)
    block [40162e, 401633)
    block [401633, 4016ab)
    block [4016ab, 4016b0)
    block [4016b0, 4016f5)
    block [4016f5, 4016fa)
    block [4016fa, 401703)
    block [401703, 401718)
    block [401718, 40171d)
    block [40171d, 401733)
    block [401733, 401738)
    chunk [401150, 401738)
  Default block heads for function 401740 with loose bounds [401740, 405b66)
    block [401740, 4017bb)
    block [4017bb, 4017c0)
    block [4017c0, 401a04)
    block [401a04, 401a09)
    block [401a09, 401a14)
    block [401a14, 401a19)
    block [401a19, 401a89)
    block [401a89, 401a8e)
    block [401a8e, 401aea)
    block [401aea, 401aef)
    block [401aef, 401afd)
    block [401afd, 401b02)
    block [401b02, 401b7a)
    block [401b7a, 401b7f)
    block [401b7f, 401bce)
    block [401bce, 401bd3)
    block [401bd3, 401bd8)
    block [401bd8, 401c1d)
    block [401c1d, 401c22)
    block [401c22, 401cb9)
    block [401cb9, 401cbe)
    block [401cbe, 401ccc)
    block [401ccc, 401cd1)
    block [401cd1, 401ced)
    block [401ced, 401cfc)
    block [401cfc, 401d18)
    block [401d18, 401d34)
    block [401d34, 401d3e)
    block [401d3e, 401d83)
    block [401d83, 401d88)
    block [401d88, 401df8)
    block [401df8, 401dfd)
    block [401dfd, 401e02)
    block [401e02, 401e07)
    block [401e07, 401e4c)
    block [401e4c, 401e51)
    block [401e51, 401eb9)
    block [401eb9, 401ebe)
    block [401ebe, 401ecc)
    block [401ecc, 401ed1)
    block [401ed1, 401ef1)
    block [401ef1, 401f00)
    block [401f00, 401f45)
    block [401f45, 401f4a)
    block [401f4a, 401faa)
    block [401faa, 401faf)
    block [401faf, 401fbd)
    block [401fbd, 401fc2)
    block [401fc2, 401fe2)
    block [401fe2, 401ff1)
    block [401ff1, 402011)
    block [402011, 402089)
    block [402089, 40208e)
    block [40208e, 4020f6)
    block [4020f6, 4020fb)
    block [4020fb, 402109)
    block [402109, 40210e)
    block [40210e, 402153)
    block [402153, 402158)
    block [402158, 4021da)
    block [4021da, 4021df)
    block [4021df, 4021e4)
    block [4021e4, 4021e9)
    block [4021e9, 4021ee)
    block [4021ee, 40222b)
    block [40222b, 402230)
    block [402230, 4022cc)
    block [4022cc, 4022d1)
    block [4022d1, 4022df)
    block [4022df, 4022e4)
    block [4022e4, 402329)
    block [402329, 40232e)
    block [40232e, 4023da)
    block [4023da, 4023df)
    block [4023df, 4023e4)
    block [4023e4, 402429)
    block [402429, 40242e)
    block [40242e, 40248f)
    block [40248f, 402494)
    block [402494, 4024a2)
    block [4024a2, 4024a7)
    block [4024a7, 4024e3)
    block [4024e3, 402520)
    block [402520, 402525)
    block [402525, 40258e)
    block [40258e, 402593)
    block [402593, 4025a1)
    block [4025a1, 4025a6)
    block [4025a6, 40261e)
    block [40261e, 402623)
    block [402623, 4026a4)
    block [4026a4, 4026a9)
    block [4026a9, 4026ae)
    block [4026ae, 4026ca)
    block [4026ca, 4026d0)
    block [4026d0, 4026d5)
    block [4026d5, 40271a)
    block [40271a, 40271f)
    block [40271f, 402798)
    block [402798, 40279d)
    block [40279d, 4027a2)
    block [4027a2, 4027be)
    block [4027be, 4027c4)
    block [4027c4, 4027c9)
    block [4027c9, 402841)
    block [402841, 402846)
    block [402846, 4028f2)
    block [4028f2, 4028f7)
    block [4028f7, 4028fc)
    block [4028fc, 402918)
    block [402918, 40291e)
    block [40291e, 402923)
    block [402923, 40295f)
    block [40295f, 40297b)
    block [40297b, 402981)
    block [402981, 4029be)
    block [4029be, 4029c3)
    block [4029c3, 402a38)
    block [402a38, 402a3d)
    block [402a3d, 402a4b)
    block [402a4b, 402a50)
    block [402a50, 402a95)
    block [402a95, 402a9a)
    block [402a9a, 402b1f)
    block [402b1f, 402b24)
    block [402b24, 402b29)
    block [402b29, 402b36)
    block [402b36, 402b3b)
    block [402b3b, 402b77)
    block [402b77, 402bbc)
    block [402bbc, 402bc1)
    block [402bc1, 402c22)
    block [402c22, 402c27)
    block [402c27, 402c35)
    block [402c35, 402c3a)
    block [402c3a, 402cb2)
    block [402cb2, 402cb7)
    block [402cb7, 402d5f)
    block [402d5f, 402d64)
    block [402d64, 402d72)
    block [402d72, 402d77)
    block [402d77, 402def)
    block [402def, 402df4)
    block [402df4, 402e7a)
    block [402e7a, 402e7f)
    block [402e7f, 402e84)
    block [402e84, 402ef4)
    block [402ef4, 402ef9)
    block [402ef9, 402f7f)
    block [402f7f, 402f84)
    block [402f84, 402f89)
    block [402f89, 403001)
    block [403001, 403006)
    block [403006, 403043)
    block [403043, 403048)
    block [403048, 40304d)
    block [40304d, 40308a)
    block [40308a, 40308f)
    block [40308f, 40313c)
    block [40313c, 403141)
    block [403141, 403146)
    block [403146, 4031b6)
    block [4031b6, 4031bb)
    block [4031bb, 403257)
    block [403257, 40325c)
    block [40325c, 40326a)
    block [40326a, 40326f)
    block [40326f, 40329c)
    block [40329c, 4032e1)
    block [4032e1, 4032e6)
    block [4032e6, 403364)
    block [403364, 403369)
    block [403369, 40336e)
    block [40336e, 40337c)
    block [40337c, 4033f4)
    block [4033f4, 4033f9)
    block [4033f9, 403436)
    block [403436, 40343b)
    block [40343b, 403440)
    block [403440, 40347d)
    block [40347d, 403499)
    block [403499, 40349f)
    block [40349f, 4034a4)
    block [4034a4, 40351c)
    block [40351c, 403521)
    block [403521, 4035bd)
    block [4035bd, 4035c2)
    block [4035c2, 4035d0)
    block [4035d0, 4035d5)
    block [4035d5, 40361a)
    block [40361a, 40361f)
    block [40361f, 4036b3)
    block [4036b3, 4036b8)
    block [4036b8, 4036c6)
    block [4036c6, 4036cb)
    block [4036cb, 4036db)
    block [4036db, 4036f7)
    block [4036f7, 403715)
    block [403715, 40372e)
    block [40372e, 40374a)
    block [40374a, 403750)
    block [403750, 40375f)
    block [40375f, 40377f)
    block [40377f, 4037c4)
    block [4037c4, 4037c9)
    block [4037c9, 40384b)
    block [40384b, 403850)
    block [403850, 403855)
    block [403855, 4038cd)
    block [4038cd, 4038d2)
    block [4038d2, 403921)
    block [403921, 403926)
    block [403926, 40392b)
    block [40392b, 403930)
    block [403930, 403945)
    block [403945, 4039bd)
    block [4039bd, 4039c2)
    block [4039c2, 403a4a)
    block [403a4a, 403a4f)
    block [403a4f, 403a5d)
    block [403a5d, 403a62)
    block [403a62, 403a9f)
    block [403a9f, 403aa4)
    block [403aa4, 403b24)
    block [403b24, 403b29)
    block [403b29, 403b37)
    block [403b37, 403b3c)
    block [403b3c, 403b4e)
    block [403b4e, 403bc6)
    block [403bc6, 403bcb)
    block [403bcb, 403c15)
    block [403c15, 403c1a)
    block [403c1a, 403c1f)
    block [403c1f, 403c97)
    block [403c97, 403c9c)
    block [403c9c, 403d1f)
    block [403d1f, 403d24)
    block [403d24, 403d32)
    block [403d32, 403d37)
    block [403d37, 403d7c)
    block [403d7c, 403d81)
    block [403d81, 403ddd)
    block [403ddd, 403de2)
    block [403de2, 403df0)
    block [403df0, 403df5)
    block [403df5, 403e12)
    block [403e12, 403e4f)
    block [403e4f, 403e54)
    block [403e54, 403eb1)
    block [403eb1, 403eb6)
    block [403eb6, 403ebb)
    block [403ebb, 403ed7)
    block [403ed7, 403edd)
    block [403edd, 403eec)
    block [403eec, 403f0c)
    block [403f0c, 403f1b)
    block [403f1b, 403f25)
    block [403f25, 403f2a)
    block [403f2a, 403f40)
    block [403f40, 403f4d)
    block [403f4d, 403fc5)
    block [403fc5, 403fca)
    block [403fca, 404052)
    block [404052, 404057)
    block [404057, 404065)
    block [404065, 40406a)
    block [40406a, 40407c)
    block [40407c, 40408e)
    block [40408e, 40409e)
    block [40409e, 4040ba)
    block [4040ba, 4040d7)
    block [4040d7, 4040ef)
    block [4040ef, 404167)
    block [404167, 40416c)
    block [40416c, 404208)
    block [404208, 40420d)
    block [40420d, 40421b)
    block [40421b, 404220)
    block [404220, 404265)
    block [404265, 40426a)
    block [40426a, 4042b9)
    block [4042b9, 4042be)
    block [4042be, 4042c3)
    block [4042c3, 4042e3)
    block [4042e3, 4042f2)
    block [4042f2, 404362)
    block [404362, 404367)
    block [404367, 4043e9)
    block [4043e9, 4043ee)
    block [4043ee, 4043f3)
    block [4043f3, 404438)
    block [404438, 40443d)
    block [40443d, 40447a)
    block [40447a, 40447f)
    block [40447f, 404484)
    block [404484, 40449a)
    block [40449a, 4044a7)
    block [4044a7, 4044e4)
    block [4044e4, 4044e9)
    block [4044e9, 404536)
    block [404536, 40453b)
    block [40453b, 404549)
    block [404549, 40454e)
    block [40454e, 404560)
    block [404560, 404572)
    block [404572, 404577)
    block [404577, 40457c)
    block [40457c, 404581)
    block [404581, 4045c6)
    block [4045c6, 4045cb)
    block [4045cb, 404620)
    block [404620, 404625)
    block [404625, 404633)
    block [404633, 404638)
    block [404638, 404675)
    block [404675, 40467a)
    block [40467a, 4046cf)
    block [4046cf, 4046d4)
    block [4046d4, 4046e2)
    block [4046e2, 4046e7)
    block [4046e7, 404724)
    block [404724, 404729)
    block [404729, 4047b1)
    block [4047b1, 4047b6)
    block [4047b6, 4047c4)
    block [4047c4, 4047c9)
    block [4047c9, 4047d6)
    block [4047d6, 404813)
    block [404813, 404818)
    block [404818, 4048cd)
    block [4048cd, 4048d2)
    block [4048d2, 4048e0)
    block [4048e0, 4048e5)
    block [4048e5, 4048f5)
    block [4048f5, 404906)
    block [404906, 404917)
    block [404917, 404929)
    block [404929, 40493b)
    block [40493b, 4049ab)
    block [4049ab, 4049b0)
    block [4049b0, 404a2a)
    block [404a2a, 404a2f)
    block [404a2f, 404a3d)
    block [404a3d, 404a42)
    block [404a42, 404a52)
    block [404a52, 404a63)
    block [404a63, 404a74)
    block [404a74, 404a86)
    block [404a86, 404a98)
    block [404a98, 404b10)
    block [404b10, 404b15)
    block [404b15, 404b5a)
    block [404b5a, 404b5f)
    block [404b5f, 404b64)
    block [404b64, 404b69)
    block [404b69, 404b76)
    block [404b76, 404b83)
    block [404b83, 404bc0)
    block [404bc0, 404bc5)
    block [404bc5, 404c45)
    block [404c45, 404c4a)
    block [404c4a, 404c58)
    block [404c58, 404c5d)
    block [404c5d, 404c6a)
    block [404c6a, 404ca4)
    block [404ca4, 404cb4)
    block [404cb4, 404cf9)
    block [404cf9, 404cfe)
    block [404cfe, 404d8a)
    block [404d8a, 404d8f)
    block [404d8f, 404d9d)
    block [404d9d, 404da2)
    block [404da2, 404db3)
    block [404db3, 404dc5)
    block [404dc5, 404dd7)
    block [404dd7, 404e11)
    block [404e11, 404e21)
    block [404e21, 404e32)
    block [404e32, 404e43)
    block [404e43, 404e55)
    block [404e55, 404e9a)
    block [404e9a, 404e9f)
    block [404e9f, 404ee9)
    block [404ee9, 404eee)
    block [404eee, 404ef3)
    block [404ef3, 404f30)
    block [404f30, 404f35)
    block [404f35, 404fad)
    block [404fad, 404fb2)
    block [404fb2, 404fb7)
    block [404fb7, 40502f)
    block [40502f, 405034)
    block [405034, 4050a4)
    block [4050a4, 4050a9)
    block [4050a9, 4050ae)
    block [4050ae, 4050bb)
    block [4050bb, 4050c8)
    block [4050c8, 405105)
    block [405105, 40510a)
    block [40510a, 405192)
    block [405192, 405197)
    block [405197, 4051a5)
    block [4051a5, 4051aa)
    block [4051aa, 4051b7)
    block [4051b7, 40522f)
    block [40522f, 405234)
    block [405234, 4052ae)
    block [4052ae, 4052b3)
    block [4052b3, 4052c1)
    block [4052c1, 4052c6)
    block [4052c6, 4052d6)
    block [4052d6, 4052e7)
    block [4052e7, 4052f8)
    block [4052f8, 40530a)
    block [40530a, 40531c)
    block [40531c, 405361)
    block [405361, 405366)
    block [405366, 4053e8)
    block [4053e8, 4053ed)
    block [4053ed, 4053fb)
    block [4053fb, 405400)
    block [405400, 405410)
    block [405410, 405421)
    block [405421, 405432)
    block [405432, 4054aa)
    block [4054aa, 4054af)
    block [4054af, 405501)
    block [405501, 405506)
    block [405506, 40550b)
    block [40550b, 40551d)
    block [40551d, 405522)
    block [405522, 405527)
    block [405527, 40552c)
    block [40552c, 405531)
    block [405531, 4055a9)
    block [4055a9, 4055ae)
    block [4055ae, 40561e)
    block [40561e, 405623)
    block [405623, 405628)
    block [405628, 405635)
    block [405635, 405647)
    block [405647, 405787)
    block [405787, 40578c)
    block [40578c, 40579b)
    block [40579b, 4057a0)
    block [4057a0, 4057a5)
    block [4057a5, 4057aa)
    block [4057aa, 4057af)
    block [4057af, 4057b4)
    block [4057b4, 4057c3)
    block [4057c3, 4057c8)
    block [4057c8, 405809)
    block [405809, 40580e)
    block [40580e, 405813)
    block [405813, 405854)
    block [405854, 405895)
    block [405895, 4058d6)
    block [4058d6, 4058e8)
    block [4058e8, 4058fa)
    block [4058fa, 4058ff)
    block [4058ff, 405911)
    block [405911, 405924)
    block [405924, 405937)
    block [405937, 40593c)
    block [40593c, 40597e)
    block [40597e, 405983)
    block [405983, 405996)
    block [405996, 40599b)
    block [40599b, 4059a0)
    block [4059a0, 4059a5)
    block [4059a5, 4059b4)
    block [4059b4, 4059c3)
    block [4059c3, 4059c8)
    block [4059c8, 4059cd)
    block [4059cd, 4059df)
    block [4059df, 4059e4)
    block [4059e4, 4059e9)
    block [4059e9, 405a06)
    block [405a06, 405a0b)
    block [405a0b, 405a10)
    block [405a10, 405a1f)
    block [405a1f, 405a2e)
    block [405a2e, 405a33)
    block [405a33, 405a38)
    block [405a38, 405a3d)
    block [405a3d, 405a42)
    block [405a42, 405a47)
    block [405a47, 405a7d)
    block [405a7d, 405ab3)
    block [405ab3, 405ab8)
    block [405ab8, 405abd)
    block [405abd, 405ac2)
    block [405ac2, 405ad4)
    block [405ad4, 405ad9)
    block [405ad9, 405ade)
    block [405ade, 405ae3)
    block [405ae3, 405b19)
    block [405b19, 405b4f)
    block [405b4f, 405b61)
    block [405b61, 405b66)
    chunk [401740, 405b66)
  Default block heads for function 405b70 with loose bounds [405b70, 405d3e)
    block [405b70, 405c04)
    block [405c04, 405c09)
    block [405c09, 405cde)
    block [405cde, 405ce3)
    block [405ce3, 405ced)
    block [405ced, 405d3e)
    chunk [405b70, 405d3e)
  Default block heads for function 405d40 with loose bounds [405d40, 405dae)
    block [405d40, 405dae)
    chunk [405d40, 405dae)
  Default block heads for function 405db0 with loose bounds [405db0, 4060d6)
    block [405db0, 405e44)
    block [405e44, 405e49)
    block [405e49, 405f25)
    block [405f25, 405f2a)
    block [405f2a, 405f35)
    block [405f35, 405f3a)
    block [405f3a, 405f49)
    block [405f49, 405f5f)
    block [405f5f, 405fd7)
    block [405fd7, 405fdc)
    block [405fdc, 40602b)
    block [40602b, 406030)
    block [406030, 406035)
    block [406035, 40603f)
    block [40603f, 40604a)
    block [40604a, 4060c7)
    block [4060c7, 4060d6)
    chunk [405db0, 4060d6)
  Default block heads for function 4060e0 with loose bounds [4060e0, 40613b)
    block [4060e0, 40613b)
    chunk [4060e0, 40613b)
Looking for instructions in segment .fini
  Default block heads for function 40613c with loose bounds [40613c, 406149)
    block [40613c, 406149)
    chunk [40613c, 406149)
Looking for strings in segment .rodata [407000, 40702d)
  Found string b'%lf,%lf,%lf,%lf,%lf,%lf,%lf,%lf' of length 32 at 407004, jumping to 407024
  Found string b'NO\n' of length 4 at 407024, jumping to 407028
  Found string b'YES\n' of length 5 at 407028, jumping to 40702d
Looking for strings in segment .eh_frame_hdr [407030, 407084)
Looking for strings in segment .eh_frame [407088, 4071cc)
Looking for strings in segment .init_array [408de8, 408df0)
Looking for strings in segment .fini_array [408df0, 408df8)
Looking for strings in segment .got [408fd8, 408fe8)
Looking for strings in segment .got.plt [408fe8, 409018)
Looking for strings in segment .data [409018, 409028)
Looking for strings in segment .bss [409028, 409060)
Looking for strings in segment extern [409060, 409088)
Looking for cross-references in segment .init [401000, 40101b)
Looking for cross-references in segment .plt [401020, 401060)
  Stopping scan at 40102c
Looking for cross-references in segment .text [401060, 40613b)
  Stopping scan at 40108c
  Stopping scan at 40109c
  Stopping scan at ffffffffffffffff
  Stopping scan at 4010cc
  Stopping scan at 40110c
  Stopping scan at ffffffffffffffff
  Stopping scan at 40113c
  Stopping scan at 40114c
  Stopping scan at 40173c
  Stopping scan at 405b6c
  Stopping scan at ffffffffffffffff
  Stopping scan at ffffffffffffffff
  Stopping scan at 4060dc
Looking for cross-references in segment .fini [40613c, 406149)
Looking for cross-references in segment .rodata [407000, 40702d)
  Found string at 407004, jumping to 407024
  Found string at 407024, jumping to 407028
  Found string at 407028, jumping to 40702d
  Stopping scan at 407028
Looking for cross-references in segment .eh_frame_hdr [407030, 407084)
  Stopping scan at 407080
Looking for cross-references in segment .eh_frame [407088, 4071cc)
  Stopping scan at 4071c8
Looking for cross-references in segment .init_array [408de8, 408df0)
  Adding qword reference from 408de8 to 401140
  Stopping scan at 408de8
Looking for cross-references in segment .fini_array [408df0, 408df8)
  Adding qword reference from 408df0 to 401110
  Stopping scan at 408df0
Looking for cross-references in segment .got [408fd8, 408fe8)
  Adding qword reference from 408fd8 to 409060
  Adding qword reference from 408fe0 to 409080
  Stopping scan at 408fe0
Looking for cross-references in segment .got.plt [408fe8, 409018)
  Adding qword reference from 409000 to 409068
  Adding qword reference from 409008 to 409070
  Adding qword reference from 409010 to 409078
  Stopping scan at 409010
Looking for cross-references in segment .data [409018, 409028)
  Stopping scan at 409024
Looking for cross-references in segment .bss [409028, 409060)
  Stopping scan at 40905c
Looking for cross-references in segment extern [409060, 409088)
  Stopping scan at 409084
Looking for thunks
  Found thunk for printf targeting 409068 at 401030
  Found thunk for __isoc99_scanf targeting 409070 at 401040
  Found thunk for sqrt targeting 409078 at 401050
Looking for external symbols
  Function at 401030 is the external function printf
  Function at 401040 is the external function __isoc99_scanf
  Function at 401050 is the external function sqrt
  Function at 409060 is the external function __libc_start_main
  Function at 409068 is the external function printf
  Function at 409070 is the external function __isoc99_scanf
  Function at 409078 is the external function sqrt
  Function at 409080 is the external function __gmon_start__
Looking for entrypoints
Recovering .init_proc at 401000
  Analysing subroutine .init_proc at 401000
    Block head at 0040101b is not code.
  Subroutine .init_proc at 401000 has 3 blocks
  BB: 401000 in func 401000 with 5 insts
    Referenced by data
    I: 401000
    I: 401004
    I: 401008 (mem 408fe0)
    I: 40100f
    I: 401012 (flow 401016)
      Successors: 401014, 401016
  BB: 401014 in func 401000 with 1 insts
    I: 401014
      Successors: 401016
  BB: 401016 in func 401000 with 2 insts
    I: 401016
    I: 40101a
      No successors
Recovering 401020
  Analysing subroutine sub_401020 at 401020
  WARNING: No table entries for indirect jump at 401026; Adding next_ea 40102c as successor.
  Subroutine sub_401020 at 401020 has 2 blocks
  WARNING: No table entries for indirect jump at 401026; Adding next_ea 40102c as successor.
  BB: 401020 in func 401020 with 2 insts
    I: 401020 (mem 408ff0)
    I: 401026 (mem 408ff8)
      Successors: 40102c
  BB: 40102c in func 401020 with 1 insts
    I: 40102c
      No successors
Recovering start at 401060
  Analysing subroutine start at 401060
  Subroutine start at 401060 has 3 blocks
  BB: 401060 in func 401060 with 13 insts
    Referenced by data
    I: 401060
    I: 401064
    I: 401066
    I: 401069
    I: 40106a
    I: 40106d
    I: 401071
    I: 401072
    I: 401073
    I: 401076
    I: 401078 (imm 401150)
    I: 40107f (mem 408fd8)
    I: 401085
      No successors
  BB: 401095 in func 401060 with 2 insts
    I: 401095
    I: 40109f
      No successors
  BB: 401086 in func 401060 with 3 insts
    I: 401086
    I: 401090
    I: 401094
      No successors
Recovering 4010a0
  Analysing subroutine sub_4010A0 at 4010a0
  WARNING: No table entries for indirect jump at 4010bc; Adding next_ea 4010be as successor.
  WARNING: No table entries for indirect jump at 4010fe; Adding next_ea 401100 as successor.
  Subroutine sub_4010A0 at 4010a0 has 11 blocks
  BB: 4010a0 in func 4010a0 with 3 insts
    I: 4010a0 (imm 409028)
    I: 4010a5 (imm 409028)
    I: 4010ab (flow 4010c0)
      Successors: 4010c0, 4010ad
  BB: 4010c0 in func 4010a0 with 1 insts
    I: 4010c0
      No successors
  BB: 4010c1 in func 4010a0 with 2 insts
    I: 4010c1
    I: 4010c5
      Successors: 4010d0
  BB: 401100 in func 4010a0 with 1 insts
    I: 401100
      No successors
  BB: 401101 in func 4010a0 with 2 insts
    I: 401101
    I: 401105
      No successors
  BB: 4010ad in func 4010a0 with 3 insts
    I: 4010ad
    I: 4010b2
    I: 4010b5 (flow 4010c0)
      Successors: 4010c0, 4010b7
  BB: 4010ef in func 4010a0 with 3 insts
    I: 4010ef
    I: 4010f4
    I: 4010f7 (flow 401100)
      Successors: 401100, 4010f9
  BB: 4010d0 in func 4010a0 with 8 insts
    I: 4010d0 (imm 409028)
    I: 4010d5 (imm 409028)
    I: 4010dc
    I: 4010df
    I: 4010e3
    I: 4010e7
    I: 4010ea
    I: 4010ed (flow 401100)
      Successors: 401100, 4010ef
  WARNING: No table entries for indirect jump at 4010bc; Adding next_ea 4010be as successor.
  BB: 4010b7 in func 4010a0 with 2 insts
    I: 4010b7 (imm 409028)
    I: 4010bc
      Successors: 4010be
  WARNING: No table entries for indirect jump at 4010fe; Adding next_ea 401100 as successor.
  BB: 4010f9 in func 4010a0 with 2 insts
    I: 4010f9 (imm 409028)
    I: 4010fe
      Successors: 401100
  BB: 4010be in func 4010a0 with 1 insts
    I: 4010be
      Successors: 4010c0
Recovering 401110
  Analysing subroutine sub_401110 at 401110
  Subroutine sub_401110 at 401110 has 5 blocks
  BB: 40112f in func 401110 with 1 insts
    I: 40112f
      Successors: 401130
  BB: 401110 in func 401110 with 3 insts
    Referenced by data
    I: 401110
    I: 401114 (mem 409028)
    I: 40111b (flow 401130)
      Successors: 401130, 40111d
  BB: 401131 in func 401110 with 2 insts
    I: 401131
    I: 401135
      No successors
  BB: 401130 in func 401110 with 1 insts
    I: 401130
      No successors
  BB: 40111d in func 401110 with 6 insts
    I: 40111d
    I: 40111e
    I: 401121 (flow 4010a0)
    I: 401126 (mem 409028)
    I: 40112d
    I: 40112e
      No successors
Recovering 401140
  Analysing subroutine sub_401140 at 401140
  WARNING: No table entries for indirect jump at 4010fe; Adding next_ea 401100 as successor.
  Subroutine sub_401140 at 401140 has 6 blocks
  BB: 401140 in func 401140 with 2 insts
    Referenced by data
    I: 401140
    I: 401144 (flow 4010d0)
      Successors: 4010d0
  BB: 401100 in func 401140 with 1 insts
    I: 401100
      No successors
  BB: 401146 in func 401140 with 1 insts
    I: 401146
      No successors
  BB: 4010ef in func 401140 with 3 insts
    I: 4010ef
    I: 4010f4
    I: 4010f7 (flow 401100)
      Successors: 401100, 4010f9
  BB: 4010d0 in func 401140 with 8 insts
    I: 4010d0 (imm 409028)
    I: 4010d5 (imm 409028)
    I: 4010dc
    I: 4010df
    I: 4010e3
    I: 4010e7
    I: 4010ea
    I: 4010ed (flow 401100)
      Successors: 401100, 4010ef
  WARNING: No table entries for indirect jump at 4010fe; Adding next_ea 401100 as successor.
  BB: 4010f9 in func 401140 with 2 insts
    I: 4010f9 (imm 409028)
    I: 4010fe
      Successors: 401100
Recovering main at 401150
  Analysing subroutine main at 401150
  Subroutine main at 401150 has 32 blocks
  BB: 401703 in func 401150 with 5 insts
    I: 401703
    I: 401706
    I: 40170a
    I: 40170d
    I: 401713 (flow 4011d6)
      Successors: 4011d6
  BB: 40148a in func 401150 with 3 insts
    I: 40148a
    I: 40148e
    I: 401491 (flow 401548)
      Successors: 401548, 401497
  BB: 401613 in func 401150 with 1 insts
    I: 401613 (flow 40171d)
      Successors: 40171d
  BB: 401497 in func 401150 with 20 insts
    I: 401497 (imm 409030)
    I: 40149e
    I: 4014a0 (imm 40904c)
    I: 4014a7
    I: 4014a9
    I: 4014ab
    I: 4014b1
    I: 4014b4
    I: 4014ba
    I: 4014bd
    I: 4014c0
    I: 4014c3
    I: 4014c6
    I: 4014c9
    I: 4014cc
    I: 4014ce
    I: 4014d0
    I: 4014d2
    I: 4014d4
    I: 4014d6 (flow 4014e1)
      Successors: 4014e1, 4014dc
  BB: 401718 in func 401150 with 1 insts
    I: 401718 (flow 4014e1)
      Successors: 4014e1
  BB: 401618 in func 401150 with 1 insts
    I: 401618 (flow 40162e)
      Successors: 40162e
  BB: 40171d in func 401150 with 4 insts
    I: 40171d (imm 407024)
    I: 401727
    I: 401729 (flow 409068)
    I: 40172e (flow 4015bd)
      Successors: 4015bd
  BB: 40161d in func 401150 with 3 insts
    I: 40161d (imm 407028)
    I: 401627
    I: 401629 (flow 409068)
      Successors: 40162e
  BB: 4016ab in func 401150 with 1 insts
    I: 4016ab (flow 401733)
      Successors: 401733
  BB: 40132d in func 401150 with 83 insts
    I: 40132d
    I: 401331
    I: 401335
    I: 401339
    I: 40133d
    I: 401341
    I: 401345
    I: 401349
    I: 40134d
    I: 401352
    I: 401357
    I: 40135c
    I: 401360
    I: 401364
    I: 401368
    I: 40136c
    I: 401370 (flow 401740)
    I: 401375
    I: 401379
    I: 40137d
    I: 401381
    I: 401385
    I: 401389
    I: 40138d
    I: 401391
    I: 401395
    I: 401397
    I: 40139b
    I: 40139e
    I: 4013a3
    I: 4013a8
    I: 4013ad
    I: 4013b1
    I: 4013b5
    I: 4013b9
    I: 4013bd
    I: 4013c1 (flow 401740)
    I: 4013c6
    I: 4013ca
    I: 4013ce
    I: 4013d2
    I: 4013d6
    I: 4013da
    I: 4013de
    I: 4013e2
    I: 4013e6
    I: 4013e8
    I: 4013ec
    I: 4013ef
    I: 4013f4
    I: 4013f9
    I: 4013fe
    I: 401402
    I: 401406
    I: 40140a
    I: 40140e
    I: 401412 (flow 401740)
    I: 401417
    I: 40141b
    I: 40141f
    I: 401423
    I: 401427
    I: 40142b
    I: 40142f
    I: 401433
    I: 401437
    I: 401439
    I: 40143d
    I: 401440
    I: 401445
    I: 40144a
    I: 40144f
    I: 401453
    I: 401457
    I: 40145b
    I: 40145f
    I: 401463 (flow 401740)
    I: 401468
    I: 40146c
    I: 40146e
    I: 401472
    I: 401474
    I: 401477 (flow 401548)
      Successors: 401548, 40147d
  BB: 40162e in func 401150 with 1 insts
    I: 40162e (flow 4012dd)
      Successors: 4012dd
  BB: 4016b0 in func 401150 with 20 insts
    I: 4016b0 (imm 409030)
    I: 4016b7
    I: 4016b9 (imm 40904c)
    I: 4016c0
    I: 4016c2
    I: 4016c4
    I: 4016ca
    I: 4016cd
    I: 4016d3
    I: 4016d6
    I: 4016d9
    I: 4016dc
    I: 4016df
    I: 4016e2
    I: 4016e5
    I: 4016e7
    I: 4016e9
    I: 4016eb
    I: 4016ed
    I: 4016ef (flow 4016fa)
      Successors: 4016fa, 4016f5
  BB: 401533 in func 401150 with 1 insts
    I: 401533 (flow 401718)
      Successors: 401718
  BB: 401633 in func 401150 with 36 insts
    I: 401633 (imm 409030)
    I: 40163a
    I: 40163c (imm 40904c)
    I: 401643
    I: 401645
    I: 401647
    I: 40164d
    I: 401650
    I: 401656
    I: 401659
    I: 40165c
    I: 40165f
    I: 401663
    I: 401666
    I: 40166a
    I: 40166d
    I: 401670
    I: 401673
    I: 401677
    I: 401679
    I: 40167c
    I: 40167e
    I: 401680
    I: 401683
    I: 401686
    I: 40168a
    I: 40168d
    I: 401690
    I: 401693
    I: 401696
    I: 401699
    I: 40169c
    I: 40169f
    I: 4016a1
    I: 4016a3
    I: 4016a5 (flow 4016b0)
      Successors: 4016b0, 4016ab
  BB: 401733 in func 401150 with 1 insts
    I: 401733 (flow 4016b0)
      Successors: 4016b0
  BB: 401538 in func 401150 with 3 insts
    I: 401538
    I: 40153b
    I: 40153d (flow 401548)
      Successors: 401548, 401543
  BB: 4015b8 in func 401150 with 1 insts
    I: 4015b8 (flow 40171d)
      Successors: 40171d
  BB: 401738 in func 401150 with 1 insts
    I: 401738
      No successors
  BB: 4015bd in func 401150 with 23 insts
    I: 4015bd (imm 407024)
    I: 4015c7
    I: 4015c9 (flow 409068)
    I: 4015ce (imm 409030)
    I: 4015d5
    I: 4015d7 (imm 40904c)
    I: 4015de
    I: 4015e0
    I: 4015e2
    I: 4015e8
    I: 4015eb
    I: 4015f1
    I: 4015f4
    I: 4015f7
    I: 4015fa
    I: 4015fd
    I: 401600
    I: 401603
    I: 401605
    I: 401607
    I: 401609
    I: 40160b
    I: 40160d (flow 401618)
      Successors: 401618, 401613
  BB: 401543 in func 401150 with 1 insts
    I: 401543 (flow 40161d)
      Successors: 40161d
  BB: 401548 in func 401150 with 36 insts
    I: 401548 (imm 409030)
    I: 40154f
    I: 401551 (imm 40904c)
    I: 401558
    I: 40155a
    I: 40155c
    I: 40155f
    I: 401561
    I: 401563
    I: 401566
    I: 401569
    I: 40156c
    I: 401570
    I: 401573
    I: 401577
    I: 40157a
    I: 40157d
    I: 401580
    I: 401584
    I: 401586
    I: 401589
    I: 40158b
    I: 40158d
    I: 401590
    I: 401593
    I: 401597
    I: 40159a
    I: 40159d
    I: 4015a0
    I: 4015a3
    I: 4015a6
    I: 4015a9
    I: 4015ac
    I: 4015ae
    I: 4015b0
    I: 4015b2 (flow 4015bd)
      Successors: 4015b8, 4015bd
  BB: 401150 in func 401150 with 40 insts
    Referenced by data
    I: 401150
    I: 401151
    I: 401154
    I: 401155
    I: 401159 (imm 409030)
    I: 401160
    I: 401162 (imm 40904c)
    I: 401169
    I: 40116b
    I: 40116d
    I: 401173
    I: 401176
    I: 40117c
    I: 40117f
    I: 401182
    I: 401185
    I: 401189
    I: 40118c
    I: 401190
    I: 401193
    I: 401196
    I: 401199
    I: 40119d
    I: 40119f
    I: 4011a2
    I: 4011a4
    I: 4011a6
    I: 4011a9
    I: 4011ac
    I: 4011b0
    I: 4011b3
    I: 4011b6
    I: 4011b9
    I: 4011bc
    I: 4011bf
    I: 4011c2
    I: 4011c5
    I: 4011c7
    I: 4011c9
    I: 4011cb (flow 4011d6)
      Successors: 4011d1, 4011d6
  BB: 4011d1 in func 401150 with 1 insts
    I: 4011d1 (flow 401703)
      Successors: 401703
  BB: 4012d3 in func 401150 with 1 insts
    I: 4012d3 (flow 401703)
      Successors: 401703
  BB: 4011d6 in func 401150 with 72 insts
    I: 4011d6
    I: 4011d9
    I: 4011dd
    I: 4011e0
    I: 4011e3
    I: 4011e7
    I: 4011eb
    I: 4011ee
    I: 4011f1
    I: 4011f5
    I: 4011f9
    I: 4011fc
    I: 4011ff
    I: 401203
    I: 401207
    I: 40120a
    I: 40120d
    I: 401211
    I: 401215
    I: 401218
    I: 40121b
    I: 40121f
    I: 401223
    I: 401226
    I: 401229
    I: 40122d
    I: 401231
    I: 401234
    I: 401237
    I: 40123b
    I: 40123f
    I: 401242
    I: 401245
    I: 401249
    I: 40124d
    I: 401250
    I: 401253
    I: 401257
    I: 40125b
    I: 40125e
    I: 401261
    I: 401265
    I: 401269
    I: 40126c
    I: 40126f
    I: 401273
    I: 401277
    I: 40127a
    I: 40127d
    I: 401281
    I: 401285
    I: 401288
    I: 40128e (imm 409030)
    I: 401295
    I: 401297 (imm 40904c)
    I: 40129e
    I: 4012a0
    I: 4012a2
    I: 4012a8
    I: 4012ab
    I: 4012b1
    I: 4012b4
    I: 4012b7
    I: 4012ba
    I: 4012bd
    I: 4012c0
    I: 4012c3
    I: 4012c5
    I: 4012c7
    I: 4012c9
    I: 4012cb
    I: 4012cd (flow 4012d8)
      Successors: 4012d8, 4012d3
  BB: 4012d8 in func 401150 with 1 insts
    I: 4012d8 (flow 4012dd)
      Successors: 4012dd
  BB: 4014dc in func 401150 with 1 insts
    I: 4014dc (flow 401718)
      Successors: 401718
  BB: 4012dd in func 401150 with 18 insts
    I: 4012dd
    I: 4012e1
    I: 4012e5
    I: 4012e9
    I: 4012ed
    I: 4012f1
    I: 4012f5
    I: 4012f9
    I: 4012fd (imm 407004)
    I: 401307
    I: 40130b
    I: 40130f
    I: 401314
    I: 401319
    I: 40131b (flow 409070)
    I: 401320
    I: 401324
    I: 401327 (flow 401633)
      Successors: 401633, 40132d
  BB: 4014e1 in func 401150 with 24 insts
    I: 4014e1
    I: 4014e5
    I: 4014e8
    I: 4014eb
    I: 4014ee (imm 409030)
    I: 4014f5
    I: 4014f7 (imm 40904c)
    I: 4014fe
    I: 401500
    I: 401502
    I: 401508
    I: 40150b
    I: 401511
    I: 401514
    I: 401517
    I: 40151a
    I: 40151d
    I: 401520
    I: 401523
    I: 401525
    I: 401527
    I: 401529
    I: 40152b
    I: 40152d (flow 401538)
      Successors: 401538, 401533
  BB: 4016f5 in func 401150 with 1 insts
    I: 4016f5 (flow 401733)
      Successors: 401733
  BB: 4016fa in func 401150 with 5 insts
    I: 4016fa
    I: 4016fc
    I: 401700
    I: 401701
    I: 401702
      No successors
  BB: 40147d in func 401150 with 3 insts
    I: 40147d
    I: 401481
    I: 401484 (flow 401548)
      Successors: 401548, 40148a
Recovering 401740
  Analysing subroutine sub_401740 at 401740
  Subroutine sub_401740 at 401740 has 501 blocks
  BB: 403001 in func 401740 with 1 insts
    I: 403001 (flow 405937)
      Successors: 405937
  BB: 403006 in func 401740 with 20 insts
    I: 403006 (imm 409034)
    I: 40300d
    I: 40300f (imm 409050)
    I: 403016
    I: 403018
    I: 40301a
    I: 40301d
    I: 40301f
    I: 403021
    I: 403024
    I: 403027
    I: 40302a
    I: 40302d
    I: 403030
    I: 403033
    I: 403035
    I: 403037
    I: 403039
    I: 40303b
    I: 40303d (flow 403048)
      Successors: 403048, 403043
  BB: 405809 in func 401740 with 1 insts
    I: 405809 (flow 40242e)
      Successors: 40242e
  BB: 40580e in func 401740 with 1 insts
    I: 40580e (flow 402525)
      Successors: 402525
  BB: 402011 in func 401740 with 36 insts
    I: 402011 (imm 409034)
    I: 402018
    I: 40201a (imm 409050)
    I: 402021
    I: 402023
    I: 402025
    I: 40202b
    I: 40202e
    I: 402034
    I: 402037
    I: 40203a
    I: 40203d
    I: 402041
    I: 402044
    I: 402048
    I: 40204b
    I: 40204e
    I: 402051
    I: 402055
    I: 402057
    I: 40205a
    I: 40205c
    I: 40205e
    I: 402061
    I: 402064
    I: 402068
    I: 40206b
    I: 40206e
    I: 402071
    I: 402074
    I: 402077
    I: 40207a
    I: 40207d
    I: 40207f
    I: 402081
    I: 402083 (flow 40208e)
      Successors: 402089, 40208e
  BB: 404813 in func 401740 with 1 insts
    I: 404813 (flow 405a47)
      Successors: 405a47
  BB: 405813 in func 401740 with 12 insts
    I: 405813
    I: 40581a
    I: 405821
    I: 405828
    I: 40582f
    I: 405833
    I: 405837
    I: 40583b
    I: 40583f (flow 405b70)
    I: 405844
    I: 40584b
    I: 40584f (flow 402623)
      Successors: 402623
  BB: 404818 in func 401740 with 48 insts
    I: 404818
    I: 40481f
    I: 404826
    I: 40482d
    I: 404834
    I: 404838
    I: 40483c
    I: 404840
    I: 404844 (flow 405db0)
    I: 404849
    I: 40484c
    I: 40484f
    I: 404855 (imm 409034)
    I: 40485c
    I: 40485e (imm 409050)
    I: 404865
    I: 404867
    I: 404869
    I: 40486f
    I: 404872
    I: 404878
    I: 40487b
    I: 40487e
    I: 404881
    I: 404885
    I: 404888
    I: 40488c
    I: 40488f
    I: 404892
    I: 404895
    I: 404899
    I: 40489b
    I: 40489e
    I: 4048a0
    I: 4048a2
    I: 4048a5
    I: 4048a8
    I: 4048ac
    I: 4048af
    I: 4048b2
    I: 4048b5
    I: 4048b8
    I: 4048bb
    I: 4048be
    I: 4048c1
    I: 4048c3
    I: 4048c5
    I: 4048c7 (flow 4048d2)
      Successors: 4048d2, 4048cd
  BB: 40502f in func 401740 with 1 insts
    I: 40502f (flow 405ad9)
      Successors: 405ad9
  BB: 405034 in func 401740 with 36 insts
    I: 405034 (imm 409034)
    I: 40503b
    I: 40503d (imm 409050)
    I: 405044
    I: 405046
    I: 405048
    I: 40504b
    I: 40504d
    I: 40504f
    I: 405052
    I: 405055
    I: 405058
    I: 40505c
    I: 40505f
    I: 405063
    I: 405066
    I: 405069
    I: 40506c
    I: 405070
    I: 405072
    I: 405075
    I: 405077
    I: 405079
    I: 40507c
    I: 40507f
    I: 405083
    I: 405086
    I: 405089
    I: 40508c
    I: 40508f
    I: 405092
    I: 405095
    I: 405098
    I: 40509a
    I: 40509c
    I: 40509e (flow 4050a9)
      Successors: 4050a9, 4050a4
  BB: 402841 in func 401740 with 1 insts
    I: 402841 (flow 405895)
      Successors: 405895
  BB: 403043 in func 401740 with 1 insts
    I: 403043 (flow 405937)
      Successors: 405937
  BB: 402846 in func 401740 with 47 insts
    I: 402846
    I: 40284d
    I: 402854
    I: 40285b
    I: 402862
    I: 402866
    I: 40286a
    I: 40286e
    I: 402872 (flow 405b70)
    I: 402877
    I: 40287e
    I: 402882 (imm 409034)
    I: 402889
    I: 40288b (imm 409050)
    I: 402892
    I: 402894
    I: 402896
    I: 402899
    I: 40289b
    I: 40289d
    I: 4028a0
    I: 4028a3
    I: 4028a6
    I: 4028aa
    I: 4028ad
    I: 4028b1
    I: 4028b4
    I: 4028b7
    I: 4028ba
    I: 4028be
    I: 4028c0
    I: 4028c3
    I: 4028c5
    I: 4028c7
    I: 4028ca
    I: 4028cd
    I: 4028d1
    I: 4028d4
    I: 4028d7
    I: 4028da
    I: 4028dd
    I: 4028e0
    I: 4028e3
    I: 4028e6
    I: 4028e8
    I: 4028ea
    I: 4028ec (flow 4028f7)
      Successors: 4028f2, 4028f7
  BB: 403048 in func 401740 with 1 insts
    I: 403048 (flow 403146)
      Successors: 403146
  BB: 40384b in func 401740 with 1 insts
    I: 40384b (flow 4059a5)
      Successors: 4059a5
  BB: 40304d in func 401740 with 20 insts
    I: 40304d (imm 409034)
    I: 403054
    I: 403056 (imm 409050)
    I: 40305d
    I: 40305f
    I: 403061
    I: 403064
    I: 403066
    I: 403068
    I: 40306b
    I: 40306e
    I: 403071
    I: 403074
    I: 403077
    I: 40307a
    I: 40307c
    I: 40307e
    I: 403080
    I: 403082
    I: 403084 (flow 40308f)
      Successors: 40308a, 40308f
  BB: 403850 in func 401740 with 1 insts
    I: 403850 (flow 40392b)
      Successors: 40392b
  BB: 404052 in func 401740 with 1 insts
    I: 404052 (flow 405a06)
      Successors: 405a06
  BB: 405854 in func 401740 with 12 insts
    I: 405854
    I: 40585b
    I: 405862
    I: 405869
    I: 405870
    I: 405874
    I: 405878
    I: 40587c
    I: 405880 (flow 405d40)
    I: 405885
    I: 40588c
    I: 405890 (flow 40271f)
      Successors: 40271f
  BB: 403855 in func 401740 with 36 insts
    I: 403855 (imm 409034)
    I: 40385c
    I: 40385e (imm 409050)
    I: 403865
    I: 403867
    I: 403869
    I: 40386f
    I: 403872
    I: 403878
    I: 40387b
    I: 40387e
    I: 403881
    I: 403885
    I: 403888
    I: 40388c
    I: 40388f
    I: 403892
    I: 403895
    I: 403899
    I: 40389b
    I: 40389e
    I: 4038a0
    I: 4038a2
    I: 4038a5
    I: 4038a8
    I: 4038ac
    I: 4038af
    I: 4038b2
    I: 4038b5
    I: 4038b8
    I: 4038bb
    I: 4038be
    I: 4038c1
    I: 4038c3
    I: 4038c5
    I: 4038c7 (flow 4038d2)
      Successors: 4038d2, 4038cd
  BB: 404057 in func 401740 with 3 insts
    I: 404057
    I: 40405d
    I: 40405f (flow 40406a)
      Successors: 40406a, 404065
  BB: 404065 in func 401740 with 1 insts
    I: 404065 (flow 40407c)
      Successors: 40407c
  BB: 40406a in func 401740 with 3 insts
    I: 40406a
    I: 404071
    I: 404077 (flow 405635)
      Successors: 405635
  BB: 40407c in func 401740 with 3 insts
    I: 40407c
    I: 404083
    I: 404089 (flow 405635)
      Successors: 405635
  BB: 402089 in func 401740 with 1 insts
    I: 402089 (flow 4057af)
      Successors: 4057af
  BB: 40308a in func 401740 with 1 insts
    I: 40308a (flow 40593c)
      Successors: 40593c
  BB: 40208e in func 401740 with 27 insts
    I: 40208e
    I: 402095
    I: 40209c
    I: 4020a0
    I: 4020a4
    I: 4020a8
    I: 4020ab
    I: 4020b1 (imm 409034)
    I: 4020b8
    I: 4020ba (imm 409050)
    I: 4020c1
    I: 4020c3
    I: 4020c5
    I: 4020cb
    I: 4020ce
    I: 4020d4
    I: 4020d7
    I: 4020da
    I: 4020dd
    I: 4020e0
    I: 4020e3
    I: 4020e6
    I: 4020e8
    I: 4020ea
    I: 4020ec
    I: 4020ee
    I: 4020f0 (flow 4020fb)
      Successors: 4020fb, 4020f6
  BB: 40308f in func 401740 with 48 insts
    I: 40308f
    I: 403096
    I: 40309d
    I: 4030a4
    I: 4030ab
    I: 4030af
    I: 4030b3
    I: 4030b7
    I: 4030bb (flow 405db0)
    I: 4030c0
    I: 4030c2
    I: 4030c9
    I: 4030cc (imm 409034)
    I: 4030d3
    I: 4030d5 (imm 409050)
    I: 4030dc
    I: 4030de
    I: 4030e0
    I: 4030e3
    I: 4030e5
    I: 4030e7
    I: 4030ea
    I: 4030ed
    I: 4030f0
    I: 4030f4
    I: 4030f7
    I: 4030fb
    I: 4030fe
    I: 403101
    I: 403104
    I: 403108
    I: 40310a
    I: 40310d
    I: 40310f
    I: 403111
    I: 403114
    I: 403117
    I: 40311b
    I: 40311e
    I: 403121
    I: 403124
    I: 403127
    I: 40312a
    I: 40312d
    I: 403130
    I: 403132
    I: 403134
    I: 403136 (flow 403141)
      Successors: 403141, 40313c
  BB: 40408e in func 401740 with 3 insts
    I: 40408e
    I: 404095
    I: 404098 (flow 404572)
      Successors: 404572, 40409e
  BB: 405895 in func 401740 with 12 insts
    I: 405895
    I: 40589c
    I: 4058a3
    I: 4058aa
    I: 4058b1
    I: 4058b5
    I: 4058b9
    I: 4058bd
    I: 4058c1 (flow 405b70)
    I: 4058c6
    I: 4058cd
    I: 4058d1 (flow 402846)
      Successors: 402846
  BB: 40409e in func 401740 with 5 insts
    I: 40409e
    I: 4040a5
    I: 4040ac
    I: 4040b0
    I: 4040b4 (flow 4040d7)
      Successors: 4040ba, 4040d7
  BB: 4050a4 in func 401740 with 1 insts
    I: 4050a4 (flow 405ad9)
      Successors: 405ad9
  BB: 4050a9 in func 401740 with 1 insts
    I: 4050a9 (flow 40552c)
      Successors: 40552c
  BB: 4050ae in func 401740 with 3 insts
    I: 4050ae
    I: 4050b2
    I: 4050b5 (flow 4050c8)
      Successors: 4050c8, 4050bb
  BB: 4040ba in func 401740 with 8 insts
    I: 4040ba
    I: 4040be
    I: 4040c5
    I: 4040c9
    I: 4040cb
    I: 4040cd
    I: 4040d0
    I: 4040d2 (flow 4040ef)
      Successors: 4040ef
  BB: 4050bb in func 401740 with 3 insts
    I: 4050bb
    I: 4050bf
    I: 4050c2 (flow 4051b7)
      Successors: 4050c8, 4051b7
  BB: 4050c8 in func 401740 with 20 insts
    I: 4050c8 (imm 409034)
    I: 4050cf
    I: 4050d1 (imm 409050)
    I: 4050d8
    I: 4050da
    I: 4050dc
    I: 4050df
    I: 4050e1
    I: 4050e3
    I: 4050e6
    I: 4050e9
    I: 4050ec
    I: 4050ef
    I: 4050f2
    I: 4050f5
    I: 4050f7
    I: 4050f9
    I: 4050fb
    I: 4050fd
    I: 4050ff (flow 40510a)
      Successors: 40510a, 405105
  BB: 4038cd in func 401740 with 1 insts
    I: 4038cd (flow 4059b4)
      Successors: 4059b4
  BB: 4048cd in func 401740 with 1 insts
    I: 4048cd (flow 405a47)
      Successors: 405a47
  BB: 4038d2 in func 401740 with 22 insts
    I: 4038d2
    I: 4038d6
    I: 4038dc (imm 409034)
    I: 4038e3
    I: 4038e5 (imm 409050)
    I: 4038ec
    I: 4038ee
    I: 4038f0
    I: 4038f6
    I: 4038f9
    I: 4038ff
    I: 403902
    I: 403905
    I: 403908
    I: 40390b
    I: 40390e
    I: 403911
    I: 403913
    I: 403915
    I: 403917
    I: 403919
    I: 40391b (flow 403926)
      Successors: 403921, 403926
  BB: 4048d2 in func 401740 with 3 insts
    I: 4048d2
    I: 4048d8
    I: 4048da (flow 4048e5)
      Successors: 4048e0, 4048e5
  BB: 4058d6 in func 401740 with 3 insts
    I: 4058d6
    I: 4058dd
    I: 4058e3 (flow 4029c3)
      Successors: 4029c3
  BB: 4040d7 in func 401740 with 7 insts
    I: 4040d7
    I: 4040db
    I: 4040e2
    I: 4040e6
    I: 4040e9
    I: 4040eb
    I: 4040ed
      Successors: 4040ef
  BB: 4048e0 in func 401740 with 1 insts
    I: 4048e0 (flow 40493b)
      Successors: 40493b
  BB: 4048e5 in func 401740 with 3 insts
    I: 4048e5
    I: 4048ec
    I: 4048ef (flow 404929)
      Successors: 404929, 4048f5
  BB: 4058e8 in func 401740 with 3 insts
    I: 4058e8
    I: 4058ef
    I: 4058f5 (flow 402a9a)
      Successors: 402a9a
  BB: 4040ef in func 401740 with 36 insts
    I: 4040ef (imm 409034)
    I: 4040f6
    I: 4040f8 (imm 409050)
    I: 4040ff
    I: 404101
    I: 404103
    I: 404109
    I: 40410c
    I: 404112
    I: 404115
    I: 404118
    I: 40411b
    I: 40411f
    I: 404122
    I: 404126
    I: 404129
    I: 40412c
    I: 40412f
    I: 404133
    I: 404135
    I: 404138
    I: 40413a
    I: 40413c
    I: 40413f
    I: 404142
    I: 404146
    I: 404149
    I: 40414c
    I: 40414f
    I: 404152
    I: 404155
    I: 404158
    I: 40415b
    I: 40415d
    I: 40415f
    I: 404161 (flow 40416c)
      Successors: 40416c, 404167
  BB: 4028f2 in func 401740 with 1 insts
    I: 4028f2 (flow 405895)
      Successors: 405895
  BB: 4048f5 in func 401740 with 3 insts
    I: 4048f5
    I: 4048fc
    I: 404900 (flow 404929)
      Successors: 404929, 404906
  BB: 4020f6 in func 401740 with 1 insts
    I: 4020f6 (flow 4057af)
      Successors: 4057af
  BB: 4028f7 in func 401740 with 1 insts
    I: 4028f7 (flow 4028fc)
      Successors: 4028fc
  BB: 4058fa in func 401740 with 1 insts
    I: 4058fa (flow 402bc1)
      Successors: 402bc1
  BB: 4020fb in func 401740 with 3 insts
    I: 4020fb
    I: 402101
    I: 402103 (flow 40210e)
      Successors: 402109, 40210e
  BB: 4028fc in func 401740 with 5 insts
    I: 4028fc
    I: 402903
    I: 40290a
    I: 40290e
    I: 402912 (flow 402923)
      Successors: 402918, 402923
  BB: 4058ff in func 401740 with 3 insts
    I: 4058ff
    I: 405906
    I: 40590c (flow 402cb7)
      Successors: 402cb7
  BB: 405105 in func 401740 with 1 insts
    I: 405105 (flow 405ade)
      Successors: 405ade
  BB: 404906 in func 401740 with 3 insts
    I: 404906
    I: 40490d
    I: 404911 (flow 404929)
      Successors: 404929, 404917
  BB: 402109 in func 401740 with 1 insts
    I: 402109 (flow 4021e4)
      Successors: 4021e4
  BB: 40510a in func 401740 with 40 insts
    I: 40510a
    I: 40510e
    I: 405111
    I: 405114
    I: 40511a (imm 409034)
    I: 405121
    I: 405123 (imm 409050)
    I: 40512a
    I: 40512c
    I: 40512e
    I: 405134
    I: 405137
    I: 40513d
    I: 405140
    I: 405143
    I: 405146
    I: 40514a
    I: 40514d
    I: 405151
    I: 405154
    I: 405157
    I: 40515a
    I: 40515e
    I: 405160
    I: 405163
    I: 405165
    I: 405167
    I: 40516a
    I: 40516d
    I: 405171
    I: 405174
    I: 405177
    I: 40517a
    I: 40517d
    I: 405180
    I: 405183
    I: 405186
    I: 405188
    I: 40518a
    I: 40518c (flow 405197)
      Successors: 405192, 405197
  BB: 40210e in func 401740 with 20 insts
    I: 40210e (imm 409034)
    I: 402115
    I: 402117 (imm 409050)
    I: 40211e
    I: 402120
    I: 402122
    I: 402128
    I: 40212b
    I: 402131
    I: 402134
    I: 402137
    I: 40213a
    I: 40213d
    I: 402140
    I: 402143
    I: 402145
    I: 402147
    I: 402149
    I: 40214b
    I: 40214d (flow 402158)
      Successors: 402158, 402153
  BB: 405911 in func 401740 with 3 insts
    I: 405911
    I: 405918
    I: 40591f (flow 402df4)
      Successors: 402df4
  BB: 404917 in func 401740 with 3 insts
    I: 404917
    I: 40491e
    I: 404924 (flow 405635)
      Successors: 405635
  BB: 402918 in func 401740 with 1 insts
    I: 402918 (flow 402923)
      Successors: 402923, 40291e
  BB: 40291e in func 401740 with 1 insts
    I: 40291e (flow 40295f)
      Successors: 40295f
  BB: 403921 in func 401740 with 1 insts
    I: 403921 (flow 4059b4)
      Successors: 4059b4
  BB: 402923 in func 401740 with 11 insts
    I: 402923
    I: 40292a
    I: 402931
    I: 402938
    I: 40293f
    I: 402943
    I: 402947
    I: 40294b
    I: 40294f (flow 405d40)
    I: 402954
    I: 40295b
      Successors: 40295f
  BB: 405924 in func 401740 with 3 insts
    I: 405924
    I: 40592b
    I: 405932 (flow 402ef9)
      Successors: 402ef9
  BB: 403926 in func 401740 with 1 insts
    I: 403926 (flow 40392b)
      Successors: 40392b
  BB: 404929 in func 401740 with 3 insts
    I: 404929
    I: 404930
    I: 404936 (flow 405635)
      Successors: 405635
  BB: 40392b in func 401740 with 1 insts
    I: 40392b (flow 403930)
      Successors: 403930
  BB: 403930 in func 401740 with 5 insts
    I: 403930
    I: 403934
    I: 40393b
    I: 40393d
    I: 40393f (flow 403b4e)
      Successors: 403945, 403b4e
  BB: 405937 in func 401740 with 1 insts
    I: 405937 (flow 403006)
      Successors: 403006
  BB: 40493b in func 401740 with 36 insts
    I: 40493b (imm 409034)
    I: 404942
    I: 404944 (imm 409050)
    I: 40494b
    I: 40494d
    I: 40494f
    I: 404952
    I: 404954
    I: 404956
    I: 404959
    I: 40495c
    I: 40495f
    I: 404963
    I: 404966
    I: 40496a
    I: 40496d
    I: 404970
    I: 404973
    I: 404977
    I: 404979
    I: 40497c
    I: 40497e
    I: 404980
    I: 404983
    I: 404986
    I: 40498a
    I: 40498d
    I: 404990
    I: 404993
    I: 404996
    I: 404999
    I: 40499c
    I: 40499f
    I: 4049a1
    I: 4049a3
    I: 4049a5 (flow 4049b0)
      Successors: 4049b0, 4049ab
  BB: 40313c in func 401740 with 1 insts
    I: 40313c (flow 40593c)
      Successors: 40593c
  BB: 40593c in func 401740 with 13 insts
    I: 40593c
    I: 405943
    I: 40594a
    I: 405951
    I: 405958
    I: 40595c
    I: 405960
    I: 405964
    I: 405968 (flow 405db0)
    I: 40596d
    I: 40596f
    I: 405976
    I: 405979 (flow 40308f)
      Successors: 40308f
  BB: 403141 in func 401740 with 1 insts
    I: 403141 (flow 403146)
      Successors: 403146
  BB: 403945 in func 401740 with 36 insts
    I: 403945 (imm 409034)
    I: 40394c
    I: 40394e (imm 409050)
    I: 403955
    I: 403957
    I: 403959
    I: 40395f
    I: 403962
    I: 403968
    I: 40396b
    I: 40396e
    I: 403971
    I: 403975
    I: 403978
    I: 40397c
    I: 40397f
    I: 403982
    I: 403985
    I: 403989
    I: 40398b
    I: 40398e
    I: 403990
    I: 403992
    I: 403995
    I: 403998
    I: 40399c
    I: 40399f
    I: 4039a2
    I: 4039a5
    I: 4039a8
    I: 4039ab
    I: 4039ae
    I: 4039b1
    I: 4039b3
    I: 4039b5
    I: 4039b7 (flow 4039c2)
      Successors: 4039c2, 4039bd
  BB: 403146 in func 401740 with 36 insts
    I: 403146 (imm 409034)
    I: 40314d
    I: 40314f (imm 409050)
    I: 403156
    I: 403158
    I: 40315a
    I: 40315d
    I: 40315f
    I: 403161
    I: 403164
    I: 403167
    I: 40316a
    I: 40316e
    I: 403171
    I: 403175
    I: 403178
    I: 40317b
    I: 40317e
    I: 403182
    I: 403184
    I: 403187
    I: 403189
    I: 40318b
    I: 40318e
    I: 403191
    I: 403195
    I: 403198
    I: 40319b
    I: 40319e
    I: 4031a1
    I: 4031a4
    I: 4031a7
    I: 4031aa
    I: 4031ac
    I: 4031ae
    I: 4031b0 (flow 4031bb)
      Successors: 4031bb, 4031b6
  BB: 402153 in func 401740 with 1 insts
    I: 402153 (flow 4057b4)
      Successors: 4057b4
  BB: 402158 in func 401740 with 38 insts
    I: 402158
    I: 40215c
    I: 402162 (imm 409034)
    I: 402169
    I: 40216b (imm 409050)
    I: 402172
    I: 402174
    I: 402176
    I: 40217c
    I: 40217f
    I: 402185
    I: 402188
    I: 40218b
    I: 40218e
    I: 402192
    I: 402195
    I: 402199
    I: 40219c
    I: 40219f
    I: 4021a2
    I: 4021a6
    I: 4021a8
    I: 4021ab
    I: 4021ad
    I: 4021af
    I: 4021b2
    I: 4021b5
    I: 4021b9
    I: 4021bc
    I: 4021bf
    I: 4021c2
    I: 4021c5
    I: 4021c8
    I: 4021cb
    I: 4021ce
    I: 4021d0
    I: 4021d2
    I: 4021d4 (flow 4021df)
      Successors: 4021da, 4021df
  BB: 40295f in func 401740 with 5 insts
    I: 40295f
    I: 402966
    I: 40296d
    I: 402971
    I: 402975 (flow 402b3b)
      Successors: 402b3b, 40297b
  BB: 404167 in func 401740 with 1 insts
    I: 404167 (flow 405a0b)
      Successors: 405a0b
  BB: 40416c in func 401740 with 44 insts
    I: 40416c
    I: 404173
    I: 40417a
    I: 40417e
    I: 404182
    I: 404185
    I: 404188
    I: 40418a
    I: 404190 (imm 409034)
    I: 404197
    I: 404199 (imm 409050)
    I: 4041a0
    I: 4041a2
    I: 4041a4
    I: 4041aa
    I: 4041ad
    I: 4041b3
    I: 4041b6
    I: 4041b9
    I: 4041bc
    I: 4041c0
    I: 4041c3
    I: 4041c7
    I: 4041ca
    I: 4041cd
    I: 4041d0
    I: 4041d4
    I: 4041d6
    I: 4041d9
    I: 4041db
    I: 4041dd
    I: 4041e0
    I: 4041e3
    I: 4041e7
    I: 4041ea
    I: 4041ed
    I: 4041f0
    I: 4041f3
    I: 4041f6
    I: 4041f9
    I: 4041fc
    I: 4041fe
    I: 404200
    I: 404202 (flow 40420d)
      Successors: 404208, 40420d
  BB: 40297b in func 401740 with 1 insts
    I: 40297b (flow 402b3b)
      Successors: 402981, 402b3b
  BB: 40597e in func 401740 with 1 insts
    I: 40597e (flow 4031bb)
      Successors: 4031bb
  BB: 402981 in func 401740 with 20 insts
    I: 402981 (imm 409034)
    I: 402988
    I: 40298a (imm 409050)
    I: 402991
    I: 402993
    I: 402995
    I: 402998
    I: 40299a
    I: 40299c
    I: 40299f
    I: 4029a2
    I: 4029a5
    I: 4029a8
    I: 4029ab
    I: 4029ae
    I: 4029b0
    I: 4029b2
    I: 4029b4
    I: 4029b6
    I: 4029b8 (flow 4029c3)
      Successors: 4029c3, 4029be
  BB: 405983 in func 401740 with 3 insts
    I: 405983
    I: 40598a
    I: 405991 (flow 4032e6)
      Successors: 4032e6
  BB: 405192 in func 401740 with 1 insts
    I: 405192 (flow 405ade)
      Successors: 405ade
  BB: 405996 in func 401740 with 1 insts
    I: 405996 (flow 4033f9)
      Successors: 4033f9
  BB: 405197 in func 401740 with 3 insts
    I: 405197
    I: 40519d
    I: 40519f (flow 4051aa)
      Successors: 4051aa, 4051a5
  BB: 40599b in func 401740 with 1 insts
    I: 40599b (flow 403521)
      Successors: 403521
  BB: 4059a0 in func 401740 with 1 insts
    I: 4059a0 (flow 40361f)
      Successors: 40361f
  BB: 4051a5 in func 401740 with 1 insts
    I: 4051a5 (flow 405527)
      Successors: 405527
  BB: 4059a5 in func 401740 with 3 insts
    I: 4059a5
    I: 4059a9
    I: 4059af (flow 4037c9)
      Successors: 4037c9
  BB: 4051aa in func 401740 with 3 insts
    I: 4051aa
    I: 4051ae
    I: 4051b1 (flow 405527)
      Successors: 405527, 4051b7
  BB: 4049ab in func 401740 with 1 insts
    I: 4049ab (flow 405a7d)
      Successors: 405a7d
  BB: 4049b0 in func 401740 with 32 insts
    I: 4049b0
    I: 4049b7
    I: 4049be
    I: 4049c5
    I: 4049cc
    I: 4049d0
    I: 4049d4
    I: 4049d8
    I: 4049dc (flow 405db0)
    I: 4049e1
    I: 4049e4
    I: 4049e7
    I: 4049ed (imm 409034)
    I: 4049f4
    I: 4049f6 (imm 409050)
    I: 4049fd
    I: 4049ff
    I: 404a01
    I: 404a04
    I: 404a06
    I: 404a08
    I: 404a0b
    I: 404a0e
    I: 404a11
    I: 404a14
    I: 404a17
    I: 404a1a
    I: 404a1c
    I: 404a1e
    I: 404a20
    I: 404a22
    I: 404a24 (flow 404a2f)
      Successors: 404a2a, 404a2f
  BB: 4059b4 in func 401740 with 3 insts
    I: 4059b4
    I: 4059b8
    I: 4059be (flow 4038d2)
      Successors: 4038d2
  BB: 4031b6 in func 401740 with 1 insts
    I: 4031b6 (flow 40597e)
      Successors: 40597e
  BB: 4051b7 in func 401740 with 36 insts
    I: 4051b7 (imm 409034)
    I: 4051be
    I: 4051c0 (imm 409050)
    I: 4051c7
    I: 4051c9
    I: 4051cb
    I: 4051d1
    I: 4051d4
    I: 4051da
    I: 4051dd
    I: 4051e0
    I: 4051e3
    I: 4051e7
    I: 4051ea
    I: 4051ee
    I: 4051f1
    I: 4051f4
    I: 4051f7
    I: 4051fb
    I: 4051fd
    I: 405200
    I: 405202
    I: 405204
    I: 405207
    I: 40520a
    I: 40520e
    I: 405211
    I: 405214
    I: 405217
    I: 40521a
    I: 40521d
    I: 405220
    I: 405223
    I: 405225
    I: 405227
    I: 405229 (flow 405234)
      Successors: 405234, 40522f
  BB: 4031bb in func 401740 with 44 insts
    I: 4031bb
    I: 4031c2
    I: 4031c9
    I: 4031cd
    I: 4031d1
    I: 4031d4
    I: 4031d7
    I: 4031d9
    I: 4031df (imm 409034)
    I: 4031e6
    I: 4031e8 (imm 409050)
    I: 4031ef
    I: 4031f1
    I: 4031f3
    I: 4031f9
    I: 4031fc
    I: 403202
    I: 403205
    I: 403208
    I: 40320b
    I: 40320f
    I: 403212
    I: 403216
    I: 403219
    I: 40321c
    I: 40321f
    I: 403223
    I: 403225
    I: 403228
    I: 40322a
    I: 40322c
    I: 40322f
    I: 403232
    I: 403236
    I: 403239
    I: 40323c
    I: 40323f
    I: 403242
    I: 403245
    I: 403248
    I: 40324b
    I: 40324d
    I: 40324f
    I: 403251 (flow 40325c)
      Successors: 40325c, 403257
  BB: 4039bd in func 401740 with 1 insts
    I: 4039bd (flow 4059c3)
      Successors: 4059c3
  BB: 4029be in func 401740 with 1 insts
    I: 4029be (flow 4058d6)
      Successors: 4058d6
  BB: 4039c2 in func 401740 with 40 insts
    I: 4039c2
    I: 4039c6
    I: 4039c9
    I: 4039cc
    I: 4039d2 (imm 409034)
    I: 4039d9
    I: 4039db (imm 409050)
    I: 4039e2
    I: 4039e4
    I: 4039e6
    I: 4039ec
    I: 4039ef
    I: 4039f5
    I: 4039f8
    I: 4039fb
    I: 4039fe
    I: 403a02
    I: 403a05
    I: 403a09
    I: 403a0c
    I: 403a0f
    I: 403a12
    I: 403a16
    I: 403a18
    I: 403a1b
    I: 403a1d
    I: 403a1f
    I: 403a22
    I: 403a25
    I: 403a29
    I: 403a2c
    I: 403a2f
    I: 403a32
    I: 403a35
    I: 403a38
    I: 403a3b
    I: 403a3e
    I: 403a40
    I: 403a42
    I: 403a44 (flow 403a4f)
      Successors: 403a4a, 403a4f
  BB: 4029c3 in func 401740 with 29 insts
    I: 4029c3
    I: 4029ca
    I: 4029d1
    I: 4029d8
    I: 4029de
    I: 4029e2
    I: 4029e6
    I: 4029ea
    I: 4029ed
    I: 4029f3 (imm 409034)
    I: 4029fa
    I: 4029fc (imm 409050)
    I: 402a03
    I: 402a05
    I: 402a07
    I: 402a0d
    I: 402a10
    I: 402a16
    I: 402a19
    I: 402a1c
    I: 402a1f
    I: 402a22
    I: 402a25
    I: 402a28
    I: 402a2a
    I: 402a2c
    I: 402a2e
    I: 402a30
    I: 402a32 (flow 402a3d)
      Successors: 402a38, 402a3d
  BB: 4059c3 in func 401740 with 1 insts
    I: 4059c3 (flow 4039c2)
      Successors: 4039c2
  BB: 4059c8 in func 401740 with 1 insts
    I: 4059c8 (flow 403aa4)
      Successors: 403aa4
  BB: 4059cd in func 401740 with 3 insts
    I: 4059cd
    I: 4059d4
    I: 4059da (flow 403bcb)
      Successors: 403bcb
  BB: 4021da in func 401740 with 1 insts
    I: 4021da (flow 4057b4)
      Successors: 4057b4
  BB: 4021df in func 401740 with 1 insts
    I: 4021df (flow 4021e4)
      Successors: 4021e4
  BB: 4059df in func 401740 with 1 insts
    I: 4059df (flow 403c9c)
      Successors: 403c9c
  BB: 4021e4 in func 401740 with 1 insts
    I: 4021e4 (flow 4021e9)
      Successors: 4021e9
  BB: 4059e4 in func 401740 with 1 insts
    I: 4059e4 (flow 403d81)
      Successors: 403d81
  BB: 4021e9 in func 401740 with 1 insts
    I: 4021e9 (flow 4021ee)
      Successors: 4021ee
  BB: 4059e9 in func 401740 with 8 insts
    I: 4059e9
    I: 4059ed
    I: 4059f4
    I: 4059f8
    I: 4059fa
    I: 4059fc
    I: 4059ff
    I: 405a01 (flow 403e54)
      Successors: 403e54
  BB: 4021ee in func 401740 with 20 insts
    I: 4021ee (imm 409034)
    I: 4021f5
    I: 4021f7 (imm 409050)
    I: 4021fe
    I: 402200
    I: 402202
    I: 402205
    I: 402207
    I: 402209
    I: 40220c
    I: 40220f
    I: 402212
    I: 402215
    I: 402218
    I: 40221b
    I: 40221d
    I: 40221f
    I: 402221
    I: 402223
    I: 402225 (flow 402230)
      Successors: 402230, 40222b
  BB: 401a04 in func 401740 with 1 insts
    I: 401a04 (flow 405647)
      Successors: 405647
  BB: 405a06 in func 401740 with 1 insts
    I: 405a06 (flow 403fca)
      Successors: 403fca
  BB: 404208 in func 401740 with 1 insts
    I: 404208 (flow 405a0b)
      Successors: 405a0b
  BB: 401a09 in func 401740 with 3 insts
    I: 401a09
    I: 401a0c
    I: 401a0e (flow 401a19)
      Successors: 401a19, 401a14
  BB: 405a0b in func 401740 with 1 insts
    I: 405a0b (flow 40416c)
      Successors: 40416c
  BB: 40420d in func 401740 with 3 insts
    I: 40420d
    I: 404213
    I: 404215 (flow 404220)
      Successors: 404220, 40421b
  BB: 405a10 in func 401740 with 3 insts
    I: 405a10
    I: 405a14
    I: 405a1a (flow 40426a)
      Successors: 40426a
  BB: 401a14 in func 401740 with 1 insts
    I: 401a14 (flow 401bd8)
      Successors: 401bd8
  BB: 401a19 in func 401740 with 36 insts
    I: 401a19 (imm 409034)
    I: 401a20
    I: 401a22 (imm 409050)
    I: 401a29
    I: 401a2b
    I: 401a2d
    I: 401a30
    I: 401a32
    I: 401a34
    I: 401a37
    I: 401a3a
    I: 401a3d
    I: 401a41
    I: 401a44
    I: 401a48
    I: 401a4b
    I: 401a4e
    I: 401a51
    I: 401a55
    I: 401a57
    I: 401a5a
    I: 401a5c
    I: 401a5e
    I: 401a61
    I: 401a64
    I: 401a68
    I: 401a6b
    I: 401a6e
    I: 401a71
    I: 401a74
    I: 401a77
    I: 401a7a
    I: 401a7d
    I: 401a7f
    I: 401a81
    I: 401a83 (flow 401a8e)
      Successors: 401a89, 401a8e
  BB: 40421b in func 401740 with 1 insts
    I: 40421b (flow 4042c3)
      Successors: 4042c3
  BB: 405a1f in func 401740 with 3 insts
    I: 405a1f
    I: 405a23
    I: 405a29 (flow 404367)
      Successors: 404367
  BB: 404220 in func 401740 with 20 insts
    I: 404220 (imm 409034)
    I: 404227
    I: 404229 (imm 409050)
    I: 404230
    I: 404232
    I: 404234
    I: 40423a
    I: 40423d
    I: 404243
    I: 404246
    I: 404249
    I: 40424c
    I: 40424f
    I: 404252
    I: 404255
    I: 404257
    I: 404259
    I: 40425b
    I: 40425d
    I: 40425f (flow 40426a)
      Successors: 40426a, 404265
  BB: 404a2a in func 401740 with 1 insts
    I: 404a2a (flow 405a7d)
      Successors: 405a7d
  BB: 40222b in func 401740 with 1 insts
    I: 40222b (flow 4057c3)
      Successors: 4057c3
  BB: 405a2e in func 401740 with 1 insts
    I: 405a2e (flow 40443d)
      Successors: 40443d
  BB: 404a2f in func 401740 with 3 insts
    I: 404a2f
    I: 404a35
    I: 404a37 (flow 404a42)
      Successors: 404a42, 404a3d
  BB: 402230 in func 401740 with 44 insts
    I: 402230
    I: 402237
    I: 40223e
    I: 402242
    I: 402246
    I: 402249
    I: 40224c
    I: 40224e
    I: 402254 (imm 409034)
    I: 40225b
    I: 40225d (imm 409050)
    I: 402264
    I: 402266
    I: 402268
    I: 40226e
    I: 402271
    I: 402277
    I: 40227a
    I: 40227d
    I: 402280
    I: 402284
    I: 402287
    I: 40228b
    I: 40228e
    I: 402291
    I: 402294
    I: 402298
    I: 40229a
    I: 40229d
    I: 40229f
    I: 4022a1
    I: 4022a4
    I: 4022a7
    I: 4022ab
    I: 4022ae
    I: 4022b1
    I: 4022b4
    I: 4022b7
    I: 4022ba
    I: 4022bd
    I: 4022c0
    I: 4022c2
    I: 4022c4
    I: 4022c6 (flow 4022d1)
      Successors: 4022d1, 4022cc
  BB: 40522f in func 401740 with 1 insts
    I: 40522f (flow 405ae3)
      Successors: 405ae3
  BB: 405a33 in func 401740 with 1 insts
    I: 405a33 (flow 4044e9)
      Successors: 4044e9
  BB: 405234 in func 401740 with 32 insts
    I: 405234
    I: 40523b
    I: 405242
    I: 405249
    I: 405250
    I: 405254
    I: 405258
    I: 40525c
    I: 405260 (flow 405db0)
    I: 405265
    I: 405268
    I: 40526b
    I: 405271 (imm 409034)
    I: 405278
    I: 40527a (imm 409050)
    I: 405281
    I: 405283
    I: 405285
    I: 405288
    I: 40528a
    I: 40528c
    I: 40528f
    I: 405292
    I: 405295
    I: 405298
    I: 40529b
    I: 40529e
    I: 4052a0
    I: 4052a2
    I: 4052a4
    I: 4052a6
    I: 4052a8 (flow 4052b3)
      Successors: 4052b3, 4052ae
  BB: 402a38 in func 401740 with 1 insts
    I: 402a38 (flow 4058d6)
      Successors: 4058d6
  BB: 405a38 in func 401740 with 1 insts
    I: 405a38 (flow 4045cb)
      Successors: 4045cb
  BB: 402a3d in func 401740 with 3 insts
    I: 402a3d
    I: 402a43
    I: 402a45 (flow 402a50)
      Successors: 402a50, 402a4b
  BB: 404a3d in func 401740 with 1 insts
    I: 404a3d (flow 404a98)
      Successors: 404a98
  BB: 405a3d in func 401740 with 1 insts
    I: 405a3d (flow 40467a)
      Successors: 40467a
  BB: 404a42 in func 401740 with 3 insts
    I: 404a42
    I: 404a49
    I: 404a4c (flow 404a86)
      Successors: 404a52, 404a86
  BB: 405a42 in func 401740 with 1 insts
    I: 405a42 (flow 404729)
      Successors: 404729
  BB: 405a47 in func 401740 with 10 insts
    I: 405a47
    I: 405a4e
    I: 405a55
    I: 405a5c
    I: 405a63
    I: 405a67
    I: 405a6b
    I: 405a6f
    I: 405a73 (flow 405db0)
    I: 405a78 (flow 404818)
      Successors: 404818
  BB: 403a4a in func 401740 with 1 insts
    I: 403a4a (flow 4059c3)
      Successors: 4059c3
  BB: 402a4b in func 401740 with 1 insts
    I: 402a4b (flow 402b29)
      Successors: 402b29
  BB: 403a4f in func 401740 with 3 insts
    I: 403a4f
    I: 403a55
    I: 403a57 (flow 403a62)
      Successors: 403a62, 403a5d
  BB: 402a50 in func 401740 with 20 insts
    I: 402a50 (imm 409034)
    I: 402a57
    I: 402a59 (imm 409050)
    I: 402a60
    I: 402a62
    I: 402a64
    I: 402a6a
    I: 402a6d
    I: 402a73
    I: 402a76
    I: 402a79
    I: 402a7c
    I: 402a7f
    I: 402a82
    I: 402a85
    I: 402a87
    I: 402a89
    I: 402a8b
    I: 402a8d
    I: 402a8f (flow 402a9a)
      Successors: 402a9a, 402a95
  BB: 404a52 in func 401740 with 3 insts
    I: 404a52
    I: 404a59
    I: 404a5d (flow 404a86)
      Successors: 404a63, 404a86
  BB: 403257 in func 401740 with 1 insts
    I: 403257 (flow 40597e)
      Successors: 40597e
  BB: 40325c in func 401740 with 3 insts
    I: 40325c
    I: 403262
    I: 403264 (flow 40326f)
      Successors: 40326a, 40326f
  BB: 403a5d in func 401740 with 1 insts
    I: 403a5d (flow 403b4e)
      Successors: 403b4e
  BB: 403a62 in func 401740 with 20 insts
    I: 403a62 (imm 409034)
    I: 403a69
    I: 403a6b (imm 409050)
    I: 403a72
    I: 403a74
    I: 403a76
    I: 403a79
    I: 403a7b
    I: 403a7d
    I: 403a80
    I: 403a83
    I: 403a86
    I: 403a89
    I: 403a8c
    I: 403a8f
    I: 403a91
    I: 403a93
    I: 403a95
    I: 403a97
    I: 403a99 (flow 403aa4)
      Successors: 403aa4, 403a9f
  BB: 404a63 in func 401740 with 3 insts
    I: 404a63
    I: 404a6a
    I: 404a6e (flow 404a86)
      Successors: 404a74, 404a86
  BB: 404265 in func 401740 with 1 insts
    I: 404265 (flow 405a10)
      Successors: 405a10
  BB: 40326a in func 401740 with 1 insts
    I: 40326a (flow 403440)
      Successors: 403440
  BB: 40426a in func 401740 with 22 insts
    I: 40426a
    I: 40426e
    I: 404274 (imm 409034)
    I: 40427b
    I: 40427d (imm 409050)
    I: 404284
    I: 404286
    I: 404288
    I: 40428e
    I: 404291
    I: 404297
    I: 40429a
    I: 40429d
    I: 4042a0
    I: 4042a3
    I: 4042a6
    I: 4042a9
    I: 4042ab
    I: 4042ad
    I: 4042af
    I: 4042b1
    I: 4042b3 (flow 4042be)
      Successors: 4042b9, 4042be
  BB: 40326f in func 401740 with 8 insts
    I: 40326f
    I: 403276
    I: 40327d
    I: 403284
    I: 40328a
    I: 40328e
    I: 403292
    I: 403296 (flow 40336e)
      Successors: 40329c, 40336e
  BB: 404a74 in func 401740 with 3 insts
    I: 404a74
    I: 404a7b
    I: 404a81 (flow 405635)
      Successors: 405635
  BB: 405a7d in func 401740 with 10 insts
    I: 405a7d
    I: 405a84
    I: 405a8b
    I: 405a92
    I: 405a99
    I: 405a9d
    I: 405aa1
    I: 405aa5
    I: 405aa9 (flow 405db0)
    I: 405aae (flow 4049b0)
      Successors: 4049b0
  BB: 404a86 in func 401740 with 3 insts
    I: 404a86
    I: 404a8d
    I: 404a93 (flow 405635)
      Successors: 405635
  BB: 401a89 in func 401740 with 1 insts
    I: 401a89 (flow 405787)
      Successors: 405787
  BB: 401a8e in func 401740 with 26 insts
    I: 401a8e
    I: 401a95
    I: 401a9c
    I: 401aa0
    I: 401aa4
    I: 401aa7
    I: 401aad (imm 409034)
    I: 401ab4
    I: 401ab6 (imm 409050)
    I: 401abd
    I: 401abf
    I: 401ac1
    I: 401ac4
    I: 401ac6
    I: 401ac8
    I: 401acb
    I: 401ace
    I: 401ad1
    I: 401ad4
    I: 401ad7
    I: 401ada
    I: 401adc
    I: 401ade
    I: 401ae0
    I: 401ae2
    I: 401ae4 (flow 401aef)
      Successors: 401aea, 401aef
  BB: 402a95 in func 401740 with 1 insts
    I: 402a95 (flow 4058e8)
      Successors: 4058e8
  BB: 404a98 in func 401740 with 36 insts
    I: 404a98 (imm 409034)
    I: 404a9f
    I: 404aa1 (imm 409050)
    I: 404aa8
    I: 404aaa
    I: 404aac
    I: 404ab2
    I: 404ab5
    I: 404abb
    I: 404abe
    I: 404ac1
    I: 404ac4
    I: 404ac8
    I: 404acb
    I: 404acf
    I: 404ad2
    I: 404ad5
    I: 404ad8
    I: 404adc
    I: 404ade
    I: 404ae1
    I: 404ae3
    I: 404ae5
    I: 404ae8
    I: 404aeb
    I: 404aef
    I: 404af2
    I: 404af5
    I: 404af8
    I: 404afb
    I: 404afe
    I: 404b01
    I: 404b04
    I: 404b06
    I: 404b08
    I: 404b0a (flow 404b15)
      Successors: 404b10, 404b15
  BB: 402a9a in func 401740 with 38 insts
    I: 402a9a
    I: 402aa1
    I: 402aa7 (imm 409034)
    I: 402aae
    I: 402ab0 (imm 409050)
    I: 402ab7
    I: 402ab9
    I: 402abb
    I: 402ac1
    I: 402ac4
    I: 402aca
    I: 402acd
    I: 402ad0
    I: 402ad3
    I: 402ad7
    I: 402ada
    I: 402ade
    I: 402ae1
    I: 402ae4
    I: 402ae7
    I: 402aeb
    I: 402aed
    I: 402af0
    I: 402af2
    I: 402af4
    I: 402af7
    I: 402afa
    I: 402afe
    I: 402b01
    I: 402b04
    I: 402b07
    I: 402b0a
    I: 402b0d
    I: 402b10
    I: 402b13
    I: 402b15
    I: 402b17
    I: 402b19 (flow 402b24)
      Successors: 402b24, 402b1f
  BB: 40329c in func 401740 with 20 insts
    I: 40329c (imm 409034)
    I: 4032a3
    I: 4032a5 (imm 409050)
    I: 4032ac
    I: 4032ae
    I: 4032b0
    I: 4032b6
    I: 4032b9
    I: 4032bf
    I: 4032c2
    I: 4032c5
    I: 4032c8
    I: 4032cb
    I: 4032ce
    I: 4032d1
    I: 4032d3
    I: 4032d5
    I: 4032d7
    I: 4032d9
    I: 4032db (flow 4032e6)
      Successors: 4032e1, 4032e6
  BB: 403a9f in func 401740 with 1 insts
    I: 403a9f (flow 4059c8)
      Successors: 4059c8
  BB: 403aa4 in func 401740 with 40 insts
    I: 403aa4
    I: 403aa8
    I: 403aab
    I: 403aae
    I: 403ab4 (imm 409034)
    I: 403abb
    I: 403abd (imm 409050)
    I: 403ac4
    I: 403ac6
    I: 403ac8
    I: 403acb
    I: 403acd
    I: 403acf
    I: 403ad2
    I: 403ad5
    I: 403ad8
    I: 403adc
    I: 403adf
    I: 403ae3
    I: 403ae6
    I: 403ae9
    I: 403aec
    I: 403af0
    I: 403af2
    I: 403af5
    I: 403af7
    I: 403af9
    I: 403afc
    I: 403aff
    I: 403b03
    I: 403b06
    I: 403b09
    I: 403b0c
    I: 403b0f
    I: 403b12
    I: 403b15
    I: 403b18
    I: 403b1a
    I: 403b1c
    I: 403b1e (flow 403b29)
      Successors: 403b29, 403b24
  BB: 4052ae in func 401740 with 1 insts
    I: 4052ae (flow 405ae3)
      Successors: 405ae3
  BB: 4052b3 in func 401740 with 3 insts
    I: 4052b3
    I: 4052b9
    I: 4052bb (flow 4052c6)
      Successors: 4052c1, 4052c6
  BB: 405ab3 in func 401740 with 1 insts
    I: 405ab3 (flow 404b15)
      Successors: 404b15
  BB: 405ab8 in func 401740 with 1 insts
    I: 405ab8 (flow 404bc5)
      Successors: 404bc5
  BB: 4042b9 in func 401740 with 1 insts
    I: 4042b9 (flow 405a10)
      Successors: 405a10
  BB: 405abd in func 401740 with 1 insts
    I: 405abd (flow 404cfe)
      Successors: 404cfe
  BB: 4042be in func 401740 with 1 insts
    I: 4042be (flow 404484)
      Successors: 404484
  BB: 4052c1 in func 401740 with 1 insts
    I: 4052c1 (flow 40531c)
      Successors: 40531c
  BB: 405ac2 in func 401740 with 3 insts
    I: 405ac2
    I: 405ac9
    I: 405acf (flow 404e9f)
      Successors: 404e9f
  BB: 4042c3 in func 401740 with 6 insts
    I: 4042c3
    I: 4042ca
    I: 4042d1
    I: 4042d5
    I: 4042d9
    I: 4042dd (flow 4042f2)
      Successors: 4042f2, 4042e3
  BB: 4052c6 in func 401740 with 3 insts
    I: 4052c6
    I: 4052cd
    I: 4052d0 (flow 40530a)
      Successors: 40530a, 4052d6
  BB: 4022cc in func 401740 with 1 insts
    I: 4022cc (flow 4057c3)
      Successors: 4057c3
  BB: 4022d1 in func 401740 with 3 insts
    I: 4022d1
    I: 4022d7
    I: 4022d9 (flow 4022e4)
      Successors: 4022e4, 4022df
  BB: 405ad4 in func 401740 with 1 insts
    I: 405ad4 (flow 404f35)
      Successors: 404f35
  BB: 4052d6 in func 401740 with 3 insts
    I: 4052d6
    I: 4052dd
    I: 4052e1 (flow 40530a)
      Successors: 40530a, 4052e7
  BB: 405ad9 in func 401740 with 1 insts
    I: 405ad9 (flow 405034)
      Successors: 405034
  BB: 405ade in func 401740 with 1 insts
    I: 405ade (flow 40510a)
      Successors: 40510a
  BB: 4022df in func 401740 with 1 insts
    I: 4022df (flow 4023e4)
      Successors: 4023e4
  BB: 4032e1 in func 401740 with 1 insts
    I: 4032e1 (flow 405983)
      Successors: 405983
  BB: 4042e3 in func 401740 with 3 insts
    I: 4042e3
    I: 4042e7
    I: 4042ed (flow 4043f3)
      Successors: 4043f3
  BB: 4022e4 in func 401740 with 20 insts
    I: 4022e4 (imm 409034)
    I: 4022eb
    I: 4022ed (imm 409050)
    I: 4022f4
    I: 4022f6
    I: 4022f8
    I: 4022fe
    I: 402301
    I: 402307
    I: 40230a
    I: 40230d
    I: 402310
    I: 402313
    I: 402316
    I: 402319
    I: 40231b
    I: 40231d
    I: 40231f
    I: 402321
    I: 402323 (flow 40232e)
      Successors: 402329, 40232e
  BB: 405ae3 in func 401740 with 10 insts
    I: 405ae3
    I: 405aea
    I: 405af1
    I: 405af8
    I: 405aff
    I: 405b03
    I: 405b07
    I: 405b0b
    I: 405b0f (flow 405db0)
    I: 405b14 (flow 405234)
      Successors: 405234
  BB: 4032e6 in func 401740 with 38 insts
    I: 4032e6
    I: 4032ed
    I: 4032f4 (imm 409034)
    I: 4032fb
    I: 4032fd (imm 409050)
    I: 403304
    I: 403306
    I: 403308
    I: 40330b
    I: 40330d
    I: 40330f
    I: 403312
    I: 403315
    I: 403318
    I: 40331c
    I: 40331f
    I: 403323
    I: 403326
    I: 403329
    I: 40332c
    I: 403330
    I: 403332
    I: 403335
    I: 403337
    I: 403339
    I: 40333c
    I: 40333f
    I: 403343
    I: 403346
    I: 403349
    I: 40334c
    I: 40334f
    I: 403352
    I: 403355
    I: 403358
    I: 40335a
    I: 40335c
    I: 40335e (flow 403369)
      Successors: 403369, 403364
  BB: 4052e7 in func 401740 with 3 insts
    I: 4052e7
    I: 4052ee
    I: 4052f2 (flow 40530a)
      Successors: 4052f8, 40530a
  BB: 401aea in func 401740 with 1 insts
    I: 401aea (flow 405787)
      Successors: 405787
  BB: 401aef in func 401740 with 3 insts
    I: 401aef
    I: 401af5
    I: 401af7 (flow 401b02)
      Successors: 401b02, 401afd
  BB: 4042f2 in func 401740 with 36 insts
    I: 4042f2 (imm 409034)
    I: 4042f9
    I: 4042fb (imm 409050)
    I: 404302
    I: 404304
    I: 404306
    I: 404309
    I: 40430b
    I: 40430d
    I: 404310
    I: 404313
    I: 404316
    I: 40431a
    I: 40431d
    I: 404321
    I: 404324
    I: 404327
    I: 40432a
    I: 40432e
    I: 404330
    I: 404333
    I: 404335
    I: 404337
    I: 40433a
    I: 40433d
    I: 404341
    I: 404344
    I: 404347
    I: 40434a
    I: 40434d
    I: 404350
    I: 404353
    I: 404356
    I: 404358
    I: 40435a
    I: 40435c (flow 404367)
      Successors: 404362, 404367
  BB: 4052f8 in func 401740 with 3 insts
    I: 4052f8
    I: 4052ff
    I: 405305 (flow 405635)
      Successors: 405635
  BB: 401afd in func 401740 with 1 insts
    I: 401afd (flow 401bd8)
      Successors: 401bd8
  BB: 401b02 in func 401740 with 36 insts
    I: 401b02 (imm 409034)
    I: 401b09
    I: 401b0b (imm 409050)
    I: 401b12
    I: 401b14
    I: 401b16
    I: 401b1c
    I: 401b1f
    I: 401b25
    I: 401b28
    I: 401b2b
    I: 401b2e
    I: 401b32
    I: 401b35
    I: 401b39
    I: 401b3c
    I: 401b3f
    I: 401b42
    I: 401b46
    I: 401b48
    I: 401b4b
    I: 401b4d
    I: 401b4f
    I: 401b52
    I: 401b55
    I: 401b59
    I: 401b5c
    I: 401b5f
    I: 401b62
    I: 401b65
    I: 401b68
    I: 401b6b
    I: 401b6e
    I: 401b70
    I: 401b72
    I: 401b74 (flow 401b7f)
      Successors: 401b7a, 401b7f
  BB: 40530a in func 401740 with 3 insts
    I: 40530a
    I: 405311
    I: 405317 (flow 405635)
      Successors: 405635
  BB: 404b10 in func 401740 with 1 insts
    I: 404b10 (flow 405ab3)
      Successors: 405ab3
  BB: 404b15 in func 401740 with 20 insts
    I: 404b15 (imm 409034)
    I: 404b1c
    I: 404b1e (imm 409050)
    I: 404b25
    I: 404b27
    I: 404b29
    I: 404b2f
    I: 404b32
    I: 404b38
    I: 404b3b
    I: 404b3e
    I: 404b41
    I: 404b44
    I: 404b47
    I: 404b4a
    I: 404b4c
    I: 404b4e
    I: 404b50
    I: 404b52
    I: 404b54 (flow 404b5f)
      Successors: 404b5a, 404b5f
  BB: 405b19 in func 401740 with 10 insts
    I: 405b19
    I: 405b20
    I: 405b27
    I: 405b2e
    I: 405b35
    I: 405b39
    I: 405b3d
    I: 405b41
    I: 405b45 (flow 405db0)
    I: 405b4a (flow 405366)
      Successors: 405366
  BB: 40531c in func 401740 with 20 insts
    I: 40531c (imm 409034)
    I: 405323
    I: 405325 (imm 409050)
    I: 40532c
    I: 40532e
    I: 405330
    I: 405336
    I: 405339
    I: 40533f
    I: 405342
    I: 405345
    I: 405348
    I: 40534b
    I: 40534e
    I: 405351
    I: 405353
    I: 405355
    I: 405357
    I: 405359
    I: 40535b (flow 405366)
      Successors: 405361, 405366
  BB: 402b1f in func 401740 with 1 insts
    I: 402b1f (flow 4058e8)
      Successors: 4058e8
  BB: 402b24 in func 401740 with 1 insts
    I: 402b24 (flow 402b36)
      Successors: 402b36
  BB: 403b24 in func 401740 with 1 insts
    I: 403b24 (flow 4059c8)
      Successors: 4059c8
  BB: 402329 in func 401740 with 1 insts
    I: 402329 (flow 4057c8)
      Successors: 4057c8
  BB: 402b29 in func 401740 with 2 insts
    I: 402b29
    I: 402b30
      Successors: 402b36
  BB: 403b29 in func 401740 with 3 insts
    I: 403b29
    I: 403b2f
    I: 403b31 (flow 403b3c)
      Successors: 403b3c, 403b37
  BB: 40232e in func 401740 with 47 insts
    I: 40232e
    I: 402335
    I: 40233c
    I: 402343
    I: 40234a
    I: 40234e
    I: 402352
    I: 402356
    I: 40235a (flow 405b70)
    I: 40235f
    I: 402366
    I: 40236a (imm 409034)
    I: 402371
    I: 402373 (imm 409050)
    I: 40237a
    I: 40237c
    I: 40237e
    I: 402381
    I: 402383
    I: 402385
    I: 402388
    I: 40238b
    I: 40238e
    I: 402392
    I: 402395
    I: 402399
    I: 40239c
    I: 40239f
    I: 4023a2
    I: 4023a6
    I: 4023a8
    I: 4023ab
    I: 4023ad
    I: 4023af
    I: 4023b2
    I: 4023b5
    I: 4023b9
    I: 4023bc
    I: 4023bf
    I: 4023c2
    I: 4023c5
    I: 4023c8
    I: 4023cb
    I: 4023ce
    I: 4023d0
    I: 4023d2
    I: 4023d4 (flow 4023df)
      Successors: 4023da, 4023df
  BB: 402b36 in func 401740 with 1 insts
    I: 402b36 (flow 402b77)
      Successors: 402b77
  BB: 403b37 in func 401740 with 1 insts
    I: 403b37 (flow 403b4e)
      Successors: 403b4e
  BB: 402b3b in func 401740 with 12 insts
    I: 402b3b
    I: 402b42
    I: 402b49
    I: 402b50
    I: 402b57
    I: 402b5b
    I: 402b5f
    I: 402b63
    I: 402b67 (flow 405db0)
    I: 402b6c
    I: 402b6e
    I: 402b75
      Successors: 402b77
  BB: 403b3c in func 401740 with 3 insts
    I: 403b3c
    I: 403b43
    I: 403b49 (flow 405635)
      Successors: 405635
  BB: 403b4e in func 401740 with 36 insts
    I: 403b4e (imm 409034)
    I: 403b55
    I: 403b57 (imm 409050)
    I: 403b5e
    I: 403b60
    I: 403b62
    I: 403b68
    I: 403b6b
    I: 403b71
    I: 403b74
    I: 403b77
    I: 403b7a
    I: 403b7e
    I: 403b81
    I: 403b85
    I: 403b88
    I: 403b8b
    I: 403b8e
    I: 403b92
    I: 403b94
    I: 403b97
    I: 403b99
    I: 403b9b
    I: 403b9e
    I: 403ba1
    I: 403ba5
    I: 403ba8
    I: 403bab
    I: 403bae
    I: 403bb1
    I: 403bb4
    I: 403bb7
    I: 403bba
    I: 403bbc
    I: 403bbe
    I: 403bc0 (flow 403bcb)
      Successors: 403bcb, 403bc6
  BB: 405b4f in func 401740 with 3 insts
    I: 405b4f
    I: 405b56
    I: 405b5c (flow 4054af)
      Successors: 4054af
  BB: 404b5a in func 401740 with 1 insts
    I: 404b5a (flow 405ab3)
      Successors: 405ab3
  BB: 404b5f in func 401740 with 1 insts
    I: 404b5f (flow 404b64)
      Successors: 404b64
  BB: 405361 in func 401740 with 1 insts
    I: 405361 (flow 405b19)
      Successors: 405b19
  BB: 404362 in func 401740 with 1 insts
    I: 404362 (flow 405a1f)
      Successors: 405a1f
  BB: 405b61 in func 401740 with 1 insts
    I: 405b61 (flow 4055ae)
      Successors: 4055ae
  BB: 403364 in func 401740 with 1 insts
    I: 403364 (flow 405983)
      Successors: 405983
  BB: 404b64 in func 401740 with 1 insts
    I: 404b64 (flow 405531)
      Successors: 405531
  BB: 405366 in func 401740 with 32 insts
    I: 405366
    I: 40536d
    I: 405374
    I: 40537b
    I: 405382
    I: 405386
    I: 40538a
    I: 40538e
    I: 405392 (flow 405db0)
    I: 405397
    I: 40539a
    I: 40539d
    I: 4053a3 (imm 409034)
    I: 4053aa
    I: 4053ac (imm 409050)
    I: 4053b3
    I: 4053b5
    I: 4053b7
    I: 4053bd
    I: 4053c0
    I: 4053c6
    I: 4053c9
    I: 4053cc
    I: 4053cf
    I: 4053d2
    I: 4053d5
    I: 4053d8
    I: 4053da
    I: 4053dc
    I: 4053de
    I: 4053e0
    I: 4053e2 (flow 4053ed)
      Successors: 4053e8, 4053ed
  BB: 404367 in func 401740 with 38 insts
    I: 404367
    I: 40436b
    I: 404371 (imm 409034)
    I: 404378
    I: 40437a (imm 409050)
    I: 404381
    I: 404383
    I: 404385
    I: 40438b
    I: 40438e
    I: 404394
    I: 404397
    I: 40439a
    I: 40439d
    I: 4043a1
    I: 4043a4
    I: 4043a8
    I: 4043ab
    I: 4043ae
    I: 4043b1
    I: 4043b5
    I: 4043b7
    I: 4043ba
    I: 4043bc
    I: 4043be
    I: 4043c1
    I: 4043c4
    I: 4043c8
    I: 4043cb
    I: 4043ce
    I: 4043d1
    I: 4043d4
    I: 4043d7
    I: 4043da
    I: 4043dd
    I: 4043df
    I: 4043e1
    I: 4043e3 (flow 4043ee)
      Successors: 4043e9, 4043ee
  BB: 405b66 in func 401740 with 1 insts
    I: 405b66
      No successors
  BB: 403369 in func 401740 with 1 insts
    I: 403369 (flow 40337c)
      Successors: 40337c
  BB: 404b69 in func 401740 with 3 insts
    I: 404b69
    I: 404b6d
    I: 404b70 (flow 404b83)
      Successors: 404b83, 404b76
  BB: 40336e in func 401740 with 2 insts
    I: 40336e
    I: 403375
      Successors: 40337c
  BB: 404b76 in func 401740 with 3 insts
    I: 404b76
    I: 404b7a
    I: 404b7d (flow 404c6a)
      Successors: 404c6a, 404b83
  BB: 402b77 in func 401740 with 20 insts
    I: 402b77 (imm 409034)
    I: 402b7e
    I: 402b80 (imm 409050)
    I: 402b87
    I: 402b89
    I: 402b8b
    I: 402b91
    I: 402b94
    I: 402b9a
    I: 402b9d
    I: 402ba0
    I: 402ba3
    I: 402ba6
    I: 402ba9
    I: 402bac
    I: 402bae
    I: 402bb0
    I: 402bb2
    I: 402bb4
    I: 402bb6 (flow 402bc1)
      Successors: 402bc1, 402bbc
  BB: 401b7a in func 401740 with 1 insts
    I: 401b7a (flow 40578c)
      Successors: 40578c
  BB: 40337c in func 401740 with 36 insts
    I: 40337c (imm 409034)
    I: 403383
    I: 403385 (imm 409050)
    I: 40338c
    I: 40338e
    I: 403390
    I: 403396
    I: 403399
    I: 40339f
    I: 4033a2
    I: 4033a5
    I: 4033a8
    I: 4033ac
    I: 4033af
    I: 4033b3
    I: 4033b6
    I: 4033b9
    I: 4033bc
    I: 4033c0
    I: 4033c2
    I: 4033c5
    I: 4033c7
    I: 4033c9
    I: 4033cc
    I: 4033cf
    I: 4033d3
    I: 4033d6
    I: 4033d9
    I: 4033dc
    I: 4033df
    I: 4033e2
    I: 4033e5
    I: 4033e8
    I: 4033ea
    I: 4033ec
    I: 4033ee (flow 4033f9)
      Successors: 4033f9, 4033f4
  BB: 401b7f in func 401740 with 22 insts
    I: 401b7f
    I: 401b83
    I: 401b89 (imm 409034)
    I: 401b90
    I: 401b92 (imm 409050)
    I: 401b99
    I: 401b9b
    I: 401b9d
    I: 401ba3
    I: 401ba6
    I: 401bac
    I: 401baf
    I: 401bb2
    I: 401bb5
    I: 401bb8
    I: 401bbb
    I: 401bbe
    I: 401bc0
    I: 401bc2
    I: 401bc4
    I: 401bc6
    I: 401bc8 (flow 401bd3)
      Successors: 401bd3, 401bce
  BB: 404b83 in func 401740 with 20 insts
    I: 404b83 (imm 409034)
    I: 404b8a
    I: 404b8c (imm 409050)
    I: 404b93
    I: 404b95
    I: 404b97
    I: 404b9a
    I: 404b9c
    I: 404b9e
    I: 404ba1
    I: 404ba4
    I: 404ba7
    I: 404baa
    I: 404bad
    I: 404bb0
    I: 404bb2
    I: 404bb4
    I: 404bb6
    I: 404bb8
    I: 404bba (flow 404bc5)
      Successors: 404bc0, 404bc5
  BB: 402bbc in func 401740 with 1 insts
    I: 402bbc (flow 4058fa)
      Successors: 4058fa
  BB: 404bc0 in func 401740 with 1 insts
    I: 404bc0 (flow 405ab8)
      Successors: 405ab8
  BB: 402bc1 in func 401740 with 28 insts
    I: 402bc1
    I: 402bc8
    I: 402bcf
    I: 402bd3
    I: 402bd7
    I: 402bda
    I: 402bdd
    I: 402bdf
    I: 402be5 (imm 409034)
    I: 402bec
    I: 402bee (imm 409050)
    I: 402bf5
    I: 402bf7
    I: 402bf9
    I: 402bfc
    I: 402bfe
    I: 402c00
    I: 402c03
    I: 402c06
    I: 402c09
    I: 402c0c
    I: 402c0f
    I: 402c12
    I: 402c14
    I: 402c16
    I: 402c18
    I: 402c1a
    I: 402c1c (flow 402c27)
      Successors: 402c22, 402c27
  BB: 404bc5 in func 401740 with 40 insts
    I: 404bc5
    I: 404bc9
    I: 404bcc
    I: 404bcf
    I: 404bd5 (imm 409034)
    I: 404bdc
    I: 404bde (imm 409050)
    I: 404be5
    I: 404be7
    I: 404be9
    I: 404bec
    I: 404bee
    I: 404bf0
    I: 404bf3
    I: 404bf6
    I: 404bf9
    I: 404bfd
    I: 404c00
    I: 404c04
    I: 404c07
    I: 404c0a
    I: 404c0d
    I: 404c11
    I: 404c13
    I: 404c16
    I: 404c18
    I: 404c1a
    I: 404c1d
    I: 404c20
    I: 404c24
    I: 404c27
    I: 404c2a
    I: 404c2d
    I: 404c30
    I: 404c33
    I: 404c36
    I: 404c39
    I: 404c3b
    I: 404c3d
    I: 404c3f (flow 404c4a)
      Successors: 404c4a, 404c45
  BB: 403bc6 in func 401740 with 1 insts
    I: 403bc6 (flow 4059cd)
      Successors: 4059cd
  BB: 403bcb in func 401740 with 22 insts
    I: 403bcb
    I: 403bd2
    I: 403bd8 (imm 409034)
    I: 403bdf
    I: 403be1 (imm 409050)
    I: 403be8
    I: 403bea
    I: 403bec
    I: 403bef
    I: 403bf1
    I: 403bf3
    I: 403bf6
    I: 403bf9
    I: 403bfc
    I: 403bff
    I: 403c02
    I: 403c05
    I: 403c07
    I: 403c09
    I: 403c0b
    I: 403c0d
    I: 403c0f (flow 403c1a)
      Successors: 403c1a, 403c15
  BB: 401bce in func 401740 with 1 insts
    I: 401bce (flow 40578c)
      Successors: 40578c
  BB: 401bd3 in func 401740 with 1 insts
    I: 401bd3 (flow 401e07)
      Successors: 401e07
  BB: 401bd8 in func 401740 with 20 insts
    I: 401bd8 (imm 409034)
    I: 401bdf
    I: 401be1 (imm 409050)
    I: 401be8
    I: 401bea
    I: 401bec
    I: 401bf2
    I: 401bf5
    I: 401bfb
    I: 401bfe
    I: 401c01
    I: 401c04
    I: 401c07
    I: 401c0a
    I: 401c0d
    I: 401c0f
    I: 401c11
    I: 401c13
    I: 401c15
    I: 401c17 (flow 401c22)
      Successors: 401c22, 401c1d
  BB: 4023da in func 401740 with 1 insts
    I: 4023da (flow 4057c8)
      Successors: 4057c8
  BB: 4023df in func 401740 with 1 insts
    I: 4023df (flow 4023e4)
      Successors: 4023e4
  BB: 4023e4 in func 401740 with 20 insts
    I: 4023e4 (imm 409034)
    I: 4023eb
    I: 4023ed (imm 409050)
    I: 4023f4
    I: 4023f6
    I: 4023f8
    I: 4023fe
    I: 402401
    I: 402407
    I: 40240a
    I: 40240d
    I: 402410
    I: 402413
    I: 402416
    I: 402419
    I: 40241b
    I: 40241d
    I: 40241f
    I: 402421
    I: 402423 (flow 40242e)
      Successors: 402429, 40242e
  BB: 4053e8 in func 401740 with 1 insts
    I: 4053e8 (flow 405b19)
      Successors: 405b19
  BB: 4043e9 in func 401740 with 1 insts
    I: 4043e9 (flow 405a1f)
      Successors: 405a1f
  BB: 4053ed in func 401740 with 3 insts
    I: 4053ed
    I: 4053f3
    I: 4053f5 (flow 405400)
      Successors: 405400, 4053fb
  BB: 4043ee in func 401740 with 1 insts
    I: 4043ee (flow 4043f3)
      Successors: 4043f3
  BB: 4043f3 in func 401740 with 20 insts
    I: 4043f3 (imm 409034)
    I: 4043fa
    I: 4043fc (imm 409050)
    I: 404403
    I: 404405
    I: 404407
    I: 40440d
    I: 404410
    I: 404416
    I: 404419
    I: 40441c
    I: 40441f
    I: 404422
    I: 404425
    I: 404428
    I: 40442a
    I: 40442c
    I: 40442e
    I: 404430
    I: 404432 (flow 40443d)
      Successors: 404438, 40443d
  BB: 4033f4 in func 401740 with 1 insts
    I: 4033f4 (flow 405996)
      Successors: 405996
  BB: 4033f9 in func 401740 with 20 insts
    I: 4033f9 (imm 409034)
    I: 403400
    I: 403402 (imm 409050)
    I: 403409
    I: 40340b
    I: 40340d
    I: 403410
    I: 403412
    I: 403414
    I: 403417
    I: 40341a
    I: 40341d
    I: 403420
    I: 403423
    I: 403426
    I: 403428
    I: 40342a
    I: 40342c
    I: 40342e
    I: 403430 (flow 40343b)
      Successors: 40343b, 403436
  BB: 4053fb in func 401740 with 1 insts
    I: 4053fb (flow 40551d)
      Successors: 40551d
  BB: 405400 in func 401740 with 3 insts
    I: 405400
    I: 405407
    I: 40540a (flow 40550b)
      Successors: 405410, 40550b
  BB: 405410 in func 401740 with 3 insts
    I: 405410
    I: 405417
    I: 40541b (flow 40550b)
      Successors: 405421, 40550b
  BB: 403c15 in func 401740 with 1 insts
    I: 403c15 (flow 4059cd)
      Successors: 4059cd
  BB: 403c1a in func 401740 with 1 insts
    I: 403c1a (flow 405635)
      Successors: 405635
  BB: 401c1d in func 401740 with 1 insts
    I: 401c1d (flow 40579b)
      Successors: 40579b
  BB: 403c1f in func 401740 with 36 insts
    I: 403c1f (imm 409034)
    I: 403c26
    I: 403c28 (imm 409050)
    I: 403c2f
    I: 403c31
    I: 403c33
    I: 403c39
    I: 403c3c
    I: 403c42
    I: 403c45
    I: 403c48
    I: 403c4b
    I: 403c4f
    I: 403c52
    I: 403c56
    I: 403c59
    I: 403c5c
    I: 403c5f
    I: 403c63
    I: 403c65
    I: 403c68
    I: 403c6a
    I: 403c6c
    I: 403c6f
    I: 403c72
    I: 403c76
    I: 403c79
    I: 403c7c
    I: 403c7f
    I: 403c82
    I: 403c85
    I: 403c88
    I: 403c8b
    I: 403c8d
    I: 403c8f
    I: 403c91 (flow 403c9c)
      Successors: 403c9c, 403c97
  BB: 405421 in func 401740 with 3 insts
    I: 405421
    I: 405428
    I: 40542c (flow 40550b)
      Successors: 405432, 40550b
  BB: 401c22 in func 401740 with 42 insts
    I: 401c22
    I: 401c29
    I: 401c30
    I: 401c34
    I: 401c38
    I: 401c3b
    I: 401c41 (imm 409034)
    I: 401c48
    I: 401c4a (imm 409050)
    I: 401c51
    I: 401c53
    I: 401c55
    I: 401c5b
    I: 401c5e
    I: 401c64
    I: 401c67
    I: 401c6a
    I: 401c6d
    I: 401c71
    I: 401c74
    I: 401c78
    I: 401c7b
    I: 401c7e
    I: 401c81
    I: 401c85
    I: 401c87
    I: 401c8a
    I: 401c8c
    I: 401c8e
    I: 401c91
    I: 401c94
    I: 401c98
    I: 401c9b
    I: 401c9e
    I: 401ca1
    I: 401ca4
    I: 401ca7
    I: 401caa
    I: 401cad
    I: 401caf
    I: 401cb1
    I: 401cb3 (flow 401cbe)
      Successors: 401cb9, 401cbe
  BB: 402c22 in func 401740 with 1 insts
    I: 402c22 (flow 4058fa)
      Successors: 4058fa
  BB: 402c27 in func 401740 with 3 insts
    I: 402c27
    I: 402c2d
    I: 402c2f (flow 402c3a)
      Successors: 402c3a, 402c35
  BB: 402429 in func 401740 with 1 insts
    I: 402429 (flow 405809)
      Successors: 405809
  BB: 40242e in func 401740 with 28 insts
    I: 40242e
    I: 402435
    I: 40243c
    I: 402440
    I: 402444
    I: 402447
    I: 40244a
    I: 40244c
    I: 402452 (imm 409034)
    I: 402459
    I: 40245b (imm 409050)
    I: 402462
    I: 402464
    I: 402466
    I: 402469
    I: 40246b
    I: 40246d
    I: 402470
    I: 402473
    I: 402476
    I: 402479
    I: 40247c
    I: 40247f
    I: 402481
    I: 402483
    I: 402485
    I: 402487
    I: 402489 (flow 402494)
      Successors: 402494, 40248f
  BB: 405432 in func 401740 with 36 insts
    I: 405432 (imm 409034)
    I: 405439
    I: 40543b (imm 409050)
    I: 405442
    I: 405444
    I: 405446
    I: 40544c
    I: 40544f
    I: 405455
    I: 405458
    I: 40545b
    I: 40545e
    I: 405462
    I: 405465
    I: 405469
    I: 40546c
    I: 40546f
    I: 405472
    I: 405476
    I: 405478
    I: 40547b
    I: 40547d
    I: 40547f
    I: 405482
    I: 405485
    I: 405489
    I: 40548c
    I: 40548f
    I: 405492
    I: 405495
    I: 405498
    I: 40549b
    I: 40549e
    I: 4054a0
    I: 4054a2
    I: 4054a4 (flow 4054af)
      Successors: 4054aa, 4054af
  BB: 402c35 in func 401740 with 1 insts
    I: 402c35 (flow 40304d)
      Successors: 40304d
  BB: 403436 in func 401740 with 1 insts
    I: 403436 (flow 405996)
      Successors: 405996
  BB: 404438 in func 401740 with 1 insts
    I: 404438 (flow 405a2e)
      Successors: 405a2e
  BB: 402c3a in func 401740 with 36 insts
    I: 402c3a (imm 409034)
    I: 402c41
    I: 402c43 (imm 409050)
    I: 402c4a
    I: 402c4c
    I: 402c4e
    I: 402c54
    I: 402c57
    I: 402c5d
    I: 402c60
    I: 402c63
    I: 402c66
    I: 402c6a
    I: 402c6d
    I: 402c71
    I: 402c74
    I: 402c77
    I: 402c7a
    I: 402c7e
    I: 402c80
    I: 402c83
    I: 402c85
    I: 402c87
    I: 402c8a
    I: 402c8d
    I: 402c91
    I: 402c94
    I: 402c97
    I: 402c9a
    I: 402c9d
    I: 402ca0
    I: 402ca3
    I: 402ca6
    I: 402ca8
    I: 402caa
    I: 402cac (flow 402cb7)
      Successors: 402cb2, 402cb7
  BB: 40343b in func 401740 with 1 insts
    I: 40343b (flow 40347d)
      Successors: 40347d
  BB: 40443d in func 401740 with 20 insts
    I: 40443d (imm 409034)
    I: 404444
    I: 404446 (imm 409050)
    I: 40444d
    I: 40444f
    I: 404451
    I: 404454
    I: 404456
    I: 404458
    I: 40445b
    I: 40445e
    I: 404461
    I: 404464
    I: 404467
    I: 40446a
    I: 40446c
    I: 40446e
    I: 404470
    I: 404472
    I: 404474 (flow 40447f)
      Successors: 40447a, 40447f
  BB: 403440 in func 401740 with 12 insts
    I: 403440
    I: 403447
    I: 40344e
    I: 403455
    I: 40345c
    I: 403460
    I: 403464
    I: 403468
    I: 40346c (flow 405db0)
    I: 403471
    I: 403473
    I: 40347a
      Successors: 40347d
  BB: 404c45 in func 401740 with 1 insts
    I: 404c45 (flow 405ab8)
      Successors: 405ab8
  BB: 404c4a in func 401740 with 3 insts
    I: 404c4a
    I: 404c50
    I: 404c52 (flow 404c5d)
      Successors: 404c58, 404c5d
  BB: 404c58 in func 401740 with 1 insts
    I: 404c58 (flow 4050ae)
      Successors: 4050ae
  BB: 404c5d in func 401740 with 3 insts
    I: 404c5d
    I: 404c61
    I: 404c64 (flow 4050ae)
      Successors: 404c6a, 4050ae
  BB: 404c6a in func 401740 with 11 insts
    I: 404c6a
    I: 404c71
    I: 404c78
    I: 404c7f
    I: 404c86
    I: 404c8a
    I: 404c8e
    I: 404c92
    I: 404c96 (flow 405db0)
    I: 404c9b
    I: 404c9e (flow 404dd7)
      Successors: 404ca4, 404dd7
  BB: 40447a in func 401740 with 1 insts
    I: 40447a (flow 405a2e)
      Successors: 405a2e
  BB: 40347d in func 401740 with 5 insts
    I: 40347d
    I: 403484
    I: 40348b
    I: 40348f
    I: 403493 (flow 4034a4)
      Successors: 403499, 4034a4
  BB: 40447f in func 401740 with 1 insts
    I: 40447f (flow 404484)
      Successors: 404484
  BB: 404484 in func 401740 with 5 insts
    I: 404484
    I: 404488
    I: 40448f
    I: 404492
    I: 404494 (flow 404560)
      Successors: 404560, 40449a
  BB: 40248f in func 401740 with 1 insts
    I: 40248f (flow 405809)
      Successors: 405809
  BB: 402494 in func 401740 with 3 insts
    I: 402494
    I: 40249a
    I: 40249c (flow 4024a7)
      Successors: 4024a2, 4024a7
  BB: 403c97 in func 401740 with 1 insts
    I: 403c97 (flow 4059df)
      Successors: 4059df
  BB: 403499 in func 401740 with 1 insts
    I: 403499 (flow 4034a4)
      Successors: 4034a4, 40349f
  BB: 40449a in func 401740 with 3 insts
    I: 40449a
    I: 40449e
    I: 4044a1 (flow 404560)
      Successors: 404560, 4044a7
  BB: 403c9c in func 401740 with 40 insts
    I: 403c9c
    I: 403ca3
    I: 403ca6
    I: 403ca9
    I: 403caf (imm 409034)
    I: 403cb6
    I: 403cb8 (imm 409050)
    I: 403cbf
    I: 403cc1
    I: 403cc3
    I: 403cc6
    I: 403cc8
    I: 403cca
    I: 403ccd
    I: 403cd0
    I: 403cd3
    I: 403cd7
    I: 403cda
    I: 403cde
    I: 403ce1
    I: 403ce4
    I: 403ce7
    I: 403ceb
    I: 403ced
    I: 403cf0
    I: 403cf2
    I: 403cf4
    I: 403cf7
    I: 403cfa
    I: 403cfe
    I: 403d01
    I: 403d04
    I: 403d07
    I: 403d0a
    I: 403d0d
    I: 403d10
    I: 403d13
    I: 403d15
    I: 403d17
    I: 403d19 (flow 403d24)
      Successors: 403d24, 403d1f
  BB: 40349f in func 401740 with 1 insts
    I: 40349f (flow 4036cb)
      Successors: 4036cb
  BB: 4024a2 in func 401740 with 1 insts
    I: 4024a2 (flow 4024e3)
      Successors: 4024e3
  BB: 4034a4 in func 401740 with 36 insts
    I: 4034a4 (imm 409034)
    I: 4034ab
    I: 4034ad (imm 409050)
    I: 4034b4
    I: 4034b6
    I: 4034b8
    I: 4034be
    I: 4034c1
    I: 4034c7
    I: 4034ca
    I: 4034cd
    I: 4034d0
    I: 4034d4
    I: 4034d7
    I: 4034db
    I: 4034de
    I: 4034e1
    I: 4034e4
    I: 4034e8
    I: 4034ea
    I: 4034ed
    I: 4034ef
    I: 4034f1
    I: 4034f4
    I: 4034f7
    I: 4034fb
    I: 4034fe
    I: 403501
    I: 403504
    I: 403507
    I: 40350a
    I: 40350d
    I: 403510
    I: 403512
    I: 403514
    I: 403516 (flow 403521)
      Successors: 403521, 40351c
  BB: 404ca4 in func 401740 with 3 insts
    I: 404ca4
    I: 404cab
    I: 404cae (flow 404dc5)
      Successors: 404cb4, 404dc5
  BB: 4024a7 in func 401740 with 11 insts
    I: 4024a7
    I: 4024ae
    I: 4024b5
    I: 4024bc
    I: 4024c3
    I: 4024c7
    I: 4024cb
    I: 4024cf
    I: 4024d3 (flow 405d40)
    I: 4024d8
    I: 4024df
      Successors: 4024e3
  BB: 4044a7 in func 401740 with 20 insts
    I: 4044a7 (imm 409034)
    I: 4044ae
    I: 4044b0 (imm 409050)
    I: 4044b7
    I: 4044b9
    I: 4044bb
    I: 4044be
    I: 4044c0
    I: 4044c2
    I: 4044c5
    I: 4044c8
    I: 4044cb
    I: 4044ce
    I: 4044d1
    I: 4044d4
    I: 4044d6
    I: 4044d8
    I: 4044da
    I: 4044dc
    I: 4044de (flow 4044e9)
      Successors: 4044e9, 4044e4
  BB: 4054aa in func 401740 with 1 insts
    I: 4054aa (flow 405b4f)
      Successors: 405b4f
  BB: 4054af in func 401740 with 22 insts
    I: 4054af
    I: 4054b6
    I: 4054bc (imm 409034)
    I: 4054c3
    I: 4054c5 (imm 409050)
    I: 4054cc
    I: 4054ce
    I: 4054d0
    I: 4054d6
    I: 4054d9
    I: 4054df
    I: 4054e2
    I: 4054e5
    I: 4054e8
    I: 4054eb
    I: 4054ee
    I: 4054f1
    I: 4054f3
    I: 4054f5
    I: 4054f7
    I: 4054f9
    I: 4054fb (flow 405506)
      Successors: 405501, 405506
  BB: 402cb2 in func 401740 with 1 insts
    I: 402cb2 (flow 4058ff)
      Successors: 4058ff
  BB: 404cb4 in func 401740 with 20 insts
    I: 404cb4 (imm 409034)
    I: 404cbb
    I: 404cbd (imm 409050)
    I: 404cc4
    I: 404cc6
    I: 404cc8
    I: 404cce
    I: 404cd1
    I: 404cd7
    I: 404cda
    I: 404cdd
    I: 404ce0
    I: 404ce3
    I: 404ce6
    I: 404ce9
    I: 404ceb
    I: 404ced
    I: 404cef
    I: 404cf1
    I: 404cf3 (flow 404cfe)
      Successors: 404cf9, 404cfe
  BB: 402cb7 in func 401740 with 45 insts
    I: 402cb7
    I: 402cbe
    I: 402cc5
    I: 402ccc
    I: 402cd2
    I: 402cd6
    I: 402cda
    I: 402cde
    I: 402ce1
    I: 402ce7 (imm 409034)
    I: 402cee
    I: 402cf0 (imm 409050)
    I: 402cf7
    I: 402cf9
    I: 402cfb
    I: 402d01
    I: 402d04
    I: 402d0a
    I: 402d0d
    I: 402d10
    I: 402d13
    I: 402d17
    I: 402d1a
    I: 402d1e
    I: 402d21
    I: 402d24
    I: 402d27
    I: 402d2b
    I: 402d2d
    I: 402d30
    I: 402d32
    I: 402d34
    I: 402d37
    I: 402d3a
    I: 402d3e
    I: 402d41
    I: 402d44
    I: 402d47
    I: 402d4a
    I: 402d4d
    I: 402d50
    I: 402d53
    I: 402d55
    I: 402d57
    I: 402d59 (flow 402d64)
      Successors: 402d64, 402d5f
  BB: 401cb9 in func 401740 with 1 insts
    I: 401cb9 (flow 40579b)
      Successors: 40579b
  BB: 401cbe in func 401740 with 3 insts
    I: 401cbe
    I: 401cc4
    I: 401cc6 (flow 401cd1)
      Successors: 401cd1, 401ccc
  BB: 401ccc in func 401740 with 1 insts
    I: 401ccc (flow 401cfc)
      Successors: 401cfc
  BB: 401cd1 in func 401740 with 5 insts
    I: 401cd1
    I: 401cd8
    I: 401cdf
    I: 401ce3
    I: 401ce7 (flow 401cfc)
      Successors: 401cfc, 401ced
  BB: 4024e3 in func 401740 with 20 insts
    I: 4024e3 (imm 409034)
    I: 4024ea
    I: 4024ec (imm 409050)
    I: 4024f3
    I: 4024f5
    I: 4024f7
    I: 4024fa
    I: 4024fc
    I: 4024fe
    I: 402501
    I: 402504
    I: 402507
    I: 40250a
    I: 40250d
    I: 402510
    I: 402512
    I: 402514
    I: 402516
    I: 402518
    I: 40251a (flow 402525)
      Successors: 402520, 402525
  BB: 4044e4 in func 401740 with 1 insts
    I: 4044e4 (flow 405a33)
      Successors: 405a33
  BB: 4044e9 in func 401740 with 24 insts
    I: 4044e9
    I: 4044ed
    I: 4044f0
    I: 4044f3
    I: 4044f9 (imm 409034)
    I: 404500
    I: 404502 (imm 409050)
    I: 404509
    I: 40450b
    I: 40450d
    I: 404510
    I: 404512
    I: 404514
    I: 404517
    I: 40451a
    I: 40451d
    I: 404520
    I: 404523
    I: 404526
    I: 404528
    I: 40452a
    I: 40452c
    I: 40452e
    I: 404530 (flow 40453b)
      Successors: 40453b, 404536
  BB: 401ced in func 401740 with 3 insts
    I: 401ced
    I: 401cf1
    I: 401cf7 (flow 401e02)
      Successors: 401e02
  BB: 404cf9 in func 401740 with 1 insts
    I: 404cf9 (flow 405abd)
      Successors: 405abd
  BB: 401cfc in func 401740 with 5 insts
    I: 401cfc
    I: 401d03
    I: 401d0a
    I: 401d0e
    I: 401d12 (flow 401d3e)
      Successors: 401d18, 401d3e
  BB: 404cfe in func 401740 with 40 insts
    I: 404cfe
    I: 404d05
    I: 404d09
    I: 404d0c
    I: 404d12 (imm 409034)
    I: 404d19
    I: 404d1b (imm 409050)
    I: 404d22
    I: 404d24
    I: 404d26
    I: 404d2c
    I: 404d2f
    I: 404d35
    I: 404d38
    I: 404d3b
    I: 404d3e
    I: 404d42
    I: 404d45
    I: 404d49
    I: 404d4c
    I: 404d4f
    I: 404d52
    I: 404d56
    I: 404d58
    I: 404d5b
    I: 404d5d
    I: 404d5f
    I: 404d62
    I: 404d65
    I: 404d69
    I: 404d6c
    I: 404d6f
    I: 404d72
    I: 404d75
    I: 404d78
    I: 404d7b
    I: 404d7e
    I: 404d80
    I: 404d82
    I: 404d84 (flow 404d8f)
      Successors: 404d8a, 404d8f
  BB: 405501 in func 401740 with 1 insts
    I: 405501 (flow 405b4f)
      Successors: 405b4f
  BB: 405506 in func 401740 with 1 insts
    I: 405506 (flow 405635)
      Successors: 405635
  BB: 40550b in func 401740 with 3 insts
    I: 40550b
    I: 405512
    I: 405518 (flow 405635)
      Successors: 405635
  BB: 401d18 in func 401740 with 5 insts
    I: 401d18
    I: 401d1f
    I: 401d26
    I: 401d2a
    I: 401d2e (flow 401d3e)
      Successors: 401d34, 401d3e
  BB: 40351c in func 401740 with 1 insts
    I: 40351c (flow 40599b)
      Successors: 40599b
  BB: 40551d in func 401740 with 1 insts
    I: 40551d (flow 405522)
      Successors: 405522
  BB: 403d1f in func 401740 with 1 insts
    I: 403d1f (flow 4059df)
      Successors: 4059df
  BB: 402520 in func 401740 with 1 insts
    I: 402520 (flow 40580e)
      Successors: 40580e
  BB: 403521 in func 401740 with 44 insts
    I: 403521
    I: 403528
    I: 40352f
    I: 403533
    I: 403537
    I: 40353a
    I: 40353d
    I: 40353f
    I: 403545 (imm 409034)
    I: 40354c
    I: 40354e (imm 409050)
    I: 403555
    I: 403557
    I: 403559
    I: 40355f
    I: 403562
    I: 403568
    I: 40356b
    I: 40356e
    I: 403571
    I: 403575
    I: 403578
    I: 40357c
    I: 40357f
    I: 403582
    I: 403585
    I: 403589
    I: 40358b
    I: 40358e
    I: 403590
    I: 403592
    I: 403595
    I: 403598
    I: 40359c
    I: 40359f
    I: 4035a2
    I: 4035a5
    I: 4035a8
    I: 4035ab
    I: 4035ae
    I: 4035b1
    I: 4035b3
    I: 4035b5
    I: 4035b7 (flow 4035c2)
      Successors: 4035c2, 4035bd
  BB: 405522 in func 401740 with 1 insts
    I: 405522 (flow 405527)
      Successors: 405527
  BB: 403d24 in func 401740 with 3 insts
    I: 403d24
    I: 403d2a
    I: 403d2c (flow 403d37)
      Successors: 403d32, 403d37
  BB: 402525 in func 401740 with 28 insts
    I: 402525
    I: 40252c
    I: 402533
    I: 402537
    I: 40253b
    I: 40253e
    I: 402541
    I: 402543
    I: 402549 (imm 409034)
    I: 402550
    I: 402552 (imm 409050)
    I: 402559
    I: 40255b
    I: 40255d
    I: 402563
    I: 402566
    I: 40256c
    I: 40256f
    I: 402572
    I: 402575
    I: 402578
    I: 40257b
    I: 40257e
    I: 402580
    I: 402582
    I: 402584
    I: 402586
    I: 402588 (flow 402593)
      Successors: 402593, 40258e
  BB: 405527 in func 401740 with 1 insts
    I: 405527 (flow 40552c)
      Successors: 40552c
  BB: 40552c in func 401740 with 1 insts
    I: 40552c (flow 405531)
      Successors: 405531
  BB: 405531 in func 401740 with 36 insts
    I: 405531 (imm 409034)
    I: 405538
    I: 40553a (imm 409050)
    I: 405541
    I: 405543
    I: 405545
    I: 40554b
    I: 40554e
    I: 405554
    I: 405557
    I: 40555a
    I: 40555d
    I: 405561
    I: 405564
    I: 405568
    I: 40556b
    I: 40556e
    I: 405571
    I: 405575
    I: 405577
    I: 40557a
    I: 40557c
    I: 40557e
    I: 405581
    I: 405584
    I: 405588
    I: 40558b
    I: 40558e
    I: 405591
    I: 405594
    I: 405597
    I: 40559a
    I: 40559d
    I: 40559f
    I: 4055a1
    I: 4055a3 (flow 4055ae)
      Successors: 4055a9, 4055ae
  BB: 403d32 in func 401740 with 1 insts
    I: 403d32 (flow 40408e)
      Successors: 40408e
  BB: 401d34 in func 401740 with 2 insts
    I: 401d34
    I: 401d38
      Successors: 401d3e
  BB: 404536 in func 401740 with 1 insts
    I: 404536 (flow 405a33)
      Successors: 405a33
  BB: 403d37 in func 401740 with 20 insts
    I: 403d37 (imm 409034)
    I: 403d3e
    I: 403d40 (imm 409050)
    I: 403d47
    I: 403d49
    I: 403d4b
    I: 403d51
    I: 403d54
    I: 403d5a
    I: 403d5d
    I: 403d60
    I: 403d63
    I: 403d66
    I: 403d69
    I: 403d6c
    I: 403d6e
    I: 403d70
    I: 403d72
    I: 403d74
    I: 403d76 (flow 403d81)
      Successors: 403d81, 403d7c
  BB: 40453b in func 401740 with 3 insts
    I: 40453b
    I: 404541
    I: 404543 (flow 40454e)
      Successors: 404549, 40454e
  BB: 401d3e in func 401740 with 20 insts
    I: 401d3e (imm 409034)
    I: 401d45
    I: 401d47 (imm 409050)
    I: 401d4e
    I: 401d50
    I: 401d52
    I: 401d58
    I: 401d5b
    I: 401d61
    I: 401d64
    I: 401d67
    I: 401d6a
    I: 401d6d
    I: 401d70
    I: 401d73
    I: 401d75
    I: 401d77
    I: 401d79
    I: 401d7b
    I: 401d7d (flow 401d88)
      Successors: 401d88, 401d83
  BB: 404549 in func 401740 with 1 insts
    I: 404549 (flow 404560)
      Successors: 404560
  BB: 40454e in func 401740 with 3 insts
    I: 40454e
    I: 404555
    I: 40455b (flow 405635)
      Successors: 405635
  BB: 402d5f in func 401740 with 1 insts
    I: 402d5f (flow 4058ff)
      Successors: 4058ff
  BB: 404560 in func 401740 with 3 insts
    I: 404560
    I: 404567
    I: 40456d (flow 405635)
      Successors: 405635
  BB: 402d64 in func 401740 with 3 insts
    I: 402d64
    I: 402d6a
    I: 402d6c (flow 402d77)
      Successors: 402d72, 402d77
  BB: 402d72 in func 401740 with 1 insts
    I: 402d72 (flow 402e84)
      Successors: 402e84
  BB: 404572 in func 401740 with 1 insts
    I: 404572 (flow 404577)
      Successors: 404577
  BB: 402d77 in func 401740 with 36 insts
    I: 402d77 (imm 409034)
    I: 402d7e
    I: 402d80 (imm 409050)
    I: 402d87
    I: 402d89
    I: 402d8b
    I: 402d91
    I: 402d94
    I: 402d9a
    I: 402d9d
    I: 402da0
    I: 402da3
    I: 402da7
    I: 402daa
    I: 402dae
    I: 402db1
    I: 402db4
    I: 402db7
    I: 402dbb
    I: 402dbd
    I: 402dc0
    I: 402dc2
    I: 402dc4
    I: 402dc7
    I: 402dca
    I: 402dce
    I: 402dd1
    I: 402dd4
    I: 402dd7
    I: 402dda
    I: 402ddd
    I: 402de0
    I: 402de3
    I: 402de5
    I: 402de7
    I: 402de9 (flow 402df4)
      Successors: 402df4, 402def
  BB: 404577 in func 401740 with 1 insts
    I: 404577 (flow 40457c)
      Successors: 40457c
  BB: 403d7c in func 401740 with 1 insts
    I: 403d7c (flow 4059e4)
      Successors: 4059e4
  BB: 40457c in func 401740 with 1 insts
    I: 40457c (flow 405628)
      Successors: 405628
  BB: 403d81 in func 401740 with 26 insts
    I: 403d81
    I: 403d88
    I: 403d8f
    I: 403d93
    I: 403d97
    I: 403d9a
    I: 403da0 (imm 409034)
    I: 403da7
    I: 403da9 (imm 409050)
    I: 403db0
    I: 403db2
    I: 403db4
    I: 403db7
    I: 403db9
    I: 403dbb
    I: 403dbe
    I: 403dc1
    I: 403dc4
    I: 403dc7
    I: 403dca
    I: 403dcd
    I: 403dcf
    I: 403dd1
    I: 403dd3
    I: 403dd5
    I: 403dd7 (flow 403de2)
      Successors: 403de2, 403ddd
  BB: 404581 in func 401740 with 20 insts
    I: 404581 (imm 409034)
    I: 404588
    I: 40458a (imm 409050)
    I: 404591
    I: 404593
    I: 404595
    I: 40459b
    I: 40459e
    I: 4045a4
    I: 4045a7
    I: 4045aa
    I: 4045ad
    I: 4045b0
    I: 4045b3
    I: 4045b6
    I: 4045b8
    I: 4045ba
    I: 4045bc
    I: 4045be
    I: 4045c0 (flow 4045cb)
      Successors: 4045cb, 4045c6
  BB: 401d83 in func 401740 with 1 insts
    I: 401d83 (flow 4057a0)
      Successors: 4057a0
  BB: 401d88 in func 401740 with 36 insts
    I: 401d88 (imm 409034)
    I: 401d8f
    I: 401d91 (imm 409050)
    I: 401d98
    I: 401d9a
    I: 401d9c
    I: 401d9f
    I: 401da1
    I: 401da3
    I: 401da6
    I: 401da9
    I: 401dac
    I: 401db0
    I: 401db3
    I: 401db7
    I: 401dba
    I: 401dbd
    I: 401dc0
    I: 401dc4
    I: 401dc6
    I: 401dc9
    I: 401dcb
    I: 401dcd
    I: 401dd0
    I: 401dd3
    I: 401dd7
    I: 401dda
    I: 401ddd
    I: 401de0
    I: 401de3
    I: 401de6
    I: 401de9
    I: 401dec
    I: 401dee
    I: 401df0
    I: 401df2 (flow 401dfd)
      Successors: 401df8, 401dfd
  BB: 404d8a in func 401740 with 1 insts
    I: 404d8a (flow 405abd)
      Successors: 405abd
  BB: 40258e in func 401740 with 1 insts
    I: 40258e (flow 40580e)
      Successors: 40580e
  BB: 404d8f in func 401740 with 3 insts
    I: 404d8f
    I: 404d95
    I: 404d97 (flow 404da2)
      Successors: 404da2, 404d9d
  BB: 402593 in func 401740 with 3 insts
    I: 402593
    I: 402599
    I: 40259b (flow 4025a6)
      Successors: 4025a1, 4025a6
  BB: 404d9d in func 401740 with 1 insts
    I: 404d9d (flow 404dc5)
      Successors: 404dc5
  BB: 4025a1 in func 401740 with 1 insts
    I: 4025a1 (flow 4026ae)
      Successors: 4026ae
  BB: 404da2 in func 401740 with 3 insts
    I: 404da2
    I: 404da9
    I: 404dad (flow 404dc5)
      Successors: 404db3, 404dc5
  BB: 4025a6 in func 401740 with 36 insts
    I: 4025a6 (imm 409034)
    I: 4025ad
    I: 4025af (imm 409050)
    I: 4025b6
    I: 4025b8
    I: 4025ba
    I: 4025c0
    I: 4025c3
    I: 4025c9
    I: 4025cc
    I: 4025cf
    I: 4025d2
    I: 4025d6
    I: 4025d9
    I: 4025dd
    I: 4025e0
    I: 4025e3
    I: 4025e6
    I: 4025ea
    I: 4025ec
    I: 4025ef
    I: 4025f1
    I: 4025f3
    I: 4025f6
    I: 4025f9
    I: 4025fd
    I: 402600
    I: 402603
    I: 402606
    I: 402609
    I: 40260c
    I: 40260f
    I: 402612
    I: 402614
    I: 402616
    I: 402618 (flow 402623)
      Successors: 402623, 40261e
  BB: 4055a9 in func 401740 with 1 insts
    I: 4055a9 (flow 405b61)
      Successors: 405b61
  BB: 4055ae in func 401740 with 36 insts
    I: 4055ae (imm 409034)
    I: 4055b5
    I: 4055b7 (imm 409050)
    I: 4055be
    I: 4055c0
    I: 4055c2
    I: 4055c5
    I: 4055c7
    I: 4055c9
    I: 4055cc
    I: 4055cf
    I: 4055d2
    I: 4055d6
    I: 4055d9
    I: 4055dd
    I: 4055e0
    I: 4055e3
    I: 4055e6
    I: 4055ea
    I: 4055ec
    I: 4055ef
    I: 4055f1
    I: 4055f3
    I: 4055f6
    I: 4055f9
    I: 4055fd
    I: 405600
    I: 405603
    I: 405606
    I: 405609
    I: 40560c
    I: 40560f
    I: 405612
    I: 405614
    I: 405616
    I: 405618 (flow 405623)
      Successors: 405623, 40561e
  BB: 404db3 in func 401740 with 3 insts
    I: 404db3
    I: 404dba
    I: 404dc0 (flow 405635)
      Successors: 405635
  BB: 4035bd in func 401740 with 1 insts
    I: 4035bd (flow 40599b)
      Successors: 40599b
  BB: 4035c2 in func 401740 with 3 insts
    I: 4035c2
    I: 4035c8
    I: 4035ca (flow 4036cb)
      Successors: 4035d0, 4036cb
  BB: 404dc5 in func 401740 with 3 insts
    I: 404dc5
    I: 404dcc
    I: 404dd2 (flow 405635)
      Successors: 405635
  BB: 4045c6 in func 401740 with 1 insts
    I: 4045c6 (flow 405a38)
      Successors: 405a38
  BB: 4045cb in func 401740 with 24 insts
    I: 4045cb
    I: 4045cf
    I: 4045d2
    I: 4045d5
    I: 4045db (imm 409034)
    I: 4045e2
    I: 4045e4 (imm 409050)
    I: 4045eb
    I: 4045ed
    I: 4045ef
    I: 4045f5
    I: 4045f8
    I: 4045fe
    I: 404601
    I: 404604
    I: 404607
    I: 40460a
    I: 40460d
    I: 404610
    I: 404612
    I: 404614
    I: 404616
    I: 404618
    I: 40461a (flow 404625)
      Successors: 404620, 404625
  BB: 4035d0 in func 401740 with 1 insts
    I: 4035d0 (flow 4035d5)
      Successors: 4035d5
  BB: 4035d5 in func 401740 with 20 insts
    I: 4035d5 (imm 409034)
    I: 4035dc
    I: 4035de (imm 409050)
    I: 4035e5
    I: 4035e7
    I: 4035e9
    I: 4035ef
    I: 4035f2
    I: 4035f8
    I: 4035fb
    I: 4035fe
    I: 403601
    I: 403604
    I: 403607
    I: 40360a
    I: 40360c
    I: 40360e
    I: 403610
    I: 403612
    I: 403614 (flow 40361f)
      Successors: 40361a, 40361f
  BB: 404dd7 in func 401740 with 11 insts
    I: 404dd7
    I: 404dde
    I: 404de5
    I: 404dec
    I: 404df3
    I: 404df7
    I: 404dfb
    I: 404dff
    I: 404e03 (flow 405db0)
    I: 404e08
    I: 404e0b (flow 404ef3)
      Successors: 404e11, 404ef3
  BB: 403ddd in func 401740 with 1 insts
    I: 403ddd (flow 4059e4)
      Successors: 4059e4
  BB: 403de2 in func 401740 with 3 insts
    I: 403de2
    I: 403de8
    I: 403dea (flow 403df5)
      Successors: 403df0, 403df5
  BB: 402def in func 401740 with 1 insts
    I: 402def (flow 405911)
      Successors: 405911
  BB: 403df0 in func 401740 with 1 insts
    I: 403df0 (flow 403e12)
      Successors: 403e12
  BB: 402df4 in func 401740 with 38 insts
    I: 402df4
    I: 402dfb
    I: 402e02 (imm 409034)
    I: 402e09
    I: 402e0b (imm 409050)
    I: 402e12
    I: 402e14
    I: 402e16
    I: 402e1c
    I: 402e1f
    I: 402e25
    I: 402e28
    I: 402e2b
    I: 402e2e
    I: 402e32
    I: 402e35
    I: 402e39
    I: 402e3c
    I: 402e3f
    I: 402e42
    I: 402e46
    I: 402e48
    I: 402e4b
    I: 402e4d
    I: 402e4f
    I: 402e52
    I: 402e55
    I: 402e59
    I: 402e5c
    I: 402e5f
    I: 402e62
    I: 402e65
    I: 402e68
    I: 402e6b
    I: 402e6e
    I: 402e70
    I: 402e72
    I: 402e74 (flow 402e7f)
      Successors: 402e7a, 402e7f
  BB: 403df5 in func 401740 with 8 insts
    I: 403df5
    I: 403df9
    I: 403e00
    I: 403e04
    I: 403e07
    I: 403e09
    I: 403e0b
    I: 403e0d (flow 403ebb)
      Successors: 403ebb
  BB: 401df8 in func 401740 with 1 insts
    I: 401df8 (flow 4057a0)
      Successors: 4057a0
  BB: 401dfd in func 401740 with 1 insts
    I: 401dfd (flow 401e02)
      Successors: 401e02
  BB: 401e02 in func 401740 with 1 insts
    I: 401e02 (flow 401e07)
      Successors: 401e07
  BB: 401e07 in func 401740 with 20 insts
    I: 401e07 (imm 409034)
    I: 401e0e
    I: 401e10 (imm 409050)
    I: 401e17
    I: 401e19
    I: 401e1b
    I: 401e21
    I: 401e24
    I: 401e2a
    I: 401e2d
    I: 401e30
    I: 401e33
    I: 401e36
    I: 401e39
    I: 401e3c
    I: 401e3e
    I: 401e40
    I: 401e42
    I: 401e44
    I: 401e46 (flow 401e51)
      Successors: 401e51, 401e4c
  BB: 404e11 in func 401740 with 3 insts
    I: 404e11
    I: 404e18
    I: 404e1b (flow 404e55)
      Successors: 404e21, 404e55
  BB: 403e12 in func 401740 with 20 insts
    I: 403e12 (imm 409034)
    I: 403e19
    I: 403e1b (imm 409050)
    I: 403e22
    I: 403e24
    I: 403e26
    I: 403e29
    I: 403e2b
    I: 403e2d
    I: 403e30
    I: 403e33
    I: 403e36
    I: 403e39
    I: 403e3c
    I: 403e3f
    I: 403e41
    I: 403e43
    I: 403e45
    I: 403e47
    I: 403e49 (flow 403e54)
      Successors: 403e54, 403e4f
  BB: 40361a in func 401740 with 1 insts
    I: 40361a (flow 4059a0)
      Successors: 4059a0
  BB: 40261e in func 401740 with 1 insts
    I: 40261e (flow 405813)
      Successors: 405813
  BB: 40361f in func 401740 with 44 insts
    I: 40361f
    I: 403626
    I: 40362d
    I: 403631
    I: 403635
    I: 403638
    I: 40363b
    I: 40363d
    I: 403643 (imm 409034)
    I: 40364a
    I: 40364c (imm 409050)
    I: 403653
    I: 403655
    I: 403657
    I: 40365a
    I: 40365c
    I: 40365e
    I: 403661
    I: 403664
    I: 403667
    I: 40366b
    I: 40366e
    I: 403672
    I: 403675
    I: 403678
    I: 40367b
    I: 40367f
    I: 403681
    I: 403684
    I: 403686
    I: 403688
    I: 40368b
    I: 40368e
    I: 403692
    I: 403695
    I: 403698
    I: 40369b
    I: 40369e
    I: 4036a1
    I: 4036a4
    I: 4036a7
    I: 4036a9
    I: 4036ab
    I: 4036ad (flow 4036b8)
      Successors: 4036b8, 4036b3
  BB: 404620 in func 401740 with 1 insts
    I: 404620 (flow 405a38)
      Successors: 405a38
  BB: 404e21 in func 401740 with 3 insts
    I: 404e21
    I: 404e28
    I: 404e2c (flow 404e55)
      Successors: 404e32, 404e55
  BB: 40561e in func 401740 with 1 insts
    I: 40561e (flow 405b61)
      Successors: 405b61
  BB: 402623 in func 401740 with 31 insts
    I: 402623
    I: 40262a
    I: 402631
    I: 402638
    I: 40263f
    I: 402643
    I: 402647
    I: 40264b
    I: 40264f (flow 405b70)
    I: 402654
    I: 40265b
    I: 40265f (imm 409034)
    I: 402666
    I: 402668 (imm 409050)
    I: 40266f
    I: 402671
    I: 402673
    I: 402679
    I: 40267c
    I: 402682
    I: 402685
    I: 402688
    I: 40268b
    I: 40268e
    I: 402691
    I: 402694
    I: 402696
    I: 402698
    I: 40269a
    I: 40269c
    I: 40269e (flow 4026a9)
      Successors: 4026a9, 4026a4
  BB: 405623 in func 401740 with 1 insts
    I: 405623 (flow 405628)
      Successors: 405628
  BB: 404625 in func 401740 with 3 insts
    I: 404625
    I: 40462b
    I: 40462d (flow 404638)
      Successors: 404638, 404633
  BB: 405628 in func 401740 with 2 insts
    I: 405628
    I: 40562f
      Successors: 405635
  BB: 404e32 in func 401740 with 3 insts
    I: 404e32
    I: 404e39
    I: 404e3d (flow 404e55)
      Successors: 404e43, 404e55
  BB: 404633 in func 401740 with 1 insts
    I: 404633 (flow 4046e7)
      Successors: 4046e7
  BB: 405635 in func 401740 with 7 insts
    I: 405635
    I: 40563c
    I: 40563e
    I: 405642
    I: 405643
    I: 405645
    I: 405646
      No successors
  BB: 404638 in func 401740 with 20 insts
    I: 404638 (imm 409034)
    I: 40463f
    I: 404641 (imm 409050)
    I: 404648
    I: 40464a
    I: 40464c
    I: 40464f
    I: 404651
    I: 404653
    I: 404656
    I: 404659
    I: 40465c
    I: 40465f
    I: 404662
    I: 404665
    I: 404667
    I: 404669
    I: 40466b
    I: 40466d
    I: 40466f (flow 40467a)
      Successors: 40467a, 404675
  BB: 404e43 in func 401740 with 3 insts
    I: 404e43
    I: 404e4a
    I: 404e50 (flow 405635)
      Successors: 405635
  BB: 405647 in func 401740 with 86 insts
    I: 405647
    I: 40564c
    I: 405651
    I: 405656
    I: 40565b
    I: 405660
    I: 405665
    I: 40566a
    I: 40566f
    I: 405672
    I: 405676
    I: 405679
    I: 40567c
    I: 405680
    I: 405683
    I: 405686
    I: 40568a
    I: 40568d
    I: 405690
    I: 405694
    I: 405697
    I: 40569a
    I: 40569e
    I: 4056a1
    I: 4056a4
    I: 4056a8
    I: 4056ab
    I: 4056ae
    I: 4056b2
    I: 4056b5
    I: 4056b8
    I: 4056bc
    I: 4056bf
    I: 4056c2
    I: 4056c6
    I: 4056c9
    I: 4056cc
    I: 4056d0
    I: 4056d3
    I: 4056d6
    I: 4056da
    I: 4056dd
    I: 4056e0
    I: 4056e4
    I: 4056e7
    I: 4056ea
    I: 4056ee
    I: 4056f1
    I: 4056f4
    I: 4056f8
    I: 4056fb
    I: 4056fe
    I: 405702
    I: 405705
    I: 405708
    I: 40570c
    I: 40570f
    I: 405712
    I: 405716
    I: 405719
    I: 40571c
    I: 405720
    I: 405723
    I: 405726
    I: 40572a
    I: 40572d
    I: 405730
    I: 405734
    I: 405737
    I: 40573a
    I: 40573e
    I: 405741
    I: 405744
    I: 405748
    I: 40574b
    I: 405750
    I: 405754
    I: 405759
    I: 40575e
    I: 405763
    I: 405768
    I: 40576c
    I: 405770
    I: 405776
    I: 40577c
    I: 405782 (flow 4017c0)
      Successors: 4017c0
  BB: 401e4c in func 401740 with 1 insts
    I: 401e4c (flow 4057a5)
      Successors: 4057a5
  BB: 403e4f in func 401740 with 1 insts
    I: 403e4f (flow 4059e9)
      Successors: 4059e9
  BB: 401e51 in func 401740 with 27 insts
    I: 401e51
    I: 401e58
    I: 401e5f
    I: 401e63
    I: 401e67
    I: 401e6b
    I: 401e6e
    I: 401e74 (imm 409034)
    I: 401e7b
    I: 401e7d (imm 409050)
    I: 401e84
    I: 401e86
    I: 401e88
    I: 401e8e
    I: 401e91
    I: 401e97
    I: 401e9a
    I: 401e9d
    I: 401ea0
    I: 401ea3
    I: 401ea6
    I: 401ea9
    I: 401eab
    I: 401ead
    I: 401eaf
    I: 401eb1
    I: 401eb3 (flow 401ebe)
      Successors: 401eb9, 401ebe
  BB: 403e54 in func 401740 with 27 insts
    I: 403e54
    I: 403e58
    I: 403e5f
    I: 403e63
    I: 403e65
    I: 403e67
    I: 403e6a
    I: 403e6c (imm 409034)
    I: 403e73
    I: 403e75 (imm 409050)
    I: 403e7c
    I: 403e7e
    I: 403e80
    I: 403e86
    I: 403e89
    I: 403e8f
    I: 403e92
    I: 403e95
    I: 403e98
    I: 403e9b
    I: 403e9e
    I: 403ea1
    I: 403ea3
    I: 403ea5
    I: 403ea7
    I: 403ea9
    I: 403eab (flow 403eb6)
      Successors: 403eb1, 403eb6
  BB: 404e55 in func 401740 with 20 insts
    I: 404e55 (imm 409034)
    I: 404e5c
    I: 404e5e (imm 409050)
    I: 404e65
    I: 404e67
    I: 404e69
    I: 404e6f
    I: 404e72
    I: 404e78
    I: 404e7b
    I: 404e7e
    I: 404e81
    I: 404e84
    I: 404e87
    I: 404e8a
    I: 404e8c
    I: 404e8e
    I: 404e90
    I: 404e92
    I: 404e94 (flow 404e9f)
      Successors: 404e9a, 404e9f
  BB: 404675 in func 401740 with 1 insts
    I: 404675 (flow 405a3d)
      Successors: 405a3d
  BB: 402e7a in func 401740 with 1 insts
    I: 402e7a (flow 405911)
      Successors: 405911
  BB: 40467a in func 401740 with 24 insts
    I: 40467a
    I: 40467e
    I: 404681
    I: 404684
    I: 40468a (imm 409034)
    I: 404691
    I: 404693 (imm 409050)
    I: 40469a
    I: 40469c
    I: 40469e
    I: 4046a4
    I: 4046a7
    I: 4046ad
    I: 4046b0
    I: 4046b3
    I: 4046b6
    I: 4046b9
    I: 4046bc
    I: 4046bf
    I: 4046c1
    I: 4046c3
    I: 4046c5
    I: 4046c7
    I: 4046c9 (flow 4046d4)
      Successors: 4046d4, 4046cf
  BB: 402e7f in func 401740 with 1 insts
    I: 402e7f (flow 402f89)
      Successors: 402f89
  BB: 402e84 in func 401740 with 36 insts
    I: 402e84 (imm 409034)
    I: 402e8b
    I: 402e8d (imm 409050)
    I: 402e94
    I: 402e96
    I: 402e98
    I: 402e9b
    I: 402e9d
    I: 402e9f
    I: 402ea2
    I: 402ea5
    I: 402ea8
    I: 402eac
    I: 402eaf
    I: 402eb3
    I: 402eb6
    I: 402eb9
    I: 402ebc
    I: 402ec0
    I: 402ec2
    I: 402ec5
    I: 402ec7
    I: 402ec9
    I: 402ecc
    I: 402ecf
    I: 402ed3
    I: 402ed6
    I: 402ed9
    I: 402edc
    I: 402edf
    I: 402ee2
    I: 402ee5
    I: 402ee8
    I: 402eea
    I: 402eec
    I: 402eee (flow 402ef9)
      Successors: 402ef9, 402ef4
  BB: 404e9a in func 401740 with 1 insts
    I: 404e9a (flow 405ac2)
      Successors: 405ac2
  BB: 404e9f in func 401740 with 22 insts
    I: 404e9f
    I: 404ea6
    I: 404eac (imm 409034)
    I: 404eb3
    I: 404eb5 (imm 409050)
    I: 404ebc
    I: 404ebe
    I: 404ec0
    I: 404ec3
    I: 404ec5
    I: 404ec7
    I: 404eca
    I: 404ecd
    I: 404ed0
    I: 404ed3
    I: 404ed6
    I: 404ed9
    I: 404edb
    I: 404edd
    I: 404edf
    I: 404ee1
    I: 404ee3 (flow 404eee)
      Successors: 404ee9, 404eee
  BB: 4026a4 in func 401740 with 1 insts
    I: 4026a4 (flow 405813)
      Successors: 405813
  BB: 4026a9 in func 401740 with 1 insts
    I: 4026a9 (flow 4026ae)
      Successors: 4026ae
  BB: 4026ae in func 401740 with 5 insts
    I: 4026ae
    I: 4026b5
    I: 4026bc
    I: 4026c0
    I: 4026c4 (flow 4026d5)
      Successors: 4026ca, 4026d5
  BB: 403eb1 in func 401740 with 1 insts
    I: 403eb1 (flow 4059e9)
      Successors: 4059e9
  BB: 4036b3 in func 401740 with 1 insts
    I: 4036b3 (flow 4059a0)
      Successors: 4059a0
  BB: 403eb6 in func 401740 with 1 insts
    I: 403eb6 (flow 403ebb)
      Successors: 403ebb
  BB: 4036b8 in func 401740 with 3 insts
    I: 4036b8
    I: 4036be
    I: 4036c0 (flow 4036cb)
      Successors: 4036cb, 4036c6
  BB: 401eb9 in func 401740 with 1 insts
    I: 401eb9 (flow 4057a5)
      Successors: 4057a5
  BB: 403ebb in func 401740 with 5 insts
    I: 403ebb
    I: 403ec2
    I: 403ec9
    I: 403ecd
    I: 403ed1 (flow 403eec)
      Successors: 403eec, 403ed7
  BB: 401ebe in func 401740 with 3 insts
    I: 401ebe
    I: 401ec4
    I: 401ec6 (flow 401ed1)
      Successors: 401ed1, 401ecc
  BB: 4036c6 in func 401740 with 1 insts
    I: 4036c6 (flow 404581)
      Successors: 404581
  BB: 4026ca in func 401740 with 1 insts
    I: 4026ca (flow 4026d5)
      Successors: 4026d0, 4026d5
  BB: 4036cb in func 401740 with 3 insts
    I: 4036cb
    I: 4036d2
    I: 4036d5 (flow 403c1f)
      Successors: 4036db, 403c1f
  BB: 401ecc in func 401740 with 1 insts
    I: 401ecc (flow 401f00)
      Successors: 401f00
  BB: 4046cf in func 401740 with 1 insts
    I: 4046cf (flow 405a3d)
      Successors: 405a3d
  BB: 4026d0 in func 401740 with 1 insts
    I: 4026d0 (flow 4027a2)
      Successors: 4027a2
  BB: 401ed1 in func 401740 with 6 insts
    I: 401ed1
    I: 401ed8
    I: 401edf
    I: 401ee3
    I: 401ee7
    I: 401eeb (flow 401f00)
      Successors: 401f00, 401ef1
  BB: 4046d4 in func 401740 with 3 insts
    I: 4046d4
    I: 4046da
    I: 4046dc (flow 4047d6)
      Successors: 4046e2, 4047d6
  BB: 4026d5 in func 401740 with 20 insts
    I: 4026d5 (imm 409034)
    I: 4026dc
    I: 4026de (imm 409050)
    I: 4026e5
    I: 4026e7
    I: 4026e9
    I: 4026ef
    I: 4026f2
    I: 4026f8
    I: 4026fb
    I: 4026fe
    I: 402701
    I: 402704
    I: 402707
    I: 40270a
    I: 40270c
    I: 40270e
    I: 402710
    I: 402712
    I: 402714 (flow 40271f)
      Successors: 40271a, 40271f
  BB: 403ed7 in func 401740 with 1 insts
    I: 403ed7 (flow 403eec)
      Successors: 403eec, 403edd
  BB: 4036db in func 401740 with 5 insts
    I: 4036db
    I: 4036e2
    I: 4036e9
    I: 4036ed
    I: 4036f1 (flow 403715)
      Successors: 403715, 4036f7
  BB: 403edd in func 401740 with 3 insts
    I: 403edd
    I: 403ee1
    I: 403ee7 (flow 403f2a)
      Successors: 403f2a
  BB: 4046e2 in func 401740 with 1 insts
    I: 4046e2 (flow 4046e7)
      Successors: 4046e7
  BB: 4046e7 in func 401740 with 20 insts
    I: 4046e7 (imm 409034)
    I: 4046ee
    I: 4046f0 (imm 409050)
    I: 4046f7
    I: 4046f9
    I: 4046fb
    I: 4046fe
    I: 404700
    I: 404702
    I: 404705
    I: 404708
    I: 40470b
    I: 40470e
    I: 404711
    I: 404714
    I: 404716
    I: 404718
    I: 40471a
    I: 40471c
    I: 40471e (flow 404729)
      Successors: 404729, 404724
  BB: 404ee9 in func 401740 with 1 insts
    I: 404ee9 (flow 405ac2)
      Successors: 405ac2
  BB: 403eec in func 401740 with 6 insts
    I: 403eec
    I: 403ef3
    I: 403efa
    I: 403efe
    I: 403f02
    I: 403f06 (flow 403f1b)
      Successors: 403f1b, 403f0c
  BB: 404eee in func 401740 with 1 insts
    I: 404eee (flow 405635)
      Successors: 405635
  BB: 401ef1 in func 401740 with 3 insts
    I: 401ef1
    I: 401ef5
    I: 401efb (flow 4021ee)
      Successors: 4021ee
  BB: 404ef3 in func 401740 with 20 insts
    I: 404ef3 (imm 409034)
    I: 404efa
    I: 404efc (imm 409050)
    I: 404f03
    I: 404f05
    I: 404f07
    I: 404f0a
    I: 404f0c
    I: 404f0e
    I: 404f11
    I: 404f14
    I: 404f17
    I: 404f1a
    I: 404f1d
    I: 404f20
    I: 404f22
    I: 404f24
    I: 404f26
    I: 404f28
    I: 404f2a (flow 404f35)
      Successors: 404f30, 404f35
  BB: 402ef4 in func 401740 with 1 insts
    I: 402ef4 (flow 405924)
      Successors: 405924
  BB: 4036f7 in func 401740 with 8 insts
    I: 4036f7
    I: 4036fb
    I: 403702
    I: 403706
    I: 403709
    I: 40370b
    I: 40370e
    I: 403710 (flow 40372e)
      Successors: 40372e
  BB: 402ef9 in func 401740 with 38 insts
    I: 402ef9
    I: 402f00
    I: 402f07 (imm 409034)
    I: 402f0e
    I: 402f10 (imm 409050)
    I: 402f17
    I: 402f19
    I: 402f1b
    I: 402f21
    I: 402f24
    I: 402f2a
    I: 402f2d
    I: 402f30
    I: 402f33
    I: 402f37
    I: 402f3a
    I: 402f3e
    I: 402f41
    I: 402f44
    I: 402f47
    I: 402f4b
    I: 402f4d
    I: 402f50
    I: 402f52
    I: 402f54
    I: 402f57
    I: 402f5a
    I: 402f5e
    I: 402f61
    I: 402f64
    I: 402f67
    I: 402f6a
    I: 402f6d
    I: 402f70
    I: 402f73
    I: 402f75
    I: 402f77
    I: 402f79 (flow 402f84)
      Successors: 402f84, 402f7f
  BB: 401f00 in func 401740 with 20 insts
    I: 401f00 (imm 409034)
    I: 401f07
    I: 401f09 (imm 409050)
    I: 401f10
    I: 401f12
    I: 401f14
    I: 401f1a
    I: 401f1d
    I: 401f23
    I: 401f26
    I: 401f29
    I: 401f2c
    I: 401f2f
    I: 401f32
    I: 401f35
    I: 401f37
    I: 401f39
    I: 401f3b
    I: 401f3d
    I: 401f3f (flow 401f4a)
      Successors: 401f4a, 401f45
  BB: 403f0c in func 401740 with 3 insts
    I: 403f0c
    I: 403f10
    I: 403f16 (flow 403f25)
      Successors: 403f25
  BB: 403715 in func 401740 with 7 insts
    I: 403715
    I: 403719
    I: 403720
    I: 403724
    I: 403727
    I: 403729
    I: 40372c
      Successors: 40372e
  BB: 40271a in func 401740 with 1 insts
    I: 40271a (flow 405854)
      Successors: 405854
  BB: 403f1b in func 401740 with 2 insts
    I: 403f1b
    I: 403f1f
      Successors: 403f25
  BB: 40271f in func 401740 with 31 insts
    I: 40271f
    I: 402726
    I: 40272d
    I: 402734
    I: 40273b
    I: 40273f
    I: 402743
    I: 402747
    I: 40274b (flow 405d40)
    I: 402750
    I: 402757
    I: 40275b (imm 409034)
    I: 402762
    I: 402764 (imm 409050)
    I: 40276b
    I: 40276d
    I: 40276f
    I: 402772
    I: 402774
    I: 402776
    I: 402779
    I: 40277c
    I: 40277f
    I: 402782
    I: 402785
    I: 402788
    I: 40278a
    I: 40278c
    I: 40278e
    I: 402790
    I: 402792 (flow 40279d)
      Successors: 402798, 40279d
  BB: 404724 in func 401740 with 1 insts
    I: 404724 (flow 405a42)
      Successors: 405a42
  BB: 403f25 in func 401740 with 1 insts
    I: 403f25 (flow 403f2a)
      Successors: 403f2a
  BB: 404729 in func 401740 with 40 insts
    I: 404729
    I: 40472d
    I: 404730
    I: 404733
    I: 404739 (imm 409034)
    I: 404740
    I: 404742 (imm 409050)
    I: 404749
    I: 40474b
    I: 40474d
    I: 404753
    I: 404756
    I: 40475c
    I: 40475f
    I: 404762
    I: 404765
    I: 404769
    I: 40476c
    I: 404770
    I: 404773
    I: 404776
    I: 404779
    I: 40477d
    I: 40477f
    I: 404782
    I: 404784
    I: 404786
    I: 404789
    I: 40478c
    I: 404790
    I: 404793
    I: 404796
    I: 404799
    I: 40479c
    I: 40479f
    I: 4047a2
    I: 4047a5
    I: 4047a7
    I: 4047a9
    I: 4047ab (flow 4047b6)
      Successors: 4047b1, 4047b6
  BB: 403f2a in func 401740 with 5 insts
    I: 403f2a
    I: 403f2e
    I: 403f35
    I: 403f38
    I: 403f3a (flow 40407c)
      Successors: 403f40, 40407c
  BB: 40372e in func 401740 with 5 insts
    I: 40372e
    I: 403735
    I: 40373c
    I: 403740
    I: 403744 (flow 40375f)
      Successors: 40374a, 40375f
  BB: 404f30 in func 401740 with 1 insts
    I: 404f30 (flow 405ad4)
      Successors: 405ad4
  BB: 404f35 in func 401740 with 36 insts
    I: 404f35 (imm 409034)
    I: 404f3c
    I: 404f3e (imm 409050)
    I: 404f45
    I: 404f47
    I: 404f49
    I: 404f4f
    I: 404f52
    I: 404f58
    I: 404f5b
    I: 404f5e
    I: 404f61
    I: 404f65
    I: 404f68
    I: 404f6c
    I: 404f6f
    I: 404f72
    I: 404f75
    I: 404f79
    I: 404f7b
    I: 404f7e
    I: 404f80
    I: 404f82
    I: 404f85
    I: 404f88
    I: 404f8c
    I: 404f8f
    I: 404f92
    I: 404f95
    I: 404f98
    I: 404f9b
    I: 404f9e
    I: 404fa1
    I: 404fa3
    I: 404fa5
    I: 404fa7 (flow 404fb2)
      Successors: 404fb2, 404fad
  BB: 401740 in func 401740 with 33 insts
    I: 401740
    I: 401741
    I: 401744
    I: 401746
    I: 401747
    I: 40174e
    I: 401753
    I: 401758
    I: 40175d
    I: 401762
    I: 401767
    I: 40176c
    I: 401771
    I: 401776 (imm 409034)
    I: 40177d
    I: 40177f (imm 409050)
    I: 401786
    I: 401788
    I: 40178a
    I: 401790
    I: 401793
    I: 401799
    I: 40179c
    I: 40179f
    I: 4017a2
    I: 4017a5
    I: 4017a8
    I: 4017ab
    I: 4017ad
    I: 4017af
    I: 4017b1
    I: 4017b3
    I: 4017b5 (flow 4017c0)
      Successors: 4017c0, 4017bb
  BB: 403f40 in func 401740 with 3 insts
    I: 403f40
    I: 403f44
    I: 403f47 (flow 40407c)
      Successors: 40407c, 403f4d
  BB: 401f45 in func 401740 with 1 insts
    I: 401f45 (flow 4057aa)
      Successors: 4057aa
  BB: 401f4a in func 401740 with 27 insts
    I: 401f4a
    I: 401f51
    I: 401f58
    I: 401f5c
    I: 401f60
    I: 401f64
    I: 401f67
    I: 401f6d (imm 409034)
    I: 401f74
    I: 401f76 (imm 409050)
    I: 401f7d
    I: 401f7f
    I: 401f81
    I: 401f84
    I: 401f86
    I: 401f88
    I: 401f8b
    I: 401f8e
    I: 401f91
    I: 401f94
    I: 401f97
    I: 401f9a
    I: 401f9c
    I: 401f9e
    I: 401fa0
    I: 401fa2
    I: 401fa4 (flow 401faf)
      Successors: 401faa, 401faf
  BB: 40374a in func 401740 with 1 insts
    I: 40374a (flow 40375f)
      Successors: 403750, 40375f
  BB: 403f4d in func 401740 with 36 insts
    I: 403f4d (imm 409034)
    I: 403f54
    I: 403f56 (imm 409050)
    I: 403f5d
    I: 403f5f
    I: 403f61
    I: 403f67
    I: 403f6a
    I: 403f70
    I: 403f73
    I: 403f76
    I: 403f79
    I: 403f7d
    I: 403f80
    I: 403f84
    I: 403f87
    I: 403f8a
    I: 403f8d
    I: 403f91
    I: 403f93
    I: 403f96
    I: 403f98
    I: 403f9a
    I: 403f9d
    I: 403fa0
    I: 403fa4
    I: 403fa7
    I: 403faa
    I: 403fad
    I: 403fb0
    I: 403fb3
    I: 403fb6
    I: 403fb9
    I: 403fbb
    I: 403fbd
    I: 403fbf (flow 403fca)
      Successors: 403fca, 403fc5
  BB: 403750 in func 401740 with 3 insts
    I: 403750
    I: 403754
    I: 40375a (flow 403930)
      Successors: 403930
  BB: 40375f in func 401740 with 6 insts
    I: 40375f
    I: 403766
    I: 40376d
    I: 403771
    I: 403775
    I: 403779 (flow 403855)
      Successors: 403855, 40377f
  BB: 402f7f in func 401740 with 1 insts
    I: 402f7f (flow 405924)
      Successors: 405924
  BB: 40377f in func 401740 with 20 insts
    I: 40377f (imm 409034)
    I: 403786
    I: 403788 (imm 409050)
    I: 40378f
    I: 403791
    I: 403793
    I: 403799
    I: 40379c
    I: 4037a2
    I: 4037a5
    I: 4037a8
    I: 4037ab
    I: 4037ae
    I: 4037b1
    I: 4037b4
    I: 4037b6
    I: 4037b8
    I: 4037ba
    I: 4037bc
    I: 4037be (flow 4037c9)
      Successors: 4037c9, 4037c4
  BB: 402f84 in func 401740 with 1 insts
    I: 402f84 (flow 402f89)
      Successors: 402f89
  BB: 405787 in func 401740 with 1 insts
    I: 405787 (flow 401a8e)
      Successors: 401a8e
  BB: 402f89 in func 401740 with 36 insts
    I: 402f89 (imm 409034)
    I: 402f90
    I: 402f92 (imm 409050)
    I: 402f99
    I: 402f9b
    I: 402f9d
    I: 402fa3
    I: 402fa6
    I: 402fac
    I: 402faf
    I: 402fb2
    I: 402fb5
    I: 402fb9
    I: 402fbc
    I: 402fc0
    I: 402fc3
    I: 402fc6
    I: 402fc9
    I: 402fcd
    I: 402fcf
    I: 402fd2
    I: 402fd4
    I: 402fd6
    I: 402fd9
    I: 402fdc
    I: 402fe0
    I: 402fe3
    I: 402fe6
    I: 402fe9
    I: 402fec
    I: 402fef
    I: 402ff2
    I: 402ff5
    I: 402ff7
    I: 402ff9
    I: 402ffb (flow 403006)
      Successors: 403001, 403006
  BB: 40578c in func 401740 with 3 insts
    I: 40578c
    I: 405790
    I: 405796 (flow 401b7f)
      Successors: 401b7f
  BB: 402798 in func 401740 with 1 insts
    I: 402798 (flow 405854)
      Successors: 405854
  BB: 40579b in func 401740 with 1 insts
    I: 40579b (flow 401c22)
      Successors: 401c22
  BB: 40279d in func 401740 with 1 insts
    I: 40279d (flow 4027a2)
      Successors: 4027a2
  BB: 4057a0 in func 401740 with 1 insts
    I: 4057a0 (flow 401d88)
      Successors: 401d88
  BB: 4027a2 in func 401740 with 5 insts
    I: 4027a2
    I: 4027a9
    I: 4027b0
    I: 4027b4
    I: 4027b8 (flow 4027c9)
      Successors: 4027c9, 4027be
  BB: 4057a5 in func 401740 with 1 insts
    I: 4057a5 (flow 401e51)
      Successors: 401e51
  BB: 401faa in func 401740 with 1 insts
    I: 401faa (flow 4057aa)
      Successors: 4057aa
  BB: 4057aa in func 401740 with 1 insts
    I: 4057aa (flow 401f4a)
      Successors: 401f4a
  BB: 404fad in func 401740 with 1 insts
    I: 404fad (flow 405ad4)
      Successors: 405ad4
  BB: 401faf in func 401740 with 3 insts
    I: 401faf
    I: 401fb5
    I: 401fb7 (flow 401fc2)
      Successors: 401fc2, 401fbd
  BB: 4057af in func 401740 with 1 insts
    I: 4057af (flow 40208e)
      Successors: 40208e
  BB: 4047b1 in func 401740 with 1 insts
    I: 4047b1 (flow 405a42)
      Successors: 405a42
  BB: 404fb2 in func 401740 with 1 insts
    I: 404fb2 (flow 404fb7)
      Successors: 404fb7
  BB: 4057b4 in func 401740 with 3 insts
    I: 4057b4
    I: 4057b8
    I: 4057be (flow 402158)
      Successors: 402158
  BB: 4047b6 in func 401740 with 3 insts
    I: 4047b6
    I: 4047bc
    I: 4047be (flow 4047c9)
      Successors: 4047c9, 4047c4
  BB: 404fb7 in func 401740 with 36 insts
    I: 404fb7 (imm 409034)
    I: 404fbe
    I: 404fc0 (imm 409050)
    I: 404fc7
    I: 404fc9
    I: 404fcb
    I: 404fd1
    I: 404fd4
    I: 404fda
    I: 404fdd
    I: 404fe0
    I: 404fe3
    I: 404fe7
    I: 404fea
    I: 404fee
    I: 404ff1
    I: 404ff4
    I: 404ff7
    I: 404ffb
    I: 404ffd
    I: 405000
    I: 405002
    I: 405004
    I: 405007
    I: 40500a
    I: 40500e
    I: 405011
    I: 405014
    I: 405017
    I: 40501a
    I: 40501d
    I: 405020
    I: 405023
    I: 405025
    I: 405027
    I: 405029 (flow 405034)
      Successors: 405034, 40502f
  BB: 4017bb in func 401740 with 1 insts
    I: 4017bb (flow 405647)
      Successors: 405647
  BB: 401fbd in func 401740 with 1 insts
    I: 401fbd (flow 401ff1)
      Successors: 401ff1
  BB: 4027be in func 401740 with 1 insts
    I: 4027be (flow 4027c9)
      Successors: 4027c9, 4027c4
  BB: 4017c0 in func 401740 with 147 insts
    I: 4017c0
    I: 4017c5
    I: 4017ca
    I: 4017cf
    I: 4017d4
    I: 4017d9
    I: 4017de
    I: 4017e3
    I: 4017e8
    I: 4017eb
    I: 4017ef
    I: 4017f6
    I: 4017f9
    I: 4017fc
    I: 401800
    I: 401807
    I: 40180a
    I: 40180d
    I: 401811
    I: 401818
    I: 40181b
    I: 40181e
    I: 401822
    I: 401829
    I: 40182c
    I: 40182f
    I: 401833
    I: 40183a
    I: 40183d
    I: 401840
    I: 401844
    I: 40184b
    I: 40184e
    I: 401851
    I: 401855
    I: 40185c
    I: 40185f
    I: 401862
    I: 401866
    I: 40186d
    I: 401870
    I: 401873
    I: 401877
    I: 40187e
    I: 401881
    I: 401884
    I: 401888
    I: 40188f
    I: 401892
    I: 401895
    I: 401899
    I: 4018a0
    I: 4018a3
    I: 4018a6
    I: 4018aa
    I: 4018b1
    I: 4018b4
    I: 4018b7
    I: 4018bb
    I: 4018c2
    I: 4018c5
    I: 4018c8
    I: 4018cc
    I: 4018d3
    I: 4018d6
    I: 4018d9
    I: 4018dd
    I: 4018e4
    I: 4018e7
    I: 4018ea
    I: 4018ee
    I: 4018f5
    I: 4018f8
    I: 4018fb
    I: 4018ff
    I: 401906
    I: 401909
    I: 40190c
    I: 401910
    I: 401914
    I: 401917
    I: 40191a
    I: 40191e
    I: 401922
    I: 401925
    I: 401928
    I: 40192c
    I: 401930
    I: 401933
    I: 401936
    I: 40193a
    I: 40193e
    I: 401941
    I: 401944
    I: 401948
    I: 40194c
    I: 40194f
    I: 401953
    I: 401958
    I: 40195c
    I: 401960
    I: 401965
    I: 40196a
    I: 40196f
    I: 401974
    I: 40197a
    I: 401980
    I: 401986
    I: 40198a
    I: 40198e
    I: 401991
    I: 401994 (imm 409034)
    I: 40199b
    I: 40199d (imm 409050)
    I: 4019a4
    I: 4019a6
    I: 4019a8
    I: 4019ab
    I: 4019ad
    I: 4019af
    I: 4019b2
    I: 4019b5
    I: 4019b8
    I: 4019bc
    I: 4019bf
    I: 4019c3
    I: 4019c6
    I: 4019c9
    I: 4019cc
    I: 4019d0
    I: 4019d2
    I: 4019d5
    I: 4019d7
    I: 4019d9
    I: 4019dc
    I: 4019df
    I: 4019e3
    I: 4019e6
    I: 4019e9
    I: 4019ec
    I: 4019ef
    I: 4019f2
    I: 4019f5
    I: 4019f8
    I: 4019fa
    I: 4019fc
    I: 4019fe (flow 401a09)
      Successors: 401a09, 401a04
  BB: 401fc2 in func 401740 with 6 insts
    I: 401fc2
    I: 401fc9
    I: 401fd0
    I: 401fd4
    I: 401fd8
    I: 401fdc (flow 401ff1)
      Successors: 401ff1, 401fe2
  BB: 4057c3 in func 401740 with 1 insts
    I: 4057c3 (flow 402230)
      Successors: 402230
  BB: 4027c4 in func 401740 with 1 insts
    I: 4027c4 (flow 4028fc)
      Successors: 4028fc
  BB: 4037c4 in func 401740 with 1 insts
    I: 4037c4 (flow 4059a5)
      Successors: 4059a5
  BB: 403fc5 in func 401740 with 1 insts
    I: 403fc5 (flow 405a06)
      Successors: 405a06
  BB: 4047c4 in func 401740 with 1 insts
    I: 4047c4 (flow 404b69)
      Successors: 404b69
  BB: 4057c8 in func 401740 with 12 insts
    I: 4057c8
    I: 4057cf
    I: 4057d6
    I: 4057dd
    I: 4057e4
    I: 4057e8
    I: 4057ec
    I: 4057f0
    I: 4057f4 (flow 405b70)
    I: 4057f9
    I: 405800
    I: 405804 (flow 40232e)
      Successors: 40232e
  BB: 4027c9 in func 401740 with 36 insts
    I: 4027c9 (imm 409034)
    I: 4027d0
    I: 4027d2 (imm 409050)
    I: 4027d9
    I: 4027db
    I: 4027dd
    I: 4027e3
    I: 4027e6
    I: 4027ec
    I: 4027ef
    I: 4027f2
    I: 4027f5
    I: 4027f9
    I: 4027fc
    I: 402800
    I: 402803
    I: 402806
    I: 402809
    I: 40280d
    I: 40280f
    I: 402812
    I: 402814
    I: 402816
    I: 402819
    I: 40281c
    I: 402820
    I: 402823
    I: 402826
    I: 402829
    I: 40282c
    I: 40282f
    I: 402832
    I: 402835
    I: 402837
    I: 402839
    I: 40283b (flow 402846)
      Successors: 402841, 402846
  BB: 4037c9 in func 401740 with 38 insts
    I: 4037c9
    I: 4037cd
    I: 4037d3 (imm 409034)
    I: 4037da
    I: 4037dc (imm 409050)
    I: 4037e3
    I: 4037e5
    I: 4037e7
    I: 4037ed
    I: 4037f0
    I: 4037f6
    I: 4037f9
    I: 4037fc
    I: 4037ff
    I: 403803
    I: 403806
    I: 40380a
    I: 40380d
    I: 403810
    I: 403813
    I: 403817
    I: 403819
    I: 40381c
    I: 40381e
    I: 403820
    I: 403823
    I: 403826
    I: 40382a
    I: 40382d
    I: 403830
    I: 403833
    I: 403836
    I: 403839
    I: 40383c
    I: 40383f
    I: 403841
    I: 403843
    I: 403845 (flow 403850)
      Successors: 403850, 40384b
  BB: 403fca in func 401740 with 40 insts
    I: 403fca
    I: 403fce
    I: 403fd1
    I: 403fd4
    I: 403fda (imm 409034)
    I: 403fe1
    I: 403fe3 (imm 409050)
    I: 403fea
    I: 403fec
    I: 403fee
    I: 403ff4
    I: 403ff7
    I: 403ffd
    I: 404000
    I: 404003
    I: 404006
    I: 40400a
    I: 40400d
    I: 404011
    I: 404014
    I: 404017
    I: 40401a
    I: 40401e
    I: 404020
    I: 404023
    I: 404025
    I: 404027
    I: 40402a
    I: 40402d
    I: 404031
    I: 404034
    I: 404037
    I: 40403a
    I: 40403d
    I: 404040
    I: 404043
    I: 404046
    I: 404048
    I: 40404a
    I: 40404c (flow 404057)
      Successors: 404052, 404057
  BB: 4047c9 in func 401740 with 3 insts
    I: 4047c9
    I: 4047cd
    I: 4047d0 (flow 404b69)
      Successors: 404b69, 4047d6
  BB: 4047d6 in func 401740 with 20 insts
    I: 4047d6 (imm 409034)
    I: 4047dd
    I: 4047df (imm 409050)
    I: 4047e6
    I: 4047e8
    I: 4047ea
    I: 4047ed
    I: 4047ef
    I: 4047f1
    I: 4047f4
    I: 4047f7
    I: 4047fa
    I: 4047fd
    I: 404800
    I: 404803
    I: 404805
    I: 404807
    I: 404809
    I: 40480b
    I: 40480d (flow 404818)
      Successors: 404818, 404813
  BB: 401fe2 in func 401740 with 3 insts
    I: 401fe2
    I: 401fe6
    I: 401fec (flow 4021e9)
      Successors: 4021e9
  BB: 401ff1 in func 401740 with 6 insts
    I: 401ff1
    I: 401ff8
    I: 401fff
    I: 402003
    I: 402007
    I: 40200b (flow 4021e4)
      Successors: 402011, 4021e4
Recovering 405b70
  Analysing subroutine sub_405B70 at 405b70
  Subroutine sub_405B70 at 405b70 has 7 blocks
  BB: 405d3e in func 405b70 with 1 insts
    I: 405d3e
      No successors
  BB: 405ce3 in func 405b70 with 4 insts
    I: 405ce3
    I: 405ce8
    I: 405ceb
    I: 405cec
      No successors
  BB: 405c04 in func 405b70 with 1 insts
    I: 405c04 (flow 405ced)
      Successors: 405ced
  BB: 405c09 in func 405b70 with 62 insts
    I: 405c09
    I: 405c0e
    I: 405c13
    I: 405c18
    I: 405c1d
    I: 405c20
    I: 405c24
    I: 405c27
    I: 405c2a
    I: 405c2e
    I: 405c31
    I: 405c34
    I: 405c38
    I: 405c3b
    I: 405c3e
    I: 405c42
    I: 405c45
    I: 405c49
    I: 405c4d
    I: 405c51
    I: 405c55
    I: 405c59
    I: 405c5d
    I: 405c61
    I: 405c65
    I: 405c69
    I: 405c6e (imm 409038)
    I: 405c75
    I: 405c77 (imm 409054)
    I: 405c7e
    I: 405c80
    I: 405c82
    I: 405c85
    I: 405c87
    I: 405c89
    I: 405c8c
    I: 405c8f
    I: 405c92
    I: 405c96
    I: 405c99
    I: 405c9d
    I: 405ca0
    I: 405ca3
    I: 405ca6
    I: 405caa
    I: 405cac
    I: 405caf
    I: 405cb1
    I: 405cb3
    I: 405cb6
    I: 405cb9
    I: 405cbd
    I: 405cc0
    I: 405cc3
    I: 405cc6
    I: 405cc9
    I: 405ccc
    I: 405ccf
    I: 405cd2
    I: 405cd4
    I: 405cd6
    I: 405cd8 (flow 405ce3)
      Successors: 405ce3, 405cde
  BB: 405ced in func 405b70 with 21 insts
    I: 405ced
    I: 405cf2
    I: 405cf7
    I: 405cfc
    I: 405d01
    I: 405d04
    I: 405d08
    I: 405d0b
    I: 405d0e
    I: 405d12
    I: 405d15
    I: 405d18
    I: 405d1c
    I: 405d1f
    I: 405d22
    I: 405d26
    I: 405d29
    I: 405d2d
    I: 405d31
    I: 405d35
    I: 405d39 (flow 405c09)
      Successors: 405c09
  BB: 405b70 in func 405b70 with 43 insts
    I: 405b70
    I: 405b71
    I: 405b74
    I: 405b78
    I: 405b7d
    I: 405b82
    I: 405b87
    I: 405b8c (imm 409038)
    I: 405b93
    I: 405b95 (imm 409054)
    I: 405b9c
    I: 405b9e
    I: 405ba0
    I: 405ba6
    I: 405ba9
    I: 405baf
    I: 405bb2
    I: 405bb5
    I: 405bb8
    I: 405bbc
    I: 405bbf
    I: 405bc3
    I: 405bc6
    I: 405bc9
    I: 405bcc
    I: 405bd0
    I: 405bd2
    I: 405bd5
    I: 405bd7
    I: 405bd9
    I: 405bdc
    I: 405bdf
    I: 405be3
    I: 405be6
    I: 405be9
    I: 405bec
    I: 405bef
    I: 405bf2
    I: 405bf5
    I: 405bf8
    I: 405bfa
    I: 405bfc
    I: 405bfe (flow 405c09)
      Successors: 405c09, 405c04
  BB: 405cde in func 405b70 with 1 insts
    I: 405cde (flow 405ced)
      Successors: 405ced
Recovering 405d40
  Analysing subroutine sub_405D40 at 405d40
  Subroutine sub_405D40 at 405d40 has 2 blocks
  BB: 405d40 in func 405d40 with 25 insts
    I: 405d40
    I: 405d41
    I: 405d44
    I: 405d48
    I: 405d4d
    I: 405d52
    I: 405d57
    I: 405d5c
    I: 405d61
    I: 405d66
    I: 405d6b
    I: 405d70
    I: 405d75
    I: 405d7a (flow 405b70)
    I: 405d7f
    I: 405d84
    I: 405d89
    I: 405d8e
    I: 405d98
    I: 405d9b
    I: 405da0
    I: 405da4
    I: 405da8
    I: 405dac
    I: 405dad
      No successors
  BB: 405dae in func 405d40 with 1 insts
    I: 405dae
      No successors
Recovering 405db0
  Analysing subroutine sub_405DB0 at 405db0
  Subroutine sub_405DB0 at 405db0 has 18 blocks
  BB: 405e44 in func 405db0 with 1 insts
    I: 405e44 (flow 40604a)
      Successors: 40604a
  BB: 405f25 in func 405db0 with 1 insts
    I: 405f25 (flow 40604a)
      Successors: 40604a
  BB: 4060c7 in func 405db0 with 3 insts
    I: 4060c7
    I: 4060cb
    I: 4060d1 (flow 405fdc)
      Successors: 405fdc
  BB: 405e49 in func 405db0 with 61 insts
    I: 405e49
    I: 405e4e
    I: 405e53
    I: 405e58
    I: 405e5d
    I: 405e60
    I: 405e64
    I: 405e68
    I: 405e6b
    I: 405e6e
    I: 405e72
    I: 405e75
    I: 405e78
    I: 405e7c
    I: 405e7f
    I: 405e82
    I: 405e86
    I: 405e89
    I: 405e8c
    I: 405e90
    I: 405e94
    I: 405e97
    I: 405e9a
    I: 405e9e
    I: 405ea2
    I: 405ea5
    I: 405ea9
    I: 405ead
    I: 405eb1
    I: 405eb5
    I: 405eb9
    I: 405ebd
    I: 405ec1
    I: 405ec5
    I: 405ec9
    I: 405ecd
    I: 405ed1
    I: 405ed5
    I: 405ed8
    I: 405edb
    I: 405edd
    I: 405ee0 (imm 409040)
    I: 405ee7
    I: 405ee9 (imm 409044)
    I: 405ef0
    I: 405ef2
    I: 405ef4
    I: 405efa
    I: 405efd
    I: 405f03
    I: 405f06
    I: 405f09
    I: 405f0c
    I: 405f0f
    I: 405f12
    I: 405f15
    I: 405f17
    I: 405f19
    I: 405f1b
    I: 405f1d
    I: 405f1f (flow 405f2a)
      Successors: 405f2a, 405f25
  BB: 405f2a in func 405db0 with 3 insts
    I: 405f2a
    I: 405f2d
    I: 405f2f (flow 405f3a)
      Successors: 405f3a, 405f35
  BB: 405f49 in func 405db0 with 5 insts
    I: 405f49
    I: 405f4d
    I: 405f51
    I: 405f55
    I: 405f59 (flow 406035)
      Successors: 406035, 405f5f
  BB: 40602b in func 405db0 with 1 insts
    I: 40602b (flow 4060c7)
      Successors: 4060c7
  BB: 40604a in func 405db0 with 33 insts
    I: 40604a
    I: 40604f
    I: 406054
    I: 406059
    I: 40605e
    I: 406061
    I: 406065
    I: 406068
    I: 40606b
    I: 40606f
    I: 406072
    I: 406075
    I: 406079
    I: 40607c
    I: 40607f
    I: 406083
    I: 406086
    I: 406089
    I: 40608d
    I: 406090
    I: 406093
    I: 406097
    I: 40609a
    I: 40609e
    I: 4060a2
    I: 4060a6
    I: 4060aa
    I: 4060ae
    I: 4060b2
    I: 4060b6
    I: 4060ba
    I: 4060be
    I: 4060c2 (flow 405e49)
      Successors: 405e49
  BB: 405db0 in func 405db0 with 43 insts
    I: 405db0
    I: 405db1
    I: 405db4
    I: 405db8
    I: 405dbd
    I: 405dc2
    I: 405dc7
    I: 405dcc (imm 409040)
    I: 405dd3
    I: 405dd5 (imm 409044)
    I: 405ddc
    I: 405dde
    I: 405de0
    I: 405de6
    I: 405de9
    I: 405def
    I: 405df2
    I: 405df5
    I: 405df8
    I: 405dfc
    I: 405dff
    I: 405e03
    I: 405e06
    I: 405e09
    I: 405e0c
    I: 405e10
    I: 405e12
    I: 405e15
    I: 405e17
    I: 405e19
    I: 405e1c
    I: 405e1f
    I: 405e23
    I: 405e26
    I: 405e29
    I: 405e2c
    I: 405e2f
    I: 405e32
    I: 405e35
    I: 405e38
    I: 405e3a
    I: 405e3c
    I: 405e3e (flow 405e49)
      Successors: 405e49, 405e44
  BB: 406030 in func 405db0 with 1 insts
    I: 406030 (flow 40603f)
      Successors: 40603f
  BB: 405f35 in func 405db0 with 1 insts
    I: 405f35 (flow 405f49)
      Successors: 405f49
  BB: 406035 in func 405db0 with 2 insts
    I: 406035
    I: 406039
      Successors: 40603f
  BB: 405fd7 in func 405db0 with 1 insts
    I: 405fd7 (flow 4060c7)
      Successors: 4060c7
  BB: 4060d6 in func 405db0 with 1 insts
    I: 4060d6
      No successors
  BB: 405f5f in func 405db0 with 36 insts
    I: 405f5f (imm 409040)
    I: 405f66
    I: 405f68 (imm 409044)
    I: 405f6f
    I: 405f71
    I: 405f73
    I: 405f79
    I: 405f7c
    I: 405f82
    I: 405f85
    I: 405f88
    I: 405f8b
    I: 405f8f
    I: 405f92
    I: 405f96
    I: 405f99
    I: 405f9c
    I: 405f9f
    I: 405fa3
    I: 405fa5
    I: 405fa8
    I: 405faa
    I: 405fac
    I: 405faf
    I: 405fb2
    I: 405fb6
    I: 405fb9
    I: 405fbc
    I: 405fbf
    I: 405fc2
    I: 405fc5
    I: 405fc8
    I: 405fcb
    I: 405fcd
    I: 405fcf
    I: 405fd1 (flow 405fdc)
      Successors: 405fdc, 405fd7
  BB: 405f3a in func 405db0 with 3 insts
    I: 405f3a
    I: 405f3e
    I: 405f44 (flow 40603f)
      Successors: 40603f
  BB: 405fdc in func 405db0 with 22 insts
    I: 405fdc
    I: 405fe0
    I: 405fe6 (imm 409040)
    I: 405fed
    I: 405fef (imm 409044)
    I: 405ff6
    I: 405ff8
    I: 405ffa
    I: 406000
    I: 406003
    I: 406009
    I: 40600c
    I: 40600f
    I: 406012
    I: 406015
    I: 406018
    I: 40601b
    I: 40601d
    I: 40601f
    I: 406021
    I: 406023
    I: 406025 (flow 406030)
      Successors: 406030, 40602b
  BB: 40603f in func 405db0 with 5 insts
    I: 40603f
    I: 406043
    I: 406045
    I: 406048
    I: 406049
      No successors
Recovering 4060e0
  Analysing subroutine sub_4060E0 at 4060e0
    Block head at 0040613b is not code.
  Subroutine sub_4060E0 at 4060e0 has 1 blocks
  BB: 4060e0 in func 4060e0 with 22 insts
    I: 4060e0
    I: 4060e1
    I: 4060e4
    I: 4060e8
    I: 4060ed
    I: 4060f2
    I: 4060f7
    I: 4060fc
    I: 406101
    I: 406106
    I: 40610b
    I: 406110
    I: 406115
    I: 40611a
    I: 40611f
    I: 406124
    I: 406128
    I: 40612c
    I: 406130 (flow 409078)
    I: 406135
    I: 406139
    I: 40613a
      No successors
Recovering .term_proc at 40613c
  Analysing subroutine .term_proc at 40613c
    Block head at 00406149 is not code.
  Subroutine .term_proc at 40613c has 1 blocks
  BB: 40613c in func 40613c with 4 insts
    I: 40613c
    I: 406140
    I: 406144
    I: 406148
      No successors
Global Variable None
WARNING: Global constructor and destructor sections are adjacent!
Recovering region LOAD [400000, 400540) in segment LOAD
  8-byte reference at 400018 to 401060 (start)
  8-byte reference at 4000f8 to 401000 (.init_proc)
  8-byte reference at 400130 to 407000 ()
  8-byte reference at 400168 to 408de8 ()
  8-byte reference at 400280 to 407030 ()
  8-byte reference at 4002f0 to 408de8 ()
Recovering region .init [401000, 40101b) in segment .init
Recovering region LOAD [40101b, 401020) in segment LOAD
Recovering region .plt [401020, 401060) in segment .plt
Recovering region .text [401060, 40613b) in segment .text
Recovering region LOAD [40613b, 40613c) in segment LOAD
Recovering region .fini [40613c, 406149) in segment .fini
Recovering region .rodata [407000, 40702d) in segment .rodata
  Variable aLfLfLfLfLfLfLf at 407004
  Variable format at 407024
  Variable aYes at 407028
Recovering region LOAD [40702d, 407030) in segment LOAD
Recovering region .eh_frame_hdr [407030, 407084) in segment .eh_frame_hdr
Recovering region LOAD [407084, 407088) in segment LOAD
Recovering region .eh_frame [407088, 4071cc) in segment .eh_frame
Recovering region LOAD [4071cc, 407210) in segment LOAD
Recovering region .init_array [408de8, 408df8) in segment .init_array
  8-byte reference at 408de8 to 401140 ()
  8-byte reference at 408df0 to 401110 ()
Recovering region LOAD [408df8, 408fd8) in segment LOAD
Recovering region .got [408fd8, 408fe8) in segment .got
  8-byte reference at 408fd8 to 409060 (__libc_start_main)
  8-byte reference at 408fe0 to 409080 (__gmon_start__)
Recovering region .got.plt [408fe8, 409018) in segment .got.plt
  8-byte reference at 409000 to 409068 (printf)
  8-byte reference at 409008 to 409070 (__isoc99_scanf)
  8-byte reference at 409010 to 409078 (sqrt)
Recovering region .data [409018, 409028) in segment .data
Recovering region .bss [409028, 409060) in segment .bss
Recovering extern function printf at 401030
Recovering extern function __isoc99_scanf at 401040
Recovering extern function sqrt at 401050
Recovering extern function __libc_start_main at 409060
Recovering extern function printf at 409068
Recovering extern function __isoc99_scanf at 409070
Recovering extern function sqrt at 409078
Recovering extern function __gmon_start__ at 409080
Recovered 13 functions.
Saving to: /home/ubuntu/capstone_project/result/pipeline_20260629_141746/s591874935_bcf_instsub.cfg
Done analysis!
