Debugging is enabled.
Loading Standard Definitions file: /home/ubuntu/capstone_project/dependency/mcsema/mcsema/lib/python3/site-packages/mcsema_disass-3.1.3.8-py3.8.egg/mcsema_disass/defs/linux.txt
Using Batch mode.
Starting analysis
Recovering module s591874935_fla_bcf.elf
Found main at 401150
Looking for instructions in segment .init
  Default block heads for function 401000 with loose bounds [401000, 40101b)
    block [401000, 401014)
    block [401014, 401016)
    block [401016, 40101b)
    chunk [401000, 40101b)
Looking for instructions in segment .plt
  Default block heads for function 401020 with loose bounds [401020, 40102c)
    block [401020, 40102c)
    chunk [401020, 40102c)
  Default block heads for function 401030 with loose bounds [401030, 401036)
    block [401030, 401036)
    chunk [401030, 401036)
  Default block heads for function 401040 with loose bounds [401040, 401046)
    block [401040, 401046)
    chunk [401040, 401046)
  Default block heads for function 401050 with loose bounds [401050, 401056)
    block [401050, 401056)
    chunk [401050, 401056)
Looking for instructions in segment .text
  Default block heads for function 401060 with loose bounds [401060, 401086)
    block [401060, 401086)
    chunk [401060, 401086)
  Default block heads for function 4010a0 with loose bounds [4010a0, 4010c1)
    block [4010a0, 4010ad)
    block [4010ad, 4010b7)
    block [4010b7, 4010be)
    block [4010c0, 4010c1)
    chunk [4010a0, 4010c1)
  Default block heads for function 401110 with loose bounds [401110, 401131)
    block [401110, 40111d)
    block [40111d, 40112f)
    block [401130, 401131)
    chunk [401110, 401131)
  Default block heads for function 401140 with loose bounds [401140, 401146)
    block [401140, 401146)
    chunk [401140, 401146)
    chunk [4010d0, 401101)
  Default block heads for function 401150 with loose bounds [401150, 401918)
    block [401150, 401196)
    block [401196, 4011a7)
    block [4011a7, 4011ac)
    block [4011ac, 4011ba)
    block [4011ba, 4011bf)
    block [4011bf, 4011cd)
    block [4011cd, 4011d2)
    block [4011d2, 4011e0)
    block [4011e0, 4011e5)
    block [4011e5, 4011f3)
    block [4011f3, 4011f8)
    block [4011f8, 401206)
    block [401206, 40120b)
    block [40120b, 401219)
    block [401219, 40121e)
    block [40121e, 40122c)
    block [40122c, 401231)
    block [401231, 40123f)
    block [40123f, 401244)
    block [401244, 401252)
    block [401252, 401257)
    block [401257, 401265)
    block [401265, 40126a)
    block [40126a, 401278)
    block [401278, 40127d)
    block [40127d, 40128b)
    block [40128b, 401290)
    block [401290, 40129e)
    block [40129e, 4012a3)
    block [4012a3, 4012b1)
    block [4012b1, 4012b6)
    block [4012b6, 4012c4)
    block [4012c4, 4012c9)
    block [4012c9, 4012d7)
    block [4012d7, 4012dc)
    block [4012dc, 4012ea)
    block [4012ea, 4012ef)
    block [4012ef, 4012fd)
    block [4012fd, 401302)
    block [401302, 401307)
    block [401307, 401327)
    block [401327, 401422)
    block [401422, 40142e)
    block [40142e, 40148f)
    block [40148f, 4014d2)
    block [4014d2, 401658)
    block [401658, 401673)
    block [401673, 40168f)
    block [40168f, 4016d2)
    block [4016d2, 401724)
    block [401724, 40173f)
    block [40173f, 40175b)
    block [40175b, 401778)
    block [401778, 401795)
    block [401795, 4017a1)
    block [4017a1, 4017a8)
    block [4017a8, 4017c4)
    block [4017c4, 401908)
    block [401908, 401913)
    block [401913, 401918)
    chunk [401150, 401918)
  Default block heads for function 401920 with loose bounds [401920, 406a0f)
    block [401920, 40198f)
    block [40198f, 4019a6)
    block [4019a6, 4019ab)
    block [4019ab, 4019bc)
    block [4019bc, 4019c1)
    block [4019c1, 4019d2)
    block [4019d2, 4019d7)
    block [4019d7, 4019e8)
    block [4019e8, 4019ed)
    block [4019ed, 4019fe)
    block [4019fe, 401a03)
    block [401a03, 401a14)
    block [401a14, 401a19)
    block [401a19, 401a2a)
    block [401a2a, 401a2f)
    block [401a2f, 401a40)
    block [401a40, 401a45)
    block [401a45, 401a56)
    block [401a56, 401a5b)
    block [401a5b, 401a6c)
    block [401a6c, 401a71)
    block [401a71, 401a82)
    block [401a82, 401a87)
    block [401a87, 401a98)
    block [401a98, 401a9d)
    block [401a9d, 401aae)
    block [401aae, 401ab3)
    block [401ab3, 401ac4)
    block [401ac4, 401ac9)
    block [401ac9, 401ada)
    block [401ada, 401adf)
    block [401adf, 401af0)
    block [401af0, 401af5)
    block [401af5, 401b06)
    block [401b06, 401b0b)
    block [401b0b, 401b1c)
    block [401b1c, 401b21)
    block [401b21, 401b32)
    block [401b32, 401b37)
    block [401b37, 401b48)
    block [401b48, 401b4d)
    block [401b4d, 401b5e)
    block [401b5e, 401b63)
    block [401b63, 401b74)
    block [401b74, 401b79)
    block [401b79, 401b8a)
    block [401b8a, 401b8f)
    block [401b8f, 401ba0)
    block [401ba0, 401ba5)
    block [401ba5, 401bb6)
    block [401bb6, 401bbb)
    block [401bbb, 401bcc)
    block [401bcc, 401bd1)
    block [401bd1, 401be2)
    block [401be2, 401be7)
    block [401be7, 401bf8)
    block [401bf8, 401bfd)
    block [401bfd, 401c0e)
    block [401c0e, 401c13)
    block [401c13, 401c24)
    block [401c24, 401c29)
    block [401c29, 401c3a)
    block [401c3a, 401c3f)
    block [401c3f, 401c50)
    block [401c50, 401c55)
    block [401c55, 401c66)
    block [401c66, 401c6b)
    block [401c6b, 401c7c)
    block [401c7c, 401c81)
    block [401c81, 401c92)
    block [401c92, 401c97)
    block [401c97, 401ca8)
    block [401ca8, 401cad)
    block [401cad, 401cbe)
    block [401cbe, 401cc3)
    block [401cc3, 401cd4)
    block [401cd4, 401cd9)
    block [401cd9, 401cea)
    block [401cea, 401cef)
    block [401cef, 401d00)
    block [401d00, 401d05)
    block [401d05, 401d16)
    block [401d16, 401d1b)
    block [401d1b, 401d2c)
    block [401d2c, 401d31)
    block [401d31, 401d42)
    block [401d42, 401d47)
    block [401d47, 401d58)
    block [401d58, 401d5d)
    block [401d5d, 401d6e)
    block [401d6e, 401d73)
    block [401d73, 401d84)
    block [401d84, 401d89)
    block [401d89, 401d9a)
    block [401d9a, 401d9f)
    block [401d9f, 401db0)
    block [401db0, 401db5)
    block [401db5, 401dc6)
    block [401dc6, 401dcb)
    block [401dcb, 401ddc)
    block [401ddc, 401de1)
    block [401de1, 401df2)
    block [401df2, 401df7)
    block [401df7, 401e08)
    block [401e08, 401e0d)
    block [401e0d, 401e1e)
    block [401e1e, 401e23)
    block [401e23, 401e34)
    block [401e34, 401e39)
    block [401e39, 401e4a)
    block [401e4a, 401e4f)
    block [401e4f, 401e60)
    block [401e60, 401e65)
    block [401e65, 401e76)
    block [401e76, 401e7b)
    block [401e7b, 401e8c)
    block [401e8c, 401e91)
    block [401e91, 401ea2)
    block [401ea2, 401ea7)
    block [401ea7, 401eb8)
    block [401eb8, 401ebd)
    block [401ebd, 401ece)
    block [401ece, 401ed3)
    block [401ed3, 401ee4)
    block [401ee4, 401ee9)
    block [401ee9, 401efa)
    block [401efa, 401eff)
    block [401eff, 401f10)
    block [401f10, 401f15)
    block [401f15, 401f26)
    block [401f26, 401f2b)
    block [401f2b, 401f3c)
    block [401f3c, 401f41)
    block [401f41, 401f52)
    block [401f52, 401f57)
    block [401f57, 401f68)
    block [401f68, 401f6d)
    block [401f6d, 401f7e)
    block [401f7e, 401f83)
    block [401f83, 401f94)
    block [401f94, 401f99)
    block [401f99, 401faa)
    block [401faa, 401faf)
    block [401faf, 401fc0)
    block [401fc0, 401fc5)
    block [401fc5, 401fd6)
    block [401fd6, 401fdb)
    block [401fdb, 401fec)
    block [401fec, 401ff1)
    block [401ff1, 402002)
    block [402002, 402007)
    block [402007, 402018)
    block [402018, 40201d)
    block [40201d, 40202e)
    block [40202e, 402033)
    block [402033, 402044)
    block [402044, 402049)
    block [402049, 40205a)
    block [40205a, 40205f)
    block [40205f, 402070)
    block [402070, 402075)
    block [402075, 402086)
    block [402086, 40208b)
    block [40208b, 40209c)
    block [40209c, 4020a1)
    block [4020a1, 4020b2)
    block [4020b2, 4020b7)
    block [4020b7, 4020c8)
    block [4020c8, 4020cd)
    block [4020cd, 4020de)
    block [4020de, 4020e3)
    block [4020e3, 4020f4)
    block [4020f4, 4020f9)
    block [4020f9, 40210a)
    block [40210a, 40210f)
    block [40210f, 402120)
    block [402120, 402125)
    block [402125, 402136)
    block [402136, 40213b)
    block [40213b, 40214c)
    block [40214c, 402151)
    block [402151, 402162)
    block [402162, 402167)
    block [402167, 402178)
    block [402178, 40217d)
    block [40217d, 40218e)
    block [40218e, 402193)
    block [402193, 4021a4)
    block [4021a4, 4021a9)
    block [4021a9, 4021ba)
    block [4021ba, 4021bf)
    block [4021bf, 4021d0)
    block [4021d0, 4021d5)
    block [4021d5, 4021e6)
    block [4021e6, 4021eb)
    block [4021eb, 4021fc)
    block [4021fc, 402201)
    block [402201, 402212)
    block [402212, 402217)
    block [402217, 402228)
    block [402228, 40222d)
    block [40222d, 40223e)
    block [40223e, 402243)
    block [402243, 402254)
    block [402254, 402259)
    block [402259, 40226a)
    block [40226a, 40226f)
    block [40226f, 402280)
    block [402280, 402285)
    block [402285, 402296)
    block [402296, 40229b)
    block [40229b, 4022ac)
    block [4022ac, 4022b1)
    block [4022b1, 4022c2)
    block [4022c2, 4022c7)
    block [4022c7, 4022d8)
    block [4022d8, 4022dd)
    block [4022dd, 4022ee)
    block [4022ee, 4022f3)
    block [4022f3, 402304)
    block [402304, 402309)
    block [402309, 40231a)
    block [40231a, 40231f)
    block [40231f, 402330)
    block [402330, 402335)
    block [402335, 402346)
    block [402346, 40234b)
    block [40234b, 40235c)
    block [40235c, 402361)
    block [402361, 402372)
    block [402372, 402377)
    block [402377, 402388)
    block [402388, 40238d)
    block [40238d, 40239e)
    block [40239e, 4023a3)
    block [4023a3, 4023b4)
    block [4023b4, 4023b9)
    block [4023b9, 4023ca)
    block [4023ca, 4023cf)
    block [4023cf, 4023e0)
    block [4023e0, 4023e5)
    block [4023e5, 4023f6)
    block [4023f6, 4023fb)
    block [4023fb, 40240c)
    block [40240c, 402411)
    block [402411, 402422)
    block [402422, 402427)
    block [402427, 402438)
    block [402438, 40243d)
    block [40243d, 40244e)
    block [40244e, 402453)
    block [402453, 402464)
    block [402464, 402469)
    block [402469, 40247a)
    block [40247a, 40247f)
    block [40247f, 402490)
    block [402490, 402495)
    block [402495, 4024a6)
    block [4024a6, 4024ab)
    block [4024ab, 4024bc)
    block [4024bc, 4024c1)
    block [4024c1, 4024d2)
    block [4024d2, 4024d7)
    block [4024d7, 4024e8)
    block [4024e8, 4024ed)
    block [4024ed, 4024fe)
    block [4024fe, 402503)
    block [402503, 402514)
    block [402514, 402519)
    block [402519, 40252a)
    block [40252a, 40252f)
    block [40252f, 402540)
    block [402540, 402545)
    block [402545, 402556)
    block [402556, 40255b)
    block [40255b, 40256c)
    block [40256c, 402571)
    block [402571, 402582)
    block [402582, 402587)
    block [402587, 402598)
    block [402598, 40259d)
    block [40259d, 4025ae)
    block [4025ae, 4025b3)
    block [4025b3, 4025c4)
    block [4025c4, 4025c9)
    block [4025c9, 4025da)
    block [4025da, 4025df)
    block [4025df, 4025f0)
    block [4025f0, 4025f5)
    block [4025f5, 402606)
    block [402606, 40260b)
    block [40260b, 40261c)
    block [40261c, 402621)
    block [402621, 402632)
    block [402632, 402637)
    block [402637, 402648)
    block [402648, 40264d)
    block [40264d, 40265e)
    block [40265e, 402663)
    block [402663, 402674)
    block [402674, 402679)
    block [402679, 40268a)
    block [40268a, 40268f)
    block [40268f, 4026a0)
    block [4026a0, 4026a5)
    block [4026a5, 4026b6)
    block [4026b6, 4026bb)
    block [4026bb, 4026cc)
    block [4026cc, 4026d1)
    block [4026d1, 4026e2)
    block [4026e2, 4026e7)
    block [4026e7, 4026f8)
    block [4026f8, 4026fd)
    block [4026fd, 40270e)
    block [40270e, 402713)
    block [402713, 402724)
    block [402724, 402729)
    block [402729, 40273a)
    block [40273a, 40273f)
    block [40273f, 402750)
    block [402750, 402755)
    block [402755, 402766)
    block [402766, 40276b)
    block [40276b, 40277c)
    block [40277c, 402781)
    block [402781, 402792)
    block [402792, 402797)
    block [402797, 4027a8)
    block [4027a8, 4027ad)
    block [4027ad, 4027be)
    block [4027be, 4027c3)
    block [4027c3, 4027d4)
    block [4027d4, 4027d9)
    block [4027d9, 4027ea)
    block [4027ea, 4027ef)
    block [4027ef, 402800)
    block [402800, 402805)
    block [402805, 402816)
    block [402816, 40281b)
    block [40281b, 40282c)
    block [40282c, 402831)
    block [402831, 402842)
    block [402842, 402847)
    block [402847, 402858)
    block [402858, 40285d)
    block [40285d, 40286e)
    block [40286e, 402873)
    block [402873, 402884)
    block [402884, 402889)
    block [402889, 40289a)
    block [40289a, 40289f)
    block [40289f, 4028b0)
    block [4028b0, 4028b5)
    block [4028b5, 4028c6)
    block [4028c6, 4028cb)
    block [4028cb, 4028dc)
    block [4028dc, 4028e1)
    block [4028e1, 4028f2)
    block [4028f2, 4028f7)
    block [4028f7, 402908)
    block [402908, 40290d)
    block [40290d, 40291e)
    block [40291e, 402923)
    block [402923, 402934)
    block [402934, 402939)
    block [402939, 40294a)
    block [40294a, 40294f)
    block [40294f, 402960)
    block [402960, 402965)
    block [402965, 402976)
    block [402976, 40297b)
    block [40297b, 40298c)
    block [40298c, 402991)
    block [402991, 4029a2)
    block [4029a2, 4029a7)
    block [4029a7, 4029b8)
    block [4029b8, 4029bd)
    block [4029bd, 4029ce)
    block [4029ce, 4029d3)
    block [4029d3, 4029e4)
    block [4029e4, 4029e9)
    block [4029e9, 4029fa)
    block [4029fa, 4029ff)
    block [4029ff, 402a10)
    block [402a10, 402a15)
    block [402a15, 402a26)
    block [402a26, 402a2b)
    block [402a2b, 402a3c)
    block [402a3c, 402a41)
    block [402a41, 402a52)
    block [402a52, 402a57)
    block [402a57, 402a68)
    block [402a68, 402a6d)
    block [402a6d, 402a7e)
    block [402a7e, 402a83)
    block [402a83, 402a94)
    block [402a94, 402a99)
    block [402a99, 402aaa)
    block [402aaa, 402aaf)
    block [402aaf, 402ac0)
    block [402ac0, 402ac5)
    block [402ac5, 402ad6)
    block [402ad6, 402adb)
    block [402adb, 402aec)
    block [402aec, 402af1)
    block [402af1, 402b02)
    block [402b02, 402b07)
    block [402b07, 402b18)
    block [402b18, 402b1d)
    block [402b1d, 402b2e)
    block [402b2e, 402b33)
    block [402b33, 402b44)
    block [402b44, 402b49)
    block [402b49, 402b5a)
    block [402b5a, 402b5f)
    block [402b5f, 402b70)
    block [402b70, 402b75)
    block [402b75, 402b86)
    block [402b86, 402b8b)
    block [402b8b, 402b9c)
    block [402b9c, 402ba1)
    block [402ba1, 402bb2)
    block [402bb2, 402bb7)
    block [402bb7, 402bc8)
    block [402bc8, 402bcd)
    block [402bcd, 402bde)
    block [402bde, 402be3)
    block [402be3, 402bf4)
    block [402bf4, 402bf9)
    block [402bf9, 402c0a)
    block [402c0a, 402c0f)
    block [402c0f, 402c20)
    block [402c20, 402c25)
    block [402c25, 402c36)
    block [402c36, 402c3b)
    block [402c3b, 402c4c)
    block [402c4c, 402c51)
    block [402c51, 402c62)
    block [402c62, 402c67)
    block [402c67, 402c78)
    block [402c78, 402c7d)
    block [402c7d, 402c8e)
    block [402c8e, 402c93)
    block [402c93, 402ca4)
    block [402ca4, 402ca9)
    block [402ca9, 402cba)
    block [402cba, 402cbf)
    block [402cbf, 402cd0)
    block [402cd0, 402cd5)
    block [402cd5, 402ce6)
    block [402ce6, 402ceb)
    block [402ceb, 402cfc)
    block [402cfc, 402d01)
    block [402d01, 402d12)
    block [402d12, 402d17)
    block [402d17, 402d28)
    block [402d28, 402d2d)
    block [402d2d, 402d3e)
    block [402d3e, 402d43)
    block [402d43, 402d54)
    block [402d54, 402d59)
    block [402d59, 402d6a)
    block [402d6a, 402d6f)
    block [402d6f, 402d80)
    block [402d80, 402d85)
    block [402d85, 402d96)
    block [402d96, 402d9b)
    block [402d9b, 402dac)
    block [402dac, 402db1)
    block [402db1, 402dc2)
    block [402dc2, 402dc7)
    block [402dc7, 402dd8)
    block [402dd8, 402ddd)
    block [402ddd, 402dee)
    block [402dee, 402df3)
    block [402df3, 402e04)
    block [402e04, 402e09)
    block [402e09, 402e1a)
    block [402e1a, 402e1f)
    block [402e1f, 402e30)
    block [402e30, 402e35)
    block [402e35, 402e46)
    block [402e46, 402e4b)
    block [402e4b, 402e5c)
    block [402e5c, 402e61)
    block [402e61, 402e72)
    block [402e72, 402e77)
    block [402e77, 402e88)
    block [402e88, 402e8d)
    block [402e8d, 402e9e)
    block [402e9e, 402ea3)
    block [402ea3, 402eb4)
    block [402eb4, 402eb9)
    block [402eb9, 402eca)
    block [402eca, 402ecf)
    block [402ecf, 402ee0)
    block [402ee0, 402ee5)
    block [402ee5, 402ef6)
    block [402ef6, 402efb)
    block [402efb, 402f0c)
    block [402f0c, 402f11)
    block [402f11, 402f22)
    block [402f22, 402f27)
    block [402f27, 402f38)
    block [402f38, 402f3d)
    block [402f3d, 402f4e)
    block [402f4e, 402f53)
    block [402f53, 402f64)
    block [402f64, 402f69)
    block [402f69, 402f7a)
    block [402f7a, 402f7f)
    block [402f7f, 402f90)
    block [402f90, 402f95)
    block [402f95, 402fa6)
    block [402fa6, 402fab)
    block [402fab, 402fbc)
    block [402fbc, 402fc1)
    block [402fc1, 402fd2)
    block [402fd2, 402fd7)
    block [402fd7, 402fe8)
    block [402fe8, 402fed)
    block [402fed, 402ffe)
    block [402ffe, 403003)
    block [403003, 403014)
    block [403014, 403019)
    block [403019, 40302a)
    block [40302a, 40302f)
    block [40302f, 403040)
    block [403040, 403045)
    block [403045, 403056)
    block [403056, 40305b)
    block [40305b, 40306c)
    block [40306c, 403071)
    block [403071, 403082)
    block [403082, 403087)
    block [403087, 403098)
    block [403098, 40309d)
    block [40309d, 4030ae)
    block [4030ae, 4030b3)
    block [4030b3, 4030c4)
    block [4030c4, 4030c9)
    block [4030c9, 4030da)
    block [4030da, 4030df)
    block [4030df, 4030f0)
    block [4030f0, 4030f5)
    block [4030f5, 403106)
    block [403106, 40310b)
    block [40310b, 40311c)
    block [40311c, 403121)
    block [403121, 403132)
    block [403132, 403137)
    block [403137, 403148)
    block [403148, 40314d)
    block [40314d, 40315e)
    block [40315e, 403163)
    block [403163, 403174)
    block [403174, 403179)
    block [403179, 40318a)
    block [40318a, 40318f)
    block [40318f, 4031a0)
    block [4031a0, 4031a5)
    block [4031a5, 4031b6)
    block [4031b6, 4031bb)
    block [4031bb, 4031cc)
    block [4031cc, 4031d1)
    block [4031d1, 4031e2)
    block [4031e2, 4031e7)
    block [4031e7, 4031f8)
    block [4031f8, 4031fd)
    block [4031fd, 40320e)
    block [40320e, 403213)
    block [403213, 403224)
    block [403224, 403229)
    block [403229, 40323a)
    block [40323a, 40323f)
    block [40323f, 403250)
    block [403250, 403255)
    block [403255, 403266)
    block [403266, 40326b)
    block [40326b, 40327c)
    block [40327c, 403281)
    block [403281, 403292)
    block [403292, 403297)
    block [403297, 4032a8)
    block [4032a8, 4032ad)
    block [4032ad, 4032be)
    block [4032be, 4032c3)
    block [4032c3, 4032d4)
    block [4032d4, 4032d9)
    block [4032d9, 4032ea)
    block [4032ea, 4032ef)
    block [4032ef, 403300)
    block [403300, 403305)
    block [403305, 403316)
    block [403316, 40331b)
    block [40331b, 40332c)
    block [40332c, 403331)
    block [403331, 403342)
    block [403342, 403347)
    block [403347, 403358)
    block [403358, 40335d)
    block [40335d, 40336e)
    block [40336e, 403373)
    block [403373, 403384)
    block [403384, 403389)
    block [403389, 40339a)
    block [40339a, 40339f)
    block [40339f, 4033b0)
    block [4033b0, 4033b5)
    block [4033b5, 4033c6)
    block [4033c6, 4033cb)
    block [4033cb, 4033dc)
    block [4033dc, 4033e1)
    block [4033e1, 4033f2)
    block [4033f2, 4033f7)
    block [4033f7, 403408)
    block [403408, 40340d)
    block [40340d, 40341e)
    block [40341e, 403423)
    block [403423, 403434)
    block [403434, 403439)
    block [403439, 40344a)
    block [40344a, 40344f)
    block [40344f, 403460)
    block [403460, 403465)
    block [403465, 403476)
    block [403476, 40347b)
    block [40347b, 40348c)
    block [40348c, 403491)
    block [403491, 4034a2)
    block [4034a2, 4034a7)
    block [4034a7, 4034ac)
    block [4034ac, 4034d2)
    block [4034d2, 403518)
    block [403518, 403570)
    block [403570, 40358e)
    block [40358e, 4035a7)
    block [4035a7, 4035c9)
    block [4035c9, 4035eb)
    block [4035eb, 403604)
    block [403604, 403626)
    block [403626, 40366c)
    block [40366c, 4036c4)
    block [4036c4, 4036e2)
    block [4036e2, 4036fb)
    block [4036fb, 403741)
    block [403741, 403787)
    block [403787, 403796)
    block [403796, 4037a5)
    block [4037a5, 4037cb)
    block [4037cb, 4037f1)
    block [4037f1, 40380a)
    block [40380a, 403830)
    block [403830, 403876)
    block [403876, 4038d2)
    block [4038d2, 4038f0)
    block [4038f0, 403909)
    block [403909, 40392f)
    block [40392f, 403955)
    block [403955, 40396e)
    block [40396e, 40397d)
    block [40397d, 40398c)
    block [40398c, 4039d2)
    block [4039d2, 403a2f)
    block [403a2f, 403a4d)
    block [403a4d, 403a93)
    block [403a93, 403af7)
    block [403af7, 403b06)
    block [403b06, 403b32)
    block [403b32, 403b62)
    block [403b62, 403b8e)
    block [403b8e, 403bd4)
    block [403bd4, 403c3b)
    block [403c3b, 403c4a)
    block [403c4a, 403c76)
    block [403c76, 403ca6)
    block [403ca6, 403cec)
    block [403cec, 403d49)
    block [403d49, 403d67)
    block [403d67, 403dad)
    block [403dad, 403e14)
    block [403e14, 403e23)
    block [403e23, 403e69)
    block [403e69, 403ec6)
    block [403ec6, 403ee4)
    block [403ee4, 403f2a)
    block [403f2a, 403f91)
    block [403f91, 403fa0)
    block [403fa0, 403fe6)
    block [403fe6, 404043)
    block [404043, 404061)
    block [404061, 404091)
    block [404091, 4040aa)
    block [4040aa, 4040c3)
    block [4040c3, 4040d2)
    block [4040d2, 404103)
    block [404103, 40412f)
    block [40412f, 404175)
    block [404175, 4041db)
    block [4041db, 4041f9)
    block [4041f9, 404212)
    block [404212, 40422b)
    block [40422b, 404271)
    block [404271, 4042b7)
    block [4042b7, 4042c6)
    block [4042c6, 4042fa)
    block [4042fa, 404326)
    block [404326, 40436c)
    block [40436c, 4043d2)
    block [4043d2, 4043f0)
    block [4043f0, 404436)
    block [404436, 404486)
    block [404486, 404495)
    block [404495, 4044ae)
    block [4044ae, 4044f4)
    block [4044f4, 40453a)
    block [40453a, 404549)
    block [404549, 40457d)
    block [40457d, 4045c3)
    block [4045c3, 404620)
    block [404620, 40463e)
    block [40463e, 404684)
    block [404684, 4046e1)
    block [4046e1, 4046ff)
    block [4046ff, 404745)
    block [404745, 4047a2)
    block [4047a2, 4047c0)
    block [4047c0, 4047df)
    block [4047df, 404801)
    block [404801, 404828)
    block [404828, 40486e)
    block [40486e, 4048cc)
    block [4048cc, 4048db)
    block [4048db, 404907)
    block [404907, 404920)
    block [404920, 404946)
    block [404946, 40495f)
    block [40495f, 404978)
    block [404978, 404987)
    block [404987, 4049ab)
    block [4049ab, 4049f1)
    block [4049f1, 404a46)
    block [404a46, 404a64)
    block [404a64, 404a83)
    block [404a83, 404a99)
    block [404a99, 404adf)
    block [404adf, 404b2c)
    block [404b2c, 404b3b)
    block [404b3b, 404b5a)
    block [404b5a, 404b7c)
    block [404b7c, 404ba3)
    block [404ba3, 404bca)
    block [404bca, 404c10)
    block [404c10, 404c6d)
    block [404c6d, 404c8b)
    block [404c8b, 404ca4)
    block [404ca4, 404cca)
    block [404cca, 404ce3)
    block [404ce3, 404d29)
    block [404d29, 404d79)
    block [404d79, 404d88)
    block [404d88, 404d97)
    block [404d97, 404dbb)
    block [404dbb, 404e01)
    block [404e01, 404e56)
    block [404e56, 404e74)
    block [404e74, 404e93)
    block [404e93, 404ed9)
    block [404ed9, 404f26)
    block [404f26, 404f35)
    block [404f35, 404f7b)
    block [404f7b, 404fc8)
    block [404fc8, 404fd7)
    block [404fd7, 404ff6)
    block [404ff6, 405018)
    block [405018, 40503f)
    block [40503f, 405085)
    block [405085, 4050e3)
    block [4050e3, 4050f2)
    block [4050f2, 40511e)
    block [40511e, 405164)
    block [405164, 4051b4)
    block [4051b4, 4051c3)
    block [4051c3, 4051e9)
    block [4051e9, 405202)
    block [405202, 40521b)
    block [40521b, 405261)
    block [405261, 4052a7)
    block [4052a7, 4052b6)
    block [4052b6, 4052fc)
    block [4052fc, 405356)
    block [405356, 405374)
    block [405374, 4053ba)
    block [4053ba, 40540f)
    block [40540f, 40542d)
    block [40542d, 405473)
    block [405473, 4054c8)
    block [4054c8, 4054e6)
    block [4054e6, 4054fc)
    block [4054fc, 405512)
    block [405512, 405521)
    block [405521, 405530)
    block [405530, 40553f)
    block [40553f, 40555e)
    block [40555e, 40557d)
    block [40557d, 40559c)
    block [40559c, 4055bb)
    block [4055bb, 4055f4)
    block [4055f4, 405613)
    block [405613, 405632)
    block [405632, 405651)
    block [405651, 405697)
    block [405697, 4056e4)
    block [4056e4, 4056f3)
    block [4056f3, 405709)
    block [405709, 405742)
    block [405742, 405761)
    block [405761, 405780)
    block [405780, 4057c6)
    block [4057c6, 40581b)
    block [40581b, 405839)
    block [405839, 40587f)
    block [40587f, 4058cc)
    block [4058cc, 4058db)
    block [4058db, 4058f1)
    block [4058f1, 405900)
    block [405900, 40590f)
    block [40590f, 405955)
    block [405955, 4059aa)
    block [4059aa, 4059c8)
    block [4059c8, 4059e7)
    block [4059e7, 405a06)
    block [405a06, 405a25)
    block [405a25, 405a61)
    block [405a61, 405a80)
    block [405a80, 405a9f)
    block [405a9f, 405abe)
    block [405abe, 405b04)
    block [405b04, 405b51)
    block [405b51, 405b60)
    block [405b60, 405b76)
    block [405b76, 405bbc)
    block [405bbc, 405c2c)
    block [405c2c, 405c4a)
    block [405c4a, 405c69)
    block [405c69, 405c88)
    block [405c88, 405ca7)
    block [405ca7, 405cbd)
    block [405cbd, 405d03)
    block [405d03, 405d50)
    block [405d50, 405d5f)
    block [405d5f, 405d6e)
    block [405d6e, 405d7d)
    block [405d7d, 405dc3)
    block [405dc3, 405e18)
    block [405e18, 405e36)
    block [405e36, 405e55)
    block [405e55, 405e74)
    block [405e74, 405eba)
    block [405eba, 405f0f)
    block [405f0f, 405f2d)
    block [405f2d, 405f69)
    block [405f69, 405f88)
    block [405f88, 405fa7)
    block [405fa7, 405fed)
    block [405fed, 406042)
    block [406042, 406060)
    block [406060, 406076)
    block [406076, 4060bc)
    block [4060bc, 406109)
    block [406109, 406118)
    block [406118, 40615e)
    block [40615e, 4061ce)
    block [4061ce, 4061ec)
    block [4061ec, 40620b)
    block [40620b, 40622a)
    block [40622a, 406270)
    block [406270, 4062c5)
    block [4062c5, 4062e3)
    block [4062e3, 4062f9)
    block [4062f9, 40633f)
    block [40633f, 40638c)
    block [40638c, 40639b)
    block [40639b, 4063e1)
    block [4063e1, 406427)
    block [406427, 406436)
    block [406436, 406445)
    block [406445, 406454)
    block [406454, 406463)
    block [406463, 4064a9)
    block [4064a9, 4064ef)
    block [4064ef, 4064fe)
    block [4064fe, 406514)
    block [406514, 40655a)
    block [40655a, 4065a6)
    block [4065a6, 4065b2)
    block [4065b2, 4065c1)
    block [4065c1, 4065d0)
    block [4065d0, 4065df)
    block [4065df, 4065ee)
    block [4065ee, 4065fd)
    block [4065fd, 40662a)
    block [40662a, 40665a)
    block [40665a, 406669)
    block [406669, 406699)
    block [406699, 4066a8)
    block [4066a8, 4066d8)
    block [4066d8, 4066e7)
    block [4066e7, 406700)
    block [406700, 40670f)
    block [40670f, 406728)
    block [406728, 406741)
    block [406741, 406750)
    block [406750, 40675f)
    block [40675f, 40676e)
    block [40676e, 40677d)
    block [40677d, 4067a4)
    block [4067a4, 4067b3)
    block [4067b3, 4067c9)
    block [4067c9, 4067d8)
    block [4067d8, 4067f1)
    block [4067f1, 406800)
    block [406800, 406816)
    block [406816, 40682c)
    block [40682c, 406853)
    block [406853, 40686c)
    block [40686c, 40687b)
    block [40687b, 40688a)
    block [40688a, 406899)
    block [406899, 4068a8)
    block [4068a8, 4068be)
    block [4068be, 4068cd)
    block [4068cd, 4068e3)
    block [4068e3, 4068f2)
    block [4068f2, 406908)
    block [406908, 406936)
    block [406936, 40694c)
    block [40694c, 40695b)
    block [40695b, 40696a)
    block [40696a, 406979)
    block [406979, 40698f)
    block [40698f, 4069bd)
    block [4069bd, 4069cc)
    block [4069cc, 4069e2)
    block [4069e2, 4069f1)
    block [4069f1, 406a00)
    block [406a00, 406a0a)
    block [406a0a, 406a0f)
    chunk [401920, 406a0f)
  Default block heads for function 406a10 with loose bounds [406a10, 406a42)
    block [406a10, 406a42)
    chunk [406a10, 406a42)
  Default block heads for function 406a50 with loose bounds [406a50, 406abe)
    block [406a50, 406abe)
    chunk [406a50, 406abe)
  Default block heads for function 406ac0 with loose bounds [406ac0, 406de7)
    block [406ac0, 406b17)
    block [406b17, 406b28)
    block [406b28, 406b2d)
    block [406b2d, 406b3b)
    block [406b3b, 406b40)
    block [406b40, 406b4e)
    block [406b4e, 406b53)
    block [406b53, 406b61)
    block [406b61, 406b66)
    block [406b66, 406b74)
    block [406b74, 406b79)
    block [406b79, 406b87)
    block [406b87, 406b8c)
    block [406b8c, 406b9a)
    block [406b9a, 406b9f)
    block [406b9f, 406bad)
    block [406bad, 406bb2)
    block [406bb2, 406bc0)
    block [406bc0, 406bc5)
    block [406bc5, 406bca)
    block [406bca, 406bea)
    block [406bea, 406cd6)
    block [406cd6, 406cf1)
    block [406cf1, 406d07)
    block [406d07, 406d2c)
    block [406d2c, 406d42)
    block [406d42, 406d58)
    block [406d58, 406d63)
    block [406d63, 406de2)
    block [406de2, 406de7)
    chunk [406ac0, 406de7)
  Default block heads for function 406df0 with loose bounds [406df0, 406e4b)
    block [406df0, 406e4b)
    chunk [406df0, 406e4b)
Looking for instructions in segment .fini
  Default block heads for function 406e4c with loose bounds [406e4c, 406e59)
    block [406e4c, 406e59)
    chunk [406e4c, 406e59)
Looking for strings in segment .rodata [407000, 40702d)
  Found string b'%lf,%lf,%lf,%lf,%lf,%lf,%lf,%lf' of length 32 at 407004, jumping to 407024
  Found string b'NO\n' of length 4 at 407024, jumping to 407028
  Found string b'YES\n' of length 5 at 407028, jumping to 40702d
Looking for strings in segment .eh_frame_hdr [407030, 407084)
Looking for strings in segment .eh_frame [407088, 4071c0)
Looking for strings in segment .init_array [408de8, 408df0)
Looking for strings in segment .fini_array [408df0, 408df8)
Looking for strings in segment .got [408fd8, 408fe8)
Looking for strings in segment .got.plt [408fe8, 409018)
Looking for strings in segment .data [409018, 409028)
Looking for strings in segment .bss [409028, 409060)
Looking for strings in segment extern [409060, 409088)
Looking for cross-references in segment .init [401000, 40101b)
Looking for cross-references in segment .plt [401020, 401060)
  Stopping scan at 40102c
Looking for cross-references in segment .text [401060, 406e4b)
  Stopping scan at 40108c
  Stopping scan at 40109c
  Stopping scan at ffffffffffffffff
  Stopping scan at 4010cc
  Stopping scan at 40110c
  Stopping scan at ffffffffffffffff
  Stopping scan at 40113c
  Stopping scan at 40114c
  Stopping scan at 40191c
  Stopping scan at ffffffffffffffff
  Stopping scan at 406a4c
  Stopping scan at ffffffffffffffff
  Stopping scan at 406dec
Looking for cross-references in segment .fini [406e4c, 406e59)
Looking for cross-references in segment .rodata [407000, 40702d)
  Found string at 407004, jumping to 407024
  Found string at 407024, jumping to 407028
  Found string at 407028, jumping to 40702d
  Stopping scan at 407028
Looking for cross-references in segment .eh_frame_hdr [407030, 407084)
  Stopping scan at 407080
Looking for cross-references in segment .eh_frame [407088, 4071c0)
  Stopping scan at 4071bc
Looking for cross-references in segment .init_array [408de8, 408df0)
  Adding qword reference from 408de8 to 401140
  Stopping scan at 408de8
Looking for cross-references in segment .fini_array [408df0, 408df8)
  Adding qword reference from 408df0 to 401110
  Stopping scan at 408df0
Looking for cross-references in segment .got [408fd8, 408fe8)
  Adding qword reference from 408fd8 to 409060
  Adding qword reference from 408fe0 to 409080
  Stopping scan at 408fe0
Looking for cross-references in segment .got.plt [408fe8, 409018)
  Adding qword reference from 409000 to 409068
  Adding qword reference from 409008 to 409070
  Adding qword reference from 409010 to 409078
  Stopping scan at 409010
Looking for cross-references in segment .data [409018, 409028)
  Stopping scan at 409024
Looking for cross-references in segment .bss [409028, 409060)
  Stopping scan at 40905c
Looking for cross-references in segment extern [409060, 409088)
  Stopping scan at 409084
Looking for thunks
  Found thunk for printf targeting 409068 at 401030
  Found thunk for __isoc99_scanf targeting 409070 at 401040
  Found thunk for sqrt targeting 409078 at 401050
Looking for external symbols
  Function at 401030 is the external function printf
  Function at 401040 is the external function __isoc99_scanf
  Function at 401050 is the external function sqrt
  Function at 409060 is the external function __libc_start_main
  Function at 409068 is the external function printf
  Function at 409070 is the external function __isoc99_scanf
  Function at 409078 is the external function sqrt
  Function at 409080 is the external function __gmon_start__
Looking for entrypoints
Recovering .init_proc at 401000
  Analysing subroutine .init_proc at 401000
    Block head at 0040101b is not code.
  Subroutine .init_proc at 401000 has 3 blocks
  BB: 401000 in func 401000 with 5 insts
    Referenced by data
    I: 401000
    I: 401004
    I: 401008 (mem 408fe0)
    I: 40100f
    I: 401012 (flow 401016)
      Successors: 401014, 401016
  BB: 401014 in func 401000 with 1 insts
    I: 401014
      Successors: 401016
  BB: 401016 in func 401000 with 2 insts
    I: 401016
    I: 40101a
      No successors
Recovering 401020
  Analysing subroutine sub_401020 at 401020
  WARNING: No table entries for indirect jump at 401026; Adding next_ea 40102c as successor.
  Subroutine sub_401020 at 401020 has 2 blocks
  WARNING: No table entries for indirect jump at 401026; Adding next_ea 40102c as successor.
  BB: 401020 in func 401020 with 2 insts
    I: 401020 (mem 408ff0)
    I: 401026 (mem 408ff8)
      Successors: 40102c
  BB: 40102c in func 401020 with 1 insts
    I: 40102c
      No successors
Recovering start at 401060
  Analysing subroutine start at 401060
  Subroutine start at 401060 has 3 blocks
  BB: 401060 in func 401060 with 13 insts
    Referenced by data
    I: 401060
    I: 401064
    I: 401066
    I: 401069
    I: 40106a
    I: 40106d
    I: 401071
    I: 401072
    I: 401073
    I: 401076
    I: 401078 (imm 401150)
    I: 40107f (mem 408fd8)
    I: 401085
      No successors
  BB: 401095 in func 401060 with 2 insts
    I: 401095
    I: 40109f
      No successors
  BB: 401086 in func 401060 with 3 insts
    I: 401086
    I: 401090
    I: 401094
      No successors
Recovering 4010a0
  Analysing subroutine sub_4010A0 at 4010a0
  WARNING: No table entries for indirect jump at 4010bc; Adding next_ea 4010be as successor.
  WARNING: No table entries for indirect jump at 4010fe; Adding next_ea 401100 as successor.
  Subroutine sub_4010A0 at 4010a0 has 11 blocks
  BB: 4010a0 in func 4010a0 with 3 insts
    I: 4010a0 (imm 409028)
    I: 4010a5 (imm 409028)
    I: 4010ab (flow 4010c0)
      Successors: 4010c0, 4010ad
  BB: 4010c0 in func 4010a0 with 1 insts
    I: 4010c0
      No successors
  BB: 4010c1 in func 4010a0 with 2 insts
    I: 4010c1
    I: 4010c5
      Successors: 4010d0
  BB: 401100 in func 4010a0 with 1 insts
    I: 401100
      No successors
  BB: 401101 in func 4010a0 with 2 insts
    I: 401101
    I: 401105
      No successors
  BB: 4010ad in func 4010a0 with 3 insts
    I: 4010ad
    I: 4010b2
    I: 4010b5 (flow 4010c0)
      Successors: 4010c0, 4010b7
  BB: 4010ef in func 4010a0 with 3 insts
    I: 4010ef
    I: 4010f4
    I: 4010f7 (flow 401100)
      Successors: 401100, 4010f9
  BB: 4010d0 in func 4010a0 with 8 insts
    I: 4010d0 (imm 409028)
    I: 4010d5 (imm 409028)
    I: 4010dc
    I: 4010df
    I: 4010e3
    I: 4010e7
    I: 4010ea
    I: 4010ed (flow 401100)
      Successors: 401100, 4010ef
  WARNING: No table entries for indirect jump at 4010bc; Adding next_ea 4010be as successor.
  BB: 4010b7 in func 4010a0 with 2 insts
    I: 4010b7 (imm 409028)
    I: 4010bc
      Successors: 4010be
  WARNING: No table entries for indirect jump at 4010fe; Adding next_ea 401100 as successor.
  BB: 4010f9 in func 4010a0 with 2 insts
    I: 4010f9 (imm 409028)
    I: 4010fe
      Successors: 401100
  BB: 4010be in func 4010a0 with 1 insts
    I: 4010be
      Successors: 4010c0
Recovering 401110
  Analysing subroutine sub_401110 at 401110
  Subroutine sub_401110 at 401110 has 5 blocks
  BB: 40112f in func 401110 with 1 insts
    I: 40112f
      Successors: 401130
  BB: 401110 in func 401110 with 3 insts
    Referenced by data
    I: 401110
    I: 401114 (mem 409028)
    I: 40111b (flow 401130)
      Successors: 401130, 40111d
  BB: 401131 in func 401110 with 2 insts
    I: 401131
    I: 401135
      No successors
  BB: 401130 in func 401110 with 1 insts
    I: 401130
      No successors
  BB: 40111d in func 401110 with 6 insts
    I: 40111d
    I: 40111e
    I: 401121 (flow 4010a0)
    I: 401126 (mem 409028)
    I: 40112d
    I: 40112e
      No successors
Recovering 401140
  Analysing subroutine sub_401140 at 401140
  WARNING: No table entries for indirect jump at 4010fe; Adding next_ea 401100 as successor.
  Subroutine sub_401140 at 401140 has 6 blocks
  BB: 401140 in func 401140 with 2 insts
    Referenced by data
    I: 401140
    I: 401144 (flow 4010d0)
      Successors: 4010d0
  BB: 401100 in func 401140 with 1 insts
    I: 401100
      No successors
  BB: 401146 in func 401140 with 1 insts
    I: 401146
      No successors
  BB: 4010ef in func 401140 with 3 insts
    I: 4010ef
    I: 4010f4
    I: 4010f7 (flow 401100)
      Successors: 401100, 4010f9
  BB: 4010d0 in func 401140 with 8 insts
    I: 4010d0 (imm 409028)
    I: 4010d5 (imm 409028)
    I: 4010dc
    I: 4010df
    I: 4010e3
    I: 4010e7
    I: 4010ea
    I: 4010ed (flow 401100)
      Successors: 401100, 4010ef
  WARNING: No table entries for indirect jump at 4010fe; Adding next_ea 401100 as successor.
  BB: 4010f9 in func 401140 with 2 insts
    I: 4010f9 (imm 409028)
    I: 4010fe
      Successors: 401100
Recovering main at 401150
  Analysing subroutine main at 401150
  Subroutine main at 401150 has 61 blocks
  BB: 401302 in func 401150 with 1 insts
    I: 401302 (flow 401913)
      Successors: 401913
  BB: 40127d in func 401150 with 3 insts
    I: 40127d
    I: 401280
    I: 401285 (flow 401673)
      Successors: 40128b, 401673
  BB: 401206 in func 401150 with 1 insts
    I: 401206 (flow 40120b)
      Successors: 40120b
  BB: 401307 in func 401150 with 9 insts
    I: 401307
    I: 40130a
    I: 40130d
    I: 40130f
    I: 401314
    I: 401319
    I: 40131c
    I: 40131f
    I: 401322 (flow 401913)
      Successors: 401913
  BB: 401908 in func 401150 with 2 insts
    I: 401908
    I: 40190c
      Successors: 401913
  BB: 40120b in func 401150 with 3 insts
    I: 40120b
    I: 40120e
    I: 401213 (flow 401327)
      Successors: 401219, 401327
  BB: 40128b in func 401150 with 1 insts
    I: 40128b (flow 401290)
      Successors: 401290
  BB: 40148f in func 401150 with 19 insts
    I: 40148f (imm 409030)
    I: 401496
    I: 401498 (imm 40904c)
    I: 40149f
    I: 4014a1
    I: 4014a3
    I: 4014a6
    I: 4014a9
    I: 4014ac
    I: 4014af
    I: 4014b2
    I: 4014b5
    I: 4014b8
    I: 4014ba
    I: 4014bf
    I: 4014c4
    I: 4014c7
    I: 4014ca
    I: 4014cd (flow 401913)
      Successors: 401913
  BB: 401290 in func 401150 with 3 insts
    I: 401290
    I: 401293
    I: 401298 (flow 401908)
      Successors: 401908, 40129e
  BB: 40168f in func 401150 with 19 insts
    I: 40168f (imm 409030)
    I: 401696
    I: 401698 (imm 40904c)
    I: 40169f
    I: 4016a1
    I: 4016a3
    I: 4016a6
    I: 4016a9
    I: 4016ac
    I: 4016af
    I: 4016b2
    I: 4016b5
    I: 4016b8
    I: 4016ba
    I: 4016bf
    I: 4016c4
    I: 4016c7
    I: 4016ca
    I: 4016cd (flow 401913)
      Successors: 401913
  BB: 401913 in func 401150 with 1 insts
    I: 401913 (flow 401196)
      Successors: 401196
  BB: 401795 in func 401150 with 2 insts
    I: 401795
    I: 40179c (flow 401913)
      Successors: 401913
  BB: 401196 in func 401150 with 4 insts
    I: 401196
    I: 401199
    I: 40119c
    I: 4011a1 (flow 40142e)
      Successors: 40142e, 4011a7
  BB: 401918 in func 401150 with 1 insts
    I: 401918
      No successors
  BB: 401219 in func 401150 with 1 insts
    I: 401219 (flow 40121e)
      Successors: 40121e
  BB: 40129e in func 401150 with 1 insts
    I: 40129e (flow 4012a3)
      Successors: 4012a3
  BB: 40121e in func 401150 with 3 insts
    I: 40121e
    I: 401221
    I: 401226 (flow 401778)
      Successors: 401778, 40122c
  BB: 4017a1 in func 401150 with 4 insts
    I: 4017a1
    I: 4017a3
    I: 4017a6
    I: 4017a7
      No successors
  BB: 401422 in func 401150 with 2 insts
    I: 401422
    I: 401429 (flow 401913)
      Successors: 401913
  BB: 4012a3 in func 401150 with 3 insts
    I: 4012a3
    I: 4012a6
    I: 4012ab (flow 4017a8)
      Successors: 4017a8, 4012b1
  BB: 401724 in func 401150 with 7 insts
    I: 401724
    I: 401727
    I: 40172c
    I: 401731
    I: 401734
    I: 401737
    I: 40173a (flow 401913)
      Successors: 401913
  BB: 4011a7 in func 401150 with 1 insts
    I: 4011a7 (flow 4011ac)
      Successors: 4011ac
  BB: 401327 in func 401150 with 71 insts
    I: 401327
    I: 40132a
    I: 40132e
    I: 401331
    I: 401334
    I: 401338
    I: 40133b
    I: 40133f
    I: 401342
    I: 401346
    I: 401349
    I: 40134d
    I: 401350
    I: 401354
    I: 401357
    I: 40135b
    I: 40135e
    I: 401362
    I: 401365
    I: 401369
    I: 40136c
    I: 401370
    I: 401373
    I: 401377
    I: 40137a
    I: 40137e
    I: 401381
    I: 401385
    I: 401388
    I: 40138c
    I: 40138f
    I: 401393
    I: 401396
    I: 40139a
    I: 40139d
    I: 4013a1
    I: 4013a4
    I: 4013a8
    I: 4013ab
    I: 4013af
    I: 4013b2
    I: 4013b6
    I: 4013b9
    I: 4013bd
    I: 4013c0
    I: 4013c4
    I: 4013c7
    I: 4013cb
    I: 4013ce
    I: 4013d2
    I: 4013d5
    I: 4013d9
    I: 4013df (imm 409030)
    I: 4013e6
    I: 4013e8 (imm 40904c)
    I: 4013ef
    I: 4013f1
    I: 4013f3
    I: 4013f6
    I: 4013f9
    I: 4013fc
    I: 4013ff
    I: 401402
    I: 401405
    I: 401408
    I: 40140a
    I: 40140f
    I: 401414
    I: 401417
    I: 40141a
    I: 40141d (flow 401913)
      Successors: 401913
  BB: 4017a8 in func 401150 with 6 insts
    I: 4017a8
    I: 4017ab
    I: 4017af
    I: 4017b2
    I: 4017b8
    I: 4017bf (flow 401913)
      Successors: 401913
  BB: 4011ac in func 401150 with 3 insts
    I: 4011ac
    I: 4011af
    I: 4011b4 (flow 4014d2)
      Successors: 4014d2, 4011ba
  BB: 40122c in func 401150 with 1 insts
    I: 40122c (flow 401231)
      Successors: 401231
  BB: 40142e in func 401150 with 23 insts
    I: 40142e
    I: 401432
    I: 401436
    I: 40143a
    I: 40143e
    I: 401442
    I: 401446
    I: 40144a
    I: 40144e (imm 407004)
    I: 401458
    I: 40145c
    I: 401460
    I: 401465
    I: 40146a
    I: 40146c (flow 409070)
    I: 401471
    I: 401475
    I: 401477
    I: 40147c
    I: 401481
    I: 401484
    I: 401487
    I: 40148a (flow 401913)
      Successors: 401913
  BB: 401231 in func 401150 with 3 insts
    I: 401231
    I: 401234
    I: 401239 (flow 40168f)
      Successors: 40168f, 40123f
  BB: 4012b1 in func 401150 with 1 insts
    I: 4012b1 (flow 4012b6)
      Successors: 4012b6
  BB: 4012b6 in func 401150 with 3 insts
    I: 4012b6
    I: 4012b9
    I: 4012be (flow 401658)
      Successors: 401658, 4012c4
  BB: 4011ba in func 401150 with 1 insts
    I: 4011ba (flow 4011bf)
      Successors: 4011bf
  BB: 40123f in func 401150 with 1 insts
    I: 40123f (flow 401244)
      Successors: 401244
  BB: 4011bf in func 401150 with 3 insts
    I: 4011bf
    I: 4011c2
    I: 4011c7 (flow 4016d2)
      Successors: 4016d2, 4011cd
  BB: 40173f in func 401150 with 7 insts
    I: 40173f
    I: 401743
    I: 401748
    I: 40174d
    I: 401750
    I: 401753
    I: 401756 (flow 401913)
      Successors: 401913
  BB: 401244 in func 401150 with 3 insts
    I: 401244
    I: 401247
    I: 40124c (flow 401307)
      Successors: 401252, 401307
  BB: 4012c4 in func 401150 with 1 insts
    I: 4012c4 (flow 4012c9)
      Successors: 4012c9
  BB: 4017c4 in func 401150 with 83 insts
    I: 4017c4
    I: 4017c8
    I: 4017cc
    I: 4017d0
    I: 4017d4
    I: 4017d8
    I: 4017dc
    I: 4017e0
    I: 4017e4
    I: 4017e8
    I: 4017ec
    I: 4017f0
    I: 4017f4
    I: 4017f8
    I: 4017fc
    I: 401800
    I: 401804 (flow 401920)
    I: 401809
    I: 40180b
    I: 40180f
    I: 401811
    I: 401815
    I: 401819
    I: 40181d
    I: 401821
    I: 401825
    I: 401829
    I: 40182d
    I: 401831
    I: 401835
    I: 401839
    I: 40183d
    I: 401841
    I: 401845
    I: 401849
    I: 40184d
    I: 401851 (flow 401920)
    I: 401856
    I: 401858
    I: 40185c
    I: 40185e
    I: 401862
    I: 401866
    I: 40186a
    I: 40186e
    I: 401872
    I: 401876
    I: 40187a
    I: 40187e
    I: 401882
    I: 401886
    I: 40188a
    I: 40188e
    I: 401892
    I: 401896
    I: 40189a
    I: 40189e (flow 401920)
    I: 4018a3
    I: 4018a5
    I: 4018a9
    I: 4018ab
    I: 4018af
    I: 4018b3
    I: 4018b7
    I: 4018bb
    I: 4018bf
    I: 4018c3
    I: 4018c7
    I: 4018cb
    I: 4018cf
    I: 4018d3
    I: 4018d7
    I: 4018db
    I: 4018df
    I: 4018e3
    I: 4018e7
    I: 4018eb (flow 401920)
    I: 4018f0
    I: 4018f2
    I: 4018f6
    I: 4018f8
    I: 4018fc
    I: 401903 (flow 401913)
      Successors: 401913
  BB: 4012c9 in func 401150 with 3 insts
    I: 4012c9
    I: 4012cc
    I: 4012d1 (flow 4017c4)
      Successors: 4017c4, 4012d7
  BB: 4011cd in func 401150 with 1 insts
    I: 4011cd (flow 4011d2)
      Successors: 4011d2
  BB: 401150 in func 401150 with 20 insts
    Referenced by data
    I: 401150
    I: 401151
    I: 401154
    I: 40115b (imm 409030)
    I: 401162
    I: 401164 (imm 40904c)
    I: 40116b
    I: 40116d
    I: 40116f
    I: 401172
    I: 401175
    I: 401178
    I: 40117b
    I: 40117e
    I: 401181
    I: 401184
    I: 401187
    I: 40118a
    I: 40118c
    I: 40118f
      Successors: 401196
  BB: 4011d2 in func 401150 with 3 insts
    I: 4011d2
    I: 4011d5
    I: 4011da (flow 40148f)
      Successors: 4011e0, 40148f
  BB: 401252 in func 401150 with 1 insts
    I: 401252 (flow 401257)
      Successors: 401257
  BB: 4014d2 in func 401150 with 104 insts
    I: 4014d2
    I: 4014d6
    I: 4014da
    I: 4014de
    I: 4014e2
    I: 4014e6
    I: 4014ea
    I: 4014ee
    I: 4014f2
    I: 4014f6
    I: 4014fa
    I: 4014fe
    I: 401502
    I: 401506
    I: 40150a
    I: 40150e
    I: 401512 (flow 401920)
    I: 401517
    I: 401519
    I: 40151d
    I: 40151f
    I: 401523
    I: 401527
    I: 40152b
    I: 40152f
    I: 401533
    I: 401537
    I: 40153b
    I: 40153f
    I: 401543
    I: 401547
    I: 40154b
    I: 40154f
    I: 401553
    I: 401557
    I: 40155b
    I: 40155f (flow 401920)
    I: 401564
    I: 401566
    I: 40156a
    I: 40156c
    I: 401570
    I: 401574
    I: 401578
    I: 40157c
    I: 401580
    I: 401584
    I: 401588
    I: 40158c
    I: 401590
    I: 401594
    I: 401598
    I: 40159c
    I: 4015a0
    I: 4015a4
    I: 4015a8
    I: 4015ac (flow 401920)
    I: 4015b1
    I: 4015b3
    I: 4015b7
    I: 4015b9
    I: 4015bd
    I: 4015c1
    I: 4015c5
    I: 4015c9
    I: 4015cd
    I: 4015d1
    I: 4015d5
    I: 4015d9
    I: 4015dd
    I: 4015e1
    I: 4015e5
    I: 4015e9
    I: 4015ed
    I: 4015f1
    I: 4015f5
    I: 4015f9 (flow 401920)
    I: 4015fe
    I: 401600
    I: 401604
    I: 401606
    I: 40160a
    I: 40160d
    I: 401610
    I: 401612
    I: 401615 (imm 409030)
    I: 40161c
    I: 40161e (imm 40904c)
    I: 401625
    I: 401627
    I: 401629
    I: 40162c
    I: 40162f
    I: 401632
    I: 401635
    I: 401638
    I: 40163b
    I: 40163e
    I: 401640
    I: 401645
    I: 40164a
    I: 40164d
    I: 401650
    I: 401653 (flow 401913)
      Successors: 401913
  BB: 4016d2 in func 401150 with 24 insts
    I: 4016d2
    I: 4016d6
    I: 4016d9
    I: 4016dc
    I: 4016de
    I: 4016e1 (imm 409030)
    I: 4016e8
    I: 4016ea (imm 40904c)
    I: 4016f1
    I: 4016f3
    I: 4016f5
    I: 4016f8
    I: 4016fb
    I: 4016fe
    I: 401701
    I: 401704
    I: 401707
    I: 40170a
    I: 40170c
    I: 401711
    I: 401716
    I: 401719
    I: 40171c
    I: 40171f (flow 401913)
      Successors: 401913
  BB: 401257 in func 401150 with 3 insts
    I: 401257
    I: 40125a
    I: 40125f (flow 401422)
      Successors: 401422, 401265
  BB: 4012d7 in func 401150 with 1 insts
    I: 4012d7 (flow 4012dc)
      Successors: 4012dc
  BB: 401658 in func 401150 with 7 insts
    I: 401658
    I: 40165b
    I: 401660
    I: 401665
    I: 401668
    I: 40166b
    I: 40166e (flow 401913)
      Successors: 401913
  BB: 40175b in func 401150 with 5 insts
    I: 40175b (imm 407024)
    I: 401765
    I: 401767 (flow 409068)
    I: 40176c
    I: 401773 (flow 401913)
      Successors: 401913
  BB: 4012dc in func 401150 with 3 insts
    I: 4012dc
    I: 4012df
    I: 4012e4 (flow 401724)
      Successors: 4012ea, 401724
  BB: 4011e0 in func 401150 with 1 insts
    I: 4011e0 (flow 4011e5)
      Successors: 4011e5
  BB: 4011e5 in func 401150 with 3 insts
    I: 4011e5
    I: 4011e8
    I: 4011ed (flow 40175b)
      Successors: 40175b, 4011f3
  BB: 401265 in func 401150 with 1 insts
    I: 401265 (flow 40126a)
      Successors: 40126a
  BB: 4011f8 in func 401150 with 3 insts
    I: 4011f8
    I: 4011fb
    I: 401200 (flow 401795)
      Successors: 401795, 401206
  BB: 40126a in func 401150 with 3 insts
    I: 40126a
    I: 40126d
    I: 401272 (flow 40173f)
      Successors: 401278, 40173f
  BB: 4012ea in func 401150 with 1 insts
    I: 4012ea (flow 4012ef)
      Successors: 4012ef
  BB: 401278 in func 401150 with 1 insts
    I: 401278 (flow 40127d)
      Successors: 40127d
  BB: 4012ef in func 401150 with 3 insts
    I: 4012ef
    I: 4012f2
    I: 4012f7 (flow 4017a1)
      Successors: 4017a1, 4012fd
  BB: 4011f3 in func 401150 with 1 insts
    I: 4011f3 (flow 4011f8)
      Successors: 4011f8
  BB: 401673 in func 401150 with 7 insts
    I: 401673
    I: 401677
    I: 40167c
    I: 401681
    I: 401684
    I: 401687
    I: 40168a (flow 401913)
      Successors: 401913
  BB: 401778 in func 401150 with 5 insts
    I: 401778 (imm 407028)
    I: 401782
    I: 401784 (flow 409068)
    I: 401789
    I: 401790 (flow 401913)
      Successors: 401913
  BB: 4012fd in func 401150 with 1 insts
    I: 4012fd (flow 401302)
      Successors: 401302
Recovering 401920
  Analysing subroutine sub_401920 at 401920
  Subroutine sub_401920 at 401920 has 949 blocks
  BB: 402800 in func 401920 with 1 insts
    I: 402800 (flow 402805)
      Successors: 402805
  BB: 404801 in func 401920 with 6 insts
    I: 404801
    I: 404807
    I: 40480d
    I: 404813
    I: 404819
    I: 404823 (flow 406a0a)
      Successors: 406a0a
  BB: 402002 in func 401920 with 1 insts
    I: 402002 (flow 402007)
      Successors: 402007
  BB: 403003 in func 401920 with 3 insts
    I: 403003
    I: 403009
    I: 40300e (flow 40620b)
      Successors: 40620b, 403014
  BB: 406800 in func 401920 with 3 insts
    I: 406800
    I: 406807
    I: 406811 (flow 406a0a)
      Successors: 406a0a
  BB: 402805 in func 401920 with 3 insts
    I: 402805
    I: 40280b
    I: 402810 (flow 40511e)
      Successors: 402816, 40511e
  BB: 402007 in func 401920 with 3 insts
    I: 402007
    I: 40200d
    I: 402012 (flow 405d5f)
      Successors: 402018, 405d5f
  BB: 40380a in func 401920 with 8 insts
    I: 40380a
    I: 40380f
    I: 403814
    I: 403819
    I: 40381e
    I: 403822
    I: 403825
    I: 40382b (flow 406a0a)
      Successors: 406a0a
  BB: 403014 in func 401920 with 1 insts
    I: 403014 (flow 403019)
      Successors: 403019
  BB: 402816 in func 401920 with 1 insts
    I: 402816 (flow 40281b)
      Successors: 40281b
  BB: 406816 in func 401920 with 3 insts
    I: 406816
    I: 40681d
    I: 406827 (flow 406a0a)
      Successors: 406a0a
  BB: 405018 in func 401920 with 6 insts
    I: 405018
    I: 40501e
    I: 405024
    I: 40502a
    I: 405030
    I: 40503a (flow 406a0a)
      Successors: 406a0a
  BB: 402018 in func 401920 with 1 insts
    I: 402018 (flow 40201d)
      Successors: 40201d
  BB: 403019 in func 401920 with 3 insts
    I: 403019
    I: 40301f
    I: 403024 (flow 405c88)
      Successors: 405c88, 40302a
  BB: 40581b in func 401920 with 7 insts
    I: 40581b
    I: 40581e
    I: 405823
    I: 405828
    I: 40582b
    I: 40582e
    I: 405834 (flow 406a0a)
      Successors: 406a0a
  BB: 40281b in func 401920 with 3 insts
    I: 40281b
    I: 402821
    I: 402826 (flow 403a4d)
      Successors: 40282c, 403a4d
  BB: 40201d in func 401920 with 3 insts
    I: 40201d
    I: 402023
    I: 402028 (flow 405d50)
      Successors: 405d50, 40202e
  BB: 404828 in func 401920 with 19 insts
    I: 404828 (imm 409034)
    I: 40482f
    I: 404831 (imm 409050)
    I: 404838
    I: 40483a
    I: 40483c
    I: 40483f
    I: 404842
    I: 404845
    I: 404848
    I: 40484b
    I: 40484e
    I: 404851
    I: 404853
    I: 404858
    I: 40485d
    I: 404860
    I: 404863
    I: 404869 (flow 406a0a)
      Successors: 406a0a
  BB: 40302a in func 401920 with 1 insts
    I: 40302a (flow 40302f)
      Successors: 40302f
  BB: 40282c in func 401920 with 1 insts
    I: 40282c (flow 402831)
      Successors: 402831
  BB: 40682c in func 401920 with 6 insts
    I: 40682c
    I: 406832
    I: 406838
    I: 40683e
    I: 406844
    I: 40684e (flow 406a0a)
      Successors: 406a0a
  BB: 40202e in func 401920 with 1 insts
    I: 40202e (flow 402033)
      Successors: 402033
  BB: 40302f in func 401920 with 3 insts
    I: 40302f
    I: 403035
    I: 40303a (flow 40615e)
      Successors: 403040, 40615e
  BB: 403830 in func 401920 with 19 insts
    I: 403830 (imm 409034)
    I: 403837
    I: 403839 (imm 409050)
    I: 403840
    I: 403842
    I: 403844
    I: 403847
    I: 40384a
    I: 40384d
    I: 403850
    I: 403853
    I: 403856
    I: 403859
    I: 40385b
    I: 403860
    I: 403865
    I: 403868
    I: 40386b
    I: 403871 (flow 406a0a)
      Successors: 406a0a
  BB: 402831 in func 401920 with 3 insts
    I: 402831
    I: 402837
    I: 40283c (flow 406118)
      Successors: 406118, 402842
  BB: 402033 in func 401920 with 3 insts
    I: 402033
    I: 402039
    I: 40203e (flow 40695b)
      Successors: 40695b, 402044
  BB: 405839 in func 401920 with 19 insts
    I: 405839 (imm 409034)
    I: 405840
    I: 405842 (imm 409050)
    I: 405849
    I: 40584b
    I: 40584d
    I: 405850
    I: 405853
    I: 405856
    I: 405859
    I: 40585c
    I: 40585f
    I: 405862
    I: 405864
    I: 405869
    I: 40586e
    I: 405871
    I: 405874
    I: 40587a (flow 406a0a)
      Successors: 406a0a
  BB: 40503f in func 401920 with 19 insts
    I: 40503f (imm 409034)
    I: 405046
    I: 405048 (imm 409050)
    I: 40504f
    I: 405051
    I: 405053
    I: 405056
    I: 405059
    I: 40505c
    I: 40505f
    I: 405062
    I: 405065
    I: 405068
    I: 40506a
    I: 40506f
    I: 405074
    I: 405077
    I: 40507a
    I: 405080 (flow 406a0a)
      Successors: 406a0a
  BB: 403040 in func 401920 with 1 insts
    I: 403040 (flow 403045)
      Successors: 403045
  BB: 402842 in func 401920 with 1 insts
    I: 402842 (flow 402847)
      Successors: 402847
  BB: 404043 in func 401920 with 7 insts
    I: 404043
    I: 404046
    I: 40404b
    I: 404050
    I: 404053
    I: 404056
    I: 40405c (flow 406a0a)
      Successors: 406a0a
  BB: 402044 in func 401920 with 1 insts
    I: 402044 (flow 402049)
      Successors: 402049
  BB: 403045 in func 401920 with 3 insts
    I: 403045
    I: 40304b
    I: 403050 (flow 40698f)
      Successors: 403056, 40698f
  BB: 406042 in func 401920 with 7 insts
    I: 406042
    I: 406045
    I: 40604a
    I: 40604f
    I: 406052
    I: 406055
    I: 40605b (flow 406a0a)
      Successors: 406a0a
  BB: 402847 in func 401920 with 3 insts
    I: 402847
    I: 40284d
    I: 402852 (flow 4069f1)
      Successors: 402858, 4069f1
  BB: 402049 in func 401920 with 3 insts
    I: 402049
    I: 40204f
    I: 402054 (flow 406908)
      Successors: 406908, 40205a
  BB: 406853 in func 401920 with 3 insts
    I: 406853
    I: 40685d
    I: 406867 (flow 406a0a)
      Successors: 406a0a
  BB: 403056 in func 401920 with 1 insts
    I: 403056 (flow 40305b)
      Successors: 40305b
  BB: 402858 in func 401920 with 1 insts
    I: 402858 (flow 40285d)
      Successors: 40285d
  BB: 40205a in func 401920 with 1 insts
    I: 40205a (flow 40205f)
      Successors: 40205f
  BB: 40305b in func 401920 with 3 insts
    I: 40305b
    I: 403061
    I: 403066 (flow 403f91)
      Successors: 403f91, 40306c
  BB: 40285d in func 401920 with 3 insts
    I: 40285d
    I: 402863
    I: 402868 (flow 406699)
      Successors: 406699, 40286e
  BB: 40205f in func 401920 with 3 insts
    I: 40205f
    I: 402065
    I: 40206a (flow 405a80)
      Successors: 402070, 405a80
  BB: 406060 in func 401920 with 3 insts
    I: 406060
    I: 406067
    I: 406071 (flow 406a0a)
      Successors: 406a0a
  BB: 404061 in func 401920 with 9 insts
    I: 404061
    I: 40406b
    I: 404070
    I: 404075
    I: 40407a
    I: 40407f
    I: 404083
    I: 404086
    I: 40408c (flow 406a0a)
      Successors: 406a0a
  BB: 40306c in func 401920 with 1 insts
    I: 40306c (flow 403071)
      Successors: 403071
  BB: 40686c in func 401920 with 2 insts
    I: 40686c
    I: 406876 (flow 406a0a)
      Successors: 406a0a
  BB: 40286e in func 401920 with 1 insts
    I: 40286e (flow 402873)
      Successors: 402873
  BB: 40486e in func 401920 with 23 insts
    I: 40486e
    I: 404874
    I: 40487a
    I: 404880
    I: 404886 (imm 409034)
    I: 40488d
    I: 40488f (imm 409050)
    I: 404896
    I: 404898
    I: 40489a
    I: 40489d
    I: 4048a0
    I: 4048a3
    I: 4048a6
    I: 4048a9
    I: 4048ac
    I: 4048af
    I: 4048b1
    I: 4048b6
    I: 4048bb
    I: 4048be
    I: 4048c1
    I: 4048c7 (flow 406a0a)
      Successors: 406a0a
  BB: 402070 in func 401920 with 1 insts
    I: 402070 (flow 402075)
      Successors: 402075
  BB: 403071 in func 401920 with 3 insts
    I: 403071
    I: 403077
    I: 40307c (flow 405b76)
      Successors: 403082, 405b76
  BB: 402873 in func 401920 with 3 insts
    I: 402873
    I: 402879
    I: 40287e (flow 40397d)
      Successors: 402884, 40397d
  BB: 402075 in func 401920 with 3 insts
    I: 402075
    I: 40207b
    I: 402080 (flow 404103)
      Successors: 404103, 402086
  BB: 403876 in func 401920 with 25 insts
    I: 403876
    I: 40387b
    I: 403880
    I: 403884
    I: 403887
    I: 403889
    I: 40388c (imm 409034)
    I: 403893
    I: 403895 (imm 409050)
    I: 40389c
    I: 40389e
    I: 4038a0
    I: 4038a3
    I: 4038a6
    I: 4038a9
    I: 4038ac
    I: 4038af
    I: 4038b2
    I: 4038b5
    I: 4038b7
    I: 4038bc
    I: 4038c1
    I: 4038c4
    I: 4038c7
    I: 4038cd (flow 406a0a)
      Successors: 406a0a
  BB: 406076 in func 401920 with 19 insts
    I: 406076 (imm 409034)
    I: 40607d
    I: 40607f (imm 409050)
    I: 406086
    I: 406088
    I: 40608a
    I: 40608d
    I: 406090
    I: 406093
    I: 406096
    I: 406099
    I: 40609c
    I: 40609f
    I: 4060a1
    I: 4060a6
    I: 4060ab
    I: 4060ae
    I: 4060b1
    I: 4060b7 (flow 406a0a)
      Successors: 406a0a
  BB: 40687b in func 401920 with 2 insts
    I: 40687b
    I: 406885 (flow 406a0a)
      Successors: 406a0a
  BB: 40587f in func 401920 with 20 insts
    I: 40587f
    I: 405886 (imm 409034)
    I: 40588d
    I: 40588f (imm 409050)
    I: 405896
    I: 405898
    I: 40589a
    I: 40589d
    I: 4058a0
    I: 4058a3
    I: 4058a6
    I: 4058a9
    I: 4058ac
    I: 4058af
    I: 4058b1
    I: 4058b6
    I: 4058bb
    I: 4058be
    I: 4058c1
    I: 4058c7 (flow 406a0a)
      Successors: 406a0a
  BB: 403082 in func 401920 with 1 insts
    I: 403082 (flow 403087)
      Successors: 403087
  BB: 402884 in func 401920 with 1 insts
    I: 402884 (flow 402889)
      Successors: 402889
  BB: 405085 in func 401920 with 23 insts
    I: 405085
    I: 40508b
    I: 405091
    I: 405097
    I: 40509d (imm 409034)
    I: 4050a4
    I: 4050a6 (imm 409050)
    I: 4050ad
    I: 4050af
    I: 4050b1
    I: 4050b4
    I: 4050b7
    I: 4050ba
    I: 4050bd
    I: 4050c0
    I: 4050c3
    I: 4050c6
    I: 4050c8
    I: 4050cd
    I: 4050d2
    I: 4050d5
    I: 4050d8
    I: 4050de (flow 406a0a)
      Successors: 406a0a
  BB: 402086 in func 401920 with 1 insts
    I: 402086 (flow 40208b)
      Successors: 40208b
  BB: 403087 in func 401920 with 3 insts
    I: 403087
    I: 40308d
    I: 403092 (flow 405dc3)
      Successors: 403098, 405dc3
  BB: 402889 in func 401920 with 3 insts
    I: 402889
    I: 40288f
    I: 402894 (flow 403fa0)
      Successors: 403fa0, 40289a
  BB: 40688a in func 401920 with 2 insts
    I: 40688a
    I: 406894 (flow 406a0a)
      Successors: 406a0a
  BB: 40208b in func 401920 with 3 insts
    I: 40208b
    I: 402091
    I: 402096 (flow 405e36)
      Successors: 40209c, 405e36
  BB: 404091 in func 401920 with 3 insts
    I: 404091
    I: 40409b
    I: 4040a5 (flow 406a0a)
      Successors: 406a0a
  BB: 403098 in func 401920 with 1 insts
    I: 403098 (flow 40309d)
      Successors: 40309d
  BB: 406899 in func 401920 with 2 insts
    I: 406899
    I: 4068a3 (flow 406a0a)
      Successors: 406a0a
  BB: 40289a in func 401920 with 1 insts
    I: 40289a (flow 40289f)
      Successors: 40289f
  BB: 40209c in func 401920 with 1 insts
    I: 40209c (flow 4020a1)
      Successors: 4020a1
  BB: 40309d in func 401920 with 3 insts
    I: 40309d
    I: 4030a3
    I: 4030a8 (flow 405a06)
      Successors: 4030ae, 405a06
  BB: 40289f in func 401920 with 3 insts
    I: 40289f
    I: 4028a5
    I: 4028aa (flow 4054fc)
      Successors: 4028b0, 4054fc
  BB: 4020a1 in func 401920 with 3 insts
    I: 4020a1
    I: 4020a7
    I: 4020ac (flow 40495f)
      Successors: 4020b2, 40495f
  BB: 4068a8 in func 401920 with 3 insts
    I: 4068a8
    I: 4068af
    I: 4068b9 (flow 406a0a)
      Successors: 406a0a
  BB: 4040aa in func 401920 with 3 insts
    I: 4040aa
    I: 4040b4
    I: 4040be (flow 406a0a)
      Successors: 406a0a
  BB: 4030ae in func 401920 with 1 insts
    I: 4030ae (flow 4030b3)
      Successors: 4030b3
  BB: 4028b0 in func 401920 with 1 insts
    I: 4028b0 (flow 4028b5)
      Successors: 4028b5
  BB: 4020b2 in func 401920 with 1 insts
    I: 4020b2 (flow 4020b7)
      Successors: 4020b7
  BB: 4030b3 in func 401920 with 3 insts
    I: 4030b3
    I: 4030b9
    I: 4030be (flow 4065fd)
      Successors: 4030c4, 4065fd
  BB: 4028b5 in func 401920 with 3 insts
    I: 4028b5
    I: 4028bb
    I: 4028c0 (flow 405780)
      Successors: 405780, 4028c6
  BB: 4020b7 in func 401920 with 3 insts
    I: 4020b7
    I: 4020bd
    I: 4020c2 (flow 40392f)
      Successors: 4020c8, 40392f
  BB: 4060bc in func 401920 with 20 insts
    I: 4060bc
    I: 4060c3 (imm 409034)
    I: 4060ca
    I: 4060cc (imm 409050)
    I: 4060d3
    I: 4060d5
    I: 4060d7
    I: 4060da
    I: 4060dd
    I: 4060e0
    I: 4060e3
    I: 4060e6
    I: 4060e9
    I: 4060ec
    I: 4060ee
    I: 4060f3
    I: 4060f8
    I: 4060fb
    I: 4060fe
    I: 406104 (flow 406a0a)
      Successors: 406a0a
  BB: 4068be in func 401920 with 2 insts
    I: 4068be
    I: 4068c8 (flow 406a0a)
      Successors: 406a0a
  BB: 4040c3 in func 401920 with 2 insts
    I: 4040c3
    I: 4040cd (flow 406a0a)
      Successors: 406a0a
  BB: 4030c4 in func 401920 with 1 insts
    I: 4030c4 (flow 4030c9)
      Successors: 4030c9
  BB: 4028c6 in func 401920 with 1 insts
    I: 4028c6 (flow 4028cb)
      Successors: 4028cb
  BB: 4020c8 in func 401920 with 1 insts
    I: 4020c8 (flow 4020cd)
      Successors: 4020cd
  BB: 4030c9 in func 401920 with 3 insts
    I: 4030c9
    I: 4030cf
    I: 4030d4 (flow 403626)
      Successors: 4030da, 403626
  BB: 4028cb in func 401920 with 3 insts
    I: 4028cb
    I: 4028d1
    I: 4028d6 (flow 4052fc)
      Successors: 4052fc, 4028dc
  BB: 4048cc in func 401920 with 2 insts
    I: 4048cc
    I: 4048d6 (flow 406a0a)
      Successors: 406a0a
  BB: 4020cd in func 401920 with 3 insts
    I: 4020cd
    I: 4020d3
    I: 4020d8 (flow 4046ff)
      Successors: 4020de, 4046ff
  BB: 4058cc in func 401920 with 2 insts
    I: 4058cc
    I: 4058d6 (flow 406a0a)
      Successors: 406a0a
  BB: 4068cd in func 401920 with 3 insts
    I: 4068cd
    I: 4068d4
    I: 4068de (flow 406a0a)
      Successors: 406a0a
  BB: 4038d2 in func 401920 with 7 insts
    I: 4038d2
    I: 4038d5
    I: 4038da
    I: 4038df
    I: 4038e2
    I: 4038e5
    I: 4038eb (flow 406a0a)
      Successors: 406a0a
  BB: 4040d2 in func 401920 with 8 insts
    I: 4040d2
    I: 4040d7
    I: 4040df
    I: 4040e4
    I: 4040e9 (flow 406ac0)
    I: 4040ee
    I: 4040f4
    I: 4040fe (flow 406a0a)
      Successors: 406a0a
  BB: 4030da in func 401920 with 1 insts
    I: 4030da (flow 4030df)
      Successors: 4030df
  BB: 4048db in func 401920 with 10 insts
    I: 4048db
    I: 4048e0
    I: 4048e5
    I: 4048ea
    I: 4048ef
    I: 4048f3
    I: 4048f6
    I: 4048f9
    I: 4048fc
    I: 404902 (flow 406a0a)
      Successors: 406a0a
  BB: 4028dc in func 401920 with 1 insts
    I: 4028dc (flow 4028e1)
      Successors: 4028e1
  BB: 4058db in func 401920 with 3 insts
    I: 4058db
    I: 4058e2
    I: 4058ec (flow 406a0a)
      Successors: 406a0a
  BB: 4020de in func 401920 with 1 insts
    I: 4020de (flow 4020e3)
      Successors: 4020e3
  BB: 4030df in func 401920 with 3 insts
    I: 4030df
    I: 4030e5
    I: 4030ea (flow 404b3b)
      Successors: 4030f0, 404b3b
  BB: 4028e1 in func 401920 with 3 insts
    I: 4028e1
    I: 4028e7
    I: 4028ec (flow 405f69)
      Successors: 405f69, 4028f2
  BB: 4020e3 in func 401920 with 3 insts
    I: 4020e3
    I: 4020e9
    I: 4020ee (flow 404978)
      Successors: 404978, 4020f4
  BB: 4050e3 in func 401920 with 2 insts
    I: 4050e3
    I: 4050ed (flow 406a0a)
      Successors: 406a0a
  BB: 4068e3 in func 401920 with 2 insts
    I: 4068e3
    I: 4068ed (flow 406a0a)
      Successors: 406a0a
  BB: 4030f0 in func 401920 with 1 insts
    I: 4030f0 (flow 4030f5)
      Successors: 4030f5
  BB: 4038f0 in func 401920 with 3 insts
    I: 4038f0
    I: 4038fa
    I: 403904 (flow 406a0a)
      Successors: 406a0a
  BB: 4028f2 in func 401920 with 1 insts
    I: 4028f2 (flow 4028f7)
      Successors: 4028f7
  BB: 4050f2 in func 401920 with 10 insts
    I: 4050f2
    I: 4050f7
    I: 4050fc
    I: 405101
    I: 405106
    I: 40510a
    I: 40510d
    I: 405110
    I: 405113
    I: 405119 (flow 406a0a)
      Successors: 406a0a
  BB: 4020f4 in func 401920 with 1 insts
    I: 4020f4 (flow 4020f9)
      Successors: 4020f9
  BB: 4030f5 in func 401920 with 3 insts
    I: 4030f5
    I: 4030fb
    I: 403100 (flow 40696a)
      Successors: 40696a, 403106
  BB: 4058f1 in func 401920 with 2 insts
    I: 4058f1
    I: 4058fb (flow 406a0a)
      Successors: 406a0a
  BB: 4028f7 in func 401920 with 3 insts
    I: 4028f7
    I: 4028fd
    I: 402902 (flow 404b2c)
      Successors: 402908, 404b2c
  BB: 4068f2 in func 401920 with 3 insts
    I: 4068f2
    I: 4068f9
    I: 406903 (flow 406a0a)
      Successors: 406a0a
  BB: 4020f9 in func 401920 with 3 insts
    I: 4020f9
    I: 4020ff
    I: 402104 (flow 404ba3)
      Successors: 40210a, 404ba3
  BB: 405900 in func 401920 with 2 insts
    I: 405900
    I: 40590a (flow 406a0a)
      Successors: 406a0a
  BB: 404103 in func 401920 with 10 insts
    I: 404103
    I: 404108
    I: 40410d
    I: 404112
    I: 404117
    I: 40411b
    I: 40411e
    I: 404121
    I: 404124
    I: 40412a (flow 406a0a)
      Successors: 406a0a
  BB: 403106 in func 401920 with 1 insts
    I: 403106 (flow 40310b)
      Successors: 40310b
  BB: 404907 in func 401920 with 3 insts
    I: 404907
    I: 404911
    I: 40491b (flow 406a0a)
      Successors: 406a0a
  BB: 402908 in func 401920 with 1 insts
    I: 402908 (flow 40290d)
      Successors: 40290d
  BB: 403909 in func 401920 with 8 insts
    I: 403909
    I: 40390e
    I: 403913
    I: 403918
    I: 40391d
    I: 403921
    I: 403924
    I: 40392a (flow 406a0a)
      Successors: 406a0a
  BB: 40210a in func 401920 with 1 insts
    I: 40210a (flow 40210f)
      Successors: 40210f
  BB: 40310b in func 401920 with 3 insts
    I: 40310b
    I: 403111
    I: 403116 (flow 4055bb)
      Successors: 4055bb, 40311c
  BB: 406109 in func 401920 with 2 insts
    I: 406109
    I: 406113 (flow 406a0a)
      Successors: 406a0a
  BB: 40290d in func 401920 with 3 insts
    I: 40290d
    I: 402913
    I: 402918 (flow 405d6e)
      Successors: 405d6e, 40291e
  BB: 406908 in func 401920 with 7 insts
    I: 406908
    I: 406910
    I: 406918
    I: 40691d
    I: 406922 (flow 406ac0)
    I: 406927
    I: 406931 (flow 406a0a)
      Successors: 406a0a
  BB: 40210f in func 401920 with 3 insts
    I: 40210f
    I: 402115
    I: 40211a (flow 4044f4)
      Successors: 402120, 4044f4
  BB: 40590f in func 401920 with 19 insts
    I: 40590f (imm 409034)
    I: 405916
    I: 405918 (imm 409050)
    I: 40591f
    I: 405921
    I: 405923
    I: 405926
    I: 405929
    I: 40592c
    I: 40592f
    I: 405932
    I: 405935
    I: 405938
    I: 40593a
    I: 40593f
    I: 405944
    I: 405947
    I: 40594a
    I: 405950 (flow 406a0a)
      Successors: 406a0a
  BB: 406118 in func 401920 with 19 insts
    I: 406118 (imm 409034)
    I: 40611f
    I: 406121 (imm 409050)
    I: 406128
    I: 40612a
    I: 40612c
    I: 40612f
    I: 406132
    I: 406135
    I: 406138
    I: 40613b
    I: 40613e
    I: 406141
    I: 406143
    I: 406148
    I: 40614d
    I: 406150
    I: 406153
    I: 406159 (flow 406a0a)
      Successors: 406a0a
  BB: 40311c in func 401920 with 1 insts
    I: 40311c (flow 403121)
      Successors: 403121
  BB: 40291e in func 401920 with 1 insts
    I: 40291e (flow 402923)
      Successors: 402923
  BB: 40511e in func 401920 with 19 insts
    I: 40511e (imm 409034)
    I: 405125
    I: 405127 (imm 409050)
    I: 40512e
    I: 405130
    I: 405132
    I: 405135
    I: 405138
    I: 40513b
    I: 40513e
    I: 405141
    I: 405144
    I: 405147
    I: 405149
    I: 40514e
    I: 405153
    I: 405156
    I: 405159
    I: 40515f (flow 406a0a)
      Successors: 406a0a
  BB: 401920 in func 401920 with 19 insts
    I: 401920
    I: 401921
    I: 401924
    I: 40192b
    I: 401930
    I: 401935
    I: 40193a
    I: 40193f
    I: 401944
    I: 401949
    I: 40194e
    I: 401953
    I: 40195d
    I: 401967
    I: 401971
    I: 401976
    I: 40197b
    I: 401980
    I: 401985
      Successors: 40198f
  BB: 402120 in func 401920 with 1 insts
    I: 402120 (flow 402125)
      Successors: 402125
  BB: 403121 in func 401920 with 3 insts
    I: 403121
    I: 403127
    I: 40312c (flow 40590f)
      Successors: 403132, 40590f
  BB: 402923 in func 401920 with 3 insts
    I: 402923
    I: 402929
    I: 40292e (flow 404e01)
      Successors: 404e01, 402934
  BB: 404920 in func 401920 with 8 insts
    I: 404920
    I: 404925
    I: 40492a
    I: 40492f
    I: 404934
    I: 404938
    I: 40493b
    I: 404941 (flow 406a0a)
      Successors: 406a0a
  BB: 402125 in func 401920 with 3 insts
    I: 402125
    I: 40212b
    I: 402130 (flow 4065df)
      Successors: 402136, 4065df
  BB: 40392f in func 401920 with 8 insts
    I: 40392f
    I: 403934
    I: 403939
    I: 40393e
    I: 403943
    I: 403947
    I: 40394a
    I: 403950 (flow 406a0a)
      Successors: 406a0a
  BB: 40412f in func 401920 with 19 insts
    I: 40412f (imm 409034)
    I: 404136
    I: 404138 (imm 409050)
    I: 40413f
    I: 404141
    I: 404143
    I: 404146
    I: 404149
    I: 40414c
    I: 40414f
    I: 404152
    I: 404155
    I: 404158
    I: 40415a
    I: 40415f
    I: 404164
    I: 404167
    I: 40416a
    I: 404170 (flow 406a0a)
      Successors: 406a0a
  BB: 403132 in func 401920 with 1 insts
    I: 403132 (flow 403137)
      Successors: 403137
  BB: 402934 in func 401920 with 1 insts
    I: 402934 (flow 402939)
      Successors: 402939
  BB: 402136 in func 401920 with 1 insts
    I: 402136 (flow 40213b)
      Successors: 40213b
  BB: 403137 in func 401920 with 3 insts
    I: 403137
    I: 40313d
    I: 403142 (flow 40688a)
      Successors: 403148, 40688a
  BB: 406936 in func 401920 with 3 insts
    I: 406936
    I: 40693d
    I: 406947 (flow 406a0a)
      Successors: 406a0a
  BB: 402939 in func 401920 with 3 insts
    I: 402939
    I: 40293f
    I: 402944 (flow 4040aa)
      Successors: 4040aa, 40294a
  BB: 40213b in func 401920 with 3 insts
    I: 40213b
    I: 402141
    I: 402146 (flow 406a00)
      Successors: 406a00, 40214c
  BB: 404946 in func 401920 with 3 insts
    I: 404946
    I: 404950
    I: 40495a (flow 406a0a)
      Successors: 406a0a
  BB: 403148 in func 401920 with 1 insts
    I: 403148 (flow 40314d)
      Successors: 40314d
  BB: 40294a in func 401920 with 1 insts
    I: 40294a (flow 40294f)
      Successors: 40294f
  BB: 40214c in func 401920 with 1 insts
    I: 40214c (flow 402151)
      Successors: 402151
  BB: 40314d in func 401920 with 3 insts
    I: 40314d
    I: 403153
    I: 403158 (flow 405839)
      Successors: 405839, 40315e
  BB: 40694c in func 401920 with 2 insts
    I: 40694c
    I: 406956 (flow 406a0a)
      Successors: 406a0a
  BB: 40294f in func 401920 with 3 insts
    I: 40294f
    I: 402955
    I: 40295a (flow 403cec)
      Successors: 402960, 403cec
  BB: 402151 in func 401920 with 3 insts
    I: 402151
    I: 402157
    I: 40215c (flow 404549)
      Successors: 404549, 402162
  BB: 403955 in func 401920 with 3 insts
    I: 403955
    I: 40395f
    I: 403969 (flow 406a0a)
      Successors: 406a0a
  BB: 405955 in func 401920 with 23 insts
    I: 405955
    I: 40595c
    I: 40595f
    I: 405961
    I: 405964 (imm 409034)
    I: 40596b
    I: 40596d (imm 409050)
    I: 405974
    I: 405976
    I: 405978
    I: 40597b
    I: 40597e
    I: 405981
    I: 405984
    I: 405987
    I: 40598a
    I: 40598d
    I: 40598f
    I: 405994
    I: 405999
    I: 40599c
    I: 40599f
    I: 4059a5 (flow 406a0a)
      Successors: 406a0a
  BB: 40695b in func 401920 with 2 insts
    I: 40695b
    I: 406965 (flow 406a0a)
      Successors: 406a0a
  BB: 40315e in func 401920 with 1 insts
    I: 40315e (flow 403163)
      Successors: 403163
  BB: 40495f in func 401920 with 3 insts
    I: 40495f
    I: 404969
    I: 404973 (flow 406a0a)
      Successors: 406a0a
  BB: 402960 in func 401920 with 1 insts
    I: 402960 (flow 402965)
      Successors: 402965
  BB: 40615e in func 401920 with 28 insts
    I: 40615e
    I: 406166
    I: 40616e
    I: 406173
    I: 406178 (flow 406ac0)
    I: 40617d
    I: 406180
    I: 406183
    I: 406185
    I: 406188 (imm 409034)
    I: 40618f
    I: 406191 (imm 409050)
    I: 406198
    I: 40619a
    I: 40619c
    I: 40619f
    I: 4061a2
    I: 4061a5
    I: 4061a8
    I: 4061ab
    I: 4061ae
    I: 4061b1
    I: 4061b3
    I: 4061b8
    I: 4061bd
    I: 4061c0
    I: 4061c3
    I: 4061c9 (flow 406a0a)
      Successors: 406a0a
  BB: 402162 in func 401920 with 1 insts
    I: 402162 (flow 402167)
      Successors: 402167
  BB: 403163 in func 401920 with 3 insts
    I: 403163
    I: 403169
    I: 40316e (flow 403dad)
      Successors: 403174, 403dad
  BB: 405164 in func 401920 with 20 insts
    I: 405164
    I: 40516e (imm 409034)
    I: 405175
    I: 405177 (imm 409050)
    I: 40517e
    I: 405180
    I: 405182
    I: 405185
    I: 405188
    I: 40518b
    I: 40518e
    I: 405191
    I: 405194
    I: 405197
    I: 405199
    I: 40519e
    I: 4051a3
    I: 4051a6
    I: 4051a9
    I: 4051af (flow 406a0a)
      Successors: 406a0a
  BB: 402965 in func 401920 with 3 insts
    I: 402965
    I: 40296b
    I: 402970 (flow 404486)
      Successors: 404486, 402976
  BB: 402167 in func 401920 with 3 insts
    I: 402167
    I: 40216d
    I: 402172 (flow 404e93)
      Successors: 402178, 404e93
  BB: 40696a in func 401920 with 2 insts
    I: 40696a
    I: 406974 (flow 406a0a)
      Successors: 406a0a
  BB: 40396e in func 401920 with 2 insts
    I: 40396e
    I: 403978 (flow 406a0a)
      Successors: 406a0a
  BB: 403174 in func 401920 with 1 insts
    I: 403174 (flow 403179)
      Successors: 403179
  BB: 404175 in func 401920 with 26 insts
    I: 404175
    I: 40417f
    I: 404184
    I: 404189
    I: 40418d
    I: 404190
    I: 404192
    I: 404195 (imm 409034)
    I: 40419c
    I: 40419e (imm 409050)
    I: 4041a5
    I: 4041a7
    I: 4041a9
    I: 4041ac
    I: 4041af
    I: 4041b2
    I: 4041b5
    I: 4041b8
    I: 4041bb
    I: 4041be
    I: 4041c0
    I: 4041c5
    I: 4041ca
    I: 4041cd
    I: 4041d0
    I: 4041d6 (flow 406a0a)
      Successors: 406a0a
  BB: 402976 in func 401920 with 1 insts
    I: 402976 (flow 40297b)
      Successors: 40297b
  BB: 402178 in func 401920 with 1 insts
    I: 402178 (flow 40217d)
      Successors: 40217d
  BB: 403179 in func 401920 with 3 insts
    I: 403179
    I: 40317f
    I: 403184 (flow 4069e2)
      Successors: 40318a, 4069e2
  BB: 404978 in func 401920 with 2 insts
    I: 404978
    I: 404982 (flow 406a0a)
      Successors: 406a0a
  BB: 40297b in func 401920 with 3 insts
    I: 40297b
    I: 402981
    I: 402986 (flow 404745)
      Successors: 40298c, 404745
  BB: 406979 in func 401920 with 3 insts
    I: 406979
    I: 406980
    I: 40698a (flow 406a0a)
      Successors: 406a0a
  BB: 40217d in func 401920 with 3 insts
    I: 40217d
    I: 402183
    I: 402188 (flow 4035eb)
      Successors: 4035eb, 40218e
  BB: 40397d in func 401920 with 2 insts
    I: 40397d
    I: 403987 (flow 406a0a)
      Successors: 406a0a
  BB: 404987 in func 401920 with 7 insts
    I: 404987
    I: 40498d
    I: 404992
    I: 404997
    I: 40499d
    I: 4049a0
    I: 4049a6 (flow 406a0a)
      Successors: 406a0a
  BB: 40318a in func 401920 with 1 insts
    I: 40318a (flow 40318f)
      Successors: 40318f
  BB: 40298c in func 401920 with 1 insts
    I: 40298c (flow 402991)
      Successors: 402991
  BB: 40398c in func 401920 with 19 insts
    I: 40398c (imm 409034)
    I: 403993
    I: 403995 (imm 409050)
    I: 40399c
    I: 40399e
    I: 4039a0
    I: 4039a3
    I: 4039a6
    I: 4039a9
    I: 4039ac
    I: 4039af
    I: 4039b2
    I: 4039b5
    I: 4039b7
    I: 4039bc
    I: 4039c1
    I: 4039c4
    I: 4039c7
    I: 4039cd (flow 406a0a)
      Successors: 406a0a
  BB: 40218e in func 401920 with 1 insts
    I: 40218e (flow 402193)
      Successors: 402193
  BB: 40198f in func 401920 with 4 insts
    I: 40198f
    I: 401995
    I: 40199b
    I: 4019a0 (flow 4059e7)
      Successors: 4019a6, 4059e7
  BB: 40318f in func 401920 with 3 insts
    I: 40318f
    I: 403195
    I: 40319a (flow 40521b)
      Successors: 4031a0, 40521b
  BB: 402991 in func 401920 with 3 insts
    I: 402991
    I: 402997
    I: 40299c (flow 40453a)
      Successors: 4029a2, 40453a
  BB: 40698f in func 401920 with 7 insts
    I: 40698f
    I: 406997
    I: 40699f
    I: 4069a4
    I: 4069a9 (flow 406ac0)
    I: 4069ae
    I: 4069b8 (flow 406a0a)
      Successors: 406a0a
  BB: 402193 in func 401920 with 3 insts
    I: 402193
    I: 402199
    I: 40219e (flow 405085)
      Successors: 4021a4, 405085
  BB: 4031a0 in func 401920 with 1 insts
    I: 4031a0 (flow 4031a5)
      Successors: 4031a5
  BB: 4029a2 in func 401920 with 1 insts
    I: 4029a2 (flow 4029a7)
      Successors: 4029a7
  BB: 4021a4 in func 401920 with 1 insts
    I: 4021a4 (flow 4021a9)
      Successors: 4021a9
  BB: 4031a5 in func 401920 with 3 insts
    I: 4031a5
    I: 4031ab
    I: 4031b0 (flow 403e69)
      Successors: 403e69, 4031b6
  BB: 4019a6 in func 401920 with 1 insts
    I: 4019a6 (flow 4019ab)
      Successors: 4019ab
  BB: 4029a7 in func 401920 with 3 insts
    I: 4029a7
    I: 4029ad
    I: 4029b2 (flow 404828)
      Successors: 4029b8, 404828
  BB: 4021a9 in func 401920 with 3 insts
    I: 4021a9
    I: 4021af
    I: 4021b4 (flow 403ee4)
      Successors: 4021ba, 403ee4
  BB: 4059aa in func 401920 with 7 insts
    I: 4059aa
    I: 4059ad
    I: 4059b2
    I: 4059b7
    I: 4059ba
    I: 4059bd
    I: 4059c3 (flow 406a0a)
      Successors: 406a0a
  BB: 4019ab in func 401920 with 3 insts
    I: 4019ab
    I: 4019b1
    I: 4019b6 (flow 405761)
      Successors: 405761, 4019bc
  BB: 4049ab in func 401920 with 19 insts
    I: 4049ab (imm 409034)
    I: 4049b2
    I: 4049b4 (imm 409050)
    I: 4049bb
    I: 4049bd
    I: 4049bf
    I: 4049c2
    I: 4049c5
    I: 4049c8
    I: 4049cb
    I: 4049ce
    I: 4049d1
    I: 4049d4
    I: 4049d6
    I: 4049db
    I: 4049e0
    I: 4049e3
    I: 4049e6
    I: 4049ec (flow 406a0a)
      Successors: 406a0a
  BB: 4051b4 in func 401920 with 2 insts
    I: 4051b4
    I: 4051be (flow 406a0a)
      Successors: 406a0a
  BB: 4031b6 in func 401920 with 1 insts
    I: 4031b6 (flow 4031bb)
      Successors: 4031bb
  BB: 4029b8 in func 401920 with 1 insts
    I: 4029b8 (flow 4029bd)
      Successors: 4029bd
  BB: 4021ba in func 401920 with 1 insts
    I: 4021ba (flow 4021bf)
      Successors: 4021bf
  BB: 4031bb in func 401920 with 3 insts
    I: 4031bb
    I: 4031c1
    I: 4031c6 (flow 4040c3)
      Successors: 4040c3, 4031cc
  BB: 4019bc in func 401920 with 1 insts
    I: 4019bc (flow 4019c1)
      Successors: 4019c1
  BB: 4029bd in func 401920 with 3 insts
    I: 4029bd
    I: 4029c3
    I: 4029c8 (flow 4064fe)
      Successors: 4064fe, 4029ce
  BB: 4069bd in func 401920 with 2 insts
    I: 4069bd
    I: 4069c7 (flow 406a0a)
      Successors: 406a0a
  BB: 4021bf in func 401920 with 3 insts
    I: 4021bf
    I: 4021c5
    I: 4021ca (flow 404a64)
      Successors: 4021d0, 404a64
  BB: 4019c1 in func 401920 with 3 insts
    I: 4019c1
    I: 4019c7
    I: 4019cc (flow 4067d8)
      Successors: 4067d8, 4019d2
  BB: 4051c3 in func 401920 with 8 insts
    I: 4051c3
    I: 4051c8
    I: 4051cd
    I: 4051d2
    I: 4051d7
    I: 4051db
    I: 4051de
    I: 4051e4 (flow 406a0a)
      Successors: 406a0a
  BB: 4059c8 in func 401920 with 6 insts
    I: 4059c8
    I: 4059cd
    I: 4059d2
    I: 4059d9
    I: 4059dc
    I: 4059e2 (flow 406a0a)
      Successors: 406a0a
  BB: 4031cc in func 401920 with 1 insts
    I: 4031cc (flow 4031d1)
      Successors: 4031d1
  BB: 4069cc in func 401920 with 3 insts
    I: 4069cc
    I: 4069d3
    I: 4069dd (flow 406a0a)
      Successors: 406a0a
  BB: 4029ce in func 401920 with 1 insts
    I: 4029ce (flow 4029d3)
      Successors: 4029d3
  BB: 4061ce in func 401920 with 7 insts
    I: 4061ce
    I: 4061d1
    I: 4061d6
    I: 4061db
    I: 4061de
    I: 4061e1
    I: 4061e7 (flow 406a0a)
      Successors: 406a0a
  BB: 4021d0 in func 401920 with 1 insts
    I: 4021d0 (flow 4021d5)
      Successors: 4021d5
  BB: 4031d1 in func 401920 with 3 insts
    I: 4031d1
    I: 4031d7
    I: 4031dc (flow 4042b7)
      Successors: 4031e2, 4042b7
  BB: 4019d2 in func 401920 with 1 insts
    I: 4019d2 (flow 4019d7)
      Successors: 4019d7
  BB: 4029d3 in func 401920 with 3 insts
    I: 4029d3
    I: 4029d9
    I: 4029de (flow 406109)
      Successors: 406109, 4029e4
  BB: 4039d2 in func 401920 with 26 insts
    I: 4039d2
    I: 4039d7
    I: 4039dc
    I: 4039df
    I: 4039e2
    I: 4039e4
    I: 4039e6
    I: 4039e9 (imm 409034)
    I: 4039f0
    I: 4039f2 (imm 409050)
    I: 4039f9
    I: 4039fb
    I: 4039fd
    I: 403a00
    I: 403a03
    I: 403a06
    I: 403a09
    I: 403a0c
    I: 403a0f
    I: 403a12
    I: 403a14
    I: 403a19
    I: 403a1e
    I: 403a21
    I: 403a24
    I: 403a2a (flow 406a0a)
      Successors: 406a0a
  BB: 4021d5 in func 401920 with 3 insts
    I: 4021d5
    I: 4021db
    I: 4021e0 (flow 4041db)
      Successors: 4041db, 4021e6
  BB: 4019d7 in func 401920 with 3 insts
    I: 4019d7
    I: 4019dd
    I: 4019e2 (flow 404c6d)
      Successors: 4019e8, 404c6d
  BB: 4041db in func 401920 with 7 insts
    I: 4041db
    I: 4041de
    I: 4041e3
    I: 4041e8
    I: 4041eb
    I: 4041ee
    I: 4041f4 (flow 406a0a)
      Successors: 406a0a
  BB: 4031e2 in func 401920 with 1 insts
    I: 4031e2 (flow 4031e7)
      Successors: 4031e7
  BB: 4069e2 in func 401920 with 2 insts
    I: 4069e2
    I: 4069ec (flow 406a0a)
      Successors: 406a0a
  BB: 4029e4 in func 401920 with 1 insts
    I: 4029e4 (flow 4029e9)
      Successors: 4029e9
  BB: 4021e6 in func 401920 with 1 insts
    I: 4021e6 (flow 4021eb)
      Successors: 4021eb
  BB: 4031e7 in func 401920 with 3 insts
    I: 4031e7
    I: 4031ed
    I: 4031f2 (flow 405356)
      Successors: 4031f8, 405356
  BB: 4019e8 in func 401920 with 1 insts
    I: 4019e8 (flow 4019ed)
      Successors: 4019ed
  BB: 4029e9 in func 401920 with 3 insts
    I: 4029e9
    I: 4029ef
    I: 4029f4 (flow 4055f4)
      Successors: 4029fa, 4055f4
  BB: 4051e9 in func 401920 with 3 insts
    I: 4051e9
    I: 4051f3
    I: 4051fd (flow 406a0a)
      Successors: 406a0a
  BB: 4021eb in func 401920 with 3 insts
    I: 4021eb
    I: 4021f1
    I: 4021f6 (flow 403b06)
      Successors: 4021fc, 403b06
  BB: 4059e7 in func 401920 with 6 insts
    I: 4059e7
    I: 4059ec
    I: 4059f1
    I: 4059f8
    I: 4059fb
    I: 405a01 (flow 406a0a)
      Successors: 406a0a
  BB: 4019ed in func 401920 with 3 insts
    I: 4019ed
    I: 4019f3
    I: 4019f8 (flow 406936)
      Successors: 406936, 4019fe
  BB: 4061ec in func 401920 with 6 insts
    I: 4061ec
    I: 4061f1
    I: 4061f6
    I: 4061fd
    I: 406200
    I: 406206 (flow 406a0a)
      Successors: 406a0a
  BB: 4049f1 in func 401920 with 23 insts
    I: 4049f1
    I: 4049f8
    I: 4049fb
    I: 4049fd
    I: 404a00 (imm 409034)
    I: 404a07
    I: 404a09 (imm 409050)
    I: 404a10
    I: 404a12
    I: 404a14
    I: 404a17
    I: 404a1a
    I: 404a1d
    I: 404a20
    I: 404a23
    I: 404a26
    I: 404a29
    I: 404a2b
    I: 404a30
    I: 404a35
    I: 404a38
    I: 404a3b
    I: 404a41 (flow 406a0a)
      Successors: 406a0a
  BB: 4069f1 in func 401920 with 2 insts
    I: 4069f1
    I: 4069fb (flow 406a0a)
      Successors: 406a0a
  BB: 4031f8 in func 401920 with 1 insts
    I: 4031f8 (flow 4031fd)
      Successors: 4031fd
  BB: 4041f9 in func 401920 with 3 insts
    I: 4041f9
    I: 404203
    I: 40420d (flow 406a0a)
      Successors: 406a0a
  BB: 4029fa in func 401920 with 1 insts
    I: 4029fa (flow 4029ff)
      Successors: 4029ff
  BB: 4021fc in func 401920 with 1 insts
    I: 4021fc (flow 402201)
      Successors: 402201
  BB: 4031fd in func 401920 with 3 insts
    I: 4031fd
    I: 403203
    I: 403208 (flow 404f26)
      Successors: 404f26, 40320e
  BB: 4019fe in func 401920 with 1 insts
    I: 4019fe (flow 401a03)
      Successors: 401a03
  BB: 4029ff in func 401920 with 3 insts
    I: 4029ff
    I: 402a05
    I: 402a0a (flow 404f7b)
      Successors: 402a10, 404f7b
  BB: 406a00 in func 401920 with 1 insts
    I: 406a00
      Successors: 406a0a
  BB: 402201 in func 401920 with 3 insts
    I: 402201
    I: 402207
    I: 40220c (flow 4050e3)
      Successors: 402212, 4050e3
  BB: 405202 in func 401920 with 3 insts
    I: 405202
    I: 40520c
    I: 405216 (flow 406a0a)
      Successors: 406a0a
  BB: 401a03 in func 401920 with 3 insts
    I: 401a03
    I: 401a09
    I: 401a0e (flow 404d29)
      Successors: 404d29, 401a14
  BB: 405a06 in func 401920 with 6 insts
    I: 405a06
    I: 405a0b
    I: 405a10
    I: 405a17
    I: 405a1a
    I: 405a20 (flow 406a0a)
      Successors: 406a0a
  BB: 406a0a in func 401920 with 1 insts
    I: 406a0a (flow 40198f)
      Successors: 40198f
  BB: 40620b in func 401920 with 6 insts
    I: 40620b
    I: 406210
    I: 406215
    I: 40621c
    I: 40621f
    I: 406225 (flow 406a0a)
      Successors: 406a0a
  BB: 40320e in func 401920 with 1 insts
    I: 40320e (flow 403213)
      Successors: 403213
  BB: 406a0f in func 401920 with 1 insts
    I: 406a0f
      No successors
  BB: 402a10 in func 401920 with 1 insts
    I: 402a10 (flow 402a15)
      Successors: 402a15
  BB: 402212 in func 401920 with 1 insts
    I: 402212 (flow 402217)
      Successors: 402217
  BB: 403213 in func 401920 with 3 insts
    I: 403213
    I: 403219
    I: 40321e (flow 4039d2)
      Successors: 4039d2, 403224
  BB: 401a14 in func 401920 with 1 insts
    I: 401a14 (flow 401a19)
      Successors: 401a19
  BB: 402a15 in func 401920 with 3 insts
    I: 402a15
    I: 402a1b
    I: 402a20 (flow 4047c0)
      Successors: 4047c0, 402a26
  BB: 404212 in func 401920 with 3 insts
    I: 404212
    I: 40421c
    I: 404226 (flow 406a0a)
      Successors: 406a0a
  BB: 402217 in func 401920 with 3 insts
    I: 402217
    I: 40221d
    I: 402222 (flow 4044ae)
      Successors: 402228, 4044ae
  BB: 401a19 in func 401920 with 3 insts
    I: 401a19
    I: 401a1f
    I: 401a24 (flow 404987)
      Successors: 401a2a, 404987
  BB: 40521b in func 401920 with 19 insts
    I: 40521b (imm 409034)
    I: 405222
    I: 405224 (imm 409050)
    I: 40522b
    I: 40522d
    I: 40522f
    I: 405232
    I: 405235
    I: 405238
    I: 40523b
    I: 40523e
    I: 405241
    I: 405244
    I: 405246
    I: 40524b
    I: 405250
    I: 405253
    I: 405256
    I: 40525c (flow 406a0a)
      Successors: 406a0a
  BB: 403224 in func 401920 with 1 insts
    I: 403224 (flow 403229)
      Successors: 403229
  BB: 405a25 in func 401920 with 12 insts
    I: 405a25
    I: 405a2d
    I: 405a35
    I: 405a3a
    I: 405a3f (flow 406ac0)
    I: 405a44
    I: 405a46
    I: 405a4b
    I: 405a50
    I: 405a53
    I: 405a56
    I: 405a5c (flow 406a0a)
      Successors: 406a0a
  BB: 402a26 in func 401920 with 1 insts
    I: 402a26 (flow 402a2b)
      Successors: 402a2b
  BB: 402228 in func 401920 with 1 insts
    I: 402228 (flow 40222d)
      Successors: 40222d
  BB: 403229 in func 401920 with 3 insts
    I: 403229
    I: 40322f
    I: 403234 (flow 4069cc)
      Successors: 40323a, 4069cc
  BB: 401a2a in func 401920 with 1 insts
    I: 401a2a (flow 401a2f)
      Successors: 401a2f
  BB: 402a2b in func 401920 with 3 insts
    I: 402a2b
    I: 402a31
    I: 402a36 (flow 403787)
      Successors: 402a3c, 403787
  BB: 40422b in func 401920 with 19 insts
    I: 40422b (imm 409034)
    I: 404232
    I: 404234 (imm 409050)
    I: 40423b
    I: 40423d
    I: 40423f
    I: 404242
    I: 404245
    I: 404248
    I: 40424b
    I: 40424e
    I: 404251
    I: 404254
    I: 404256
    I: 40425b
    I: 404260
    I: 404263
    I: 404266
    I: 40426c (flow 406a0a)
      Successors: 406a0a
  BB: 40222d in func 401920 with 3 insts
    I: 40222d
    I: 402233
    I: 402238 (flow 404801)
      Successors: 404801, 40223e
  BB: 40622a in func 401920 with 19 insts
    I: 40622a (imm 409034)
    I: 406231
    I: 406233 (imm 409050)
    I: 40623a
    I: 40623c
    I: 40623e
    I: 406241
    I: 406244
    I: 406247
    I: 40624a
    I: 40624d
    I: 406250
    I: 406253
    I: 406255
    I: 40625a
    I: 40625f
    I: 406262
    I: 406265
    I: 40626b (flow 406a0a)
      Successors: 406a0a
  BB: 401a2f in func 401920 with 3 insts
    I: 401a2f
    I: 401a35
    I: 401a3a (flow 4068e3)
      Successors: 401a40, 4068e3
  BB: 403a2f in func 401920 with 7 insts
    I: 403a2f
    I: 403a32
    I: 403a37
    I: 403a3c
    I: 403a3f
    I: 403a42
    I: 403a48 (flow 406a0a)
      Successors: 406a0a
  BB: 40323a in func 401920 with 1 insts
    I: 40323a (flow 40323f)
      Successors: 40323f
  BB: 402a3c in func 401920 with 1 insts
    I: 402a3c (flow 402a41)
      Successors: 402a41
  BB: 40223e in func 401920 with 1 insts
    I: 40223e (flow 402243)
      Successors: 402243
  BB: 40323f in func 401920 with 3 insts
    I: 40323f
    I: 403245
    I: 40324a (flow 4037f1)
      Successors: 403250, 4037f1
  BB: 401a40 in func 401920 with 1 insts
    I: 401a40 (flow 401a45)
      Successors: 401a45
  BB: 402a41 in func 401920 with 3 insts
    I: 402a41
    I: 402a47
    I: 402a4c (flow 404ca4)
      Successors: 402a52, 404ca4
  BB: 402243 in func 401920 with 3 insts
    I: 402243
    I: 402249
    I: 40224e (flow 40587f)
      Successors: 402254, 40587f
  BB: 401a45 in func 401920 with 3 insts
    I: 401a45
    I: 401a4b
    I: 401a50 (flow 403796)
      Successors: 403796, 401a56
  BB: 404a46 in func 401920 with 7 insts
    I: 404a46
    I: 404a49
    I: 404a4e
    I: 404a53
    I: 404a56
    I: 404a59
    I: 404a5f (flow 406a0a)
      Successors: 406a0a
  BB: 403a4d in func 401920 with 19 insts
    I: 403a4d (imm 409034)
    I: 403a54
    I: 403a56 (imm 409050)
    I: 403a5d
    I: 403a5f
    I: 403a61
    I: 403a64
    I: 403a67
    I: 403a6a
    I: 403a6d
    I: 403a70
    I: 403a73
    I: 403a76
    I: 403a78
    I: 403a7d
    I: 403a82
    I: 403a85
    I: 403a88
    I: 403a8e (flow 406a0a)
      Successors: 406a0a
  BB: 403250 in func 401920 with 1 insts
    I: 403250 (flow 403255)
      Successors: 403255
  BB: 402a52 in func 401920 with 1 insts
    I: 402a52 (flow 402a57)
      Successors: 402a57
  BB: 402254 in func 401920 with 1 insts
    I: 402254 (flow 402259)
      Successors: 402259
  BB: 403255 in func 401920 with 3 insts
    I: 403255
    I: 40325b
    I: 403260 (flow 405e18)
      Successors: 405e18, 403266
  BB: 401a56 in func 401920 with 1 insts
    I: 401a56 (flow 401a5b)
      Successors: 401a5b
  BB: 402a57 in func 401920 with 3 insts
    I: 402a57
    I: 402a5d
    I: 402a62 (flow 4037a5)
      Successors: 402a68, 4037a5
  BB: 402259 in func 401920 with 3 insts
    I: 402259
    I: 40225f
    I: 402264 (flow 404a46)
      Successors: 40226a, 404a46
  BB: 401a5b in func 401920 with 3 insts
    I: 401a5b
    I: 401a61
    I: 401a66 (flow 40682c)
      Successors: 401a6c, 40682c
  BB: 405261 in func 401920 with 19 insts
    I: 405261 (imm 409034)
    I: 405268
    I: 40526a (imm 409050)
    I: 405271
    I: 405273
    I: 405275
    I: 405278
    I: 40527b
    I: 40527e
    I: 405281
    I: 405284
    I: 405287
    I: 40528a
    I: 40528c
    I: 405291
    I: 405296
    I: 405299
    I: 40529c
    I: 4052a2 (flow 406a0a)
      Successors: 406a0a
  BB: 405a61 in func 401920 with 6 insts
    I: 405a61
    I: 405a66
    I: 405a6b
    I: 405a72
    I: 405a75
    I: 405a7b (flow 406a0a)
      Successors: 406a0a
  BB: 404a64 in func 401920 with 6 insts
    I: 404a64
    I: 404a69
    I: 404a6e
    I: 404a75
    I: 404a78
    I: 404a7e (flow 406a0a)
      Successors: 406a0a
  BB: 403266 in func 401920 with 1 insts
    I: 403266 (flow 40326b)
      Successors: 40326b
  BB: 402a68 in func 401920 with 1 insts
    I: 402a68 (flow 402a6d)
      Successors: 402a6d
  BB: 40226a in func 401920 with 1 insts
    I: 40226a (flow 40226f)
      Successors: 40226f
  BB: 40326b in func 401920 with 3 insts
    I: 40326b
    I: 403271
    I: 403276 (flow 405f0f)
      Successors: 40327c, 405f0f
  BB: 401a6c in func 401920 with 1 insts
    I: 401a6c (flow 401a71)
      Successors: 401a71
  BB: 402a6d in func 401920 with 3 insts
    I: 402a6d
    I: 402a73
    I: 402a78 (flow 406700)
      Successors: 406700, 402a7e
  BB: 40226f in func 401920 with 3 insts
    I: 40226f
    I: 402275
    I: 40227a (flow 404e56)
      Successors: 402280, 404e56
  BB: 406270 in func 401920 with 23 insts
    I: 406270
    I: 406277
    I: 40627a
    I: 40627c
    I: 40627f (imm 409034)
    I: 406286
    I: 406288 (imm 409050)
    I: 40628f
    I: 406291
    I: 406293
    I: 406296
    I: 406299
    I: 40629c
    I: 40629f
    I: 4062a2
    I: 4062a5
    I: 4062a8
    I: 4062aa
    I: 4062af
    I: 4062b4
    I: 4062b7
    I: 4062ba
    I: 4062c0 (flow 406a0a)
      Successors: 406a0a
  BB: 404271 in func 401920 with 19 insts
    I: 404271 (imm 409034)
    I: 404278
    I: 40427a (imm 409050)
    I: 404281
    I: 404283
    I: 404285
    I: 404288
    I: 40428b
    I: 40428e
    I: 404291
    I: 404294
    I: 404297
    I: 40429a
    I: 40429c
    I: 4042a1
    I: 4042a6
    I: 4042a9
    I: 4042ac
    I: 4042b2 (flow 406a0a)
      Successors: 406a0a
  BB: 401a71 in func 401920 with 3 insts
    I: 401a71
    I: 401a77
    I: 401a7c (flow 4049ab)
      Successors: 401a82, 4049ab
  BB: 40327c in func 401920 with 1 insts
    I: 40327c (flow 403281)
      Successors: 403281
  BB: 402a7e in func 401920 with 1 insts
    I: 402a7e (flow 402a83)
      Successors: 402a83
  BB: 402280 in func 401920 with 1 insts
    I: 402280 (flow 402285)
      Successors: 402285
  BB: 403281 in func 401920 with 3 insts
    I: 403281
    I: 403287
    I: 40328c (flow 405e55)
      Successors: 403292, 405e55
  BB: 401a82 in func 401920 with 1 insts
    I: 401a82 (flow 401a87)
      Successors: 401a87
  BB: 402a83 in func 401920 with 3 insts
    I: 402a83
    I: 402a89
    I: 402a8e (flow 406436)
      Successors: 402a94, 406436
  BB: 404a83 in func 401920 with 3 insts
    I: 404a83
    I: 404a8a
    I: 404a94 (flow 406a0a)
      Successors: 406a0a
  BB: 402285 in func 401920 with 3 insts
    I: 402285
    I: 40228b
    I: 402290 (flow 4060bc)
      Successors: 4060bc, 402296
  BB: 405a80 in func 401920 with 6 insts
    I: 405a80
    I: 405a85
    I: 405a8a
    I: 405a91
    I: 405a94
    I: 405a9a (flow 406a0a)
      Successors: 406a0a
  BB: 401a87 in func 401920 with 3 insts
    I: 401a87
    I: 401a8d
    I: 401a92 (flow 40638c)
      Successors: 401a98, 40638c
  BB: 403292 in func 401920 with 1 insts
    I: 403292 (flow 403297)
      Successors: 403297
  BB: 403a93 in func 401920 with 25 insts
    I: 403a93
    I: 403a98
    I: 403a9d
    I: 403aa2
    I: 403aa7 (flow 406a10)
    I: 403aac
    I: 403ab1 (imm 409034)
    I: 403ab8
    I: 403aba (imm 409050)
    I: 403ac1
    I: 403ac3
    I: 403ac5
    I: 403ac8
    I: 403acb
    I: 403ace
    I: 403ad1
    I: 403ad4
    I: 403ad7
    I: 403ada
    I: 403adc
    I: 403ae1
    I: 403ae6
    I: 403ae9
    I: 403aec
    I: 403af2 (flow 406a0a)
      Successors: 406a0a
  BB: 402a94 in func 401920 with 1 insts
    I: 402a94 (flow 402a99)
      Successors: 402a99
  BB: 402296 in func 401920 with 1 insts
    I: 402296 (flow 40229b)
      Successors: 40229b
  BB: 403297 in func 401920 with 3 insts
    I: 403297
    I: 40329d
    I: 4032a2 (flow 4053ba)
      Successors: 4032a8, 4053ba
  BB: 401a98 in func 401920 with 1 insts
    I: 401a98 (flow 401a9d)
      Successors: 401a9d
  BB: 402a99 in func 401920 with 3 insts
    I: 402a99
    I: 402a9f
    I: 402aa4 (flow 4054e6)
      Successors: 402aaa, 4054e6
  BB: 404a99 in func 401920 with 19 insts
    I: 404a99 (imm 409034)
    I: 404aa0
    I: 404aa2 (imm 409050)
    I: 404aa9
    I: 404aab
    I: 404aad
    I: 404ab0
    I: 404ab3
    I: 404ab6
    I: 404ab9
    I: 404abc
    I: 404abf
    I: 404ac2
    I: 404ac4
    I: 404ac9
    I: 404ace
    I: 404ad1
    I: 404ad4
    I: 404ada (flow 406a0a)
      Successors: 406a0a
  BB: 40229b in func 401920 with 3 insts
    I: 40229b
    I: 4022a1
    I: 4022a6 (flow 4065c1)
      Successors: 4065c1, 4022ac
  BB: 401a9d in func 401920 with 3 insts
    I: 401a9d
    I: 401aa3
    I: 401aa8 (flow 403d49)
      Successors: 403d49, 401aae
  BB: 405a9f in func 401920 with 6 insts
    I: 405a9f
    I: 405aa4
    I: 405aa9
    I: 405ab0
    I: 405ab3
    I: 405ab9 (flow 406a0a)
      Successors: 406a0a
  BB: 4052a7 in func 401920 with 2 insts
    I: 4052a7
    I: 4052b1 (flow 406a0a)
      Successors: 406a0a
  BB: 4032a8 in func 401920 with 1 insts
    I: 4032a8 (flow 4032ad)
      Successors: 4032ad
  BB: 402aaa in func 401920 with 1 insts
    I: 402aaa (flow 402aaf)
      Successors: 402aaf
  BB: 4022ac in func 401920 with 1 insts
    I: 4022ac (flow 4022b1)
      Successors: 4022b1
  BB: 4032ad in func 401920 with 3 insts
    I: 4032ad
    I: 4032b3
    I: 4032b8 (flow 4043d2)
      Successors: 4043d2, 4032be
  BB: 401aae in func 401920 with 1 insts
    I: 401aae (flow 401ab3)
      Successors: 401ab3
  BB: 402aaf in func 401920 with 3 insts
    I: 402aaf
    I: 402ab5
    I: 402aba (flow 405a61)
      Successors: 402ac0, 405a61
  BB: 4022b1 in func 401920 with 3 insts
    I: 4022b1
    I: 4022b7
    I: 4022bc (flow 4048db)
      Successors: 4022c2, 4048db
  BB: 401ab3 in func 401920 with 3 insts
    I: 401ab3
    I: 401ab9
    I: 401abe (flow 4048cc)
      Successors: 4048cc, 401ac4
  BB: 4052b6 in func 401920 with 19 insts
    I: 4052b6 (imm 409034)
    I: 4052bd
    I: 4052bf (imm 409050)
    I: 4052c6
    I: 4052c8
    I: 4052ca
    I: 4052cd
    I: 4052d0
    I: 4052d3
    I: 4052d6
    I: 4052d9
    I: 4052dc
    I: 4052df
    I: 4052e1
    I: 4052e6
    I: 4052eb
    I: 4052ee
    I: 4052f1
    I: 4052f7 (flow 406a0a)
      Successors: 406a0a
  BB: 4042b7 in func 401920 with 2 insts
    I: 4042b7
    I: 4042c1 (flow 406a0a)
      Successors: 406a0a
  BB: 4032be in func 401920 with 1 insts
    I: 4032be (flow 4032c3)
      Successors: 4032c3
  BB: 405abe in func 401920 with 19 insts
    I: 405abe (imm 409034)
    I: 405ac5
    I: 405ac7 (imm 409050)
    I: 405ace
    I: 405ad0
    I: 405ad2
    I: 405ad5
    I: 405ad8
    I: 405adb
    I: 405ade
    I: 405ae1
    I: 405ae4
    I: 405ae7
    I: 405ae9
    I: 405aee
    I: 405af3
    I: 405af6
    I: 405af9
    I: 405aff (flow 406a0a)
      Successors: 406a0a
  BB: 402ac0 in func 401920 with 1 insts
    I: 402ac0 (flow 402ac5)
      Successors: 402ac5
  BB: 4022c2 in func 401920 with 1 insts
    I: 4022c2 (flow 4022c7)
      Successors: 4022c7
  BB: 4032c3 in func 401920 with 3 insts
    I: 4032c3
    I: 4032c9
    I: 4032ce (flow 403ca6)
      Successors: 4032d4, 403ca6
  BB: 401ac4 in func 401920 with 1 insts
    I: 401ac4 (flow 401ac9)
      Successors: 401ac9
  BB: 402ac5 in func 401920 with 3 insts
    I: 402ac5
    I: 402acb
    I: 402ad0 (flow 404684)
      Successors: 404684, 402ad6
  BB: 4042c6 in func 401920 with 8 insts
    I: 4042c6
    I: 4042ce
    I: 4042d6
    I: 4042db
    I: 4042e0 (flow 406ac0)
    I: 4042e5
    I: 4042eb
    I: 4042f5 (flow 406a0a)
      Successors: 406a0a
  BB: 4022c7 in func 401920 with 3 insts
    I: 4022c7
    I: 4022cd
    I: 4022d2 (flow 4068a8)
      Successors: 4022d8, 4068a8
  BB: 4062c5 in func 401920 with 7 insts
    I: 4062c5
    I: 4062c8
    I: 4062cd
    I: 4062d2
    I: 4062d5
    I: 4062d8
    I: 4062de (flow 406a0a)
      Successors: 406a0a
  BB: 401ac9 in func 401920 with 3 insts
    I: 401ac9
    I: 401acf
    I: 401ad4 (flow 40670f)
      Successors: 401ada, 40670f
  BB: 4032d4 in func 401920 with 1 insts
    I: 4032d4 (flow 4032d9)
      Successors: 4032d9
  BB: 402ad6 in func 401920 with 1 insts
    I: 402ad6 (flow 402adb)
      Successors: 402adb
  BB: 4022d8 in func 401920 with 1 insts
    I: 4022d8 (flow 4022dd)
      Successors: 4022dd
  BB: 4032d9 in func 401920 with 3 insts
    I: 4032d9
    I: 4032df
    I: 4032e4 (flow 406514)
      Successors: 4032ea, 406514
  BB: 401ada in func 401920 with 1 insts
    I: 401ada (flow 401adf)
      Successors: 401adf
  BB: 402adb in func 401920 with 3 insts
    I: 402adb
    I: 402ae1
    I: 402ae6 (flow 405d03)
      Successors: 405d03, 402aec
  BB: 4022dd in func 401920 with 3 insts
    I: 4022dd
    I: 4022e3
    I: 4022e8 (flow 40396e)
      Successors: 40396e, 4022ee
  BB: 401adf in func 401920 with 3 insts
    I: 401adf
    I: 401ae5
    I: 401aea (flow 405955)
      Successors: 401af0, 405955
  BB: 404adf in func 401920 with 20 insts
    I: 404adf
    I: 404ae6 (imm 409034)
    I: 404aed
    I: 404aef (imm 409050)
    I: 404af6
    I: 404af8
    I: 404afa
    I: 404afd
    I: 404b00
    I: 404b03
    I: 404b06
    I: 404b09
    I: 404b0c
    I: 404b0f
    I: 404b11
    I: 404b16
    I: 404b1b
    I: 404b1e
    I: 404b21
    I: 404b27 (flow 406a0a)
      Successors: 406a0a
  BB: 4062e3 in func 401920 with 3 insts
    I: 4062e3
    I: 4062ea
    I: 4062f4 (flow 406a0a)
      Successors: 406a0a
  BB: 4032ea in func 401920 with 1 insts
    I: 4032ea (flow 4032ef)
      Successors: 4032ef
  BB: 402aec in func 401920 with 1 insts
    I: 402aec (flow 402af1)
      Successors: 402af1
  BB: 4022ee in func 401920 with 1 insts
    I: 4022ee (flow 4022f3)
      Successors: 4022f3
  BB: 4032ef in func 401920 with 3 insts
    I: 4032ef
    I: 4032f5
    I: 4032fa (flow 4050f2)
      Successors: 403300, 4050f2
  BB: 401af0 in func 401920 with 1 insts
    I: 401af0 (flow 401af5)
      Successors: 401af5
  BB: 402af1 in func 401920 with 3 insts
    I: 402af1
    I: 402af7
    I: 402afc (flow 405b04)
      Successors: 402b02, 405b04
  BB: 4022f3 in func 401920 with 3 insts
    I: 4022f3
    I: 4022f9
    I: 4022fe (flow 403955)
      Successors: 402304, 403955
  BB: 401af5 in func 401920 with 3 insts
    I: 401af5
    I: 401afb
    I: 401b00 (flow 4040d2)
      Successors: 4040d2, 401b06
  BB: 403af7 in func 401920 with 2 insts
    I: 403af7
    I: 403b01 (flow 406a0a)
      Successors: 406a0a
  BB: 4062f9 in func 401920 with 19 insts
    I: 4062f9 (imm 409034)
    I: 406300
    I: 406302 (imm 409050)
    I: 406309
    I: 40630b
    I: 40630d
    I: 406310
    I: 406313
    I: 406316
    I: 406319
    I: 40631c
    I: 40631f
    I: 406322
    I: 406324
    I: 406329
    I: 40632e
    I: 406331
    I: 406334
    I: 40633a (flow 406a0a)
      Successors: 406a0a
  BB: 4042fa in func 401920 with 10 insts
    I: 4042fa
    I: 4042ff
    I: 404304
    I: 404309
    I: 40430e
    I: 404312
    I: 404315
    I: 404318
    I: 40431b
    I: 404321 (flow 406a0a)
      Successors: 406a0a
  BB: 4052fc in func 401920 with 24 insts
    I: 4052fc
    I: 405302
    I: 405308
    I: 40530b
    I: 40530d
    I: 405310 (imm 409034)
    I: 405317
    I: 405319 (imm 409050)
    I: 405320
    I: 405322
    I: 405324
    I: 405327
    I: 40532a
    I: 40532d
    I: 405330
    I: 405333
    I: 405336
    I: 405339
    I: 40533b
    I: 405340
    I: 405345
    I: 405348
    I: 40534b
    I: 405351 (flow 406a0a)
      Successors: 406a0a
  BB: 403300 in func 401920 with 1 insts
    I: 403300 (flow 403305)
      Successors: 403305
  BB: 402b02 in func 401920 with 1 insts
    I: 402b02 (flow 402b07)
      Successors: 402b07
  BB: 402304 in func 401920 with 1 insts
    I: 402304 (flow 402309)
      Successors: 402309
  BB: 403305 in func 401920 with 3 insts
    I: 403305
    I: 40330b
    I: 403310 (flow 4057c6)
      Successors: 4057c6, 403316
  BB: 401b06 in func 401920 with 1 insts
    I: 401b06 (flow 401b0b)
      Successors: 401b0b
  BB: 402b07 in func 401920 with 3 insts
    I: 402b07
    I: 402b0d
    I: 402b12 (flow 4038d2)
      Successors: 402b18, 4038d2
  BB: 403b06 in func 401920 with 10 insts
    I: 403b06
    I: 403b0b
    I: 403b10
    I: 403b15
    I: 403b1a
    I: 403b1e
    I: 403b21
    I: 403b24
    I: 403b27
    I: 403b2d (flow 406a0a)
      Successors: 406a0a
  BB: 402309 in func 401920 with 3 insts
    I: 402309
    I: 40230f
    I: 402314 (flow 403741)
      Successors: 403741, 40231a
  BB: 405b04 in func 401920 with 20 insts
    I: 405b04
    I: 405b0b (imm 409034)
    I: 405b12
    I: 405b14 (imm 409050)
    I: 405b1b
    I: 405b1d
    I: 405b1f
    I: 405b22
    I: 405b25
    I: 405b28
    I: 405b2b
    I: 405b2e
    I: 405b31
    I: 405b34
    I: 405b36
    I: 405b3b
    I: 405b40
    I: 405b43
    I: 405b46
    I: 405b4c (flow 406a0a)
      Successors: 406a0a
  BB: 401b0b in func 401920 with 3 insts
    I: 401b0b
    I: 401b11
    I: 401b16 (flow 403f2a)
      Successors: 403f2a, 401b1c
  BB: 403316 in func 401920 with 1 insts
    I: 403316 (flow 40331b)
      Successors: 40331b
  BB: 402b18 in func 401920 with 1 insts
    I: 402b18 (flow 402b1d)
      Successors: 402b1d
  BB: 40231a in func 401920 with 1 insts
    I: 40231a (flow 40231f)
      Successors: 40231f
  BB: 40331b in func 401920 with 3 insts
    I: 40331b
    I: 403321
    I: 403326 (flow 4058cc)
      Successors: 4058cc, 40332c
  BB: 401b1c in func 401920 with 1 insts
    I: 401b1c (flow 401b21)
      Successors: 401b21
  BB: 402b1d in func 401920 with 3 insts
    I: 402b1d
    I: 402b23
    I: 402b28 (flow 4051b4)
      Successors: 4051b4, 402b2e
  BB: 40231f in func 401920 with 3 insts
    I: 40231f
    I: 402325
    I: 40232a (flow 4066a8)
      Successors: 402330, 4066a8
  BB: 401b21 in func 401920 with 3 insts
    I: 401b21
    I: 401b27
    I: 401b2c (flow 404175)
      Successors: 401b32, 404175
  BB: 404326 in func 401920 with 19 insts
    I: 404326 (imm 409034)
    I: 40432d
    I: 40432f (imm 409050)
    I: 404336
    I: 404338
    I: 40433a
    I: 40433d
    I: 404340
    I: 404343
    I: 404346
    I: 404349
    I: 40434c
    I: 40434f
    I: 404351
    I: 404356
    I: 40435b
    I: 40435e
    I: 404361
    I: 404367 (flow 406a0a)
      Successors: 406a0a
  BB: 40332c in func 401920 with 1 insts
    I: 40332c (flow 403331)
      Successors: 403331
  BB: 404b2c in func 401920 with 2 insts
    I: 404b2c
    I: 404b36 (flow 406a0a)
      Successors: 406a0a
  BB: 402b2e in func 401920 with 1 insts
    I: 402b2e (flow 402b33)
      Successors: 402b33
  BB: 402330 in func 401920 with 1 insts
    I: 402330 (flow 402335)
      Successors: 402335
  BB: 403331 in func 401920 with 3 insts
    I: 403331
    I: 403337
    I: 40333c (flow 40436c)
      Successors: 403342, 40436c
  BB: 401b32 in func 401920 with 1 insts
    I: 401b32 (flow 401b37)
      Successors: 401b37
  BB: 402b33 in func 401920 with 3 insts
    I: 402b33
    I: 402b39
    I: 402b3e (flow 405374)
      Successors: 405374, 402b44
  BB: 403b32 in func 401920 with 8 insts
    I: 403b32
    I: 403b37
    I: 403b3c
    I: 403b41
    I: 403b46 (flow 406a50)
    I: 403b4b
    I: 403b53
    I: 403b5d (flow 406a0a)
      Successors: 406a0a
  BB: 402335 in func 401920 with 3 insts
    I: 402335
    I: 40233b
    I: 402340 (flow 4035a7)
      Successors: 402346, 4035a7
  BB: 401b37 in func 401920 with 3 insts
    I: 401b37
    I: 401b3d
    I: 401b42 (flow 406454)
      Successors: 401b48, 406454
  BB: 404b3b in func 401920 with 6 insts
    I: 404b3b
    I: 404b40
    I: 404b45
    I: 404b4c
    I: 404b4f
    I: 404b55 (flow 406a0a)
      Successors: 406a0a
  BB: 40633f in func 401920 with 20 insts
    I: 40633f
    I: 406346 (imm 409034)
    I: 40634d
    I: 40634f (imm 409050)
    I: 406356
    I: 406358
    I: 40635a
    I: 40635d
    I: 406360
    I: 406363
    I: 406366
    I: 406369
    I: 40636c
    I: 40636f
    I: 406371
    I: 406376
    I: 40637b
    I: 40637e
    I: 406381
    I: 406387 (flow 406a0a)
      Successors: 406a0a
  BB: 403342 in func 401920 with 1 insts
    I: 403342 (flow 403347)
      Successors: 403347
  BB: 402b44 in func 401920 with 1 insts
    I: 402b44 (flow 402b49)
      Successors: 402b49
  BB: 402346 in func 401920 with 1 insts
    I: 402346 (flow 40234b)
      Successors: 40234b
  BB: 403347 in func 401920 with 3 insts
    I: 403347
    I: 40334d
    I: 403352 (flow 40412f)
      Successors: 403358, 40412f
  BB: 401b48 in func 401920 with 1 insts
    I: 401b48 (flow 401b4d)
      Successors: 401b4d
  BB: 402b49 in func 401920 with 3 insts
    I: 402b49
    I: 402b4f
    I: 402b54 (flow 405709)
      Successors: 405709, 402b5a
  BB: 40234b in func 401920 with 3 insts
    I: 40234b
    I: 402351
    I: 402356 (flow 4052a7)
      Successors: 40235c, 4052a7
  BB: 401b4d in func 401920 with 3 insts
    I: 401b4d
    I: 401b53
    I: 401b58 (flow 405651)
      Successors: 405651, 401b5e
  BB: 405b51 in func 401920 with 2 insts
    I: 405b51
    I: 405b5b (flow 406a0a)
      Successors: 406a0a
  BB: 405356 in func 401920 with 7 insts
    I: 405356
    I: 405359
    I: 40535e
    I: 405363
    I: 405366
    I: 405369
    I: 40536f (flow 406a0a)
      Successors: 406a0a
  BB: 403358 in func 401920 with 1 insts
    I: 403358 (flow 40335d)
      Successors: 40335d
  BB: 402b5a in func 401920 with 1 insts
    I: 402b5a (flow 402b5f)
      Successors: 402b5f
  BB: 404b5a in func 401920 with 7 insts
    I: 404b5a
    I: 404b5f
    I: 404b64
    I: 404b69
    I: 404b6e
    I: 404b71
    I: 404b77 (flow 406a0a)
      Successors: 406a0a
  BB: 40235c in func 401920 with 1 insts
    I: 40235c (flow 402361)
      Successors: 402361
  BB: 40335d in func 401920 with 3 insts
    I: 40335d
    I: 403363
    I: 403368 (flow 4068f2)
      Successors: 4068f2, 40336e
  BB: 401b5e in func 401920 with 1 insts
    I: 401b5e (flow 401b63)
      Successors: 401b63
  BB: 402b5f in func 401920 with 3 insts
    I: 402b5f
    I: 402b65
    I: 402b6a (flow 405521)
      Successors: 402b70, 405521
  BB: 405b60 in func 401920 with 3 insts
    I: 405b60
    I: 405b67
    I: 405b71 (flow 406a0a)
      Successors: 406a0a
  BB: 402361 in func 401920 with 3 insts
    I: 402361
    I: 402367
    I: 40236c (flow 40542d)
      Successors: 402372, 40542d
  BB: 403b62 in func 401920 with 10 insts
    I: 403b62
    I: 403b67
    I: 403b6c
    I: 403b71
    I: 403b76
    I: 403b7a
    I: 403b7d
    I: 403b80
    I: 403b83
    I: 403b89 (flow 406a0a)
      Successors: 406a0a
  BB: 401b63 in func 401920 with 3 insts
    I: 401b63
    I: 401b69
    I: 401b6e (flow 403c3b)
      Successors: 403c3b, 401b74
  BB: 40436c in func 401920 with 26 insts
    I: 40436c
    I: 404376
    I: 40437b
    I: 404380
    I: 404384
    I: 404387
    I: 404389
    I: 40438c (imm 409034)
    I: 404393
    I: 404395 (imm 409050)
    I: 40439c
    I: 40439e
    I: 4043a0
    I: 4043a3
    I: 4043a6
    I: 4043a9
    I: 4043ac
    I: 4043af
    I: 4043b2
    I: 4043b5
    I: 4043b7
    I: 4043bc
    I: 4043c1
    I: 4043c4
    I: 4043c7
    I: 4043cd (flow 406a0a)
      Successors: 406a0a
  BB: 40336e in func 401920 with 1 insts
    I: 40336e (flow 403373)
      Successors: 403373
  BB: 402b70 in func 401920 with 1 insts
    I: 402b70 (flow 402b75)
      Successors: 402b75
  BB: 402372 in func 401920 with 1 insts
    I: 402372 (flow 402377)
      Successors: 402377
  BB: 403373 in func 401920 with 3 insts
    I: 403373
    I: 403379
    I: 40337e (flow 404907)
      Successors: 403384, 404907
  BB: 401b74 in func 401920 with 1 insts
    I: 401b74 (flow 401b79)
      Successors: 401b79
  BB: 402b75 in func 401920 with 3 insts
    I: 402b75
    I: 402b7b
    I: 402b80 (flow 4066d8)
      Successors: 4066d8, 402b86
  BB: 405374 in func 401920 with 19 insts
    I: 405374 (imm 409034)
    I: 40537b
    I: 40537d (imm 409050)
    I: 405384
    I: 405386
    I: 405388
    I: 40538b
    I: 40538e
    I: 405391
    I: 405394
    I: 405397
    I: 40539a
    I: 40539d
    I: 40539f
    I: 4053a4
    I: 4053a9
    I: 4053ac
    I: 4053af
    I: 4053b5 (flow 406a0a)
      Successors: 406a0a
  BB: 402377 in func 401920 with 3 insts
    I: 402377
    I: 40237d
    I: 402382 (flow 4034ac)
      Successors: 402388, 4034ac
  BB: 405b76 in func 401920 with 19 insts
    I: 405b76 (imm 409034)
    I: 405b7d
    I: 405b7f (imm 409050)
    I: 405b86
    I: 405b88
    I: 405b8a
    I: 405b8d
    I: 405b90
    I: 405b93
    I: 405b96
    I: 405b99
    I: 405b9c
    I: 405b9f
    I: 405ba1
    I: 405ba6
    I: 405bab
    I: 405bae
    I: 405bb1
    I: 405bb7 (flow 406a0a)
      Successors: 406a0a
  BB: 401b79 in func 401920 with 3 insts
    I: 401b79
    I: 401b7f
    I: 401b84 (flow 40639b)
      Successors: 401b8a, 40639b
  BB: 404b7c in func 401920 with 6 insts
    I: 404b7c
    I: 404b82
    I: 404b88
    I: 404b8e
    I: 404b94
    I: 404b9e (flow 406a0a)
      Successors: 406a0a
  BB: 403384 in func 401920 with 1 insts
    I: 403384 (flow 403389)
      Successors: 403389
  BB: 402b86 in func 401920 with 1 insts
    I: 402b86 (flow 402b8b)
      Successors: 402b8b
  BB: 402388 in func 401920 with 1 insts
    I: 402388 (flow 40238d)
      Successors: 40238d
  BB: 403389 in func 401920 with 3 insts
    I: 403389
    I: 40338f
    I: 403394 (flow 404326)
      Successors: 40339a, 404326
  BB: 401b8a in func 401920 with 1 insts
    I: 401b8a (flow 401b8f)
      Successors: 401b8f
  BB: 402b8b in func 401920 with 3 insts
    I: 402b8b
    I: 402b91
    I: 402b96 (flow 40553f)
      Successors: 402b9c, 40553f
  BB: 40638c in func 401920 with 2 insts
    I: 40638c
    I: 406396 (flow 406a0a)
      Successors: 406a0a
  BB: 40238d in func 401920 with 3 insts
    I: 40238d
    I: 402393
    I: 402398 (flow 4054c8)
      Successors: 4054c8, 40239e
  BB: 403b8e in func 401920 with 19 insts
    I: 403b8e (imm 409034)
    I: 403b95
    I: 403b97 (imm 409050)
    I: 403b9e
    I: 403ba0
    I: 403ba2
    I: 403ba5
    I: 403ba8
    I: 403bab
    I: 403bae
    I: 403bb1
    I: 403bb4
    I: 403bb7
    I: 403bb9
    I: 403bbe
    I: 403bc3
    I: 403bc6
    I: 403bc9
    I: 403bcf (flow 406a0a)
      Successors: 406a0a
  BB: 401b8f in func 401920 with 3 insts
    I: 401b8f
    I: 401b95
    I: 401b9a (flow 404ed9)
      Successors: 401ba0, 404ed9
  BB: 40339a in func 401920 with 1 insts
    I: 40339a (flow 40339f)
      Successors: 40339f
  BB: 40639b in func 401920 with 19 insts
    I: 40639b (imm 409034)
    I: 4063a2
    I: 4063a4 (imm 409050)
    I: 4063ab
    I: 4063ad
    I: 4063af
    I: 4063b2
    I: 4063b5
    I: 4063b8
    I: 4063bb
    I: 4063be
    I: 4063c1
    I: 4063c4
    I: 4063c6
    I: 4063cb
    I: 4063d0
    I: 4063d3
    I: 4063d6
    I: 4063dc (flow 406a0a)
      Successors: 406a0a
  BB: 402b9c in func 401920 with 1 insts
    I: 402b9c (flow 402ba1)
      Successors: 402ba1
  BB: 40239e in func 401920 with 1 insts
    I: 40239e (flow 4023a3)
      Successors: 4023a3
  BB: 40339f in func 401920 with 3 insts
    I: 40339f
    I: 4033a5
    I: 4033aa (flow 403e14)
      Successors: 4033b0, 403e14
  BB: 401ba0 in func 401920 with 1 insts
    I: 401ba0 (flow 401ba5)
      Successors: 401ba5
  BB: 402ba1 in func 401920 with 3 insts
    I: 402ba1
    I: 402ba7
    I: 402bac (flow 4059aa)
      Successors: 4059aa, 402bb2
  BB: 4023a3 in func 401920 with 3 insts
    I: 4023a3
    I: 4023a9
    I: 4023ae (flow 404495)
      Successors: 4023b4, 404495
  BB: 404ba3 in func 401920 with 6 insts
    I: 404ba3
    I: 404ba9
    I: 404baf
    I: 404bb5
    I: 404bbb
    I: 404bc5 (flow 406a0a)
      Successors: 406a0a
  BB: 401ba5 in func 401920 with 3 insts
    I: 401ba5
    I: 401bab
    I: 401bb0 (flow 405018)
      Successors: 405018, 401bb6
  BB: 4033b0 in func 401920 with 1 insts
    I: 4033b0 (flow 4033b5)
      Successors: 4033b5
  BB: 402bb2 in func 401920 with 1 insts
    I: 402bb2 (flow 402bb7)
      Successors: 402bb7
  BB: 4023b4 in func 401920 with 1 insts
    I: 4023b4 (flow 4023b9)
      Successors: 4023b9
  BB: 4033b5 in func 401920 with 3 insts
    I: 4033b5
    I: 4033bb
    I: 4033c0 (flow 4059c8)
      Successors: 4059c8, 4033c6
  BB: 401bb6 in func 401920 with 1 insts
    I: 401bb6 (flow 401bbb)
      Successors: 401bbb
  BB: 402bb7 in func 401920 with 3 insts
    I: 402bb7
    I: 402bbd
    I: 402bc2 (flow 40694c)
      Successors: 402bc8, 40694c
  BB: 4023b9 in func 401920 with 3 insts
    I: 4023b9
    I: 4023bf
    I: 4023c4 (flow 40559c)
      Successors: 4023ca, 40559c
  BB: 4053ba in func 401920 with 23 insts
    I: 4053ba
    I: 4053c1
    I: 4053c4
    I: 4053c6
    I: 4053c9 (imm 409034)
    I: 4053d0
    I: 4053d2 (imm 409050)
    I: 4053d9
    I: 4053db
    I: 4053dd
    I: 4053e0
    I: 4053e3
    I: 4053e6
    I: 4053e9
    I: 4053ec
    I: 4053ef
    I: 4053f2
    I: 4053f4
    I: 4053f9
    I: 4053fe
    I: 405401
    I: 405404
    I: 40540a (flow 406a0a)
      Successors: 406a0a
  BB: 401bbb in func 401920 with 3 insts
    I: 401bbb
    I: 401bc1
    I: 401bc6 (flow 4051e9)
      Successors: 4051e9, 401bcc
  BB: 405bbc in func 401920 with 28 insts
    I: 405bbc
    I: 405bc4
    I: 405bcc
    I: 405bd1
    I: 405bd6 (flow 406ac0)
    I: 405bdb
    I: 405bde
    I: 405be1
    I: 405be3
    I: 405be6 (imm 409034)
    I: 405bed
    I: 405bef (imm 409050)
    I: 405bf6
    I: 405bf8
    I: 405bfa
    I: 405bfd
    I: 405c00
    I: 405c03
    I: 405c06
    I: 405c09
    I: 405c0c
    I: 405c0f
    I: 405c11
    I: 405c16
    I: 405c1b
    I: 405c1e
    I: 405c21
    I: 405c27 (flow 406a0a)
      Successors: 406a0a
  BB: 4033c6 in func 401920 with 1 insts
    I: 4033c6 (flow 4033cb)
      Successors: 4033cb
  BB: 402bc8 in func 401920 with 1 insts
    I: 402bc8 (flow 402bcd)
      Successors: 402bcd
  BB: 4023ca in func 401920 with 1 insts
    I: 4023ca (flow 4023cf)
      Successors: 4023cf
  BB: 4033cb in func 401920 with 3 insts
    I: 4033cb
    I: 4033d1
    I: 4033d6 (flow 403d67)
      Successors: 4033dc, 403d67
  BB: 401bcc in func 401920 with 1 insts
    I: 401bcc (flow 401bd1)
      Successors: 401bd1
  BB: 402bcd in func 401920 with 3 insts
    I: 402bcd
    I: 402bd3
    I: 402bd8 (flow 4038f0)
      Successors: 4038f0, 402bde
  BB: 404bca in func 401920 with 19 insts
    I: 404bca (imm 409034)
    I: 404bd1
    I: 404bd3 (imm 409050)
    I: 404bda
    I: 404bdc
    I: 404bde
    I: 404be1
    I: 404be4
    I: 404be7
    I: 404bea
    I: 404bed
    I: 404bf0
    I: 404bf3
    I: 404bf5
    I: 404bfa
    I: 404bff
    I: 404c02
    I: 404c05
    I: 404c0b (flow 406a0a)
      Successors: 406a0a
  BB: 4023cf in func 401920 with 3 insts
    I: 4023cf
    I: 4023d5
    I: 4023da (flow 40540f)
      Successors: 4023e0, 40540f
  BB: 401bd1 in func 401920 with 3 insts
    I: 401bd1
    I: 401bd7
    I: 401bdc (flow 406853)
      Successors: 401be2, 406853
  BB: 4043d2 in func 401920 with 7 insts
    I: 4043d2
    I: 4043d5
    I: 4043da
    I: 4043df
    I: 4043e2
    I: 4043e5
    I: 4043eb (flow 406a0a)
      Successors: 406a0a
  BB: 403bd4 in func 401920 with 25 insts
    I: 403bd4
    I: 403bd9
    I: 403bde
    I: 403be3
    I: 403be8 (flow 406a10)
    I: 403bed
    I: 403bf5 (imm 409034)
    I: 403bfc
    I: 403bfe (imm 409050)
    I: 403c05
    I: 403c07
    I: 403c09
    I: 403c0c
    I: 403c0f
    I: 403c12
    I: 403c15
    I: 403c18
    I: 403c1b
    I: 403c1e
    I: 403c20
    I: 403c25
    I: 403c2a
    I: 403c2d
    I: 403c30
    I: 403c36 (flow 406a0a)
      Successors: 406a0a
  BB: 4033dc in func 401920 with 1 insts
    I: 4033dc (flow 4033e1)
      Successors: 4033e1
  BB: 402bde in func 401920 with 1 insts
    I: 402bde (flow 402be3)
      Successors: 402be3
  BB: 4023e0 in func 401920 with 1 insts
    I: 4023e0 (flow 4023e5)
      Successors: 4023e5
  BB: 4033e1 in func 401920 with 3 insts
    I: 4033e1
    I: 4033e7
    I: 4033ec (flow 404d88)
      Successors: 404d88, 4033f2
  BB: 401be2 in func 401920 with 1 insts
    I: 401be2 (flow 401be7)
      Successors: 401be7
  BB: 402be3 in func 401920 with 3 insts
    I: 402be3
    I: 402be9
    I: 402bee (flow 4067c9)
      Successors: 4067c9, 402bf4
  BB: 4063e1 in func 401920 with 19 insts
    I: 4063e1 (imm 409034)
    I: 4063e8
    I: 4063ea (imm 409050)
    I: 4063f1
    I: 4063f3
    I: 4063f5
    I: 4063f8
    I: 4063fb
    I: 4063fe
    I: 406401
    I: 406404
    I: 406407
    I: 40640a
    I: 40640c
    I: 406411
    I: 406416
    I: 406419
    I: 40641c
    I: 406422 (flow 406a0a)
      Successors: 406a0a
  BB: 4023e5 in func 401920 with 3 insts
    I: 4023e5
    I: 4023eb
    I: 4023f0 (flow 4037cb)
      Successors: 4037cb, 4023f6
  BB: 401be7 in func 401920 with 3 insts
    I: 401be7
    I: 401bed
    I: 401bf2 (flow 404436)
      Successors: 401bf8, 404436
  BB: 4043f0 in func 401920 with 19 insts
    I: 4043f0 (imm 409034)
    I: 4043f7
    I: 4043f9 (imm 409050)
    I: 404400
    I: 404402
    I: 404404
    I: 404407
    I: 40440a
    I: 40440d
    I: 404410
    I: 404413
    I: 404416
    I: 404419
    I: 40441b
    I: 404420
    I: 404425
    I: 404428
    I: 40442b
    I: 404431 (flow 406a0a)
      Successors: 406a0a
  BB: 4033f2 in func 401920 with 1 insts
    I: 4033f2 (flow 4033f7)
      Successors: 4033f7
  BB: 402bf4 in func 401920 with 1 insts
    I: 402bf4 (flow 402bf9)
      Successors: 402bf9
  BB: 4023f6 in func 401920 with 1 insts
    I: 4023f6 (flow 4023fb)
      Successors: 4023fb
  BB: 4033f7 in func 401920 with 3 insts
    I: 4033f7
    I: 4033fd
    I: 403402 (flow 403c76)
      Successors: 403408, 403c76
  BB: 401bf8 in func 401920 with 1 insts
    I: 401bf8 (flow 401bfd)
      Successors: 401bfd
  BB: 402bf9 in func 401920 with 3 insts
    I: 402bf9
    I: 402bff
    I: 402c04 (flow 405f88)
      Successors: 405f88, 402c0a
  BB: 4023fb in func 401920 with 3 insts
    I: 4023fb
    I: 402401
    I: 402406 (flow 404c8b)
      Successors: 404c8b, 40240c
  BB: 401bfd in func 401920 with 3 insts
    I: 401bfd
    I: 401c03
    I: 401c08 (flow 404a83)
      Successors: 404a83, 401c0e
  BB: 403408 in func 401920 with 1 insts
    I: 403408 (flow 40340d)
      Successors: 40340d
  BB: 402c0a in func 401920 with 1 insts
    I: 402c0a (flow 402c0f)
      Successors: 402c0f
  BB: 40240c in func 401920 with 1 insts
    I: 40240c (flow 402411)
      Successors: 402411
  BB: 40340d in func 401920 with 3 insts
    I: 40340d
    I: 403413
    I: 403418 (flow 404271)
      Successors: 404271, 40341e
  BB: 401c0e in func 401920 with 1 insts
    I: 401c0e (flow 401c13)
      Successors: 401c13
  BB: 402c0f in func 401920 with 3 insts
    I: 402c0f
    I: 402c15
    I: 402c1a (flow 405bbc)
      Successors: 402c20, 405bbc
  BB: 404c10 in func 401920 with 26 insts
    I: 404c10
    I: 404c15
    I: 404c1a
    I: 404c1d
    I: 404c20
    I: 404c22
    I: 404c24
    I: 404c27 (imm 409034)
    I: 404c2e
    I: 404c30 (imm 409050)
    I: 404c37
    I: 404c39
    I: 404c3b
    I: 404c3e
    I: 404c41
    I: 404c44
    I: 404c47
    I: 404c4a
    I: 404c4d
    I: 404c50
    I: 404c52
    I: 404c57
    I: 404c5c
    I: 404c5f
    I: 404c62
    I: 404c68 (flow 406a0a)
      Successors: 406a0a
  BB: 402411 in func 401920 with 3 insts
    I: 402411
    I: 402417
    I: 40241c (flow 4065ee)
      Successors: 402422, 4065ee
  BB: 40540f in func 401920 with 7 insts
    I: 40540f
    I: 405412
    I: 405417
    I: 40541c
    I: 40541f
    I: 405422
    I: 405428 (flow 406a0a)
      Successors: 406a0a
  BB: 401c13 in func 401920 with 3 insts
    I: 401c13
    I: 401c19
    I: 401c1e (flow 40622a)
      Successors: 40622a, 401c24
  BB: 40341e in func 401920 with 1 insts
    I: 40341e (flow 403423)
      Successors: 403423
  BB: 402c20 in func 401920 with 1 insts
    I: 402c20 (flow 402c25)
      Successors: 402c25
  BB: 402422 in func 401920 with 1 insts
    I: 402422 (flow 402427)
      Successors: 402427
  BB: 403423 in func 401920 with 3 insts
    I: 403423
    I: 403429
    I: 40342e (flow 406899)
      Successors: 406899, 403434
  BB: 401c24 in func 401920 with 1 insts
    I: 401c24 (flow 401c29)
      Successors: 401c29
  BB: 402c25 in func 401920 with 3 insts
    I: 402c25
    I: 402c2b
    I: 402c30 (flow 4058f1)
      Successors: 4058f1, 402c36
  BB: 402427 in func 401920 with 3 insts
    I: 402427
    I: 40242d
    I: 402432 (flow 405fed)
      Successors: 402438, 405fed
  BB: 406427 in func 401920 with 2 insts
    I: 406427
    I: 406431 (flow 406a0a)
      Successors: 406a0a
  BB: 401c29 in func 401920 with 3 insts
    I: 401c29
    I: 401c2f
    I: 401c34 (flow 405261)
      Successors: 405261, 401c3a
  BB: 405c2c in func 401920 with 7 insts
    I: 405c2c
    I: 405c2f
    I: 405c34
    I: 405c39
    I: 405c3c
    I: 405c3f
    I: 405c45 (flow 406a0a)
      Successors: 406a0a
  BB: 40542d in func 401920 with 19 insts
    I: 40542d (imm 409034)
    I: 405434
    I: 405436 (imm 409050)
    I: 40543d
    I: 40543f
    I: 405441
    I: 405444
    I: 405447
    I: 40544a
    I: 40544d
    I: 405450
    I: 405453
    I: 405456
    I: 405458
    I: 40545d
    I: 405462
    I: 405465
    I: 405468
    I: 40546e (flow 406a0a)
      Successors: 406a0a
  BB: 403434 in func 401920 with 1 insts
    I: 403434 (flow 403439)
      Successors: 403439
  BB: 402c36 in func 401920 with 1 insts
    I: 402c36 (flow 402c3b)
      Successors: 402c3b
  BB: 404436 in func 401920 with 20 insts
    I: 404436
    I: 404440 (imm 409034)
    I: 404447
    I: 404449 (imm 409050)
    I: 404450
    I: 404452
    I: 404454
    I: 404457
    I: 40445a
    I: 40445d
    I: 404460
    I: 404463
    I: 404466
    I: 404469
    I: 40446b
    I: 404470
    I: 404475
    I: 404478
    I: 40447b
    I: 404481 (flow 406a0a)
      Successors: 406a0a
  BB: 402438 in func 401920 with 1 insts
    I: 402438 (flow 40243d)
      Successors: 40243d
  BB: 403439 in func 401920 with 3 insts
    I: 403439
    I: 40343f
    I: 403444 (flow 4043f0)
      Successors: 4043f0, 40344a
  BB: 401c3a in func 401920 with 1 insts
    I: 401c3a (flow 401c3f)
      Successors: 401c3f
  BB: 402c3b in func 401920 with 3 insts
    I: 402c3b
    I: 402c41
    I: 402c46 (flow 404fd7)
      Successors: 402c4c, 404fd7
  BB: 403c3b in func 401920 with 2 insts
    I: 403c3b
    I: 403c45 (flow 406a0a)
      Successors: 406a0a
  BB: 40243d in func 401920 with 3 insts
    I: 40243d
    I: 402443
    I: 402448 (flow 404b7c)
      Successors: 404b7c, 40244e
  BB: 406436 in func 401920 with 2 insts
    I: 406436
    I: 406440 (flow 406a0a)
      Successors: 406a0a
  BB: 401c3f in func 401920 with 3 insts
    I: 401c3f
    I: 401c45
    I: 401c4a (flow 4064ef)
      Successors: 401c50, 4064ef
  BB: 406445 in func 401920 with 2 insts
    I: 406445
    I: 40644f (flow 406a0a)
      Successors: 406a0a
  BB: 40344a in func 401920 with 1 insts
    I: 40344a (flow 40344f)
      Successors: 40344f
  BB: 403c4a in func 401920 with 10 insts
    I: 403c4a
    I: 403c4f
    I: 403c54
    I: 403c59
    I: 403c5e
    I: 403c62
    I: 403c65
    I: 403c68
    I: 403c6b
    I: 403c71 (flow 406a0a)
      Successors: 406a0a
  BB: 402c4c in func 401920 with 1 insts
    I: 402c4c (flow 402c51)
      Successors: 402c51
  BB: 405c4a in func 401920 with 6 insts
    I: 405c4a
    I: 405c4f
    I: 405c54
    I: 405c5b
    I: 405c5e
    I: 405c64 (flow 406a0a)
      Successors: 406a0a
  BB: 40244e in func 401920 with 1 insts
    I: 40244e (flow 402453)
      Successors: 402453
  BB: 40344f in func 401920 with 3 insts
    I: 40344f
    I: 403455
    I: 40345a (flow 4062e3)
      Successors: 403460, 4062e3
  BB: 401c50 in func 401920 with 1 insts
    I: 401c50 (flow 401c55)
      Successors: 401c55
  BB: 402c51 in func 401920 with 3 insts
    I: 402c51
    I: 402c57
    I: 402c5c (flow 403876)
      Successors: 402c62, 403876
  BB: 402453 in func 401920 with 3 insts
    I: 402453
    I: 402459
    I: 40245e (flow 40665a)
      Successors: 40665a, 402464
  BB: 406454 in func 401920 with 2 insts
    I: 406454
    I: 40645e (flow 406a0a)
      Successors: 406a0a
  BB: 401c55 in func 401920 with 3 insts
    I: 401c55
    I: 401c5b
    I: 401c60 (flow 404cca)
      Successors: 404cca, 401c66
  BB: 403460 in func 401920 with 1 insts
    I: 403460 (flow 403465)
      Successors: 403465
  BB: 402c62 in func 401920 with 1 insts
    I: 402c62 (flow 402c67)
      Successors: 402c67
  BB: 406463 in func 401920 with 19 insts
    I: 406463 (imm 409034)
    I: 40646a
    I: 40646c (imm 409050)
    I: 406473
    I: 406475
    I: 406477
    I: 40647a
    I: 40647d
    I: 406480
    I: 406483
    I: 406486
    I: 406489
    I: 40648c
    I: 40648e
    I: 406493
    I: 406498
    I: 40649b
    I: 40649e
    I: 4064a4 (flow 406a0a)
      Successors: 406a0a
  BB: 402464 in func 401920 with 1 insts
    I: 402464 (flow 402469)
      Successors: 402469
  BB: 403465 in func 401920 with 3 insts
    I: 403465
    I: 40346b
    I: 403470 (flow 403e23)
      Successors: 403e23, 403476
  BB: 401c66 in func 401920 with 1 insts
    I: 401c66 (flow 401c6b)
      Successors: 401c6b
  BB: 402c67 in func 401920 with 3 insts
    I: 402c67
    I: 402c6d
    I: 402c72 (flow 405742)
      Successors: 402c78, 405742
  BB: 402469 in func 401920 with 3 insts
    I: 402469
    I: 40246f
    I: 402474 (flow 405202)
      Successors: 40247a, 405202
  BB: 405c69 in func 401920 with 6 insts
    I: 405c69
    I: 405c6e
    I: 405c73
    I: 405c7a
    I: 405c7d
    I: 405c83 (flow 406a0a)
      Successors: 406a0a
  BB: 401c6b in func 401920 with 3 insts
    I: 401c6b
    I: 401c71
    I: 401c76 (flow 4047df)
      Successors: 401c7c, 4047df
  BB: 404c6d in func 401920 with 7 insts
    I: 404c6d
    I: 404c70
    I: 404c75
    I: 404c7a
    I: 404c7d
    I: 404c80
    I: 404c86 (flow 406a0a)
      Successors: 406a0a
  BB: 405473 in func 401920 with 23 insts
    I: 405473
    I: 40547a
    I: 40547d
    I: 40547f
    I: 405482 (imm 409034)
    I: 405489
    I: 40548b (imm 409050)
    I: 405492
    I: 405494
    I: 405496
    I: 405499
    I: 40549c
    I: 40549f
    I: 4054a2
    I: 4054a5
    I: 4054a8
    I: 4054ab
    I: 4054ad
    I: 4054b2
    I: 4054b7
    I: 4054ba
    I: 4054bd
    I: 4054c3 (flow 406a0a)
      Successors: 406a0a
  BB: 403476 in func 401920 with 1 insts
    I: 403476 (flow 40347b)
      Successors: 40347b
  BB: 403c76 in func 401920 with 8 insts
    I: 403c76
    I: 403c7b
    I: 403c80
    I: 403c85
    I: 403c8a (flow 406a50)
    I: 403c8f
    I: 403c97
    I: 403ca1 (flow 406a0a)
      Successors: 406a0a
  BB: 402c78 in func 401920 with 1 insts
    I: 402c78 (flow 402c7d)
      Successors: 402c7d
  BB: 40247a in func 401920 with 1 insts
    I: 40247a (flow 40247f)
      Successors: 40247f
  BB: 40347b in func 401920 with 3 insts
    I: 40347b
    I: 403481
    I: 403486 (flow 403b8e)
      Successors: 40348c, 403b8e
  BB: 401c7c in func 401920 with 1 insts
    I: 401c7c (flow 401c81)
      Successors: 401c81
  BB: 402c7d in func 401920 with 3 insts
    I: 402c7d
    I: 402c83
    I: 402c88 (flow 40398c)
      Successors: 40398c, 402c8e
  BB: 40247f in func 401920 with 3 insts
    I: 40247f
    I: 402485
    I: 40248a (flow 406042)
      Successors: 402490, 406042
  BB: 401c81 in func 401920 with 3 insts
    I: 401c81
    I: 401c87
    I: 401c8c (flow 405cbd)
      Successors: 401c92, 405cbd
  BB: 404486 in func 401920 with 2 insts
    I: 404486
    I: 404490 (flow 406a0a)
      Successors: 406a0a
  BB: 405c88 in func 401920 with 6 insts
    I: 405c88
    I: 405c8d
    I: 405c92
    I: 405c99
    I: 405c9c
    I: 405ca2 (flow 406a0a)
      Successors: 406a0a
  BB: 404c8b in func 401920 with 3 insts
    I: 404c8b
    I: 404c95
    I: 404c9f (flow 406a0a)
      Successors: 406a0a
  BB: 40348c in func 401920 with 1 insts
    I: 40348c (flow 403491)
      Successors: 403491
  BB: 402c8e in func 401920 with 1 insts
    I: 402c8e (flow 402c93)
      Successors: 402c93
  BB: 402490 in func 401920 with 1 insts
    I: 402490 (flow 402495)
      Successors: 402495
  BB: 403491 in func 401920 with 3 insts
    I: 403491
    I: 403497
    I: 40349c (flow 403518)
      Successors: 403518, 4034a2
  BB: 401c92 in func 401920 with 1 insts
    I: 401c92 (flow 401c97)
      Successors: 401c97
  BB: 402c93 in func 401920 with 3 insts
    I: 402c93
    I: 402c99
    I: 402c9e (flow 406800)
      Successors: 406800, 402ca4
  BB: 402495 in func 401920 with 3 insts
    I: 402495
    I: 40249b
    I: 4024a0 (flow 403570)
      Successors: 403570, 4024a6
  BB: 404495 in func 401920 with 3 insts
    I: 404495
    I: 40449f
    I: 4044a9 (flow 406a0a)
      Successors: 406a0a
  BB: 401c97 in func 401920 with 3 insts
    I: 401c97
    I: 401c9d
    I: 401ca2 (flow 405ca7)
      Successors: 401ca8, 405ca7
  BB: 4034a2 in func 401920 with 1 insts
    I: 4034a2 (flow 4034a7)
      Successors: 4034a7
  BB: 402ca4 in func 401920 with 1 insts
    I: 402ca4 (flow 402ca9)
      Successors: 402ca9
  BB: 404ca4 in func 401920 with 8 insts
    I: 404ca4
    I: 404ca9
    I: 404cae
    I: 404cb3
    I: 404cb8
    I: 404cbc
    I: 404cbf
    I: 404cc5 (flow 406a0a)
      Successors: 406a0a
  BB: 4024a6 in func 401920 with 1 insts
    I: 4024a6 (flow 4024ab)
      Successors: 4024ab
  BB: 4034a7 in func 401920 with 1 insts
    I: 4034a7 (flow 406a0a)
      Successors: 406a0a
  BB: 401ca8 in func 401920 with 1 insts
    I: 401ca8 (flow 401cad)
      Successors: 401cad
  BB: 402ca9 in func 401920 with 3 insts
    I: 402ca9
    I: 402caf
    I: 402cb4 (flow 4064a9)
      Successors: 4064a9, 402cba
  BB: 403ca6 in func 401920 with 19 insts
    I: 403ca6 (imm 409034)
    I: 403cad
    I: 403caf (imm 409050)
    I: 403cb6
    I: 403cb8
    I: 403cba
    I: 403cbd
    I: 403cc0
    I: 403cc3
    I: 403cc6
    I: 403cc9
    I: 403ccc
    I: 403ccf
    I: 403cd1
    I: 403cd6
    I: 403cdb
    I: 403cde
    I: 403ce1
    I: 403ce7 (flow 406a0a)
      Successors: 406a0a
  BB: 4024ab in func 401920 with 3 insts
    I: 4024ab
    I: 4024b1
    I: 4024b6 (flow 403a93)
      Successors: 403a93, 4024bc
  BB: 4034ac in func 401920 with 8 insts
    I: 4034ac
    I: 4034b1
    I: 4034b6
    I: 4034bb
    I: 4034c0
    I: 4034c4
    I: 4034c7
    I: 4034cd (flow 406a0a)
      Successors: 406a0a
  BB: 401cad in func 401920 with 3 insts
    I: 401cad
    I: 401cb3
    I: 401cb8 (flow 404d97)
      Successors: 401cbe, 404d97
  BB: 4044ae in func 401920 with 19 insts
    I: 4044ae (imm 409034)
    I: 4044b5
    I: 4044b7 (imm 409050)
    I: 4044be
    I: 4044c0
    I: 4044c2
    I: 4044c5
    I: 4044c8
    I: 4044cb
    I: 4044ce
    I: 4044d1
    I: 4044d4
    I: 4044d7
    I: 4044d9
    I: 4044de
    I: 4044e3
    I: 4044e6
    I: 4044e9
    I: 4044ef (flow 406a0a)
      Successors: 406a0a
  BB: 405ca7 in func 401920 with 3 insts
    I: 405ca7
    I: 405cae
    I: 405cb8 (flow 406a0a)
      Successors: 406a0a
  BB: 4064a9 in func 401920 with 19 insts
    I: 4064a9 (imm 409034)
    I: 4064b0
    I: 4064b2 (imm 409050)
    I: 4064b9
    I: 4064bb
    I: 4064bd
    I: 4064c0
    I: 4064c3
    I: 4064c6
    I: 4064c9
    I: 4064cc
    I: 4064cf
    I: 4064d2
    I: 4064d4
    I: 4064d9
    I: 4064de
    I: 4064e1
    I: 4064e4
    I: 4064ea (flow 406a0a)
      Successors: 406a0a
  BB: 402cba in func 401920 with 1 insts
    I: 402cba (flow 402cbf)
      Successors: 402cbf
  BB: 4024bc in func 401920 with 1 insts
    I: 4024bc (flow 4024c1)
      Successors: 4024c1
  BB: 405cbd in func 401920 with 19 insts
    I: 405cbd (imm 409034)
    I: 405cc4
    I: 405cc6 (imm 409050)
    I: 405ccd
    I: 405ccf
    I: 405cd1
    I: 405cd4
    I: 405cd7
    I: 405cda
    I: 405cdd
    I: 405ce0
    I: 405ce3
    I: 405ce6
    I: 405ce8
    I: 405ced
    I: 405cf2
    I: 405cf5
    I: 405cf8
    I: 405cfe (flow 406a0a)
      Successors: 406a0a
  BB: 401cbe in func 401920 with 1 insts
    I: 401cbe (flow 401cc3)
      Successors: 401cc3
  BB: 402cbf in func 401920 with 3 insts
    I: 402cbf
    I: 402cc5
    I: 402cca (flow 4036c4)
      Successors: 402cd0, 4036c4
  BB: 4024c1 in func 401920 with 3 insts
    I: 4024c1
    I: 4024c7
    I: 4024cc (flow 405697)
      Successors: 4024d2, 405697
  BB: 401cc3 in func 401920 with 3 insts
    I: 401cc3
    I: 401cc9
    I: 401cce (flow 404620)
      Successors: 404620, 401cd4
  BB: 4054c8 in func 401920 with 7 insts
    I: 4054c8
    I: 4054cb
    I: 4054d0
    I: 4054d5
    I: 4054d8
    I: 4054db
    I: 4054e1 (flow 406a0a)
      Successors: 406a0a
  BB: 404cca in func 401920 with 3 insts
    I: 404cca
    I: 404cd4
    I: 404cde (flow 406a0a)
      Successors: 406a0a
  BB: 402cd0 in func 401920 with 1 insts
    I: 402cd0 (flow 402cd5)
      Successors: 402cd5
  BB: 4024d2 in func 401920 with 1 insts
    I: 4024d2 (flow 4024d7)
      Successors: 4024d7
  BB: 4034d2 in func 401920 with 19 insts
    I: 4034d2 (imm 409034)
    I: 4034d9
    I: 4034db (imm 409050)
    I: 4034e2
    I: 4034e4
    I: 4034e6
    I: 4034e9
    I: 4034ec
    I: 4034ef
    I: 4034f2
    I: 4034f5
    I: 4034f8
    I: 4034fb
    I: 4034fd
    I: 403502
    I: 403507
    I: 40350a
    I: 40350d
    I: 403513 (flow 406a0a)
      Successors: 406a0a
  BB: 401cd4 in func 401920 with 1 insts
    I: 401cd4 (flow 401cd9)
      Successors: 401cd9
  BB: 402cd5 in func 401920 with 3 insts
    I: 402cd5
    I: 402cdb
    I: 402ce0 (flow 4046e1)
      Successors: 4046e1, 402ce6
  BB: 4024d7 in func 401920 with 3 insts
    I: 4024d7
    I: 4024dd
    I: 4024e2 (flow 404a99)
      Successors: 4024e8, 404a99
  BB: 401cd9 in func 401920 with 3 insts
    I: 401cd9
    I: 401cdf
    I: 401ce4 (flow 406427)
      Successors: 401cea, 406427
  BB: 404ce3 in func 401920 with 19 insts
    I: 404ce3 (imm 409034)
    I: 404cea
    I: 404cec (imm 409050)
    I: 404cf3
    I: 404cf5
    I: 404cf7
    I: 404cfa
    I: 404cfd
    I: 404d00
    I: 404d03
    I: 404d06
    I: 404d09
    I: 404d0c
    I: 404d0e
    I: 404d13
    I: 404d18
    I: 404d1b
    I: 404d1e
    I: 404d24 (flow 406a0a)
      Successors: 406a0a
  BB: 402ce6 in func 401920 with 1 insts
    I: 402ce6 (flow 402ceb)
      Successors: 402ceb
  BB: 4054e6 in func 401920 with 3 insts
    I: 4054e6
    I: 4054ed
    I: 4054f7 (flow 406a0a)
      Successors: 406a0a
  BB: 4024e8 in func 401920 with 1 insts
    I: 4024e8 (flow 4024ed)
      Successors: 4024ed
  BB: 401cea in func 401920 with 1 insts
    I: 401cea (flow 401cef)
      Successors: 401cef
  BB: 402ceb in func 401920 with 3 insts
    I: 402ceb
    I: 402cf1
    I: 402cf6 (flow 405d7d)
      Successors: 402cfc, 405d7d
  BB: 403cec in func 401920 with 26 insts
    I: 403cec
    I: 403cf1
    I: 403cf6
    I: 403cf9
    I: 403cfc
    I: 403cfe
    I: 403d00
    I: 403d03 (imm 409034)
    I: 403d0a
    I: 403d0c (imm 409050)
    I: 403d13
    I: 403d15
    I: 403d17
    I: 403d1a
    I: 403d1d
    I: 403d20
    I: 403d23
    I: 403d26
    I: 403d29
    I: 403d2c
    I: 403d2e
    I: 403d33
    I: 403d38
    I: 403d3b
    I: 403d3e
    I: 403d44 (flow 406a0a)
      Successors: 406a0a
  BB: 4024ed in func 401920 with 3 insts
    I: 4024ed
    I: 4024f3
    I: 4024f8 (flow 40503f)
      Successors: 4024fe, 40503f
  BB: 401cef in func 401920 with 3 insts
    I: 401cef
    I: 401cf5
    I: 401cfa (flow 4035c9)
      Successors: 401d00, 4035c9
  BB: 4064ef in func 401920 with 2 insts
    I: 4064ef
    I: 4064f9 (flow 406a0a)
      Successors: 406a0a
  BB: 4044f4 in func 401920 with 19 insts
    I: 4044f4 (imm 409034)
    I: 4044fb
    I: 4044fd (imm 409050)
    I: 404504
    I: 404506
    I: 404508
    I: 40450b
    I: 40450e
    I: 404511
    I: 404514
    I: 404517
    I: 40451a
    I: 40451d
    I: 40451f
    I: 404524
    I: 404529
    I: 40452c
    I: 40452f
    I: 404535 (flow 406a0a)
      Successors: 406a0a
  BB: 402cfc in func 401920 with 1 insts
    I: 402cfc (flow 402d01)
      Successors: 402d01
  BB: 4054fc in func 401920 with 3 insts
    I: 4054fc
    I: 405503
    I: 40550d (flow 406a0a)
      Successors: 406a0a
  BB: 4024fe in func 401920 with 1 insts
    I: 4024fe (flow 402503)
      Successors: 402503
  BB: 4064fe in func 401920 with 3 insts
    I: 4064fe
    I: 406505
    I: 40650f (flow 406a0a)
      Successors: 406a0a
  BB: 401d00 in func 401920 with 1 insts
    I: 401d00 (flow 401d05)
      Successors: 401d05
  BB: 402d01 in func 401920 with 3 insts
    I: 402d01
    I: 402d07
    I: 402d0c (flow 404d79)
      Successors: 404d79, 402d12
  BB: 402503 in func 401920 with 3 insts
    I: 402503
    I: 402509
    I: 40250e (flow 403af7)
      Successors: 402514, 403af7
  BB: 405d03 in func 401920 with 20 insts
    I: 405d03
    I: 405d0a (imm 409034)
    I: 405d11
    I: 405d13 (imm 409050)
    I: 405d1a
    I: 405d1c
    I: 405d1e
    I: 405d21
    I: 405d24
    I: 405d27
    I: 405d2a
    I: 405d2d
    I: 405d30
    I: 405d33
    I: 405d35
    I: 405d3a
    I: 405d3f
    I: 405d42
    I: 405d45
    I: 405d4b (flow 406a0a)
      Successors: 406a0a
  BB: 401d05 in func 401920 with 3 insts
    I: 401d05
    I: 401d0b
    I: 401d10 (flow 403a2f)
      Successors: 401d16, 403a2f
  BB: 402d12 in func 401920 with 1 insts
    I: 402d12 (flow 402d17)
      Successors: 402d17
  BB: 405512 in func 401920 with 2 insts
    I: 405512
    I: 40551c (flow 406a0a)
      Successors: 406a0a
  BB: 402514 in func 401920 with 1 insts
    I: 402514 (flow 402519)
      Successors: 402519
  BB: 406514 in func 401920 with 19 insts
    I: 406514 (imm 409034)
    I: 40651b
    I: 40651d (imm 409050)
    I: 406524
    I: 406526
    I: 406528
    I: 40652b
    I: 40652e
    I: 406531
    I: 406534
    I: 406537
    I: 40653a
    I: 40653d
    I: 40653f
    I: 406544
    I: 406549
    I: 40654c
    I: 40654f
    I: 406555 (flow 406a0a)
      Successors: 406a0a
  BB: 401d16 in func 401920 with 1 insts
    I: 401d16 (flow 401d1b)
      Successors: 401d1b
  BB: 402d17 in func 401920 with 3 insts
    I: 402d17
    I: 402d1d
    I: 402d22 (flow 4036e2)
      Successors: 402d28, 4036e2
  BB: 403518 in func 401920 with 24 insts
    I: 403518
    I: 40351d
    I: 403522
    I: 403525
    I: 403527
    I: 40352a (imm 409034)
    I: 403531
    I: 403533 (imm 409050)
    I: 40353a
    I: 40353c
    I: 40353e
    I: 403541
    I: 403544
    I: 403547
    I: 40354a
    I: 40354d
    I: 403550
    I: 403553
    I: 403555
    I: 40355a
    I: 40355f
    I: 403562
    I: 403565
    I: 40356b (flow 406a0a)
      Successors: 406a0a
  BB: 402519 in func 401920 with 3 insts
    I: 402519
    I: 40251f
    I: 402524 (flow 403909)
      Successors: 403909, 40252a
  BB: 401d1b in func 401920 with 3 insts
    I: 401d1b
    I: 401d21
    I: 401d26 (flow 4042fa)
      Successors: 4042fa, 401d2c
  BB: 405521 in func 401920 with 2 insts
    I: 405521
    I: 40552b (flow 406a0a)
      Successors: 406a0a
  BB: 402d28 in func 401920 with 1 insts
    I: 402d28 (flow 402d2d)
      Successors: 402d2d
  BB: 404d29 in func 401920 with 20 insts
    I: 404d29
    I: 404d33 (imm 409034)
    I: 404d3a
    I: 404d3c (imm 409050)
    I: 404d43
    I: 404d45
    I: 404d47
    I: 404d4a
    I: 404d4d
    I: 404d50
    I: 404d53
    I: 404d56
    I: 404d59
    I: 404d5c
    I: 404d5e
    I: 404d63
    I: 404d68
    I: 404d6b
    I: 404d6e
    I: 404d74 (flow 406a0a)
      Successors: 406a0a
  BB: 40252a in func 401920 with 1 insts
    I: 40252a (flow 40252f)
      Successors: 40252f
  BB: 401d2c in func 401920 with 1 insts
    I: 401d2c (flow 401d31)
      Successors: 401d31
  BB: 402d2d in func 401920 with 3 insts
    I: 402d2d
    I: 402d33
    I: 402d38 (flow 40358e)
      Successors: 40358e, 402d3e
  BB: 40252f in func 401920 with 3 insts
    I: 40252f
    I: 402535
    I: 40253a (flow 403b62)
      Successors: 402540, 403b62
  BB: 405530 in func 401920 with 2 insts
    I: 405530
    I: 40553a (flow 406a0a)
      Successors: 406a0a
  BB: 401d31 in func 401920 with 3 insts
    I: 401d31
    I: 401d37
    I: 401d3c (flow 4063e1)
      Successors: 4063e1, 401d42
  BB: 40453a in func 401920 with 2 insts
    I: 40453a
    I: 404544 (flow 406a0a)
      Successors: 406a0a
  BB: 402d3e in func 401920 with 1 insts
    I: 402d3e (flow 402d43)
      Successors: 402d43
  BB: 40553f in func 401920 with 6 insts
    I: 40553f
    I: 405544
    I: 405549
    I: 405550
    I: 405553
    I: 405559 (flow 406a0a)
      Successors: 406a0a
  BB: 402540 in func 401920 with 1 insts
    I: 402540 (flow 402545)
      Successors: 402545
  BB: 401d42 in func 401920 with 1 insts
    I: 401d42 (flow 401d47)
      Successors: 401d47
  BB: 402d43 in func 401920 with 3 insts
    I: 402d43
    I: 402d49
    I: 402d4e (flow 405abe)
      Successors: 402d54, 405abe
  BB: 402545 in func 401920 with 3 insts
    I: 402545
    I: 40254b
    I: 402550 (flow 40677d)
      Successors: 40677d, 402556
  BB: 401d47 in func 401920 with 3 insts
    I: 401d47
    I: 401d4d
    I: 401d52 (flow 404e74)
      Successors: 401d58, 404e74
  BB: 403d49 in func 401920 with 7 insts
    I: 403d49
    I: 403d4c
    I: 403d51
    I: 403d56
    I: 403d59
    I: 403d5c
    I: 403d62 (flow 406a0a)
      Successors: 406a0a
  BB: 404549 in func 401920 with 8 insts
    I: 404549
    I: 404551
    I: 404559
    I: 40455e
    I: 404563 (flow 406ac0)
    I: 404568
    I: 40456e
    I: 404578 (flow 406a0a)
      Successors: 406a0a
  BB: 405d50 in func 401920 with 2 insts
    I: 405d50
    I: 405d5a (flow 406a0a)
      Successors: 406a0a
  BB: 402d54 in func 401920 with 1 insts
    I: 402d54 (flow 402d59)
      Successors: 402d59
  BB: 402556 in func 401920 with 1 insts
    I: 402556 (flow 40255b)
      Successors: 40255b
  BB: 401d58 in func 401920 with 1 insts
    I: 401d58 (flow 401d5d)
      Successors: 401d5d
  BB: 402d59 in func 401920 with 3 insts
    I: 402d59
    I: 402d5f
    I: 402d64 (flow 404920)
      Successors: 404920, 402d6a
  BB: 40655a in func 401920 with 21 insts
    I: 40655a
    I: 40655d
    I: 406560 (imm 409034)
    I: 406567
    I: 406569 (imm 409050)
    I: 406570
    I: 406572
    I: 406574
    I: 406577
    I: 40657a
    I: 40657d
    I: 406580
    I: 406583
    I: 406586
    I: 406589
    I: 40658b
    I: 406590
    I: 406595
    I: 406598
    I: 40659b
    I: 4065a1 (flow 406a0a)
      Successors: 406a0a
  BB: 40255b in func 401920 with 3 insts
    I: 40255b
    I: 402561
    I: 402566 (flow 406463)
      Successors: 406463, 40256c
  BB: 401d5d in func 401920 with 3 insts
    I: 401d5d
    I: 401d63
    I: 401d68 (flow 404c10)
      Successors: 404c10, 401d6e
  BB: 40555e in func 401920 with 6 insts
    I: 40555e
    I: 405563
    I: 405568
    I: 40556f
    I: 405572
    I: 405578 (flow 406a0a)
      Successors: 406a0a
  BB: 405d5f in func 401920 with 2 insts
    I: 405d5f
    I: 405d69 (flow 406a0a)
      Successors: 406a0a
  BB: 403d67 in func 401920 with 19 insts
    I: 403d67 (imm 409034)
    I: 403d6e
    I: 403d70 (imm 409050)
    I: 403d77
    I: 403d79
    I: 403d7b
    I: 403d7e
    I: 403d81
    I: 403d84
    I: 403d87
    I: 403d8a
    I: 403d8d
    I: 403d90
    I: 403d92
    I: 403d97
    I: 403d9c
    I: 403d9f
    I: 403da2
    I: 403da8 (flow 406a0a)
      Successors: 406a0a
  BB: 402d6a in func 401920 with 1 insts
    I: 402d6a (flow 402d6f)
      Successors: 402d6f
  BB: 40256c in func 401920 with 1 insts
    I: 40256c (flow 402571)
      Successors: 402571
  BB: 401d6e in func 401920 with 1 insts
    I: 401d6e (flow 401d73)
      Successors: 401d73
  BB: 402d6f in func 401920 with 3 insts
    I: 402d6f
    I: 402d75
    I: 402d7a (flow 405b51)
      Successors: 402d80, 405b51
  BB: 403570 in func 401920 with 7 insts
    I: 403570
    I: 403573
    I: 403578
    I: 40357d
    I: 403580
    I: 403583
    I: 403589 (flow 406a0a)
      Successors: 406a0a
  BB: 402571 in func 401920 with 3 insts
    I: 402571
    I: 402577
    I: 40257c (flow 40380a)
      Successors: 402582, 40380a
  BB: 405d6e in func 401920 with 2 insts
    I: 405d6e
    I: 405d78 (flow 406a0a)
      Successors: 406a0a
  BB: 401d73 in func 401920 with 3 insts
    I: 401d73
    I: 401d79
    I: 401d7e (flow 405512)
      Successors: 405512, 401d84
  BB: 404d79 in func 401920 with 2 insts
    I: 404d79
    I: 404d83 (flow 406a0a)
      Successors: 406a0a
  BB: 40457d in func 401920 with 19 insts
    I: 40457d (imm 409034)
    I: 404584
    I: 404586 (imm 409050)
    I: 40458d
    I: 40458f
    I: 404591
    I: 404594
    I: 404597
    I: 40459a
    I: 40459d
    I: 4045a0
    I: 4045a3
    I: 4045a6
    I: 4045a8
    I: 4045ad
    I: 4045b2
    I: 4045b5
    I: 4045b8
    I: 4045be (flow 406a0a)
      Successors: 406a0a
  BB: 40557d in func 401920 with 6 insts
    I: 40557d
    I: 405582
    I: 405587
    I: 40558e
    I: 405591
    I: 405597 (flow 406a0a)
      Successors: 406a0a
  BB: 405d7d in func 401920 with 19 insts
    I: 405d7d (imm 409034)
    I: 405d84
    I: 405d86 (imm 409050)
    I: 405d8d
    I: 405d8f
    I: 405d91
    I: 405d94
    I: 405d97
    I: 405d9a
    I: 405d9d
    I: 405da0
    I: 405da3
    I: 405da6
    I: 405da8
    I: 405dad
    I: 405db2
    I: 405db5
    I: 405db8
    I: 405dbe (flow 406a0a)
      Successors: 406a0a
  BB: 402d80 in func 401920 with 1 insts
    I: 402d80 (flow 402d85)
      Successors: 402d85
  BB: 402582 in func 401920 with 1 insts
    I: 402582 (flow 402587)
      Successors: 402587
  BB: 401d84 in func 401920 with 1 insts
    I: 401d84 (flow 401d89)
      Successors: 401d89
  BB: 402d85 in func 401920 with 3 insts
    I: 402d85
    I: 402d8b
    I: 402d90 (flow 404f35)
      Successors: 404f35, 402d96
  BB: 402587 in func 401920 with 3 insts
    I: 402587
    I: 40258d
    I: 402592 (flow 404091)
      Successors: 402598, 404091
  BB: 404d88 in func 401920 with 2 insts
    I: 404d88
    I: 404d92 (flow 406a0a)
      Successors: 406a0a
  BB: 401d89 in func 401920 with 3 insts
    I: 401d89
    I: 401d8f
    I: 401d94 (flow 404adf)
      Successors: 401d9a, 404adf
  BB: 40358e in func 401920 with 3 insts
    I: 40358e
    I: 403598
    I: 4035a2 (flow 406a0a)
      Successors: 406a0a
  BB: 402d96 in func 401920 with 1 insts
    I: 402d96 (flow 402d9b)
      Successors: 402d9b
  BB: 404d97 in func 401920 with 7 insts
    I: 404d97
    I: 404d9d
    I: 404da2
    I: 404da7
    I: 404dad
    I: 404db0
    I: 404db6 (flow 406a0a)
      Successors: 406a0a
  BB: 402598 in func 401920 with 1 insts
    I: 402598 (flow 40259d)
      Successors: 40259d
  BB: 401d9a in func 401920 with 1 insts
    I: 401d9a (flow 401d9f)
      Successors: 401d9f
  BB: 402d9b in func 401920 with 3 insts
    I: 402d9b
    I: 402da1
    I: 402da6 (flow 405e74)
      Successors: 405e74, 402dac
  BB: 40559c in func 401920 with 6 insts
    I: 40559c
    I: 4055a1
    I: 4055a6
    I: 4055ad
    I: 4055b0
    I: 4055b6 (flow 406a0a)
      Successors: 406a0a
  BB: 40259d in func 401920 with 3 insts
    I: 40259d
    I: 4025a3
    I: 4025a8 (flow 406669)
      Successors: 406669, 4025ae
  BB: 401d9f in func 401920 with 3 insts
    I: 401d9f
    I: 401da5
    I: 401daa (flow 4066e7)
      Successors: 401db0, 4066e7
  BB: 4065a6 in func 401920 with 4 insts
    I: 4065a6
    I: 4065a9
    I: 4065b0
    I: 4065b1
      No successors
  BB: 4035a7 in func 401920 with 7 insts
    I: 4035a7
    I: 4035ac
    I: 4035b1
    I: 4035b6
    I: 4035bb
    I: 4035be
    I: 4035c4 (flow 406a0a)
      Successors: 406a0a
  BB: 402dac in func 401920 with 1 insts
    I: 402dac (flow 402db1)
      Successors: 402db1
  BB: 403dad in func 401920 with 25 insts
    I: 403dad
    I: 403db2
    I: 403db7
    I: 403dbc
    I: 403dc1 (flow 406a10)
    I: 403dc6
    I: 403dce (imm 409034)
    I: 403dd5
    I: 403dd7 (imm 409050)
    I: 403dde
    I: 403de0
    I: 403de2
    I: 403de5
    I: 403de8
    I: 403deb
    I: 403dee
    I: 403df1
    I: 403df4
    I: 403df7
    I: 403df9
    I: 403dfe
    I: 403e03
    I: 403e06
    I: 403e09
    I: 403e0f (flow 406a0a)
      Successors: 406a0a
  BB: 4025ae in func 401920 with 1 insts
    I: 4025ae (flow 4025b3)
      Successors: 4025b3
  BB: 401db0 in func 401920 with 1 insts
    I: 401db0 (flow 401db5)
      Successors: 401db5
  BB: 402db1 in func 401920 with 3 insts
    I: 402db1
    I: 402db7
    I: 402dbc (flow 405c69)
      Successors: 405c69, 402dc2
  BB: 4065b2 in func 401920 with 2 insts
    I: 4065b2
    I: 4065bc (flow 406a0a)
      Successors: 406a0a
  BB: 4025b3 in func 401920 with 3 insts
    I: 4025b3
    I: 4025b9
    I: 4025be (flow 4061ce)
      Successors: 4025c4, 4061ce
  BB: 401db5 in func 401920 with 3 insts
    I: 401db5
    I: 401dbb
    I: 401dc0 (flow 405632)
      Successors: 405632, 401dc6
  BB: 404dbb in func 401920 with 19 insts
    I: 404dbb (imm 409034)
    I: 404dc2
    I: 404dc4 (imm 409050)
    I: 404dcb
    I: 404dcd
    I: 404dcf
    I: 404dd2
    I: 404dd5
    I: 404dd8
    I: 404ddb
    I: 404dde
    I: 404de1
    I: 404de4
    I: 404de6
    I: 404deb
    I: 404df0
    I: 404df3
    I: 404df6
    I: 404dfc (flow 406a0a)
      Successors: 406a0a
  BB: 4055bb in func 401920 with 12 insts
    I: 4055bb
    I: 4055c0
    I: 4055c8
    I: 4055cd
    I: 4055d2 (flow 406ac0)
    I: 4055d7
    I: 4055d9
    I: 4055de
    I: 4055e3
    I: 4055e6
    I: 4055e9
    I: 4055ef (flow 406a0a)
      Successors: 406a0a
  BB: 4065c1 in func 401920 with 2 insts
    I: 4065c1
    I: 4065cb (flow 406a0a)
      Successors: 406a0a
  BB: 402dc2 in func 401920 with 1 insts
    I: 402dc2 (flow 402dc7)
      Successors: 402dc7
  BB: 4045c3 in func 401920 with 26 insts
    I: 4045c3
    I: 4045c8
    I: 4045cd
    I: 4045d0
    I: 4045d3
    I: 4045d5
    I: 4045d7
    I: 4045da (imm 409034)
    I: 4045e1
    I: 4045e3 (imm 409050)
    I: 4045ea
    I: 4045ec
    I: 4045ee
    I: 4045f1
    I: 4045f4
    I: 4045f7
    I: 4045fa
    I: 4045fd
    I: 404600
    I: 404603
    I: 404605
    I: 40460a
    I: 40460f
    I: 404612
    I: 404615
    I: 40461b (flow 406a0a)
      Successors: 406a0a
  BB: 4025c4 in func 401920 with 1 insts
    I: 4025c4 (flow 4025c9)
      Successors: 4025c9
  BB: 405dc3 in func 401920 with 23 insts
    I: 405dc3
    I: 405dca
    I: 405dcd
    I: 405dcf
    I: 405dd2 (imm 409034)
    I: 405dd9
    I: 405ddb (imm 409050)
    I: 405de2
    I: 405de4
    I: 405de6
    I: 405de9
    I: 405dec
    I: 405def
    I: 405df2
    I: 405df5
    I: 405df8
    I: 405dfb
    I: 405dfd
    I: 405e02
    I: 405e07
    I: 405e0a
    I: 405e0d
    I: 405e13 (flow 406a0a)
      Successors: 406a0a
  BB: 401dc6 in func 401920 with 1 insts
    I: 401dc6 (flow 401dcb)
      Successors: 401dcb
  BB: 402dc7 in func 401920 with 3 insts
    I: 402dc7
    I: 402dcd
    I: 402dd2 (flow 40676e)
      Successors: 402dd8, 40676e
  BB: 4025c9 in func 401920 with 3 insts
    I: 4025c9
    I: 4025cf
    I: 4025d4 (flow 4067f1)
      Successors: 4067f1, 4025da
  BB: 4035c9 in func 401920 with 7 insts
    I: 4035c9
    I: 4035ce
    I: 4035d3
    I: 4035d8
    I: 4035dd
    I: 4035e0
    I: 4035e6 (flow 406a0a)
      Successors: 406a0a
  BB: 401dcb in func 401920 with 3 insts
    I: 401dcb
    I: 401dd1
    I: 401dd6 (flow 4036fb)
      Successors: 4036fb, 401ddc
  BB: 4065d0 in func 401920 with 2 insts
    I: 4065d0
    I: 4065da (flow 406a0a)
      Successors: 406a0a
  BB: 402dd8 in func 401920 with 1 insts
    I: 402dd8 (flow 402ddd)
      Successors: 402ddd
  BB: 4025da in func 401920 with 1 insts
    I: 4025da (flow 4025df)
      Successors: 4025df
  BB: 401ddc in func 401920 with 1 insts
    I: 401ddc (flow 401de1)
      Successors: 401de1
  BB: 402ddd in func 401920 with 3 insts
    I: 402ddd
    I: 402de3
    I: 402de8 (flow 405fa7)
      Successors: 402dee, 405fa7
  BB: 4025df in func 401920 with 3 insts
    I: 4025df
    I: 4025e5
    I: 4025ea (flow 404946)
      Successors: 4025f0, 404946
  BB: 4065df in func 401920 with 2 insts
    I: 4065df
    I: 4065e9 (flow 406a0a)
      Successors: 406a0a
  BB: 401de1 in func 401920 with 3 insts
    I: 401de1
    I: 401de7
    I: 401dec (flow 406750)
      Successors: 406750, 401df2
  BB: 4035eb in func 401920 with 3 insts
    I: 4035eb
    I: 4035f5
    I: 4035ff (flow 406a0a)
      Successors: 406a0a
  BB: 402dee in func 401920 with 1 insts
    I: 402dee (flow 402df3)
      Successors: 402df3
  BB: 4065ee in func 401920 with 2 insts
    I: 4065ee
    I: 4065f8 (flow 406a0a)
      Successors: 406a0a
  BB: 4025f0 in func 401920 with 1 insts
    I: 4025f0 (flow 4025f5)
      Successors: 4025f5
  BB: 401df2 in func 401920 with 1 insts
    I: 401df2 (flow 401df7)
      Successors: 401df7
  BB: 402df3 in func 401920 with 3 insts
    I: 402df3
    I: 402df9
    I: 402dfe (flow 4056f3)
      Successors: 4056f3, 402e04
  BB: 4055f4 in func 401920 with 6 insts
    I: 4055f4
    I: 4055f9
    I: 4055fe
    I: 405605
    I: 405608
    I: 40560e (flow 406a0a)
      Successors: 406a0a
  BB: 4025f5 in func 401920 with 3 insts
    I: 4025f5
    I: 4025fb
    I: 402600 (flow 4051c3)
      Successors: 4051c3, 402606
  BB: 401df7 in func 401920 with 3 insts
    I: 401df7
    I: 401dfd
    I: 401e02 (flow 404043)
      Successors: 401e08, 404043
  BB: 4065fd in func 401920 with 8 insts
    I: 4065fd
    I: 406602
    I: 406607
    I: 40660c
    I: 406611 (flow 406a10)
    I: 406616
    I: 40661b
    I: 406625 (flow 406a0a)
      Successors: 406a0a
  BB: 404e01 in func 401920 with 23 insts
    I: 404e01
    I: 404e08
    I: 404e0b
    I: 404e0d
    I: 404e10 (imm 409034)
    I: 404e17
    I: 404e19 (imm 409050)
    I: 404e20
    I: 404e22
    I: 404e24
    I: 404e27
    I: 404e2a
    I: 404e2d
    I: 404e30
    I: 404e33
    I: 404e36
    I: 404e39
    I: 404e3b
    I: 404e40
    I: 404e45
    I: 404e48
    I: 404e4b
    I: 404e51 (flow 406a0a)
      Successors: 406a0a
  BB: 402e04 in func 401920 with 1 insts
    I: 402e04 (flow 402e09)
      Successors: 402e09
  BB: 403604 in func 401920 with 7 insts
    I: 403604
    I: 403609
    I: 40360e
    I: 403613
    I: 403618
    I: 40361b
    I: 403621 (flow 406a0a)
      Successors: 406a0a
  BB: 402606 in func 401920 with 1 insts
    I: 402606 (flow 40260b)
      Successors: 40260b
  BB: 401e08 in func 401920 with 1 insts
    I: 401e08 (flow 401e0d)
      Successors: 401e0d
  BB: 402e09 in func 401920 with 3 insts
    I: 402e09
    I: 402e0f
    I: 402e14 (flow 4065a6)
      Successors: 402e1a, 4065a6
  BB: 40260b in func 401920 with 3 insts
    I: 40260b
    I: 402611
    I: 402616 (flow 406270)
      Successors: 406270, 40261c
  BB: 401e0d in func 401920 with 3 insts
    I: 401e0d
    I: 401e13
    I: 401e18 (flow 40366c)
      Successors: 40366c, 401e1e
  BB: 405613 in func 401920 with 6 insts
    I: 405613
    I: 405618
    I: 40561d
    I: 405624
    I: 405627
    I: 40562d (flow 406a0a)
      Successors: 406a0a
  BB: 403e14 in func 401920 with 2 insts
    I: 403e14
    I: 403e1e (flow 406a0a)
      Successors: 406a0a
  BB: 405e18 in func 401920 with 7 insts
    I: 405e18
    I: 405e1b
    I: 405e20
    I: 405e25
    I: 405e28
    I: 405e2b
    I: 405e31 (flow 406a0a)
      Successors: 406a0a
  BB: 402e1a in func 401920 with 1 insts
    I: 402e1a (flow 402e1f)
      Successors: 402e1f
  BB: 40261c in func 401920 with 1 insts
    I: 40261c (flow 402621)
      Successors: 402621
  BB: 401e1e in func 401920 with 1 insts
    I: 401e1e (flow 401e23)
      Successors: 401e23
  BB: 402e1f in func 401920 with 3 insts
    I: 402e1f
    I: 402e25
    I: 402e2a (flow 4067b3)
      Successors: 402e30, 4067b3
  BB: 404620 in func 401920 with 7 insts
    I: 404620
    I: 404623
    I: 404628
    I: 40462d
    I: 404630
    I: 404633
    I: 404639 (flow 406a0a)
      Successors: 406a0a
  BB: 402621 in func 401920 with 3 insts
    I: 402621
    I: 402627
    I: 40262c (flow 403fe6)
      Successors: 402632, 403fe6
  BB: 401e23 in func 401920 with 3 insts
    I: 401e23
    I: 401e29
    I: 401e2e (flow 405b60)
      Successors: 405b60, 401e34
  BB: 403e23 in func 401920 with 19 insts
    I: 403e23 (imm 409034)
    I: 403e2a
    I: 403e2c (imm 409050)
    I: 403e33
    I: 403e35
    I: 403e37
    I: 403e3a
    I: 403e3d
    I: 403e40
    I: 403e43
    I: 403e46
    I: 403e49
    I: 403e4c
    I: 403e4e
    I: 403e53
    I: 403e58
    I: 403e5b
    I: 403e5e
    I: 403e64 (flow 406a0a)
      Successors: 406a0a
  BB: 403626 in func 401920 with 19 insts
    I: 403626 (imm 409034)
    I: 40362d
    I: 40362f (imm 409050)
    I: 403636
    I: 403638
    I: 40363a
    I: 40363d
    I: 403640
    I: 403643
    I: 403646
    I: 403649
    I: 40364c
    I: 40364f
    I: 403651
    I: 403656
    I: 40365b
    I: 40365e
    I: 403661
    I: 403667 (flow 406a0a)
      Successors: 406a0a
  BB: 40662a in func 401920 with 8 insts
    I: 40662a
    I: 40662f
    I: 406634
    I: 406639
    I: 40663e (flow 406a10)
    I: 406643
    I: 40664b
    I: 406655 (flow 406a0a)
      Successors: 406a0a
  BB: 402e30 in func 401920 with 1 insts
    I: 402e30 (flow 402e35)
      Successors: 402e35
  BB: 402632 in func 401920 with 1 insts
    I: 402632 (flow 402637)
      Successors: 402637
  BB: 405632 in func 401920 with 6 insts
    I: 405632
    I: 405637
    I: 40563c
    I: 405643
    I: 405646
    I: 40564c (flow 406a0a)
      Successors: 406a0a
  BB: 401e34 in func 401920 with 1 insts
    I: 401e34 (flow 401e39)
      Successors: 401e39
  BB: 402e35 in func 401920 with 3 insts
    I: 402e35
    I: 402e3b
    I: 402e40 (flow 40662a)
      Successors: 40662a, 402e46
  BB: 405e36 in func 401920 with 6 insts
    I: 405e36
    I: 405e3b
    I: 405e40
    I: 405e47
    I: 405e4a
    I: 405e50 (flow 406a0a)
      Successors: 406a0a
  BB: 402637 in func 401920 with 3 insts
    I: 402637
    I: 40263d
    I: 402642 (flow 404212)
      Successors: 402648, 404212
  BB: 401e39 in func 401920 with 3 insts
    I: 401e39
    I: 401e3f
    I: 401e44 (flow 40687b)
      Successors: 401e4a, 40687b
  BB: 40463e in func 401920 with 19 insts
    I: 40463e (imm 409034)
    I: 404645
    I: 404647 (imm 409050)
    I: 40464e
    I: 404650
    I: 404652
    I: 404655
    I: 404658
    I: 40465b
    I: 40465e
    I: 404661
    I: 404664
    I: 404667
    I: 404669
    I: 40466e
    I: 404673
    I: 404676
    I: 404679
    I: 40467f (flow 406a0a)
      Successors: 406a0a
  BB: 402e46 in func 401920 with 1 insts
    I: 402e46 (flow 402e4b)
      Successors: 402e4b
  BB: 402648 in func 401920 with 1 insts
    I: 402648 (flow 40264d)
      Successors: 40264d
  BB: 401e4a in func 401920 with 1 insts
    I: 401e4a (flow 401e4f)
      Successors: 401e4f
  BB: 402e4b in func 401920 with 3 insts
    I: 402e4b
    I: 402e51
    I: 402e56 (flow 4041f9)
      Successors: 4041f9, 402e5c
  BB: 40264d in func 401920 with 3 insts
    I: 40264d
    I: 402653
    I: 402658 (flow 403604)
      Successors: 403604, 40265e
  BB: 401e4f in func 401920 with 3 insts
    I: 401e4f
    I: 401e55
    I: 401e5a (flow 405c2c)
      Successors: 401e60, 405c2c
  BB: 405651 in func 401920 with 19 insts
    I: 405651 (imm 409034)
    I: 405658
    I: 40565a (imm 409050)
    I: 405661
    I: 405663
    I: 405665
    I: 405668
    I: 40566b
    I: 40566e
    I: 405671
    I: 405674
    I: 405677
    I: 40567a
    I: 40567c
    I: 405681
    I: 405686
    I: 405689
    I: 40568c
    I: 405692 (flow 406a0a)
      Successors: 406a0a
  BB: 405e55 in func 401920 with 6 insts
    I: 405e55
    I: 405e5a
    I: 405e5f
    I: 405e66
    I: 405e69
    I: 405e6f (flow 406a0a)
      Successors: 406a0a
  BB: 404e56 in func 401920 with 7 insts
    I: 404e56
    I: 404e59
    I: 404e5e
    I: 404e63
    I: 404e66
    I: 404e69
    I: 404e6f (flow 406a0a)
      Successors: 406a0a
  BB: 40665a in func 401920 with 2 insts
    I: 40665a
    I: 406664 (flow 406a0a)
      Successors: 406a0a
  BB: 402e5c in func 401920 with 1 insts
    I: 402e5c (flow 402e61)
      Successors: 402e61
  BB: 40265e in func 401920 with 1 insts
    I: 40265e (flow 402663)
      Successors: 402663
  BB: 401e60 in func 401920 with 1 insts
    I: 401e60 (flow 401e65)
      Successors: 401e65
  BB: 402e61 in func 401920 with 3 insts
    I: 402e61
    I: 402e67
    I: 402e6c (flow 4049f1)
      Successors: 4049f1, 402e72
  BB: 402663 in func 401920 with 3 insts
    I: 402663
    I: 402669
    I: 40266e (flow 404bca)
      Successors: 404bca, 402674
  BB: 401e65 in func 401920 with 3 insts
    I: 401e65
    I: 401e6b
    I: 401e70 (flow 405a9f)
      Successors: 401e76, 405a9f
  BB: 403e69 in func 401920 with 26 insts
    I: 403e69
    I: 403e6e
    I: 403e73
    I: 403e76
    I: 403e79
    I: 403e7b
    I: 403e7d
    I: 403e80 (imm 409034)
    I: 403e87
    I: 403e89 (imm 409050)
    I: 403e90
    I: 403e92
    I: 403e94
    I: 403e97
    I: 403e9a
    I: 403e9d
    I: 403ea0
    I: 403ea3
    I: 403ea6
    I: 403ea9
    I: 403eab
    I: 403eb0
    I: 403eb5
    I: 403eb8
    I: 403ebb
    I: 403ec1 (flow 406a0a)
      Successors: 406a0a
  BB: 406669 in func 401920 with 8 insts
    I: 406669
    I: 40666e
    I: 406673
    I: 406678
    I: 40667d (flow 406a10)
    I: 406682
    I: 40668a
    I: 406694 (flow 406a0a)
      Successors: 406a0a
  BB: 40366c in func 401920 with 24 insts
    I: 40366c
    I: 403671
    I: 403676
    I: 403679
    I: 40367b
    I: 40367e (imm 409034)
    I: 403685
    I: 403687 (imm 409050)
    I: 40368e
    I: 403690
    I: 403692
    I: 403695
    I: 403698
    I: 40369b
    I: 40369e
    I: 4036a1
    I: 4036a4
    I: 4036a7
    I: 4036a9
    I: 4036ae
    I: 4036b3
    I: 4036b6
    I: 4036b9
    I: 4036bf (flow 406a0a)
      Successors: 406a0a
  BB: 402e72 in func 401920 with 1 insts
    I: 402e72 (flow 402e77)
      Successors: 402e77
  BB: 402674 in func 401920 with 1 insts
    I: 402674 (flow 402679)
      Successors: 402679
  BB: 404e74 in func 401920 with 6 insts
    I: 404e74
    I: 404e79
    I: 404e7e
    I: 404e85
    I: 404e88
    I: 404e8e (flow 406a0a)
      Successors: 406a0a
  BB: 401e76 in func 401920 with 1 insts
    I: 401e76 (flow 401e7b)
      Successors: 401e7b
  BB: 402e77 in func 401920 with 3 insts
    I: 402e77
    I: 402e7d
    I: 402e82 (flow 40457d)
      Successors: 402e88, 40457d
  BB: 405e74 in func 401920 with 19 insts
    I: 405e74 (imm 409034)
    I: 405e7b
    I: 405e7d (imm 409050)
    I: 405e84
    I: 405e86
    I: 405e88
    I: 405e8b
    I: 405e8e
    I: 405e91
    I: 405e94
    I: 405e97
    I: 405e9a
    I: 405e9d
    I: 405e9f
    I: 405ea4
    I: 405ea9
    I: 405eac
    I: 405eaf
    I: 405eb5 (flow 406a0a)
      Successors: 406a0a
  BB: 402679 in func 401920 with 3 insts
    I: 402679
    I: 40267f
    I: 402684 (flow 40486e)
      Successors: 40268a, 40486e
  BB: 401e7b in func 401920 with 3 insts
    I: 401e7b
    I: 401e81
    I: 401e86 (flow 406816)
      Successors: 401e8c, 406816
  BB: 404684 in func 401920 with 26 insts
    I: 404684
    I: 404689
    I: 40468e
    I: 404691
    I: 404694
    I: 404696
    I: 404698
    I: 40469b (imm 409034)
    I: 4046a2
    I: 4046a4 (imm 409050)
    I: 4046ab
    I: 4046ad
    I: 4046af
    I: 4046b2
    I: 4046b5
    I: 4046b8
    I: 4046bb
    I: 4046be
    I: 4046c1
    I: 4046c4
    I: 4046c6
    I: 4046cb
    I: 4046d0
    I: 4046d3
    I: 4046d6
    I: 4046dc (flow 406a0a)
      Successors: 406a0a
  BB: 402e88 in func 401920 with 1 insts
    I: 402e88 (flow 402e8d)
      Successors: 402e8d
  BB: 40268a in func 401920 with 1 insts
    I: 40268a (flow 40268f)
      Successors: 40268f
  BB: 401e8c in func 401920 with 1 insts
    I: 401e8c (flow 401e91)
      Successors: 401e91
  BB: 402e8d in func 401920 with 3 insts
    I: 402e8d
    I: 402e93
    I: 402e98 (flow 40686c)
      Successors: 40686c, 402e9e
  BB: 40268f in func 401920 with 3 insts
    I: 40268f
    I: 402695
    I: 40269a (flow 4052b6)
      Successors: 4026a0, 4052b6
  BB: 401e91 in func 401920 with 3 insts
    I: 401e91
    I: 401e97
    I: 401e9c (flow 40555e)
      Successors: 401ea2, 40555e
  BB: 404e93 in func 401920 with 19 insts
    I: 404e93 (imm 409034)
    I: 404e9a
    I: 404e9c (imm 409050)
    I: 404ea3
    I: 404ea5
    I: 404ea7
    I: 404eaa
    I: 404ead
    I: 404eb0
    I: 404eb3
    I: 404eb6
    I: 404eb9
    I: 404ebc
    I: 404ebe
    I: 404ec3
    I: 404ec8
    I: 404ecb
    I: 404ece
    I: 404ed4 (flow 406a0a)
      Successors: 406a0a
  BB: 405697 in func 401920 with 20 insts
    I: 405697
    I: 40569e (imm 409034)
    I: 4056a5
    I: 4056a7 (imm 409050)
    I: 4056ae
    I: 4056b0
    I: 4056b2
    I: 4056b5
    I: 4056b8
    I: 4056bb
    I: 4056be
    I: 4056c1
    I: 4056c4
    I: 4056c7
    I: 4056c9
    I: 4056ce
    I: 4056d3
    I: 4056d6
    I: 4056d9
    I: 4056df (flow 406a0a)
      Successors: 406a0a
  BB: 406699 in func 401920 with 2 insts
    I: 406699
    I: 4066a3 (flow 406a0a)
      Successors: 406a0a
  BB: 402e9e in func 401920 with 1 insts
    I: 402e9e (flow 402ea3)
      Successors: 402ea3
  BB: 4026a0 in func 401920 with 1 insts
    I: 4026a0 (flow 4026a5)
      Successors: 4026a5
  BB: 401ea2 in func 401920 with 1 insts
    I: 401ea2 (flow 401ea7)
      Successors: 401ea7
  BB: 402ea3 in func 401920 with 3 insts
    I: 402ea3
    I: 402ea9
    I: 402eae (flow 405164)
      Successors: 405164, 402eb4
  BB: 4026a5 in func 401920 with 3 insts
    I: 4026a5
    I: 4026ab
    I: 4026b0 (flow 403bd4)
      Successors: 403bd4, 4026b6
  BB: 401ea7 in func 401920 with 3 insts
    I: 401ea7
    I: 401ead
    I: 401eb2 (flow 404fc8)
      Successors: 401eb8, 404fc8
  BB: 4066a8 in func 401920 with 8 insts
    I: 4066a8
    I: 4066ad
    I: 4066b2
    I: 4066b7
    I: 4066bc (flow 406a50)
    I: 4066c1
    I: 4066c9
    I: 4066d3 (flow 406a0a)
      Successors: 406a0a
  BB: 402eb4 in func 401920 with 1 insts
    I: 402eb4 (flow 402eb9)
      Successors: 402eb9
  BB: 4026b6 in func 401920 with 1 insts
    I: 4026b6 (flow 4026bb)
      Successors: 4026bb
  BB: 401eb8 in func 401920 with 1 insts
    I: 401eb8 (flow 401ebd)
      Successors: 401ebd
  BB: 402eb9 in func 401920 with 3 insts
    I: 402eb9
    I: 402ebf
    I: 402ec4 (flow 404b5a)
      Successors: 402eca, 404b5a
  BB: 405eba in func 401920 with 23 insts
    I: 405eba
    I: 405ec1
    I: 405ec4
    I: 405ec6
    I: 405ec9 (imm 409034)
    I: 405ed0
    I: 405ed2 (imm 409050)
    I: 405ed9
    I: 405edb
    I: 405edd
    I: 405ee0
    I: 405ee3
    I: 405ee6
    I: 405ee9
    I: 405eec
    I: 405eef
    I: 405ef2
    I: 405ef4
    I: 405ef9
    I: 405efe
    I: 405f01
    I: 405f04
    I: 405f0a (flow 406a0a)
      Successors: 406a0a
  BB: 4026bb in func 401920 with 3 insts
    I: 4026bb
    I: 4026c1
    I: 4026c6 (flow 404061)
      Successors: 404061, 4026cc
  BB: 401ebd in func 401920 with 3 insts
    I: 401ebd
    I: 401ec3
    I: 401ec8 (flow 4042c6)
      Successors: 4042c6, 401ece
  BB: 4036c4 in func 401920 with 7 insts
    I: 4036c4
    I: 4036c7
    I: 4036cc
    I: 4036d1
    I: 4036d4
    I: 4036d7
    I: 4036dd (flow 406a0a)
      Successors: 406a0a
  BB: 403ec6 in func 401920 with 7 insts
    I: 403ec6
    I: 403ec9
    I: 403ece
    I: 403ed3
    I: 403ed6
    I: 403ed9
    I: 403edf (flow 406a0a)
      Successors: 406a0a
  BB: 402eca in func 401920 with 1 insts
    I: 402eca (flow 402ecf)
      Successors: 402ecf
  BB: 4026cc in func 401920 with 1 insts
    I: 4026cc (flow 4026d1)
      Successors: 4026d1
  BB: 401ece in func 401920 with 1 insts
    I: 401ece (flow 401ed3)
      Successors: 401ed3
  BB: 402ecf in func 401920 with 3 insts
    I: 402ecf
    I: 402ed5
    I: 402eda (flow 403b32)
      Successors: 402ee0, 403b32
  BB: 4026d1 in func 401920 with 3 insts
    I: 4026d1
    I: 4026d7
    I: 4026dc (flow 4058db)
      Successors: 4026e2, 4058db
  BB: 401ed3 in func 401920 with 3 insts
    I: 401ed3
    I: 401ed9
    I: 401ede (flow 404ce3)
      Successors: 404ce3, 401ee4
  BB: 4066d8 in func 401920 with 2 insts
    I: 4066d8
    I: 4066e2 (flow 406a0a)
      Successors: 406a0a
  BB: 404ed9 in func 401920 with 20 insts
    I: 404ed9
    I: 404ee0 (imm 409034)
    I: 404ee7
    I: 404ee9 (imm 409050)
    I: 404ef0
    I: 404ef2
    I: 404ef4
    I: 404ef7
    I: 404efa
    I: 404efd
    I: 404f00
    I: 404f03
    I: 404f06
    I: 404f09
    I: 404f0b
    I: 404f10
    I: 404f15
    I: 404f18
    I: 404f1b
    I: 404f21 (flow 406a0a)
      Successors: 406a0a
  BB: 402ee0 in func 401920 with 1 insts
    I: 402ee0 (flow 402ee5)
      Successors: 402ee5
  BB: 4046e1 in func 401920 with 7 insts
    I: 4046e1
    I: 4046e4
    I: 4046e9
    I: 4046ee
    I: 4046f1
    I: 4046f4
    I: 4046fa (flow 406a0a)
      Successors: 406a0a
  BB: 4026e2 in func 401920 with 1 insts
    I: 4026e2 (flow 4026e7)
      Successors: 4026e7
  BB: 4036e2 in func 401920 with 3 insts
    I: 4036e2
    I: 4036ec
    I: 4036f6 (flow 406a0a)
      Successors: 406a0a
  BB: 401ee4 in func 401920 with 1 insts
    I: 401ee4 (flow 401ee9)
      Successors: 401ee9
  BB: 402ee5 in func 401920 with 3 insts
    I: 402ee5
    I: 402eeb
    I: 402ef0 (flow 404dbb)
      Successors: 404dbb, 402ef6
  BB: 403ee4 in func 401920 with 19 insts
    I: 403ee4 (imm 409034)
    I: 403eeb
    I: 403eed (imm 409050)
    I: 403ef4
    I: 403ef6
    I: 403ef8
    I: 403efb
    I: 403efe
    I: 403f01
    I: 403f04
    I: 403f07
    I: 403f0a
    I: 403f0d
    I: 403f0f
    I: 403f14
    I: 403f19
    I: 403f1c
    I: 403f1f
    I: 403f25 (flow 406a0a)
      Successors: 406a0a
  BB: 4026e7 in func 401920 with 3 insts
    I: 4026e7
    I: 4026ed
    I: 4026f2 (flow 40655a)
      Successors: 4026f8, 40655a
  BB: 4056e4 in func 401920 with 2 insts
    I: 4056e4
    I: 4056ee (flow 406a0a)
      Successors: 406a0a
  BB: 401ee9 in func 401920 with 3 insts
    I: 401ee9
    I: 401eef
    I: 401ef4 (flow 406741)
      Successors: 406741, 401efa
  BB: 4066e7 in func 401920 with 3 insts
    I: 4066e7
    I: 4066f1
    I: 4066fb (flow 406a0a)
      Successors: 406a0a
  BB: 4056f3 in func 401920 with 3 insts
    I: 4056f3
    I: 4056fa
    I: 405704 (flow 406a0a)
      Successors: 406a0a
  BB: 402ef6 in func 401920 with 1 insts
    I: 402ef6 (flow 402efb)
      Successors: 402efb
  BB: 4026f8 in func 401920 with 1 insts
    I: 4026f8 (flow 4026fd)
      Successors: 4026fd
  BB: 401efa in func 401920 with 1 insts
    I: 401efa (flow 401eff)
      Successors: 401eff
  BB: 402efb in func 401920 with 3 insts
    I: 402efb
    I: 402f01
    I: 402f06 (flow 40422b)
      Successors: 40422b, 402f0c
  BB: 4036fb in func 401920 with 19 insts
    I: 4036fb (imm 409034)
    I: 403702
    I: 403704 (imm 409050)
    I: 40370b
    I: 40370d
    I: 40370f
    I: 403712
    I: 403715
    I: 403718
    I: 40371b
    I: 40371e
    I: 403721
    I: 403724
    I: 403726
    I: 40372b
    I: 403730
    I: 403733
    I: 403736
    I: 40373c (flow 406a0a)
      Successors: 406a0a
  BB: 4026fd in func 401920 with 3 insts
    I: 4026fd
    I: 402703
    I: 402708 (flow 4062c5)
      Successors: 4062c5, 40270e
  BB: 401eff in func 401920 with 3 insts
    I: 401eff
    I: 401f05
    I: 401f0a (flow 406076)
      Successors: 401f10, 406076
  BB: 4046ff in func 401920 with 19 insts
    I: 4046ff (imm 409034)
    I: 404706
    I: 404708 (imm 409050)
    I: 40470f
    I: 404711
    I: 404713
    I: 404716
    I: 404719
    I: 40471c
    I: 40471f
    I: 404722
    I: 404725
    I: 404728
    I: 40472a
    I: 40472f
    I: 404734
    I: 404737
    I: 40473a
    I: 404740 (flow 406a0a)
      Successors: 406a0a
  BB: 406700 in func 401920 with 2 insts
    I: 406700
    I: 40670a (flow 406a0a)
      Successors: 406a0a
  BB: 405709 in func 401920 with 12 insts
    I: 405709
    I: 40570e
    I: 405716
    I: 40571b
    I: 405720 (flow 406ac0)
    I: 405725
    I: 405727
    I: 40572c
    I: 405731
    I: 405734
    I: 405737
    I: 40573d (flow 406a0a)
      Successors: 406a0a
  BB: 402f0c in func 401920 with 1 insts
    I: 402f0c (flow 402f11)
      Successors: 402f11
  BB: 40270e in func 401920 with 1 insts
    I: 40270e (flow 402713)
      Successors: 402713
  BB: 405f0f in func 401920 with 7 insts
    I: 405f0f
    I: 405f12
    I: 405f17
    I: 405f1c
    I: 405f1f
    I: 405f22
    I: 405f28 (flow 406a0a)
      Successors: 406a0a
  BB: 401f10 in func 401920 with 1 insts
    I: 401f10 (flow 401f15)
      Successors: 401f15
  BB: 402f11 in func 401920 with 3 insts
    I: 402f11
    I: 402f17
    I: 402f1c (flow 4068cd)
      Successors: 402f22, 4068cd
  BB: 40670f in func 401920 with 3 insts
    I: 40670f
    I: 406719
    I: 406723 (flow 406a0a)
      Successors: 406a0a
  BB: 402713 in func 401920 with 3 insts
    I: 402713
    I: 402719
    I: 40271e (flow 405530)
      Successors: 405530, 402724
  BB: 401f15 in func 401920 with 3 insts
    I: 401f15
    I: 401f1b
    I: 401f20 (flow 406728)
      Successors: 406728, 401f26
  BB: 402f22 in func 401920 with 1 insts
    I: 402f22 (flow 402f27)
      Successors: 402f27
  BB: 402724 in func 401920 with 1 insts
    I: 402724 (flow 402729)
      Successors: 402729
  BB: 401f26 in func 401920 with 1 insts
    I: 401f26 (flow 401f2b)
      Successors: 401f2b
  BB: 402f27 in func 401920 with 3 insts
    I: 402f27
    I: 402f2d
    I: 402f32 (flow 406060)
      Successors: 402f38, 406060
  BB: 404f26 in func 401920 with 2 insts
    I: 404f26
    I: 404f30 (flow 406a0a)
      Successors: 406a0a
  BB: 402729 in func 401920 with 3 insts
    I: 402729
    I: 40272f
    I: 402734 (flow 405a25)
      Successors: 40273a, 405a25
  BB: 403f2a in func 401920 with 25 insts
    I: 403f2a
    I: 403f2f
    I: 403f34
    I: 403f39
    I: 403f3e (flow 406a50)
    I: 403f43
    I: 403f4b (imm 409034)
    I: 403f52
    I: 403f54 (imm 409050)
    I: 403f5b
    I: 403f5d
    I: 403f5f
    I: 403f62
    I: 403f65
    I: 403f68
    I: 403f6b
    I: 403f6e
    I: 403f71
    I: 403f74
    I: 403f76
    I: 403f7b
    I: 403f80
    I: 403f83
    I: 403f86
    I: 403f8c (flow 406a0a)
      Successors: 406a0a
  BB: 401f2b in func 401920 with 3 insts
    I: 401f2b
    I: 401f31
    I: 401f36 (flow 4065d0)
      Successors: 4065d0, 401f3c
  BB: 406728 in func 401920 with 3 insts
    I: 406728
    I: 406732
    I: 40673c (flow 406a0a)
      Successors: 406a0a
  BB: 405f2d in func 401920 with 12 insts
    I: 405f2d
    I: 405f35
    I: 405f3d
    I: 405f42
    I: 405f47 (flow 406ac0)
    I: 405f4c
    I: 405f4e
    I: 405f53
    I: 405f58
    I: 405f5b
    I: 405f5e
    I: 405f64 (flow 406a0a)
      Successors: 406a0a
  BB: 404f35 in func 401920 with 19 insts
    I: 404f35 (imm 409034)
    I: 404f3c
    I: 404f3e (imm 409050)
    I: 404f45
    I: 404f47
    I: 404f49
    I: 404f4c
    I: 404f4f
    I: 404f52
    I: 404f55
    I: 404f58
    I: 404f5b
    I: 404f5e
    I: 404f60
    I: 404f65
    I: 404f6a
    I: 404f6d
    I: 404f70
    I: 404f76 (flow 406a0a)
      Successors: 406a0a
  BB: 402f38 in func 401920 with 1 insts
    I: 402f38 (flow 402f3d)
      Successors: 402f3d
  BB: 40273a in func 401920 with 1 insts
    I: 40273a (flow 40273f)
      Successors: 40273f
  BB: 401f3c in func 401920 with 1 insts
    I: 401f3c (flow 401f41)
      Successors: 401f41
  BB: 402f3d in func 401920 with 3 insts
    I: 402f3d
    I: 402f43
    I: 402f48 (flow 406979)
      Successors: 406979, 402f4e
  BB: 40273f in func 401920 with 3 insts
    I: 40273f
    I: 402745
    I: 40274a (flow 40557d)
      Successors: 402750, 40557d
  BB: 401f41 in func 401920 with 3 insts
    I: 401f41
    I: 401f47
    I: 401f4c (flow 406445)
      Successors: 401f52, 406445
  BB: 403741 in func 401920 with 19 insts
    I: 403741 (imm 409034)
    I: 403748
    I: 40374a (imm 409050)
    I: 403751
    I: 403753
    I: 403755
    I: 403758
    I: 40375b
    I: 40375e
    I: 403761
    I: 403764
    I: 403767
    I: 40376a
    I: 40376c
    I: 403771
    I: 403776
    I: 403779
    I: 40377c
    I: 403782 (flow 406a0a)
      Successors: 406a0a
  BB: 405742 in func 401920 with 6 insts
    I: 405742
    I: 405747
    I: 40574c
    I: 405753
    I: 405756
    I: 40575c (flow 406a0a)
      Successors: 406a0a
  BB: 406741 in func 401920 with 2 insts
    I: 406741
    I: 40674b (flow 406a0a)
      Successors: 406a0a
  BB: 404745 in func 401920 with 26 insts
    I: 404745
    I: 40474a
    I: 40474f
    I: 404752
    I: 404755
    I: 404757
    I: 404759
    I: 40475c (imm 409034)
    I: 404763
    I: 404765 (imm 409050)
    I: 40476c
    I: 40476e
    I: 404770
    I: 404773
    I: 404776
    I: 404779
    I: 40477c
    I: 40477f
    I: 404782
    I: 404785
    I: 404787
    I: 40478c
    I: 404791
    I: 404794
    I: 404797
    I: 40479d (flow 406a0a)
      Successors: 406a0a
  BB: 402f4e in func 401920 with 1 insts
    I: 402f4e (flow 402f53)
      Successors: 402f53
  BB: 402750 in func 401920 with 1 insts
    I: 402750 (flow 402755)
      Successors: 402755
  BB: 406750 in func 401920 with 2 insts
    I: 406750
    I: 40675a (flow 406a0a)
      Successors: 406a0a
  BB: 401f52 in func 401920 with 1 insts
    I: 401f52 (flow 401f57)
      Successors: 401f57
  BB: 402f53 in func 401920 with 3 insts
    I: 402f53
    I: 402f59
    I: 402f5e (flow 4065b2)
      Successors: 4065b2, 402f64
  BB: 402755 in func 401920 with 3 insts
    I: 402755
    I: 40275b
    I: 402760 (flow 403ec6)
      Successors: 403ec6, 402766
  BB: 401f57 in func 401920 with 3 insts
    I: 401f57
    I: 401f5d
    I: 401f62 (flow 405eba)
      Successors: 401f68, 405eba
  BB: 40675f in func 401920 with 2 insts
    I: 40675f
    I: 406769 (flow 406a0a)
      Successors: 406a0a
  BB: 405761 in func 401920 with 6 insts
    I: 405761
    I: 405766
    I: 40576b
    I: 405772
    I: 405775
    I: 40577b (flow 406a0a)
      Successors: 406a0a
  BB: 402f64 in func 401920 with 1 insts
    I: 402f64 (flow 402f69)
      Successors: 402f69
  BB: 402766 in func 401920 with 1 insts
    I: 402766 (flow 40276b)
      Successors: 40276b
  BB: 401f68 in func 401920 with 1 insts
    I: 401f68 (flow 401f6d)
      Successors: 401f6d
  BB: 402f69 in func 401920 with 3 insts
    I: 402f69
    I: 402f6f
    I: 402f74 (flow 4045c3)
      Successors: 402f7a, 4045c3
  BB: 405f69 in func 401920 with 6 insts
    I: 405f69
    I: 405f6e
    I: 405f73
    I: 405f7a
    I: 405f7d
    I: 405f83 (flow 406a0a)
      Successors: 406a0a
  BB: 40276b in func 401920 with 3 insts
    I: 40276b
    I: 402771
    I: 402776 (flow 403c4a)
      Successors: 403c4a, 40277c
  BB: 401f6d in func 401920 with 3 insts
    I: 401f6d
    I: 401f73
    I: 401f78 (flow 40675f)
      Successors: 401f7e, 40675f
  BB: 40676e in func 401920 with 2 insts
    I: 40676e
    I: 406778 (flow 406a0a)
      Successors: 406a0a
  BB: 402f7a in func 401920 with 1 insts
    I: 402f7a (flow 402f7f)
      Successors: 402f7f
  BB: 404f7b in func 401920 with 20 insts
    I: 404f7b
    I: 404f82 (imm 409034)
    I: 404f89
    I: 404f8b (imm 409050)
    I: 404f92
    I: 404f94
    I: 404f96
    I: 404f99
    I: 404f9c
    I: 404f9f
    I: 404fa2
    I: 404fa5
    I: 404fa8
    I: 404fab
    I: 404fad
    I: 404fb2
    I: 404fb7
    I: 404fba
    I: 404fbd
    I: 404fc3 (flow 406a0a)
      Successors: 406a0a
  BB: 40277c in func 401920 with 1 insts
    I: 40277c (flow 402781)
      Successors: 402781
  BB: 40677d in func 401920 with 6 insts
    I: 40677d
    I: 406783
    I: 406789
    I: 40678f
    I: 406795
    I: 40679f (flow 406a0a)
      Successors: 406a0a
  BB: 401f7e in func 401920 with 1 insts
    I: 401f7e (flow 401f83)
      Successors: 401f83
  BB: 402f7f in func 401920 with 3 insts
    I: 402f7f
    I: 402f85
    I: 402f8a (flow 4068be)
      Successors: 402f90, 4068be
  BB: 405780 in func 401920 with 19 insts
    I: 405780 (imm 409034)
    I: 405787
    I: 405789 (imm 409050)
    I: 405790
    I: 405792
    I: 405794
    I: 405797
    I: 40579a
    I: 40579d
    I: 4057a0
    I: 4057a3
    I: 4057a6
    I: 4057a9
    I: 4057ab
    I: 4057b0
    I: 4057b5
    I: 4057b8
    I: 4057bb
    I: 4057c1 (flow 406a0a)
      Successors: 406a0a
  BB: 402781 in func 401920 with 3 insts
    I: 402781
    I: 402787
    I: 40278c (flow 4069bd)
      Successors: 402792, 4069bd
  BB: 401f83 in func 401920 with 3 insts
    I: 401f83
    I: 401f89
    I: 401f8e (flow 4034d2)
      Successors: 4034d2, 401f94
  BB: 403787 in func 401920 with 2 insts
    I: 403787
    I: 403791 (flow 406a0a)
      Successors: 406a0a
  BB: 405f88 in func 401920 with 6 insts
    I: 405f88
    I: 405f8d
    I: 405f92
    I: 405f99
    I: 405f9c
    I: 405fa2 (flow 406a0a)
      Successors: 406a0a
  BB: 402f90 in func 401920 with 1 insts
    I: 402f90 (flow 402f95)
      Successors: 402f95
  BB: 403f91 in func 401920 with 2 insts
    I: 403f91
    I: 403f9b (flow 406a0a)
      Successors: 406a0a
  BB: 402792 in func 401920 with 1 insts
    I: 402792 (flow 402797)
      Successors: 402797
  BB: 401f94 in func 401920 with 1 insts
    I: 401f94 (flow 401f99)
      Successors: 401f99
  BB: 402f95 in func 401920 with 3 insts
    I: 402f95
    I: 402f9b
    I: 402fa0 (flow 40633f)
      Successors: 402fa6, 40633f
  BB: 403796 in func 401920 with 2 insts
    I: 403796
    I: 4037a0 (flow 406a0a)
      Successors: 406a0a
  BB: 402797 in func 401920 with 3 insts
    I: 402797
    I: 40279d
    I: 4027a2 (flow 405f2d)
      Successors: 4027a8, 405f2d
  BB: 401f99 in func 401920 with 3 insts
    I: 401f99
    I: 401f9f
    I: 401fa4 (flow 403830)
      Successors: 403830, 401faa
  BB: 403fa0 in func 401920 with 19 insts
    I: 403fa0 (imm 409034)
    I: 403fa7
    I: 403fa9 (imm 409050)
    I: 403fb0
    I: 403fb2
    I: 403fb4
    I: 403fb7
    I: 403fba
    I: 403fbd
    I: 403fc0
    I: 403fc3
    I: 403fc6
    I: 403fc9
    I: 403fcb
    I: 403fd0
    I: 403fd5
    I: 403fd8
    I: 403fdb
    I: 403fe1 (flow 406a0a)
      Successors: 406a0a
  BB: 4047a2 in func 401920 with 7 insts
    I: 4047a2
    I: 4047a5
    I: 4047aa
    I: 4047af
    I: 4047b2
    I: 4047b5
    I: 4047bb (flow 406a0a)
      Successors: 406a0a
  BB: 4067a4 in func 401920 with 2 insts
    I: 4067a4
    I: 4067ae (flow 406a0a)
      Successors: 406a0a
  BB: 4037a5 in func 401920 with 8 insts
    I: 4037a5
    I: 4037aa
    I: 4037af
    I: 4037b4
    I: 4037b9
    I: 4037bd
    I: 4037c0
    I: 4037c6 (flow 406a0a)
      Successors: 406a0a
  BB: 402fa6 in func 401920 with 1 insts
    I: 402fa6 (flow 402fab)
      Successors: 402fab
  BB: 405fa7 in func 401920 with 19 insts
    I: 405fa7 (imm 409034)
    I: 405fae
    I: 405fb0 (imm 409050)
    I: 405fb7
    I: 405fb9
    I: 405fbb
    I: 405fbe
    I: 405fc1
    I: 405fc4
    I: 405fc7
    I: 405fca
    I: 405fcd
    I: 405fd0
    I: 405fd2
    I: 405fd7
    I: 405fdc
    I: 405fdf
    I: 405fe2
    I: 405fe8 (flow 406a0a)
      Successors: 406a0a
  BB: 4027a8 in func 401920 with 1 insts
    I: 4027a8 (flow 4027ad)
      Successors: 4027ad
  BB: 401faa in func 401920 with 1 insts
    I: 401faa (flow 401faf)
      Successors: 401faf
  BB: 402fab in func 401920 with 3 insts
    I: 402fab
    I: 402fb1
    I: 402fb6 (flow 405613)
      Successors: 405613, 402fbc
  BB: 4027ad in func 401920 with 3 insts
    I: 4027ad
    I: 4027b3
    I: 4027b8 (flow 4047a2)
      Successors: 4047a2, 4027be
  BB: 401faf in func 401920 with 3 insts
    I: 401faf
    I: 401fb5
    I: 401fba (flow 4061ec)
      Successors: 401fc0, 4061ec
  BB: 4067b3 in func 401920 with 3 insts
    I: 4067b3
    I: 4067ba
    I: 4067c4 (flow 406a0a)
      Successors: 406a0a
  BB: 402fbc in func 401920 with 1 insts
    I: 402fbc (flow 402fc1)
      Successors: 402fc1
  BB: 4027be in func 401920 with 1 insts
    I: 4027be (flow 4027c3)
      Successors: 4027c3
  BB: 401fc0 in func 401920 with 1 insts
    I: 401fc0 (flow 401fc5)
      Successors: 401fc5
  BB: 402fc1 in func 401920 with 3 insts
    I: 402fc1
    I: 402fc7
    I: 402fcc (flow 4062f9)
      Successors: 4062f9, 402fd2
  BB: 4047c0 in func 401920 with 6 insts
    I: 4047c0
    I: 4047c5
    I: 4047ca
    I: 4047d1
    I: 4047d4
    I: 4047da (flow 406a0a)
      Successors: 406a0a
  BB: 4027c3 in func 401920 with 3 insts
    I: 4027c3
    I: 4027c9
    I: 4027ce (flow 404ff6)
      Successors: 4027d4, 404ff6
  BB: 401fc5 in func 401920 with 3 insts
    I: 401fc5
    I: 401fcb
    I: 401fd0 (flow 4056e4)
      Successors: 4056e4, 401fd6
  BB: 4057c6 in func 401920 with 23 insts
    I: 4057c6
    I: 4057cd
    I: 4057d0
    I: 4057d2
    I: 4057d5 (imm 409034)
    I: 4057dc
    I: 4057de (imm 409050)
    I: 4057e5
    I: 4057e7
    I: 4057e9
    I: 4057ec
    I: 4057ef
    I: 4057f2
    I: 4057f5
    I: 4057f8
    I: 4057fb
    I: 4057fe
    I: 405800
    I: 405805
    I: 40580a
    I: 40580d
    I: 405810
    I: 405816 (flow 406a0a)
      Successors: 406a0a
  BB: 404fc8 in func 401920 with 2 insts
    I: 404fc8
    I: 404fd2 (flow 406a0a)
      Successors: 406a0a
  BB: 4067c9 in func 401920 with 2 insts
    I: 4067c9
    I: 4067d3 (flow 406a0a)
      Successors: 406a0a
  BB: 4037cb in func 401920 with 8 insts
    I: 4037cb
    I: 4037d0
    I: 4037d5
    I: 4037da
    I: 4037df
    I: 4037e3
    I: 4037e6
    I: 4037ec (flow 406a0a)
      Successors: 406a0a
  BB: 402fd2 in func 401920 with 1 insts
    I: 402fd2 (flow 402fd7)
      Successors: 402fd7
  BB: 4027d4 in func 401920 with 1 insts
    I: 4027d4 (flow 4027d9)
      Successors: 4027d9
  BB: 401fd6 in func 401920 with 1 insts
    I: 401fd6 (flow 401fdb)
      Successors: 401fdb
  BB: 402fd7 in func 401920 with 3 insts
    I: 402fd7
    I: 402fdd
    I: 402fe2 (flow 40463e)
      Successors: 402fe8, 40463e
  BB: 404fd7 in func 401920 with 6 insts
    I: 404fd7
    I: 404fdc
    I: 404fe1
    I: 404fe8
    I: 404feb
    I: 404ff1 (flow 406a0a)
      Successors: 406a0a
  BB: 4027d9 in func 401920 with 3 insts
    I: 4027d9
    I: 4027df
    I: 4027e4 (flow 405c4a)
      Successors: 4027ea, 405c4a
  BB: 4067d8 in func 401920 with 3 insts
    I: 4067d8
    I: 4067e2
    I: 4067ec (flow 406a0a)
      Successors: 406a0a
  BB: 401fdb in func 401920 with 3 insts
    I: 401fdb
    I: 401fe1
    I: 401fe6 (flow 40581b)
      Successors: 40581b, 401fec
  BB: 4047df in func 401920 with 7 insts
    I: 4047df
    I: 4047e4
    I: 4047e9
    I: 4047ee
    I: 4047f3
    I: 4047f6
    I: 4047fc (flow 406a0a)
      Successors: 406a0a
  BB: 403fe6 in func 401920 with 26 insts
    I: 403fe6
    I: 403feb
    I: 403ff0
    I: 403ff3
    I: 403ff6
    I: 403ff8
    I: 403ffa
    I: 403ffd (imm 409034)
    I: 404004
    I: 404006 (imm 409050)
    I: 40400d
    I: 40400f
    I: 404011
    I: 404014
    I: 404017
    I: 40401a
    I: 40401d
    I: 404020
    I: 404023
    I: 404026
    I: 404028
    I: 40402d
    I: 404032
    I: 404035
    I: 404038
    I: 40403e (flow 406a0a)
      Successors: 406a0a
  BB: 402fe8 in func 401920 with 1 insts
    I: 402fe8 (flow 402fed)
      Successors: 402fed
  BB: 4027ea in func 401920 with 1 insts
    I: 4027ea (flow 4027ef)
      Successors: 4027ef
  BB: 401fec in func 401920 with 1 insts
    I: 401fec (flow 401ff1)
      Successors: 401ff1
  BB: 402fed in func 401920 with 3 insts
    I: 402fed
    I: 402ff3
    I: 402ff8 (flow 405473)
      Successors: 405473, 402ffe
  BB: 405fed in func 401920 with 23 insts
    I: 405fed
    I: 405ff4
    I: 405ff7
    I: 405ff9
    I: 405ffc (imm 409034)
    I: 406003
    I: 406005 (imm 409050)
    I: 40600c
    I: 40600e
    I: 406010
    I: 406013
    I: 406016
    I: 406019
    I: 40601c
    I: 40601f
    I: 406022
    I: 406025
    I: 406027
    I: 40602c
    I: 406031
    I: 406034
    I: 406037
    I: 40603d (flow 406a0a)
      Successors: 406a0a
  BB: 4027ef in func 401920 with 3 insts
    I: 4027ef
    I: 4027f5
    I: 4027fa (flow 4067a4)
      Successors: 402800, 4067a4
  BB: 401ff1 in func 401920 with 3 insts
    I: 401ff1
    I: 401ff7
    I: 401ffc (flow 405900)
      Successors: 405900, 402002
  BB: 4037f1 in func 401920 with 3 insts
    I: 4037f1
    I: 4037fb
    I: 403805 (flow 406a0a)
      Successors: 406a0a
  BB: 4067f1 in func 401920 with 2 insts
    I: 4067f1
    I: 4067fb (flow 406a0a)
      Successors: 406a0a
  BB: 404ff6 in func 401920 with 7 insts
    I: 404ff6
    I: 404ffb
    I: 405000
    I: 405005
    I: 40500a
    I: 40500d
    I: 405013 (flow 406a0a)
      Successors: 406a0a
  BB: 402ffe in func 401920 with 1 insts
    I: 402ffe (flow 403003)
      Successors: 403003
Recovering 406a10
  Analysing subroutine sub_406A10 at 406a10
  Subroutine sub_406A10 at 406a10 has 2 blocks
  BB: 406a10 in func 406a10 with 13 insts
    I: 406a10
    I: 406a11
    I: 406a14
    I: 406a19
    I: 406a1e
    I: 406a23
    I: 406a28
    I: 406a2d
    I: 406a32
    I: 406a37
    I: 406a3c
    I: 406a40
    I: 406a41
      No successors
  BB: 406a42 in func 406a10 with 2 insts
    I: 406a42
    I: 406a4c
      No successors
Recovering 406a50
  Analysing subroutine sub_406A50 at 406a50
  Subroutine sub_406A50 at 406a50 has 2 blocks
  BB: 406a50 in func 406a50 with 25 insts
    I: 406a50
    I: 406a51
    I: 406a54
    I: 406a58
    I: 406a5d
    I: 406a62
    I: 406a67
    I: 406a6c
    I: 406a71
    I: 406a76
    I: 406a7b
    I: 406a80
    I: 406a85
    I: 406a8a (flow 406a10)
    I: 406a8f
    I: 406a94
    I: 406a99
    I: 406a9e
    I: 406aa8
    I: 406aab
    I: 406ab0
    I: 406ab4
    I: 406ab8
    I: 406abc
    I: 406abd
      No successors
  BB: 406abe in func 406a50 with 1 insts
    I: 406abe
      No successors
Recovering 406ac0
  Analysing subroutine sub_406AC0 at 406ac0
  Subroutine sub_406AC0 at 406ac0 has 31 blocks
  BB: 406d07 in func 406ac0 with 9 insts
    I: 406d07
    I: 406d0b
    I: 406d0f
    I: 406d13
    I: 406d18
    I: 406d1d
    I: 406d21
    I: 406d24
    I: 406d27 (flow 406de2)
      Successors: 406de2
  BB: 406b87 in func 406ac0 with 1 insts
    I: 406b87 (flow 406b8c)
      Successors: 406b8c
  BB: 406b8c in func 406ac0 with 3 insts
    I: 406b8c
    I: 406b8f
    I: 406b94 (flow 406bea)
      Successors: 406b9a, 406bea
  BB: 406b17 in func 406ac0 with 4 insts
    I: 406b17
    I: 406b1a
    I: 406b1d
    I: 406b22 (flow 406d2c)
      Successors: 406b28, 406d2c
  BB: 406b9a in func 406ac0 with 1 insts
    I: 406b9a (flow 406b9f)
      Successors: 406b9f
  BB: 406b9f in func 406ac0 with 3 insts
    I: 406b9f
    I: 406ba2
    I: 406ba7 (flow 406cf1)
      Successors: 406cf1, 406bad
  BB: 406b28 in func 406ac0 with 1 insts
    I: 406b28 (flow 406b2d)
      Successors: 406b2d
  BB: 406d2c in func 406ac0 with 4 insts
    I: 406d2c
    I: 406d30
    I: 406d36
    I: 406d3d (flow 406de2)
      Successors: 406de2
  BB: 406b2d in func 406ac0 with 3 insts
    I: 406b2d
    I: 406b30
    I: 406b35 (flow 406d58)
      Successors: 406d58, 406b3b
  BB: 406bad in func 406ac0 with 1 insts
    I: 406bad (flow 406bb2)
      Successors: 406bb2
  BB: 406bb2 in func 406ac0 with 3 insts
    I: 406bb2
    I: 406bb5
    I: 406bba (flow 406bca)
      Successors: 406bc0, 406bca
  BB: 406b3b in func 406ac0 with 1 insts
    I: 406b3b (flow 406b40)
      Successors: 406b40
  BB: 406ac0 in func 406ac0 with 24 insts
    I: 406ac0
    I: 406ac1
    I: 406ac4
    I: 406ac8
    I: 406acd
    I: 406ad2
    I: 406ad7
    I: 406adc (imm 409040)
    I: 406ae3
    I: 406ae5 (imm 409044)
    I: 406aec
    I: 406aee
    I: 406af0
    I: 406af3
    I: 406af6
    I: 406af9
    I: 406afc
    I: 406aff
    I: 406b02
    I: 406b05
    I: 406b08
    I: 406b0b
    I: 406b0d
    I: 406b10
      Successors: 406b17
  BB: 406b40 in func 406ac0 with 3 insts
    I: 406b40
    I: 406b43
    I: 406b48 (flow 406d42)
      Successors: 406d42, 406b4e
  BB: 406bc0 in func 406ac0 with 1 insts
    I: 406bc0 (flow 406bc5)
      Successors: 406bc5
  BB: 406d42 in func 406ac0 with 4 insts
    I: 406d42
    I: 406d46
    I: 406d4c
    I: 406d53 (flow 406de2)
      Successors: 406de2
  BB: 406bc5 in func 406ac0 with 1 insts
    I: 406bc5 (flow 406de2)
      Successors: 406de2
  BB: 406bca in func 406ac0 with 9 insts
    I: 406bca
    I: 406bcd
    I: 406bd0
    I: 406bd2
    I: 406bd7
    I: 406bdc
    I: 406bdf
    I: 406be2
    I: 406be5 (flow 406de2)
      Successors: 406de2
  BB: 406b4e in func 406ac0 with 1 insts
    I: 406b4e (flow 406b53)
      Successors: 406b53
  BB: 406b53 in func 406ac0 with 3 insts
    I: 406b53
    I: 406b56
    I: 406b5b (flow 406cd6)
      Successors: 406b61, 406cd6
  BB: 406cd6 in func 406ac0 with 7 insts
    I: 406cd6
    I: 406cd9
    I: 406cde
    I: 406ce3
    I: 406ce6
    I: 406ce9
    I: 406cec (flow 406de2)
      Successors: 406de2
  BB: 406d58 in func 406ac0 with 5 insts
    I: 406d58
    I: 406d5c
    I: 406d5e
    I: 406d61
    I: 406d62
      No successors
  BB: 406b61 in func 406ac0 with 1 insts
    I: 406b61 (flow 406b66)
      Successors: 406b66
  BB: 406de2 in func 406ac0 with 1 insts
    I: 406de2 (flow 406b17)
      Successors: 406b17
  BB: 406d63 in func 406ac0 with 33 insts
    I: 406d63
    I: 406d68
    I: 406d6d
    I: 406d72
    I: 406d77
    I: 406d7a
    I: 406d7e
    I: 406d81
    I: 406d84
    I: 406d88
    I: 406d8b
    I: 406d8e
    I: 406d92
    I: 406d95
    I: 406d98
    I: 406d9c
    I: 406d9f
    I: 406da2
    I: 406da6
    I: 406da9
    I: 406dac
    I: 406db0
    I: 406db3
    I: 406db7
    I: 406dbb
    I: 406dbf
    I: 406dc3
    I: 406dc7
    I: 406dcb
    I: 406dcf
    I: 406dd3
    I: 406dd7
    I: 406ddb
      Successors: 406de2
  BB: 406b66 in func 406ac0 with 3 insts
    I: 406b66
    I: 406b69
    I: 406b6e (flow 406d07)
      Successors: 406b74, 406d07
  BB: 406de7 in func 406ac0 with 1 insts
    I: 406de7
      No successors
  BB: 406bea in func 406ac0 with 65 insts
    I: 406bea
    I: 406bef
    I: 406bf4
    I: 406bf9
    I: 406bfe
    I: 406c01
    I: 406c05
    I: 406c08
    I: 406c0c
    I: 406c0f
    I: 406c13
    I: 406c16
    I: 406c19
    I: 406c1d
    I: 406c20
    I: 406c23
    I: 406c27
    I: 406c2a
    I: 406c2d
    I: 406c31
    I: 406c34
    I: 406c38
    I: 406c3b
    I: 406c3f
    I: 406c42
    I: 406c46
    I: 406c4a
    I: 406c4e
    I: 406c52
    I: 406c56
    I: 406c5a
    I: 406c5e
    I: 406c62
    I: 406c66
    I: 406c6a
    I: 406c6e
    I: 406c72
    I: 406c76
    I: 406c7a
    I: 406c7e
    I: 406c82
    I: 406c86
    I: 406c89
    I: 406c8c
    I: 406c8e
    I: 406c90
    I: 406c93 (imm 409040)
    I: 406c9a
    I: 406c9c (imm 409044)
    I: 406ca3
    I: 406ca5
    I: 406ca7
    I: 406caa
    I: 406cad
    I: 406cb0
    I: 406cb3
    I: 406cb6
    I: 406cb9
    I: 406cbc
    I: 406cbe
    I: 406cc3
    I: 406cc8
    I: 406ccb
    I: 406cce
    I: 406cd1 (flow 406de2)
      Successors: 406de2
  BB: 406cf1 in func 406ac0 with 4 insts
    I: 406cf1
    I: 406cf5
    I: 406cfb
    I: 406d02 (flow 406de2)
      Successors: 406de2
  BB: 406b74 in func 406ac0 with 1 insts
    I: 406b74 (flow 406b79)
      Successors: 406b79
  BB: 406b79 in func 406ac0 with 3 insts
    I: 406b79
    I: 406b7c
    I: 406b81 (flow 406d63)
      Successors: 406d63, 406b87
Recovering 406df0
  Analysing subroutine sub_406DF0 at 406df0
    Block head at 00406e4b is not code.
  Subroutine sub_406DF0 at 406df0 has 1 blocks
  BB: 406df0 in func 406df0 with 22 insts
    I: 406df0
    I: 406df1
    I: 406df4
    I: 406df8
    I: 406dfd
    I: 406e02
    I: 406e07
    I: 406e0c
    I: 406e11
    I: 406e16
    I: 406e1b
    I: 406e20
    I: 406e25
    I: 406e2a
    I: 406e2f
    I: 406e34
    I: 406e38
    I: 406e3c
    I: 406e40 (flow 409078)
    I: 406e45
    I: 406e49
    I: 406e4a
      No successors
Recovering .term_proc at 406e4c
  Analysing subroutine .term_proc at 406e4c
    Block head at 00406e59 is not code.
  Subroutine .term_proc at 406e4c has 1 blocks
  BB: 406e4c in func 406e4c with 4 insts
    I: 406e4c
    I: 406e50
    I: 406e54
    I: 406e58
      No successors
Global Variable None
WARNING: Global constructor and destructor sections are adjacent!
Recovering region LOAD [400000, 400540) in segment LOAD
  8-byte reference at 400018 to 401060 (start)
  8-byte reference at 4000f8 to 401000 (.init_proc)
  8-byte reference at 400130 to 407000 ()
  8-byte reference at 400168 to 408de8 ()
  8-byte reference at 400280 to 407030 ()
  8-byte reference at 4002f0 to 408de8 ()
Recovering region .init [401000, 40101b) in segment .init
Recovering region LOAD [40101b, 401020) in segment LOAD
Recovering region .plt [401020, 401060) in segment .plt
Recovering region .text [401060, 406e4b) in segment .text
Recovering region LOAD [406e4b, 406e4c) in segment LOAD
Recovering region .fini [406e4c, 406e59) in segment .fini
Recovering region .rodata [407000, 40702d) in segment .rodata
  Variable aLfLfLfLfLfLfLf at 407004
  Variable format at 407024
  Variable aYes at 407028
Recovering region LOAD [40702d, 407030) in segment LOAD
Recovering region .eh_frame_hdr [407030, 407084) in segment .eh_frame_hdr
Recovering region LOAD [407084, 407088) in segment LOAD
Recovering region .eh_frame [407088, 4071c0) in segment .eh_frame
Recovering region LOAD [4071c0, 407200) in segment LOAD
Recovering region .init_array [408de8, 408df8) in segment .init_array
  8-byte reference at 408de8 to 401140 ()
  8-byte reference at 408df0 to 401110 ()
Recovering region LOAD [408df8, 408fd8) in segment LOAD
Recovering region .got [408fd8, 408fe8) in segment .got
  8-byte reference at 408fd8 to 409060 (__libc_start_main)
  8-byte reference at 408fe0 to 409080 (__gmon_start__)
Recovering region .got.plt [408fe8, 409018) in segment .got.plt
  8-byte reference at 409000 to 409068 (printf)
  8-byte reference at 409008 to 409070 (__isoc99_scanf)
  8-byte reference at 409010 to 409078 (sqrt)
Recovering region .data [409018, 409028) in segment .data
Recovering region .bss [409028, 409060) in segment .bss
Recovering extern function printf at 401030
Recovering extern function __isoc99_scanf at 401040
Recovering extern function sqrt at 401050
Recovering extern function __libc_start_main at 409060
Recovering extern function printf at 409068
Recovering extern function __isoc99_scanf at 409070
Recovering extern function sqrt at 409078
Recovering extern function __gmon_start__ at 409080
Recovered 13 functions.
Saving to: /home/ubuntu/capstone_project/result/pipeline_20260629_141746/s591874935_fla_bcf.cfg
Done analysis!
