Debugging is enabled.
Loading Standard Definitions file: /home/ubuntu/capstone_project/dependency/mcsema/mcsema/lib/python3/site-packages/mcsema_disass-3.1.3.8-py3.8.egg/mcsema_disass/defs/linux.txt
Using Batch mode.
Starting analysis
Recovering module s591874935_fla.elf
Found main at 401150
Looking for instructions in segment .init
  Default block heads for function 401000 with loose bounds [401000, 40101b)
    block [401000, 401014)
    block [401014, 401016)
    block [401016, 40101b)
    chunk [401000, 40101b)
Looking for instructions in segment .plt
  Default block heads for function 401020 with loose bounds [401020, 40102c)
    block [401020, 40102c)
    chunk [401020, 40102c)
  Default block heads for function 401030 with loose bounds [401030, 401036)
    block [401030, 401036)
    chunk [401030, 401036)
  Default block heads for function 401040 with loose bounds [401040, 401046)
    block [401040, 401046)
    chunk [401040, 401046)
  Default block heads for function 401050 with loose bounds [401050, 401056)
    block [401050, 401056)
    chunk [401050, 401056)
Looking for instructions in segment .text
  Default block heads for function 401060 with loose bounds [401060, 401086)
    block [401060, 401086)
    chunk [401060, 401086)
  Default block heads for function 4010a0 with loose bounds [4010a0, 4010c1)
    block [4010a0, 4010ad)
    block [4010ad, 4010b7)
    block [4010b7, 4010be)
    block [4010c0, 4010c1)
    chunk [4010a0, 4010c1)
  Default block heads for function 401110 with loose bounds [401110, 401131)
    block [401110, 40111d)
    block [40111d, 40112f)
    block [401130, 401131)
    chunk [401110, 401131)
  Default block heads for function 401140 with loose bounds [401140, 401146)
    block [401140, 401146)
    chunk [401140, 401146)
    chunk [4010d0, 401101)
  Default block heads for function 401150 with loose bounds [401150, 4013ef)
    block [401150, 401169)
    block [401169, 40117a)
    block [40117a, 40117f)
    block [40117f, 40118d)
    block [40118d, 401192)
    block [401192, 4011a0)
    block [4011a0, 4011a5)
    block [4011a5, 4011b3)
    block [4011b3, 4011b8)
    block [4011b8, 4011c6)
    block [4011c6, 4011cb)
    block [4011cb, 4011d9)
    block [4011d9, 4011de)
    block [4011de, 4011ec)
    block [4011ec, 4011f1)
    block [4011f1, 4011ff)
    block [4011ff, 401204)
    block [401204, 401212)
    block [401212, 401217)
    block [401217, 40121c)
    block [40121c, 401275)
    block [401275, 40134e)
    block [40134e, 401367)
    block [401367, 401380)
    block [401380, 401399)
    block [401399, 4013b6)
    block [4013b6, 4013d3)
    block [4013d3, 4013df)
    block [4013df, 4013ea)
    block [4013ea, 4013ef)
    chunk [401150, 4013ef)
  Default block heads for function 4013f0 with loose bounds [4013f0, 403607)
    block [4013f0, 40145f)
    block [40145f, 401476)
    block [401476, 40147b)
    block [40147b, 40148c)
    block [40148c, 401491)
    block [401491, 4014a2)
    block [4014a2, 4014a7)
    block [4014a7, 4014b8)
    block [4014b8, 4014bd)
    block [4014bd, 4014ce)
    block [4014ce, 4014d3)
    block [4014d3, 4014e4)
    block [4014e4, 4014e9)
    block [4014e9, 4014fa)
    block [4014fa, 4014ff)
    block [4014ff, 401510)
    block [401510, 401515)
    block [401515, 401526)
    block [401526, 40152b)
    block [40152b, 40153c)
    block [40153c, 401541)
    block [401541, 401552)
    block [401552, 401557)
    block [401557, 401568)
    block [401568, 40156d)
    block [40156d, 40157e)
    block [40157e, 401583)
    block [401583, 401594)
    block [401594, 401599)
    block [401599, 4015aa)
    block [4015aa, 4015af)
    block [4015af, 4015c0)
    block [4015c0, 4015c5)
    block [4015c5, 4015d6)
    block [4015d6, 4015db)
    block [4015db, 4015ec)
    block [4015ec, 4015f1)
    block [4015f1, 401602)
    block [401602, 401607)
    block [401607, 401618)
    block [401618, 40161d)
    block [40161d, 40162e)
    block [40162e, 401633)
    block [401633, 401644)
    block [401644, 401649)
    block [401649, 40165a)
    block [40165a, 40165f)
    block [40165f, 401670)
    block [401670, 401675)
    block [401675, 401686)
    block [401686, 40168b)
    block [40168b, 40169c)
    block [40169c, 4016a1)
    block [4016a1, 4016b2)
    block [4016b2, 4016b7)
    block [4016b7, 4016c8)
    block [4016c8, 4016cd)
    block [4016cd, 4016de)
    block [4016de, 4016e3)
    block [4016e3, 4016f4)
    block [4016f4, 4016f9)
    block [4016f9, 40170a)
    block [40170a, 40170f)
    block [40170f, 401720)
    block [401720, 401725)
    block [401725, 401736)
    block [401736, 40173b)
    block [40173b, 40174c)
    block [40174c, 401751)
    block [401751, 401762)
    block [401762, 401767)
    block [401767, 401778)
    block [401778, 40177d)
    block [40177d, 40178e)
    block [40178e, 401793)
    block [401793, 4017a4)
    block [4017a4, 4017a9)
    block [4017a9, 4017ba)
    block [4017ba, 4017bf)
    block [4017bf, 4017d0)
    block [4017d0, 4017d5)
    block [4017d5, 4017e6)
    block [4017e6, 4017eb)
    block [4017eb, 4017fc)
    block [4017fc, 401801)
    block [401801, 401812)
    block [401812, 401817)
    block [401817, 401828)
    block [401828, 40182d)
    block [40182d, 40183e)
    block [40183e, 401843)
    block [401843, 401854)
    block [401854, 401859)
    block [401859, 40186a)
    block [40186a, 40186f)
    block [40186f, 401880)
    block [401880, 401885)
    block [401885, 401896)
    block [401896, 40189b)
    block [40189b, 4018ac)
    block [4018ac, 4018b1)
    block [4018b1, 4018c2)
    block [4018c2, 4018c7)
    block [4018c7, 4018d8)
    block [4018d8, 4018dd)
    block [4018dd, 4018ee)
    block [4018ee, 4018f3)
    block [4018f3, 401904)
    block [401904, 401909)
    block [401909, 40191a)
    block [40191a, 40191f)
    block [40191f, 401930)
    block [401930, 401935)
    block [401935, 401946)
    block [401946, 40194b)
    block [40194b, 40195c)
    block [40195c, 401961)
    block [401961, 401972)
    block [401972, 401977)
    block [401977, 401988)
    block [401988, 40198d)
    block [40198d, 40199e)
    block [40199e, 4019a3)
    block [4019a3, 4019b4)
    block [4019b4, 4019b9)
    block [4019b9, 4019ca)
    block [4019ca, 4019cf)
    block [4019cf, 4019e0)
    block [4019e0, 4019e5)
    block [4019e5, 4019f6)
    block [4019f6, 4019fb)
    block [4019fb, 401a0c)
    block [401a0c, 401a11)
    block [401a11, 401a22)
    block [401a22, 401a27)
    block [401a27, 401a38)
    block [401a38, 401a3d)
    block [401a3d, 401a4e)
    block [401a4e, 401a53)
    block [401a53, 401a64)
    block [401a64, 401a69)
    block [401a69, 401a7a)
    block [401a7a, 401a7f)
    block [401a7f, 401a90)
    block [401a90, 401a95)
    block [401a95, 401aa6)
    block [401aa6, 401aab)
    block [401aab, 401abc)
    block [401abc, 401ac1)
    block [401ac1, 401ad2)
    block [401ad2, 401ad7)
    block [401ad7, 401ae8)
    block [401ae8, 401aed)
    block [401aed, 401afe)
    block [401afe, 401b03)
    block [401b03, 401b14)
    block [401b14, 401b19)
    block [401b19, 401b2a)
    block [401b2a, 401b2f)
    block [401b2f, 401b40)
    block [401b40, 401b45)
    block [401b45, 401b56)
    block [401b56, 401b5b)
    block [401b5b, 401b6c)
    block [401b6c, 401b71)
    block [401b71, 401b82)
    block [401b82, 401b87)
    block [401b87, 401b98)
    block [401b98, 401b9d)
    block [401b9d, 401bae)
    block [401bae, 401bb3)
    block [401bb3, 401bc4)
    block [401bc4, 401bc9)
    block [401bc9, 401bda)
    block [401bda, 401bdf)
    block [401bdf, 401bf0)
    block [401bf0, 401bf5)
    block [401bf5, 401c06)
    block [401c06, 401c0b)
    block [401c0b, 401c1c)
    block [401c1c, 401c21)
    block [401c21, 401c32)
    block [401c32, 401c37)
    block [401c37, 401c48)
    block [401c48, 401c4d)
    block [401c4d, 401c5e)
    block [401c5e, 401c63)
    block [401c63, 401c74)
    block [401c74, 401c79)
    block [401c79, 401c8a)
    block [401c8a, 401c8f)
    block [401c8f, 401ca0)
    block [401ca0, 401ca5)
    block [401ca5, 401cb6)
    block [401cb6, 401cbb)
    block [401cbb, 401ccc)
    block [401ccc, 401cd1)
    block [401cd1, 401ce2)
    block [401ce2, 401ce7)
    block [401ce7, 401cf8)
    block [401cf8, 401cfd)
    block [401cfd, 401d0e)
    block [401d0e, 401d13)
    block [401d13, 401d24)
    block [401d24, 401d29)
    block [401d29, 401d3a)
    block [401d3a, 401d3f)
    block [401d3f, 401d50)
    block [401d50, 401d55)
    block [401d55, 401d66)
    block [401d66, 401d6b)
    block [401d6b, 401d7c)
    block [401d7c, 401d81)
    block [401d81, 401d92)
    block [401d92, 401d97)
    block [401d97, 401da8)
    block [401da8, 401dad)
    block [401dad, 401dbe)
    block [401dbe, 401dc3)
    block [401dc3, 401dd4)
    block [401dd4, 401dd9)
    block [401dd9, 401dea)
    block [401dea, 401def)
    block [401def, 401e00)
    block [401e00, 401e05)
    block [401e05, 401e16)
    block [401e16, 401e1b)
    block [401e1b, 401e2c)
    block [401e2c, 401e31)
    block [401e31, 401e42)
    block [401e42, 401e47)
    block [401e47, 401e58)
    block [401e58, 401e5d)
    block [401e5d, 401e6e)
    block [401e6e, 401e73)
    block [401e73, 401e84)
    block [401e84, 401e89)
    block [401e89, 401e9a)
    block [401e9a, 401e9f)
    block [401e9f, 401eb0)
    block [401eb0, 401eb5)
    block [401eb5, 401ec6)
    block [401ec6, 401ecb)
    block [401ecb, 401edc)
    block [401edc, 401ee1)
    block [401ee1, 401ef2)
    block [401ef2, 401ef7)
    block [401ef7, 401f08)
    block [401f08, 401f0d)
    block [401f0d, 401f1e)
    block [401f1e, 401f23)
    block [401f23, 401f34)
    block [401f34, 401f39)
    block [401f39, 401f4a)
    block [401f4a, 401f4f)
    block [401f4f, 401f60)
    block [401f60, 401f65)
    block [401f65, 401f76)
    block [401f76, 401f7b)
    block [401f7b, 401f8c)
    block [401f8c, 401f91)
    block [401f91, 401fa2)
    block [401fa2, 401fa7)
    block [401fa7, 401fb8)
    block [401fb8, 401fbd)
    block [401fbd, 401fce)
    block [401fce, 401fd3)
    block [401fd3, 401fe4)
    block [401fe4, 401fe9)
    block [401fe9, 401ffa)
    block [401ffa, 401fff)
    block [401fff, 402010)
    block [402010, 402015)
    block [402015, 402026)
    block [402026, 40202b)
    block [40202b, 40203c)
    block [40203c, 402041)
    block [402041, 402052)
    block [402052, 402057)
    block [402057, 402068)
    block [402068, 40206d)
    block [40206d, 40207e)
    block [40207e, 402083)
    block [402083, 402094)
    block [402094, 402099)
    block [402099, 4020aa)
    block [4020aa, 4020af)
    block [4020af, 4020c0)
    block [4020c0, 4020c5)
    block [4020c5, 4020d6)
    block [4020d6, 4020db)
    block [4020db, 4020ec)
    block [4020ec, 4020f1)
    block [4020f1, 402102)
    block [402102, 402107)
    block [402107, 402118)
    block [402118, 40211d)
    block [40211d, 40212e)
    block [40212e, 402133)
    block [402133, 402144)
    block [402144, 402149)
    block [402149, 40215a)
    block [40215a, 40215f)
    block [40215f, 402170)
    block [402170, 402175)
    block [402175, 402186)
    block [402186, 40218b)
    block [40218b, 40219c)
    block [40219c, 4021a1)
    block [4021a1, 4021b2)
    block [4021b2, 4021b7)
    block [4021b7, 4021c8)
    block [4021c8, 4021cd)
    block [4021cd, 4021de)
    block [4021de, 4021e3)
    block [4021e3, 4021f4)
    block [4021f4, 4021f9)
    block [4021f9, 40220a)
    block [40220a, 40220f)
    block [40220f, 402220)
    block [402220, 402225)
    block [402225, 402236)
    block [402236, 40223b)
    block [40223b, 40224c)
    block [40224c, 402251)
    block [402251, 402256)
    block [402256, 40227c)
    block [40227c, 40229e)
    block [40229e, 4022b7)
    block [4022b7, 4022d9)
    block [4022d9, 4022fb)
    block [4022fb, 402314)
    block [402314, 402336)
    block [402336, 402358)
    block [402358, 402371)
    block [402371, 402380)
    block [402380, 40238f)
    block [40238f, 4023b5)
    block [4023b5, 4023db)
    block [4023db, 4023f4)
    block [4023f4, 40241a)
    block [40241a, 402440)
    block [402440, 402459)
    block [402459, 40247f)
    block [40247f, 4024a5)
    block [4024a5, 4024be)
    block [4024be, 4024cd)
    block [4024cd, 4024dc)
    block [4024dc, 402508)
    block [402508, 402535)
    block [402535, 402561)
    block [402561, 40258e)
    block [40258e, 4025ba)
    block [4025ba, 4025e7)
    block [4025e7, 402613)
    block [402613, 402640)
    block [402640, 40266c)
    block [40266c, 402699)
    block [402699, 4026c5)
    block [4026c5, 4026f5)
    block [4026f5, 402721)
    block [402721, 402751)
    block [402751, 40276a)
    block [40276a, 402783)
    block [402783, 402792)
    block [402792, 4027c0)
    block [4027c0, 4027ec)
    block [4027ec, 40281c)
    block [40281c, 402835)
    block [402835, 40284e)
    block [40284e, 40285d)
    block [40285d, 40288b)
    block [40288b, 4028b7)
    block [4028b7, 4028e7)
    block [4028e7, 402900)
    block [402900, 402919)
    block [402919, 402928)
    block [402928, 402959)
    block [402959, 402985)
    block [402985, 4029b1)
    block [4029b1, 4029dd)
    block [4029dd, 4029fc)
    block [4029fc, 402a1e)
    block [402a1e, 402a45)
    block [402a45, 402a6c)
    block [402a6c, 402a98)
    block [402a98, 402ab1)
    block [402ab1, 402ad7)
    block [402ad7, 402af0)
    block [402af0, 402b09)
    block [402b09, 402b18)
    block [402b18, 402b3c)
    block [402b3c, 402b5b)
    block [402b5b, 402b7a)
    block [402b7a, 402b90)
    block [402b90, 402ba6)
    block [402ba6, 402bc5)
    block [402bc5, 402be7)
    block [402be7, 402c0e)
    block [402c0e, 402c35)
    block [402c35, 402c61)
    block [402c61, 402c7a)
    block [402c7a, 402ca0)
    block [402ca0, 402cb9)
    block [402cb9, 402cd2)
    block [402cd2, 402ce1)
    block [402ce1, 402d05)
    block [402d05, 402d24)
    block [402d24, 402d43)
    block [402d43, 402d59)
    block [402d59, 402d6f)
    block [402d6f, 402d8e)
    block [402d8e, 402db0)
    block [402db0, 402dd7)
    block [402dd7, 402dfe)
    block [402dfe, 402e2a)
    block [402e2a, 402e43)
    block [402e43, 402e69)
    block [402e69, 402e82)
    block [402e82, 402e9b)
    block [402e9b, 402eaa)
    block [402eaa, 402ece)
    block [402ece, 402eed)
    block [402eed, 402f0c)
    block [402f0c, 402f22)
    block [402f22, 402f38)
    block [402f38, 402f47)
    block [402f47, 402f56)
    block [402f56, 402f65)
    block [402f65, 402f84)
    block [402f84, 402fa3)
    block [402fa3, 402fc2)
    block [402fc2, 402fe1)
    block [402fe1, 403017)
    block [403017, 403036)
    block [403036, 403055)
    block [403055, 403074)
    block [403074, 40308a)
    block [40308a, 4030a0)
    block [4030a0, 4030d6)
    block [4030d6, 4030f5)
    block [4030f5, 403114)
    block [403114, 403133)
    block [403133, 403149)
    block [403149, 40315f)
    block [40315f, 40316e)
    block [40316e, 40317d)
    block [40317d, 40319c)
    block [40319c, 4031bb)
    block [4031bb, 4031da)
    block [4031da, 4031f9)
    block [4031f9, 40322f)
    block [40322f, 40324e)
    block [40324e, 40326d)
    block [40326d, 40328c)
    block [40328c, 4032a2)
    block [4032a2, 4032b8)
    block [4032b8, 4032ee)
    block [4032ee, 40330d)
    block [40330d, 40332c)
    block [40332c, 40334b)
    block [40334b, 403361)
    block [403361, 403377)
    block [403377, 403386)
    block [403386, 403395)
    block [403395, 4033b4)
    block [4033b4, 4033d3)
    block [4033d3, 4033f2)
    block [4033f2, 403411)
    block [403411, 40344a)
    block [40344a, 403469)
    block [403469, 403488)
    block [403488, 4034a7)
    block [4034a7, 4034bd)
    block [4034bd, 4034d3)
    block [4034d3, 40350c)
    block [40350c, 40352b)
    block [40352b, 40354a)
    block [40354a, 403569)
    block [403569, 40357f)
    block [40357f, 403595)
    block [403595, 4035a4)
    block [4035a4, 4035b3)
    block [4035b3, 4035c2)
    block [4035c2, 4035d1)
    block [4035d1, 4035e0)
    block [4035e0, 4035f6)
    block [4035f6, 403602)
    block [403602, 403607)
    chunk [4013f0, 403607)
  Default block heads for function 403610 with loose bounds [403610, 403642)
    block [403610, 403642)
    chunk [403610, 403642)
  Default block heads for function 403650 with loose bounds [403650, 4036be)
    block [403650, 4036be)
    chunk [403650, 4036be)
  Default block heads for function 4036c0 with loose bounds [4036c0, 403818)
    block [4036c0, 40370f)
    block [40370f, 403720)
    block [403720, 403725)
    block [403725, 403733)
    block [403733, 403738)
    block [403738, 403746)
    block [403746, 40374b)
    block [40374b, 403759)
    block [403759, 40375e)
    block [40375e, 40376c)
    block [40376c, 403771)
    block [403771, 40377f)
    block [40377f, 403784)
    block [403784, 403789)
    block [403789, 4037b6)
    block [4037b6, 4037c9)
    block [4037c9, 4037e8)
    block [4037e8, 4037fb)
    block [4037fb, 40380e)
    block [40380e, 403813)
    block [403813, 403818)
    chunk [4036c0, 403818)
  Default block heads for function 403820 with loose bounds [403820, 40387b)
    block [403820, 40387b)
    chunk [403820, 40387b)
Looking for instructions in segment .fini
  Default block heads for function 40387c with loose bounds [40387c, 403889)
    block [40387c, 403889)
    chunk [40387c, 403889)
Looking for strings in segment .rodata [404000, 40402d)
  Found string b'%lf,%lf,%lf,%lf,%lf,%lf,%lf,%lf' of length 32 at 404004, jumping to 404024
  Found string b'NO\n' of length 4 at 404024, jumping to 404028
  Found string b'YES\n' of length 5 at 404028, jumping to 40402d
Looking for strings in segment .eh_frame_hdr [404030, 404084)
Looking for strings in segment .eh_frame [404088, 4041c0)
Looking for strings in segment .init_array [405de8, 405df0)
Looking for strings in segment .fini_array [405df0, 405df8)
Looking for strings in segment .got [405fd8, 405fe8)
Looking for strings in segment .got.plt [405fe8, 406018)
Looking for strings in segment .data [406018, 406028)
Looking for strings in segment .bss [406028, 406030)
Looking for strings in segment extern [406030, 406058)
Looking for cross-references in segment .init [401000, 40101b)
Looking for cross-references in segment .plt [401020, 401060)
  Stopping scan at 40102c
Looking for cross-references in segment .text [401060, 40387b)
  Stopping scan at 40108c
  Stopping scan at 40109c
  Stopping scan at ffffffffffffffff
  Stopping scan at 4010cc
  Stopping scan at 40110c
  Stopping scan at ffffffffffffffff
  Stopping scan at 40113c
  Stopping scan at 40114c
  Stopping scan at ffffffffffffffff
  Stopping scan at 40360c
  Stopping scan at 40364c
  Stopping scan at ffffffffffffffff
  Stopping scan at 40381c
Looking for cross-references in segment .fini [40387c, 403889)
Looking for cross-references in segment .rodata [404000, 40402d)
  Found string at 404004, jumping to 404024
  Found string at 404024, jumping to 404028
  Found string at 404028, jumping to 40402d
  Stopping scan at 404028
Looking for cross-references in segment .eh_frame_hdr [404030, 404084)
  Stopping scan at 404080
Looking for cross-references in segment .eh_frame [404088, 4041c0)
  Stopping scan at 4041bc
Looking for cross-references in segment .init_array [405de8, 405df0)
  Adding qword reference from 405de8 to 401140
  Stopping scan at 405de8
Looking for cross-references in segment .fini_array [405df0, 405df8)
  Adding qword reference from 405df0 to 401110
  Stopping scan at 405df0
Looking for cross-references in segment .got [405fd8, 405fe8)
  Adding qword reference from 405fd8 to 406030
  Adding qword reference from 405fe0 to 406050
  Stopping scan at 405fe0
Looking for cross-references in segment .got.plt [405fe8, 406018)
  Adding qword reference from 406000 to 406038
  Adding qword reference from 406008 to 406040
  Adding qword reference from 406010 to 406048
  Stopping scan at 406010
Looking for cross-references in segment .data [406018, 406028)
  Stopping scan at 406024
Looking for cross-references in segment .bss [406028, 406030)
  Stopping scan at 40602c
Looking for cross-references in segment extern [406030, 406058)
  Stopping scan at 406054
Looking for thunks
  Found thunk for printf targeting 406038 at 401030
  Found thunk for __isoc99_scanf targeting 406040 at 401040
  Found thunk for sqrt targeting 406048 at 401050
Looking for external symbols
  Function at 401030 is the external function printf
  Function at 401040 is the external function __isoc99_scanf
  Function at 401050 is the external function sqrt
  Function at 406030 is the external function __libc_start_main
  Function at 406038 is the external function printf
  Function at 406040 is the external function __isoc99_scanf
  Function at 406048 is the external function sqrt
  Function at 406050 is the external function __gmon_start__
Looking for entrypoints
Recovering .init_proc at 401000
  Analysing subroutine .init_proc at 401000
    Block head at 0040101b is not code.
  Subroutine .init_proc at 401000 has 3 blocks
  BB: 401000 in func 401000 with 5 insts
    Referenced by data
    I: 401000
    I: 401004
    I: 401008 (mem 405fe0)
    I: 40100f
    I: 401012 (flow 401016)
      Successors: 401014, 401016
  BB: 401014 in func 401000 with 1 insts
    I: 401014
      Successors: 401016
  BB: 401016 in func 401000 with 2 insts
    I: 401016
    I: 40101a
      No successors
Recovering 401020
  Analysing subroutine sub_401020 at 401020
  WARNING: No table entries for indirect jump at 401026; Adding next_ea 40102c as successor.
  Subroutine sub_401020 at 401020 has 2 blocks
  WARNING: No table entries for indirect jump at 401026; Adding next_ea 40102c as successor.
  BB: 401020 in func 401020 with 2 insts
    I: 401020 (mem 405ff0)
    I: 401026 (mem 405ff8)
      Successors: 40102c
  BB: 40102c in func 401020 with 1 insts
    I: 40102c
      No successors
Recovering start at 401060
  Analysing subroutine start at 401060
  Subroutine start at 401060 has 3 blocks
  BB: 401060 in func 401060 with 13 insts
    Referenced by data
    I: 401060
    I: 401064
    I: 401066
    I: 401069
    I: 40106a
    I: 40106d
    I: 401071
    I: 401072
    I: 401073
    I: 401076
    I: 401078 (imm 401150)
    I: 40107f (mem 405fd8)
    I: 401085
      No successors
  BB: 401095 in func 401060 with 2 insts
    I: 401095
    I: 40109f
      No successors
  BB: 401086 in func 401060 with 3 insts
    I: 401086
    I: 401090
    I: 401094
      No successors
Recovering 4010a0
  Analysing subroutine sub_4010A0 at 4010a0
  WARNING: No table entries for indirect jump at 4010bc; Adding next_ea 4010be as successor.
  WARNING: No table entries for indirect jump at 4010fe; Adding next_ea 401100 as successor.
  Subroutine sub_4010A0 at 4010a0 has 11 blocks
  BB: 4010a0 in func 4010a0 with 3 insts
    I: 4010a0 (imm 406028)
    I: 4010a5 (imm 406028)
    I: 4010ab (flow 4010c0)
      Successors: 4010c0, 4010ad
  BB: 4010c0 in func 4010a0 with 1 insts
    I: 4010c0
      No successors
  BB: 4010c1 in func 4010a0 with 2 insts
    I: 4010c1
    I: 4010c5
      Successors: 4010d0
  BB: 401100 in func 4010a0 with 1 insts
    I: 401100
      No successors
  BB: 401101 in func 4010a0 with 2 insts
    I: 401101
    I: 401105
      No successors
  BB: 4010ad in func 4010a0 with 3 insts
    I: 4010ad
    I: 4010b2
    I: 4010b5 (flow 4010c0)
      Successors: 4010c0, 4010b7
  BB: 4010ef in func 4010a0 with 3 insts
    I: 4010ef
    I: 4010f4
    I: 4010f7 (flow 401100)
      Successors: 401100, 4010f9
  BB: 4010d0 in func 4010a0 with 8 insts
    I: 4010d0 (imm 406028)
    I: 4010d5 (imm 406028)
    I: 4010dc
    I: 4010df
    I: 4010e3
    I: 4010e7
    I: 4010ea
    I: 4010ed (flow 401100)
      Successors: 401100, 4010ef
  WARNING: No table entries for indirect jump at 4010bc; Adding next_ea 4010be as successor.
  BB: 4010b7 in func 4010a0 with 2 insts
    I: 4010b7 (imm 406028)
    I: 4010bc
      Successors: 4010be
  WARNING: No table entries for indirect jump at 4010fe; Adding next_ea 401100 as successor.
  BB: 4010f9 in func 4010a0 with 2 insts
    I: 4010f9 (imm 406028)
    I: 4010fe
      Successors: 401100
  BB: 4010be in func 4010a0 with 1 insts
    I: 4010be
      Successors: 4010c0
Recovering 401110
  Analysing subroutine sub_401110 at 401110
  Subroutine sub_401110 at 401110 has 5 blocks
  BB: 40112f in func 401110 with 1 insts
    I: 40112f
      Successors: 401130
  BB: 401110 in func 401110 with 3 insts
    Referenced by data
    I: 401110
    I: 401114 (mem 406028)
    I: 40111b (flow 401130)
      Successors: 401130, 40111d
  BB: 401131 in func 401110 with 2 insts
    I: 401131
    I: 401135
      No successors
  BB: 401130 in func 401110 with 1 insts
    I: 401130
      No successors
  BB: 40111d in func 401110 with 6 insts
    I: 40111d
    I: 40111e
    I: 401121 (flow 4010a0)
    I: 401126 (mem 406028)
    I: 40112d
    I: 40112e
      No successors
Recovering 401140
  Analysing subroutine sub_401140 at 401140
  WARNING: No table entries for indirect jump at 4010fe; Adding next_ea 401100 as successor.
  Subroutine sub_401140 at 401140 has 6 blocks
  BB: 401140 in func 401140 with 2 insts
    Referenced by data
    I: 401140
    I: 401144 (flow 4010d0)
      Successors: 4010d0
  BB: 401100 in func 401140 with 1 insts
    I: 401100
      No successors
  BB: 401146 in func 401140 with 1 insts
    I: 401146
      No successors
  BB: 4010ef in func 401140 with 3 insts
    I: 4010ef
    I: 4010f4
    I: 4010f7 (flow 401100)
      Successors: 401100, 4010f9
  BB: 4010d0 in func 401140 with 8 insts
    I: 4010d0 (imm 406028)
    I: 4010d5 (imm 406028)
    I: 4010dc
    I: 4010df
    I: 4010e3
    I: 4010e7
    I: 4010ea
    I: 4010ed (flow 401100)
      Successors: 401100, 4010ef
  WARNING: No table entries for indirect jump at 4010fe; Adding next_ea 401100 as successor.
  BB: 4010f9 in func 401140 with 2 insts
    I: 4010f9 (imm 406028)
    I: 4010fe
      Successors: 401100
Recovering main at 401150
  Analysing subroutine main at 401150
  Subroutine main at 401150 has 31 blocks
  BB: 401380 in func 401150 with 6 insts
    I: 401380
    I: 401385
    I: 40138a
    I: 40138e
    I: 401391
    I: 401394 (flow 4013ea)
      Successors: 4013ea
  BB: 401204 in func 401150 with 3 insts
    I: 401204
    I: 401207
    I: 40120c (flow 40134e)
      Successors: 401212, 40134e
  BB: 4011ff in func 401150 with 1 insts
    I: 4011ff (flow 401204)
      Successors: 401204
  BB: 40118d in func 401150 with 1 insts
    I: 40118d (flow 401192)
      Successors: 401192
  BB: 401192 in func 401150 with 3 insts
    I: 401192
    I: 401195
    I: 40119a (flow 401275)
      Successors: 4011a0, 401275
  BB: 401212 in func 401150 with 1 insts
    I: 401212 (flow 401217)
      Successors: 401217
  BB: 401217 in func 401150 with 1 insts
    I: 401217 (flow 4013ea)
      Successors: 4013ea
  BB: 401399 in func 401150 with 5 insts
    I: 401399 (imm 404024)
    I: 4013a3
    I: 4013a5 (flow 406038)
    I: 4013aa
    I: 4013b1 (flow 4013ea)
      Successors: 4013ea
  BB: 40121c in func 401150 with 21 insts
    I: 40121c (imm 404004)
    I: 401226
    I: 40122a
    I: 40122e
    I: 401232
    I: 401236
    I: 40123a
    I: 40123e
    I: 401242
    I: 401246
    I: 40124a
    I: 40124f
    I: 401254
    I: 401256 (flow 406040)
    I: 40125b
    I: 40125d
    I: 401262
    I: 401267
    I: 40126a
    I: 40126d
    I: 401270 (flow 4013ea)
      Successors: 4013ea
  BB: 4011a0 in func 401150 with 1 insts
    I: 4011a0 (flow 4011a5)
      Successors: 4011a5
  BB: 4011a5 in func 401150 with 3 insts
    I: 4011a5
    I: 4011a8
    I: 4011ad (flow 401380)
      Successors: 401380, 4011b3
  BB: 4011b3 in func 401150 with 1 insts
    I: 4011b3 (flow 4011b8)
      Successors: 4011b8
  BB: 4013b6 in func 401150 with 5 insts
    I: 4013b6 (imm 404028)
    I: 4013c0
    I: 4013c2 (flow 406038)
    I: 4013c7
    I: 4013ce (flow 4013ea)
      Successors: 4013ea
  BB: 4011b8 in func 401150 with 3 insts
    I: 4011b8
    I: 4011bb
    I: 4011c0 (flow 4013b6)
      Successors: 4013b6, 4011c6
  BB: 4011c6 in func 401150 with 1 insts
    I: 4011c6 (flow 4011cb)
      Successors: 4011cb
  BB: 4011cb in func 401150 with 3 insts
    I: 4011cb
    I: 4011ce
    I: 4011d3 (flow 4013d3)
      Successors: 4011d9, 4013d3
  BB: 40134e in func 401150 with 6 insts
    I: 40134e
    I: 401353
    I: 401358
    I: 40135c
    I: 40135f
    I: 401362 (flow 4013ea)
      Successors: 4013ea
  BB: 401150 in func 401150 with 5 insts
    Referenced by data
    I: 401150
    I: 401151
    I: 401154
    I: 40115b
    I: 401162
      Successors: 401169
  BB: 4013d3 in func 401150 with 2 insts
    I: 4013d3
    I: 4013da (flow 4013ea)
      Successors: 4013ea
  BB: 4011d9 in func 401150 with 1 insts
    I: 4011d9 (flow 4011de)
      Successors: 4011de
  BB: 4011de in func 401150 with 3 insts
    I: 4011de
    I: 4011e1
    I: 4011e6 (flow 401367)
      Successors: 4011ec, 401367
  BB: 4013df in func 401150 with 4 insts
    I: 4013df
    I: 4013e1
    I: 4013e8
    I: 4013e9
      No successors
  BB: 401367 in func 401150 with 6 insts
    I: 401367
    I: 40136c
    I: 401371
    I: 401375
    I: 401378
    I: 40137b (flow 4013ea)
      Successors: 4013ea
  BB: 401169 in func 401150 with 4 insts
    I: 401169
    I: 40116c
    I: 40116f
    I: 401174 (flow 40121c)
      Successors: 40117a, 40121c
  BB: 4013ea in func 401150 with 1 insts
    I: 4013ea (flow 401169)
      Successors: 401169
  BB: 4011ec in func 401150 with 1 insts
    I: 4011ec (flow 4011f1)
      Successors: 4011f1
  BB: 4013ef in func 401150 with 1 insts
    I: 4013ef
      No successors
  BB: 4011f1 in func 401150 with 3 insts
    I: 4011f1
    I: 4011f4
    I: 4011f9 (flow 401399)
      Successors: 401399, 4011ff
  BB: 401275 in func 401150 with 46 insts
    I: 401275
    I: 40127a
    I: 40127f
    I: 401284
    I: 401289
    I: 40128e
    I: 401293
    I: 401298
    I: 40129d (flow 4013f0)
    I: 4012a2
    I: 4012a5
    I: 4012aa
    I: 4012af
    I: 4012b4
    I: 4012b9
    I: 4012be
    I: 4012c3
    I: 4012c8
    I: 4012cd (flow 4013f0)
    I: 4012d2
    I: 4012d5
    I: 4012da
    I: 4012df
    I: 4012e4
    I: 4012e9
    I: 4012ee
    I: 4012f3
    I: 4012f8
    I: 4012fd (flow 4013f0)
    I: 401302
    I: 401305
    I: 40130a
    I: 40130f
    I: 401314
    I: 401319
    I: 40131e
    I: 401323
    I: 401328
    I: 40132d (flow 4013f0)
    I: 401332
    I: 401335
    I: 40133a
    I: 40133f
    I: 401343
    I: 401346
    I: 401349 (flow 4013ea)
      Successors: 4013ea
  BB: 40117a in func 401150 with 1 insts
    I: 40117a (flow 40117f)
      Successors: 40117f
  BB: 40117f in func 401150 with 3 insts
    I: 40117f
    I: 401182
    I: 401187 (flow 4013df)
      Successors: 40118d, 4013df
Recovering 4013f0
  Analysing subroutine sub_4013F0 at 4013f0
  Subroutine sub_4013F0 at 4013f0 has 490 blocks
  BB: 401801 in func 4013f0 with 3 insts
    I: 401801
    I: 401807
    I: 40180c (flow 402ba6)
      Successors: 401812, 402ba6
  BB: 402010 in func 4013f0 with 1 insts
    I: 402010 (flow 402015)
      Successors: 402015
  BB: 401812 in func 4013f0 with 1 insts
    I: 401812 (flow 401817)
      Successors: 401817
  BB: 402015 in func 4013f0 with 3 insts
    I: 402015
    I: 40201b
    I: 402020 (flow 40276a)
      Successors: 40276a, 402026
  BB: 403017 in func 4013f0 with 6 insts
    I: 403017
    I: 40301c
    I: 403021
    I: 403028
    I: 40302b
    I: 403031 (flow 403602)
      Successors: 403602
  BB: 401817 in func 4013f0 with 3 insts
    I: 401817
    I: 40181d
    I: 401822 (flow 40316e)
      Successors: 401828, 40316e
  BB: 40281c in func 4013f0 with 3 insts
    I: 40281c
    I: 402826
    I: 402830 (flow 403602)
      Successors: 403602
  BB: 402026 in func 4013f0 with 1 insts
    I: 402026 (flow 40202b)
      Successors: 40202b
  BB: 401828 in func 4013f0 with 1 insts
    I: 401828 (flow 40182d)
      Successors: 40182d
  BB: 40202b in func 4013f0 with 3 insts
    I: 40202b
    I: 402031
    I: 402036 (flow 4029b1)
      Successors: 4029b1, 40203c
  BB: 40182d in func 4013f0 with 3 insts
    I: 40182d
    I: 401833
    I: 401838 (flow 402fa3)
      Successors: 402fa3, 40183e
  BB: 402835 in func 4013f0 with 3 insts
    I: 402835
    I: 40283f
    I: 402849 (flow 403602)
      Successors: 403602
  BB: 403036 in func 4013f0 with 6 insts
    I: 403036
    I: 40303b
    I: 403040
    I: 403047
    I: 40304a
    I: 403050 (flow 403602)
      Successors: 403602
  BB: 40203c in func 4013f0 with 1 insts
    I: 40203c (flow 402041)
      Successors: 402041
  BB: 40183e in func 4013f0 with 1 insts
    I: 40183e (flow 401843)
      Successors: 401843
  BB: 402041 in func 4013f0 with 3 insts
    I: 402041
    I: 402047
    I: 40204c (flow 40334b)
      Successors: 402052, 40334b
  BB: 401843 in func 4013f0 with 3 insts
    I: 401843
    I: 401849
    I: 40184e (flow 4031da)
      Successors: 4031da, 401854
  BB: 40284e in func 4013f0 with 2 insts
    I: 40284e
    I: 402858 (flow 403602)
      Successors: 403602
  BB: 402052 in func 4013f0 with 1 insts
    I: 402052 (flow 402057)
      Successors: 402057
  BB: 401854 in func 4013f0 with 1 insts
    I: 401854 (flow 401859)
      Successors: 401859
  BB: 403055 in func 4013f0 with 6 insts
    I: 403055
    I: 40305a
    I: 40305f
    I: 403066
    I: 403069
    I: 40306f (flow 403602)
      Successors: 403602
  BB: 402057 in func 4013f0 with 3 insts
    I: 402057
    I: 40205d
    I: 402062 (flow 402d43)
      Successors: 402068, 402d43
  BB: 401859 in func 4013f0 with 3 insts
    I: 401859
    I: 40185f
    I: 401864 (flow 402dfe)
      Successors: 40186a, 402dfe
  BB: 40285d in func 4013f0 with 8 insts
    I: 40285d
    I: 402862
    I: 402867
    I: 40286c
    I: 402871 (flow 4036c0)
    I: 402876
    I: 40287c
    I: 402886 (flow 403602)
      Successors: 403602
  BB: 402068 in func 4013f0 with 1 insts
    I: 402068 (flow 40206d)
      Successors: 40206d
  BB: 40186a in func 4013f0 with 1 insts
    I: 40186a (flow 40186f)
      Successors: 40186f
  BB: 40206d in func 4013f0 with 3 insts
    I: 40206d
    I: 402073
    I: 402078 (flow 4035c2)
      Successors: 4035c2, 40207e
  BB: 40186f in func 4013f0 with 3 insts
    I: 40186f
    I: 401875
    I: 40187a (flow 4032ee)
      Successors: 401880, 4032ee
  BB: 403074 in func 4013f0 with 3 insts
    I: 403074
    I: 40307b
    I: 403085 (flow 403602)
      Successors: 403602
  BB: 40207e in func 4013f0 with 1 insts
    I: 40207e (flow 402083)
      Successors: 402083
  BB: 401880 in func 4013f0 with 1 insts
    I: 401880 (flow 401885)
      Successors: 401885
  BB: 402083 in func 4013f0 with 3 insts
    I: 402083
    I: 402089
    I: 40208e (flow 402919)
      Successors: 402919, 402094
  BB: 401885 in func 4013f0 with 3 insts
    I: 401885
    I: 40188b
    I: 401890 (flow 40247f)
      Successors: 401896, 40247f
  BB: 40308a in func 4013f0 with 3 insts
    I: 40308a
    I: 403091
    I: 40309b (flow 403602)
      Successors: 403602
  BB: 40288b in func 4013f0 with 10 insts
    I: 40288b
    I: 402890
    I: 402895
    I: 40289a
    I: 40289f
    I: 4028a3
    I: 4028a6
    I: 4028a9
    I: 4028ac
    I: 4028b2 (flow 403602)
      Successors: 403602
  BB: 402094 in func 4013f0 with 1 insts
    I: 402094 (flow 402099)
      Successors: 402099
  BB: 401896 in func 4013f0 with 1 insts
    I: 401896 (flow 40189b)
      Successors: 40189b
  BB: 402099 in func 4013f0 with 3 insts
    I: 402099
    I: 40209f
    I: 4020a4 (flow 4024be)
      Successors: 4020aa, 4024be
  BB: 40189b in func 4013f0 with 3 insts
    I: 40189b
    I: 4018a1
    I: 4018a6 (flow 40328c)
      Successors: 40328c, 4018ac
  BB: 4030a0 in func 4013f0 with 12 insts
    I: 4030a0
    I: 4030a5
    I: 4030aa
    I: 4030af
    I: 4030b4 (flow 4036c0)
    I: 4030b9
    I: 4030bb
    I: 4030c0
    I: 4030c5
    I: 4030c8
    I: 4030cb
    I: 4030d1 (flow 403602)
      Successors: 403602
  BB: 4020aa in func 4013f0 with 1 insts
    I: 4020aa (flow 4020af)
      Successors: 4020af
  BB: 4018ac in func 4013f0 with 1 insts
    I: 4018ac (flow 4018b1)
      Successors: 4018b1
  BB: 4020af in func 4013f0 with 3 insts
    I: 4020af
    I: 4020b5
    I: 4020ba (flow 4032a2)
      Successors: 4020c0, 4032a2
  BB: 4018b1 in func 4013f0 with 3 insts
    I: 4018b1
    I: 4018b7
    I: 4018bc (flow 4028b7)
      Successors: 4018c2, 4028b7
  BB: 4028b7 in func 4013f0 with 9 insts
    I: 4028b7
    I: 4028c1
    I: 4028c6
    I: 4028cb
    I: 4028d0
    I: 4028d5
    I: 4028d9
    I: 4028dc
    I: 4028e2 (flow 403602)
      Successors: 403602
  BB: 4020c0 in func 4013f0 with 1 insts
    I: 4020c0 (flow 4020c5)
      Successors: 4020c5
  BB: 4018c2 in func 4013f0 with 1 insts
    I: 4018c2 (flow 4018c7)
      Successors: 4018c7
  BB: 4020c5 in func 4013f0 with 3 insts
    I: 4020c5
    I: 4020cb
    I: 4020d0 (flow 402a1e)
      Successors: 4020d6, 402a1e
  BB: 4018c7 in func 4013f0 with 3 insts
    I: 4018c7
    I: 4018cd
    I: 4018d2 (flow 40281c)
      Successors: 4018d8, 40281c
  BB: 4020d6 in func 4013f0 with 1 insts
    I: 4020d6 (flow 4020db)
      Successors: 4020db
  BB: 4030d6 in func 4013f0 with 6 insts
    I: 4030d6
    I: 4030db
    I: 4030e0
    I: 4030e7
    I: 4030ea
    I: 4030f0 (flow 403602)
      Successors: 403602
  BB: 4018d8 in func 4013f0 with 1 insts
    I: 4018d8 (flow 4018dd)
      Successors: 4018dd
  BB: 4020db in func 4013f0 with 3 insts
    I: 4020db
    I: 4020e1
    I: 4020e6 (flow 402c35)
      Successors: 4020ec, 402c35
  BB: 4018dd in func 4013f0 with 3 insts
    I: 4018dd
    I: 4018e3
    I: 4018e8 (flow 402eed)
      Successors: 402eed, 4018ee
  BB: 4028e7 in func 4013f0 with 3 insts
    I: 4028e7
    I: 4028f1
    I: 4028fb (flow 403602)
      Successors: 403602
  BB: 4020ec in func 4013f0 with 1 insts
    I: 4020ec (flow 4020f1)
      Successors: 4020f1
  BB: 4018ee in func 4013f0 with 1 insts
    I: 4018ee (flow 4018f3)
      Successors: 4018f3
  BB: 4020f1 in func 4013f0 with 3 insts
    I: 4020f1
    I: 4020f7
    I: 4020fc (flow 4023db)
      Successors: 402102, 4023db
  BB: 4018f3 in func 4013f0 with 3 insts
    I: 4018f3
    I: 4018f9
    I: 4018fe (flow 402fe1)
      Successors: 402fe1, 401904
  BB: 4030f5 in func 4013f0 with 6 insts
    I: 4030f5
    I: 4030fa
    I: 4030ff
    I: 403106
    I: 403109
    I: 40310f (flow 403602)
      Successors: 403602
  BB: 402900 in func 4013f0 with 3 insts
    I: 402900
    I: 40290a
    I: 402914 (flow 403602)
      Successors: 403602
  BB: 402102 in func 4013f0 with 1 insts
    I: 402102 (flow 402107)
      Successors: 402107
  BB: 401904 in func 4013f0 with 1 insts
    I: 401904 (flow 401909)
      Successors: 401909
  BB: 402107 in func 4013f0 with 3 insts
    I: 402107
    I: 40210d
    I: 402112 (flow 402b5b)
      Successors: 402118, 402b5b
  BB: 401909 in func 4013f0 with 3 insts
    I: 401909
    I: 40190f
    I: 401914 (flow 402699)
      Successors: 402699, 40191a
  BB: 403114 in func 4013f0 with 6 insts
    I: 403114
    I: 403119
    I: 40311e
    I: 403125
    I: 403128
    I: 40312e (flow 403602)
      Successors: 403602
  BB: 402118 in func 4013f0 with 1 insts
    I: 402118 (flow 40211d)
      Successors: 40211d
  BB: 402919 in func 4013f0 with 2 insts
    I: 402919
    I: 402923 (flow 403602)
      Successors: 403602
  BB: 40191a in func 4013f0 with 1 insts
    I: 40191a (flow 40191f)
      Successors: 40191f
  BB: 40211d in func 4013f0 with 3 insts
    I: 40211d
    I: 402123
    I: 402128 (flow 4027c0)
      Successors: 4027c0, 40212e
  BB: 40191f in func 4013f0 with 3 insts
    I: 40191f
    I: 401925
    I: 40192a (flow 4035f6)
      Successors: 401930, 4035f6
  BB: 402928 in func 4013f0 with 8 insts
    I: 402928
    I: 40292d
    I: 402935
    I: 40293a
    I: 40293f (flow 4036c0)
    I: 402944
    I: 40294a
    I: 402954 (flow 403602)
      Successors: 403602
  BB: 40212e in func 4013f0 with 1 insts
    I: 40212e (flow 402133)
      Successors: 402133
  BB: 401930 in func 4013f0 with 1 insts
    I: 401930 (flow 401935)
      Successors: 401935
  BB: 402133 in func 4013f0 with 3 insts
    I: 402133
    I: 402139
    I: 40213e (flow 402d24)
      Successors: 402144, 402d24
  BB: 403133 in func 4013f0 with 3 insts
    I: 403133
    I: 40313a
    I: 403144 (flow 403602)
      Successors: 403602
  BB: 401935 in func 4013f0 with 3 insts
    I: 401935
    I: 40193b
    I: 401940 (flow 402b90)
      Successors: 402b90, 401946
  BB: 402144 in func 4013f0 with 1 insts
    I: 402144 (flow 402149)
      Successors: 402149
  BB: 401946 in func 4013f0 with 1 insts
    I: 401946 (flow 40194b)
      Successors: 40194b
  BB: 402149 in func 4013f0 with 3 insts
    I: 402149
    I: 40214f
    I: 402154 (flow 402a6c)
      Successors: 40215a, 402a6c
  BB: 403149 in func 4013f0 with 3 insts
    I: 403149
    I: 403150
    I: 40315a (flow 403602)
      Successors: 403602
  BB: 40194b in func 4013f0 with 3 insts
    I: 40194b
    I: 401951
    I: 401956 (flow 402db0)
      Successors: 402db0, 40195c
  BB: 402959 in func 4013f0 with 10 insts
    I: 402959
    I: 40295e
    I: 402963
    I: 402968
    I: 40296d
    I: 402971
    I: 402974
    I: 402977
    I: 40297a
    I: 402980 (flow 403602)
      Successors: 403602
  BB: 40215a in func 4013f0 with 1 insts
    I: 40215a (flow 40215f)
      Successors: 40215f
  BB: 40195c in func 4013f0 with 1 insts
    I: 40195c (flow 401961)
      Successors: 401961
  BB: 40215f in func 4013f0 with 3 insts
    I: 40215f
    I: 402165
    I: 40216a (flow 4025ba)
      Successors: 402170, 4025ba
  BB: 40315f in func 4013f0 with 2 insts
    I: 40315f
    I: 403169 (flow 403602)
      Successors: 403602
  BB: 401961 in func 4013f0 with 3 insts
    I: 401961
    I: 401967
    I: 40196c (flow 4024dc)
      Successors: 401972, 4024dc
  BB: 40316e in func 4013f0 with 2 insts
    I: 40316e
    I: 403178 (flow 403602)
      Successors: 403602
  BB: 402170 in func 4013f0 with 1 insts
    I: 402170 (flow 402175)
      Successors: 402175
  BB: 401972 in func 4013f0 with 1 insts
    I: 401972 (flow 401977)
      Successors: 401977
  BB: 402175 in func 4013f0 with 3 insts
    I: 402175
    I: 40217b
    I: 402180 (flow 402d8e)
      Successors: 402d8e, 402186
  BB: 401977 in func 4013f0 with 3 insts
    I: 401977
    I: 40197d
    I: 401982 (flow 402a98)
      Successors: 401988, 402a98
  BB: 40317d in func 4013f0 with 6 insts
    I: 40317d
    I: 403182
    I: 403187
    I: 40318e
    I: 403191
    I: 403197 (flow 403602)
      Successors: 403602
  BB: 402985 in func 4013f0 with 10 insts
    I: 402985
    I: 40298a
    I: 40298f
    I: 402994
    I: 402999
    I: 40299d
    I: 4029a0
    I: 4029a3
    I: 4029a6
    I: 4029ac (flow 403602)
      Successors: 403602
  BB: 402186 in func 4013f0 with 1 insts
    I: 402186 (flow 40218b)
      Successors: 40218b
  BB: 401988 in func 4013f0 with 1 insts
    I: 401988 (flow 40198d)
      Successors: 40198d
  BB: 40218b in func 4013f0 with 3 insts
    I: 40218b
    I: 402191
    I: 402196 (flow 403395)
      Successors: 40219c, 403395
  BB: 40198d in func 4013f0 with 3 insts
    I: 40198d
    I: 401993
    I: 401998 (flow 402e43)
      Successors: 402e43, 40199e
  BB: 40219c in func 4013f0 with 1 insts
    I: 40219c (flow 4021a1)
      Successors: 4021a1
  BB: 40319c in func 4013f0 with 6 insts
    I: 40319c
    I: 4031a1
    I: 4031a6
    I: 4031ad
    I: 4031b0
    I: 4031b6 (flow 403602)
      Successors: 403602
  BB: 40199e in func 4013f0 with 1 insts
    I: 40199e (flow 4019a3)
      Successors: 4019a3
  BB: 4021a1 in func 4013f0 with 3 insts
    I: 4021a1
    I: 4021a7
    I: 4021ac (flow 40266c)
      Successors: 4021b2, 40266c
  BB: 4019a3 in func 4013f0 with 3 insts
    I: 4019a3
    I: 4019a9
    I: 4019ae (flow 40258e)
      Successors: 4019b4, 40258e
  BB: 4029b1 in func 4013f0 with 10 insts
    I: 4029b1
    I: 4029b6
    I: 4029bb
    I: 4029c0
    I: 4029c5
    I: 4029c9
    I: 4029cc
    I: 4029cf
    I: 4029d2
    I: 4029d8 (flow 403602)
      Successors: 403602
  BB: 4021b2 in func 4013f0 with 1 insts
    I: 4021b2 (flow 4021b7)
      Successors: 4021b7
  BB: 4019b4 in func 4013f0 with 1 insts
    I: 4019b4 (flow 4019b9)
      Successors: 4019b9
  BB: 4021b7 in func 4013f0 with 3 insts
    I: 4021b7
    I: 4021bd
    I: 4021c2 (flow 402fc2)
      Successors: 4021c8, 402fc2
  BB: 4019b9 in func 4013f0 with 3 insts
    I: 4019b9
    I: 4019bf
    I: 4019c4 (flow 402459)
      Successors: 402459, 4019ca
  BB: 4031bb in func 4013f0 with 6 insts
    I: 4031bb
    I: 4031c0
    I: 4031c5
    I: 4031cc
    I: 4031cf
    I: 4031d5 (flow 403602)
      Successors: 403602
  BB: 4021c8 in func 4013f0 with 1 insts
    I: 4021c8 (flow 4021cd)
      Successors: 4021cd
  BB: 4019ca in func 4013f0 with 1 insts
    I: 4019ca (flow 4019cf)
      Successors: 4019cf
  BB: 4021cd in func 4013f0 with 3 insts
    I: 4021cd
    I: 4021d3
    I: 4021d8 (flow 402c0e)
      Successors: 4021de, 402c0e
  BB: 4019cf in func 4013f0 with 3 insts
    I: 4019cf
    I: 4019d5
    I: 4019da (flow 402ece)
      Successors: 4019e0, 402ece
  BB: 4031da in func 4013f0 with 6 insts
    I: 4031da
    I: 4031df
    I: 4031e4
    I: 4031eb
    I: 4031ee
    I: 4031f4 (flow 403602)
      Successors: 403602
  BB: 4029dd in func 4013f0 with 6 insts
    I: 4029dd
    I: 4029e2
    I: 4029e7
    I: 4029ee
    I: 4029f1
    I: 4029f7 (flow 403602)
      Successors: 403602
  BB: 4021de in func 4013f0 with 1 insts
    I: 4021de (flow 4021e3)
      Successors: 4021e3
  BB: 4019e0 in func 4013f0 with 1 insts
    I: 4019e0 (flow 4019e5)
      Successors: 4019e5
  BB: 4021e3 in func 4013f0 with 3 insts
    I: 4021e3
    I: 4021e9
    I: 4021ee (flow 40357f)
      Successors: 4021f4, 40357f
  BB: 4019e5 in func 4013f0 with 3 insts
    I: 4019e5
    I: 4019eb
    I: 4019f0 (flow 4026f5)
      Successors: 4026f5, 4019f6
  BB: 4021f4 in func 4013f0 with 1 insts
    I: 4021f4 (flow 4021f9)
      Successors: 4021f9
  BB: 4019f6 in func 4013f0 with 1 insts
    I: 4019f6 (flow 4019fb)
      Successors: 4019fb
  BB: 4031f9 in func 4013f0 with 12 insts
    I: 4031f9
    I: 4031fe
    I: 403203
    I: 403208
    I: 40320d (flow 4036c0)
    I: 403212
    I: 403214
    I: 403219
    I: 40321e
    I: 403221
    I: 403224
    I: 40322a (flow 403602)
      Successors: 403602
  BB: 4021f9 in func 4013f0 with 3 insts
    I: 4021f9
    I: 4021ff
    I: 402204 (flow 402314)
      Successors: 40220a, 402314
  BB: 4019fb in func 4013f0 with 3 insts
    I: 4019fb
    I: 401a01
    I: 401a06 (flow 40319c)
      Successors: 40319c, 401a0c
  BB: 4029fc in func 4013f0 with 7 insts
    I: 4029fc
    I: 402a01
    I: 402a06
    I: 402a0b
    I: 402a10
    I: 402a13
    I: 402a19 (flow 403602)
      Successors: 403602
  BB: 40220a in func 4013f0 with 1 insts
    I: 40220a (flow 40220f)
      Successors: 40220f
  BB: 401a0c in func 4013f0 with 1 insts
    I: 401a0c (flow 401a11)
      Successors: 401a11
  BB: 40220f in func 4013f0 with 3 insts
    I: 40220f
    I: 402215
    I: 40221a (flow 403074)
      Successors: 402220, 403074
  BB: 401a11 in func 4013f0 with 3 insts
    I: 401a11
    I: 401a17
    I: 401a1c (flow 4026c5)
      Successors: 401a22, 4026c5
  BB: 402a1e in func 4013f0 with 6 insts
    I: 402a1e
    I: 402a24
    I: 402a2a
    I: 402a30
    I: 402a36
    I: 402a40 (flow 403602)
      Successors: 403602
  BB: 402220 in func 4013f0 with 1 insts
    I: 402220 (flow 402225)
      Successors: 402225
  BB: 401a22 in func 4013f0 with 1 insts
    I: 401a22 (flow 401a27)
      Successors: 401a27
  BB: 402225 in func 4013f0 with 3 insts
    I: 402225
    I: 40222b
    I: 402230 (flow 402371)
      Successors: 402371, 402236
  BB: 401a27 in func 4013f0 with 3 insts
    I: 401a27
    I: 401a2d
    I: 401a32 (flow 403386)
      Successors: 401a38, 403386
  BB: 40322f in func 4013f0 with 6 insts
    I: 40322f
    I: 403234
    I: 403239
    I: 403240
    I: 403243
    I: 403249 (flow 403602)
      Successors: 403602
  BB: 402236 in func 4013f0 with 1 insts
    I: 402236 (flow 40223b)
      Successors: 40223b
  BB: 401a38 in func 4013f0 with 1 insts
    I: 401a38 (flow 401a3d)
      Successors: 401a3d
  BB: 40223b in func 4013f0 with 3 insts
    I: 40223b
    I: 402241
    I: 402246 (flow 402af0)
      Successors: 402af0, 40224c
  BB: 401a3d in func 4013f0 with 3 insts
    I: 401a3d
    I: 401a43
    I: 401a48 (flow 402f56)
      Successors: 402f56, 401a4e
  BB: 402a45 in func 4013f0 with 6 insts
    I: 402a45
    I: 402a4b
    I: 402a51
    I: 402a57
    I: 402a5d
    I: 402a67 (flow 403602)
      Successors: 403602
  BB: 40224c in func 4013f0 with 1 insts
    I: 40224c (flow 402251)
      Successors: 402251
  BB: 401a4e in func 4013f0 with 1 insts
    I: 401a4e (flow 401a53)
      Successors: 401a53
  BB: 40324e in func 4013f0 with 6 insts
    I: 40324e
    I: 403253
    I: 403258
    I: 40325f
    I: 403262
    I: 403268 (flow 403602)
      Successors: 403602
  BB: 402251 in func 4013f0 with 1 insts
    I: 402251 (flow 403602)
      Successors: 403602
  BB: 401a53 in func 4013f0 with 3 insts
    I: 401a53
    I: 401a59
    I: 401a5e (flow 403377)
      Successors: 401a64, 403377
  BB: 402256 in func 4013f0 with 8 insts
    I: 402256
    I: 40225b
    I: 402260
    I: 402265
    I: 40226a
    I: 40226e
    I: 402271
    I: 402277 (flow 403602)
      Successors: 403602
  BB: 401a64 in func 4013f0 with 1 insts
    I: 401a64 (flow 401a69)
      Successors: 401a69
  BB: 401a69 in func 4013f0 with 3 insts
    I: 401a69
    I: 401a6f
    I: 401a74 (flow 403469)
      Successors: 403469, 401a7a
  BB: 402a6c in func 4013f0 with 10 insts
    I: 402a6c
    I: 402a71
    I: 402a76
    I: 402a7b
    I: 402a80
    I: 402a84
    I: 402a87
    I: 402a8a
    I: 402a8d
    I: 402a93 (flow 403602)
      Successors: 403602
  BB: 40326d in func 4013f0 with 6 insts
    I: 40326d
    I: 403272
    I: 403277
    I: 40327e
    I: 403281
    I: 403287 (flow 403602)
      Successors: 403602
  BB: 401a7a in func 4013f0 with 1 insts
    I: 401a7a (flow 401a7f)
      Successors: 401a7f
  BB: 40227c in func 4013f0 with 7 insts
    I: 40227c
    I: 402281
    I: 402286
    I: 40228b
    I: 402290
    I: 402293
    I: 402299 (flow 403602)
      Successors: 403602
  BB: 401a7f in func 4013f0 with 3 insts
    I: 401a7f
    I: 401a85
    I: 401a8a (flow 4022fb)
      Successors: 401a90, 4022fb
  BB: 40328c in func 4013f0 with 3 insts
    I: 40328c
    I: 403293
    I: 40329d (flow 403602)
      Successors: 403602
  BB: 401a90 in func 4013f0 with 1 insts
    I: 401a90 (flow 401a95)
      Successors: 401a95
  BB: 401a95 in func 4013f0 with 3 insts
    I: 401a95
    I: 401a9b
    I: 401aa0 (flow 4028e7)
      Successors: 401aa6, 4028e7
  BB: 402a98 in func 4013f0 with 3 insts
    I: 402a98
    I: 402aa2
    I: 402aac (flow 403602)
      Successors: 403602
  BB: 40229e in func 4013f0 with 3 insts
    I: 40229e
    I: 4022a8
    I: 4022b2 (flow 403602)
      Successors: 403602
  BB: 4032a2 in func 4013f0 with 3 insts
    I: 4032a2
    I: 4032a9
    I: 4032b3 (flow 403602)
      Successors: 403602
  BB: 401aa6 in func 4013f0 with 1 insts
    I: 401aa6 (flow 401aab)
      Successors: 401aab
  BB: 401aab in func 4013f0 with 3 insts
    I: 401aab
    I: 401ab1
    I: 401ab6 (flow 4029fc)
      Successors: 401abc, 4029fc
  BB: 402ab1 in func 4013f0 with 8 insts
    I: 402ab1
    I: 402ab6
    I: 402abb
    I: 402ac0
    I: 402ac5
    I: 402ac9
    I: 402acc
    I: 402ad2 (flow 403602)
      Successors: 403602
  BB: 4022b7 in func 4013f0 with 7 insts
    I: 4022b7
    I: 4022bc
    I: 4022c1
    I: 4022c6
    I: 4022cb
    I: 4022ce
    I: 4022d4 (flow 403602)
      Successors: 403602
  BB: 4032b8 in func 4013f0 with 12 insts
    I: 4032b8
    I: 4032bd
    I: 4032c2
    I: 4032c7
    I: 4032cc (flow 4036c0)
    I: 4032d1
    I: 4032d3
    I: 4032d8
    I: 4032dd
    I: 4032e0
    I: 4032e3
    I: 4032e9 (flow 403602)
      Successors: 403602
  BB: 401abc in func 4013f0 with 1 insts
    I: 401abc (flow 401ac1)
      Successors: 401ac1
  BB: 401ac1 in func 4013f0 with 3 insts
    I: 401ac1
    I: 401ac7
    I: 401acc (flow 402959)
      Successors: 402959, 401ad2
  BB: 401ad2 in func 4013f0 with 1 insts
    I: 401ad2 (flow 401ad7)
      Successors: 401ad7
  BB: 401ad7 in func 4013f0 with 3 insts
    I: 401ad7
    I: 401add
    I: 401ae2 (flow 40284e)
      Successors: 401ae8, 40284e
  BB: 402ad7 in func 4013f0 with 3 insts
    I: 402ad7
    I: 402ae1
    I: 402aeb (flow 403602)
      Successors: 403602
  BB: 4022d9 in func 4013f0 with 7 insts
    I: 4022d9
    I: 4022de
    I: 4022e3
    I: 4022e8
    I: 4022ed
    I: 4022f0
    I: 4022f6 (flow 403602)
      Successors: 403602
  BB: 401ae8 in func 4013f0 with 1 insts
    I: 401ae8 (flow 401aed)
      Successors: 401aed
  BB: 401aed in func 4013f0 with 3 insts
    I: 401aed
    I: 401af3
    I: 401af8 (flow 40354a)
      Successors: 40354a, 401afe
  BB: 4032ee in func 4013f0 with 6 insts
    I: 4032ee
    I: 4032f3
    I: 4032f8
    I: 4032ff
    I: 403302
    I: 403308 (flow 403602)
      Successors: 403602
  BB: 402af0 in func 4013f0 with 3 insts
    I: 402af0
    I: 402afa
    I: 402b04 (flow 403602)
      Successors: 403602
  BB: 4022fb in func 4013f0 with 3 insts
    I: 4022fb
    I: 402305
    I: 40230f (flow 403602)
      Successors: 403602
  BB: 401afe in func 4013f0 with 1 insts
    I: 401afe (flow 401b03)
      Successors: 401b03
  BB: 401b03 in func 4013f0 with 3 insts
    I: 401b03
    I: 401b09
    I: 401b0e (flow 402380)
      Successors: 402380, 401b14
  BB: 402b09 in func 4013f0 with 2 insts
    I: 402b09
    I: 402b13 (flow 403602)
      Successors: 403602
  BB: 40330d in func 4013f0 with 6 insts
    I: 40330d
    I: 403312
    I: 403317
    I: 40331e
    I: 403321
    I: 403327 (flow 403602)
      Successors: 403602
  BB: 401b14 in func 4013f0 with 1 insts
    I: 401b14 (flow 401b19)
      Successors: 401b19
  BB: 402314 in func 4013f0 with 7 insts
    I: 402314
    I: 402319
    I: 40231e
    I: 402323
    I: 402328
    I: 40232b
    I: 402331 (flow 403602)
      Successors: 403602
  BB: 402b18 in func 4013f0 with 7 insts
    I: 402b18
    I: 402b1e
    I: 402b23
    I: 402b28
    I: 402b2e
    I: 402b31
    I: 402b37 (flow 403602)
      Successors: 403602
  BB: 401b19 in func 4013f0 with 3 insts
    I: 401b19
    I: 401b1f
    I: 401b24 (flow 4023b5)
      Successors: 401b2a, 4023b5
  BB: 401b2a in func 4013f0 with 1 insts
    I: 401b2a (flow 401b2f)
      Successors: 401b2f
  BB: 40332c in func 4013f0 with 6 insts
    I: 40332c
    I: 403331
    I: 403336
    I: 40333d
    I: 403340
    I: 403346 (flow 403602)
      Successors: 403602
  BB: 401b2f in func 4013f0 with 3 insts
    I: 401b2f
    I: 401b35
    I: 401b3a (flow 402a45)
      Successors: 401b40, 402a45
  BB: 402336 in func 4013f0 with 7 insts
    I: 402336
    I: 40233b
    I: 402340
    I: 402345
    I: 40234a
    I: 40234d
    I: 402353 (flow 403602)
      Successors: 403602
  BB: 402b3c in func 4013f0 with 6 insts
    I: 402b3c
    I: 402b41
    I: 402b46
    I: 402b4d
    I: 402b50
    I: 402b56 (flow 403602)
      Successors: 403602
  BB: 401b40 in func 4013f0 with 1 insts
    I: 401b40 (flow 401b45)
      Successors: 401b45
  BB: 401b45 in func 4013f0 with 3 insts
    I: 401b45
    I: 401b4b
    I: 401b50 (flow 402ab1)
      Successors: 402ab1, 401b56
  BB: 40334b in func 4013f0 with 3 insts
    I: 40334b
    I: 403352
    I: 40335c (flow 403602)
      Successors: 403602
  BB: 401b56 in func 4013f0 with 1 insts
    I: 401b56 (flow 401b5b)
      Successors: 401b5b
  BB: 402358 in func 4013f0 with 3 insts
    I: 402358
    I: 402362
    I: 40236c (flow 403602)
      Successors: 403602
  BB: 401b5b in func 4013f0 with 3 insts
    I: 401b5b
    I: 401b61
    I: 401b66 (flow 402f22)
      Successors: 402f22, 401b6c
  BB: 402b5b in func 4013f0 with 6 insts
    I: 402b5b
    I: 402b60
    I: 402b65
    I: 402b6c
    I: 402b6f
    I: 402b75 (flow 403602)
      Successors: 403602
  BB: 403361 in func 4013f0 with 3 insts
    I: 403361
    I: 403368
    I: 403372 (flow 403602)
      Successors: 403602
  BB: 401b6c in func 4013f0 with 1 insts
    I: 401b6c (flow 401b71)
      Successors: 401b71
  BB: 401b71 in func 4013f0 with 3 insts
    I: 401b71
    I: 401b77
    I: 401b7c (flow 40285d)
      Successors: 401b82, 40285d
  BB: 402371 in func 4013f0 with 2 insts
    I: 402371
    I: 40237b (flow 403602)
      Successors: 403602
  BB: 403377 in func 4013f0 with 2 insts
    I: 403377
    I: 403381 (flow 403602)
      Successors: 403602
  BB: 402b7a in func 4013f0 with 3 insts
    I: 402b7a
    I: 402b81
    I: 402b8b (flow 403602)
      Successors: 403602
  BB: 402380 in func 4013f0 with 2 insts
    I: 402380
    I: 40238a (flow 403602)
      Successors: 403602
  BB: 401b82 in func 4013f0 with 1 insts
    I: 401b82 (flow 401b87)
      Successors: 401b87
  BB: 403386 in func 4013f0 with 2 insts
    I: 403386
    I: 403390 (flow 403602)
      Successors: 403602
  BB: 401b87 in func 4013f0 with 3 insts
    I: 401b87
    I: 401b8d
    I: 401b92 (flow 40227c)
      Successors: 401b98, 40227c
  BB: 40238f in func 4013f0 with 8 insts
    I: 40238f
    I: 402394
    I: 402399
    I: 40239e
    I: 4023a3
    I: 4023a7
    I: 4023aa
    I: 4023b0 (flow 403602)
      Successors: 403602
  BB: 402b90 in func 4013f0 with 3 insts
    I: 402b90
    I: 402b97
    I: 402ba1 (flow 403602)
      Successors: 403602
  BB: 403395 in func 4013f0 with 6 insts
    I: 403395
    I: 40339a
    I: 40339f
    I: 4033a6
    I: 4033a9
    I: 4033af (flow 403602)
      Successors: 403602
  BB: 401b98 in func 4013f0 with 1 insts
    I: 401b98 (flow 401b9d)
      Successors: 401b9d
  BB: 401b9d in func 4013f0 with 3 insts
    I: 401b9d
    I: 401ba3
    I: 401ba8 (flow 402ce1)
      Successors: 402ce1, 401bae
  BB: 402ba6 in func 4013f0 with 6 insts
    I: 402ba6
    I: 402bab
    I: 402bb0
    I: 402bb7
    I: 402bba
    I: 402bc0 (flow 403602)
      Successors: 403602
  BB: 401bae in func 4013f0 with 1 insts
    I: 401bae (flow 401bb3)
      Successors: 401bb3
  BB: 401bb3 in func 4013f0 with 3 insts
    I: 401bb3
    I: 401bb9
    I: 401bbe (flow 4022b7)
      Successors: 401bc4, 4022b7
  BB: 4033b4 in func 4013f0 with 6 insts
    I: 4033b4
    I: 4033b9
    I: 4033be
    I: 4033c5
    I: 4033c8
    I: 4033ce (flow 403602)
      Successors: 403602
  BB: 4023b5 in func 4013f0 with 8 insts
    I: 4023b5
    I: 4023ba
    I: 4023bf
    I: 4023c4
    I: 4023c9
    I: 4023cd
    I: 4023d0
    I: 4023d6 (flow 403602)
      Successors: 403602
  BB: 401bc4 in func 4013f0 with 1 insts
    I: 401bc4 (flow 401bc9)
      Successors: 401bc9
  BB: 402bc5 in func 4013f0 with 7 insts
    I: 402bc5
    I: 402bca
    I: 402bcf
    I: 402bd4
    I: 402bd9
    I: 402bdc
    I: 402be2 (flow 403602)
      Successors: 403602
  BB: 401bc9 in func 4013f0 with 3 insts
    I: 401bc9
    I: 401bcf
    I: 401bd4 (flow 402535)
      Successors: 401bda, 402535
  BB: 4033d3 in func 4013f0 with 6 insts
    I: 4033d3
    I: 4033d8
    I: 4033dd
    I: 4033e4
    I: 4033e7
    I: 4033ed (flow 403602)
      Successors: 403602
  BB: 401bda in func 4013f0 with 1 insts
    I: 401bda (flow 401bdf)
      Successors: 401bdf
  BB: 4023db in func 4013f0 with 3 insts
    I: 4023db
    I: 4023e5
    I: 4023ef (flow 403602)
      Successors: 403602
  BB: 401bdf in func 4013f0 with 3 insts
    I: 401bdf
    I: 401be5
    I: 401bea (flow 40288b)
      Successors: 401bf0, 40288b
  BB: 402be7 in func 4013f0 with 6 insts
    I: 402be7
    I: 402bed
    I: 402bf3
    I: 402bf9
    I: 402bff
    I: 402c09 (flow 403602)
      Successors: 403602
  BB: 4013f0 in func 4013f0 with 19 insts
    I: 4013f0
    I: 4013f1
    I: 4013f4
    I: 4013fb
    I: 401400
    I: 401405
    I: 40140a
    I: 40140f
    I: 401414
    I: 401419
    I: 40141e
    I: 401423
    I: 40142d
    I: 401437
    I: 401441
    I: 401446
    I: 40144b
    I: 401450
    I: 401455
      Successors: 40145f
  BB: 401bf0 in func 4013f0 with 1 insts
    I: 401bf0 (flow 401bf5)
      Successors: 401bf5
  BB: 4033f2 in func 4013f0 with 6 insts
    I: 4033f2
    I: 4033f7
    I: 4033fc
    I: 403403
    I: 403406
    I: 40340c (flow 403602)
      Successors: 403602
  BB: 4023f4 in func 4013f0 with 8 insts
    I: 4023f4
    I: 4023f9
    I: 4023fe
    I: 402403
    I: 402408
    I: 40240c
    I: 40240f
    I: 402415 (flow 403602)
      Successors: 403602
  BB: 401bf5 in func 4013f0 with 3 insts
    I: 401bf5
    I: 401bfb
    I: 401c00 (flow 403488)
      Successors: 403488, 401c06
  BB: 401c06 in func 4013f0 with 1 insts
    I: 401c06 (flow 401c0b)
      Successors: 401c0b
  BB: 401c0b in func 4013f0 with 3 insts
    I: 401c0b
    I: 401c11
    I: 401c16 (flow 402928)
      Successors: 402928, 401c1c
  BB: 402c0e in func 4013f0 with 6 insts
    I: 402c0e
    I: 402c14
    I: 402c1a
    I: 402c20
    I: 402c26
    I: 402c30 (flow 403602)
      Successors: 403602
  BB: 403411 in func 4013f0 with 12 insts
    I: 403411
    I: 403416
    I: 40341e
    I: 403423
    I: 403428 (flow 4036c0)
    I: 40342d
    I: 40342f
    I: 403434
    I: 403439
    I: 40343c
    I: 40343f
    I: 403445 (flow 403602)
      Successors: 403602
  BB: 40241a in func 4013f0 with 8 insts
    I: 40241a
    I: 40241f
    I: 402424
    I: 402429
    I: 40242e
    I: 402432
    I: 402435
    I: 40243b (flow 403602)
      Successors: 403602
  BB: 401c1c in func 4013f0 with 1 insts
    I: 401c1c (flow 401c21)
      Successors: 401c21
  BB: 401c21 in func 4013f0 with 3 insts
    I: 401c21
    I: 401c27
    I: 401c2c (flow 4034bd)
      Successors: 401c32, 4034bd
  BB: 401c32 in func 4013f0 with 1 insts
    I: 401c32 (flow 401c37)
      Successors: 401c37
  BB: 402c35 in func 4013f0 with 10 insts
    I: 402c35
    I: 402c3a
    I: 402c3f
    I: 402c44
    I: 402c49
    I: 402c4d
    I: 402c50
    I: 402c53
    I: 402c56
    I: 402c5c (flow 403602)
      Successors: 403602
  BB: 401c37 in func 4013f0 with 3 insts
    I: 401c37
    I: 401c3d
    I: 401c42 (flow 403569)
      Successors: 401c48, 403569
  BB: 402440 in func 4013f0 with 3 insts
    I: 402440
    I: 40244a
    I: 402454 (flow 403602)
      Successors: 403602
  BB: 401c48 in func 4013f0 with 1 insts
    I: 401c48 (flow 401c4d)
      Successors: 401c4d
  BB: 40344a in func 4013f0 with 6 insts
    I: 40344a
    I: 40344f
    I: 403454
    I: 40345b
    I: 40345e
    I: 403464 (flow 403602)
      Successors: 403602
  BB: 401c4d in func 4013f0 with 3 insts
    I: 401c4d
    I: 401c53
    I: 401c58 (flow 402e82)
      Successors: 402e82, 401c5e
  BB: 402459 in func 4013f0 with 8 insts
    I: 402459
    I: 40245e
    I: 402463
    I: 402468
    I: 40246d
    I: 402471
    I: 402474
    I: 40247a (flow 403602)
      Successors: 403602
  BB: 401c5e in func 4013f0 with 1 insts
    I: 401c5e (flow 401c63)
      Successors: 401c63
  BB: 40145f in func 4013f0 with 4 insts
    I: 40145f
    I: 401465
    I: 40146b
    I: 401470 (flow 4029dd)
      Successors: 4029dd, 401476
  BB: 402c61 in func 4013f0 with 3 insts
    I: 402c61
    I: 402c6b
    I: 402c75 (flow 403602)
      Successors: 403602
  BB: 401c63 in func 4013f0 with 3 insts
    I: 401c63
    I: 401c69
    I: 401c6e (flow 40317d)
      Successors: 401c74, 40317d
  BB: 403469 in func 4013f0 with 6 insts
    I: 403469
    I: 40346e
    I: 403473
    I: 40347a
    I: 40347d
    I: 403483 (flow 403602)
      Successors: 403602
  BB: 401c74 in func 4013f0 with 1 insts
    I: 401c74 (flow 401c79)
      Successors: 401c79
  BB: 401476 in func 4013f0 with 1 insts
    I: 401476 (flow 40147b)
      Successors: 40147b
  BB: 401c79 in func 4013f0 with 3 insts
    I: 401c79
    I: 401c7f
    I: 401c84 (flow 40352b)
      Successors: 401c8a, 40352b
  BB: 402c7a in func 4013f0 with 8 insts
    I: 402c7a
    I: 402c7f
    I: 402c84
    I: 402c89
    I: 402c8e
    I: 402c92
    I: 402c95
    I: 402c9b (flow 403602)
      Successors: 403602
  BB: 40147b in func 4013f0 with 3 insts
    I: 40147b
    I: 401481
    I: 401486 (flow 402721)
      Successors: 402721, 40148c
  BB: 40247f in func 4013f0 with 8 insts
    I: 40247f
    I: 402484
    I: 402489
    I: 40248e
    I: 402493
    I: 402497
    I: 40249a
    I: 4024a0 (flow 403602)
      Successors: 403602
  BB: 403488 in func 4013f0 with 6 insts
    I: 403488
    I: 40348d
    I: 403492
    I: 403499
    I: 40349c
    I: 4034a2 (flow 403602)
      Successors: 403602
  BB: 401c8a in func 4013f0 with 1 insts
    I: 401c8a (flow 401c8f)
      Successors: 401c8f
  BB: 40148c in func 4013f0 with 1 insts
    I: 40148c (flow 401491)
      Successors: 401491
  BB: 401c8f in func 4013f0 with 3 insts
    I: 401c8f
    I: 401c95
    I: 401c9a (flow 402985)
      Successors: 401ca0, 402985
  BB: 401491 in func 4013f0 with 3 insts
    I: 401491
    I: 401497
    I: 40149c (flow 403133)
      Successors: 4014a2, 403133
  BB: 401ca0 in func 4013f0 with 1 insts
    I: 401ca0 (flow 401ca5)
      Successors: 401ca5
  BB: 402ca0 in func 4013f0 with 3 insts
    I: 402ca0
    I: 402caa
    I: 402cb4 (flow 403602)
      Successors: 403602
  BB: 4014a2 in func 4013f0 with 1 insts
    I: 4014a2 (flow 4014a7)
      Successors: 4014a7
  BB: 401ca5 in func 4013f0 with 3 insts
    I: 401ca5
    I: 401cab
    I: 401cb0 (flow 4030f5)
      Successors: 4030f5, 401cb6
  BB: 4024a5 in func 4013f0 with 3 insts
    I: 4024a5
    I: 4024af
    I: 4024b9 (flow 403602)
      Successors: 403602
  BB: 4014a7 in func 4013f0 with 3 insts
    I: 4014a7
    I: 4014ad
    I: 4014b2 (flow 402358)
      Successors: 4014b8, 402358
  BB: 4034a7 in func 4013f0 with 3 insts
    I: 4034a7
    I: 4034ae
    I: 4034b8 (flow 403602)
      Successors: 403602
  BB: 401cb6 in func 4013f0 with 1 insts
    I: 401cb6 (flow 401cbb)
      Successors: 401cbb
  BB: 4014b8 in func 4013f0 with 1 insts
    I: 4014b8 (flow 4014bd)
      Successors: 4014bd
  BB: 402cb9 in func 4013f0 with 3 insts
    I: 402cb9
    I: 402cc3
    I: 402ccd (flow 403602)
      Successors: 403602
  BB: 401cbb in func 4013f0 with 3 insts
    I: 401cbb
    I: 401cc1
    I: 401cc6 (flow 402f0c)
      Successors: 401ccc, 402f0c
  BB: 4014bd in func 4013f0 with 3 insts
    I: 4014bd
    I: 4014c3
    I: 4014c8 (flow 402f38)
      Successors: 402f38, 4014ce
  BB: 4024be in func 4013f0 with 2 insts
    I: 4024be
    I: 4024c8 (flow 403602)
      Successors: 403602
  BB: 4034bd in func 4013f0 with 3 insts
    I: 4034bd
    I: 4034c4
    I: 4034ce (flow 403602)
      Successors: 403602
  BB: 401ccc in func 4013f0 with 1 insts
    I: 401ccc (flow 401cd1)
      Successors: 401cd1
  BB: 4024cd in func 4013f0 with 2 insts
    I: 4024cd
    I: 4024d7 (flow 403602)
      Successors: 403602
  BB: 4014ce in func 4013f0 with 1 insts
    I: 4014ce (flow 4014d3)
      Successors: 4014d3
  BB: 401cd1 in func 4013f0 with 3 insts
    I: 401cd1
    I: 401cd7
    I: 401cdc (flow 402e9b)
      Successors: 401ce2, 402e9b
  BB: 402cd2 in func 4013f0 with 2 insts
    I: 402cd2
    I: 402cdc (flow 403602)
      Successors: 403602
  BB: 4014d3 in func 4013f0 with 3 insts
    I: 4014d3
    I: 4014d9
    I: 4014de (flow 402b3c)
      Successors: 4014e4, 402b3c
  BB: 4034d3 in func 4013f0 with 12 insts
    I: 4034d3
    I: 4034d8
    I: 4034e0
    I: 4034e5
    I: 4034ea (flow 4036c0)
    I: 4034ef
    I: 4034f1
    I: 4034f6
    I: 4034fb
    I: 4034fe
    I: 403501
    I: 403507 (flow 403602)
      Successors: 403602
  BB: 4024dc in func 4013f0 with 10 insts
    I: 4024dc
    I: 4024e1
    I: 4024e6
    I: 4024eb
    I: 4024f0
    I: 4024f4
    I: 4024f7
    I: 4024fa
    I: 4024fd
    I: 402503 (flow 403602)
      Successors: 403602
  BB: 402ce1 in func 4013f0 with 7 insts
    I: 402ce1
    I: 402ce7
    I: 402cec
    I: 402cf1
    I: 402cf7
    I: 402cfa
    I: 402d00 (flow 403602)
      Successors: 403602
  BB: 401ce2 in func 4013f0 with 1 insts
    I: 401ce2 (flow 401ce7)
      Successors: 401ce7
  BB: 4014e4 in func 4013f0 with 1 insts
    I: 4014e4 (flow 4014e9)
      Successors: 4014e9
  BB: 401ce7 in func 4013f0 with 3 insts
    I: 401ce7
    I: 401ced
    I: 401cf2 (flow 40344a)
      Successors: 401cf8, 40344a
  BB: 4014e9 in func 4013f0 with 3 insts
    I: 4014e9
    I: 4014ef
    I: 4014f4 (flow 402835)
      Successors: 4014fa, 402835
  BB: 401cf8 in func 4013f0 with 1 insts
    I: 401cf8 (flow 401cfd)
      Successors: 401cfd
  BB: 4014fa in func 4013f0 with 1 insts
    I: 4014fa (flow 4014ff)
      Successors: 4014ff
  BB: 401cfd in func 4013f0 with 3 insts
    I: 401cfd
    I: 401d03
    I: 401d08 (flow 402640)
      Successors: 402640, 401d0e
  BB: 4014ff in func 4013f0 with 3 insts
    I: 4014ff
    I: 401505
    I: 40150a (flow 402cb9)
      Successors: 401510, 402cb9
  BB: 402d05 in func 4013f0 with 6 insts
    I: 402d05
    I: 402d0a
    I: 402d0f
    I: 402d16
    I: 402d19
    I: 402d1f (flow 403602)
      Successors: 403602
  BB: 402508 in func 4013f0 with 8 insts
    I: 402508
    I: 40250d
    I: 402512
    I: 402517
    I: 40251c (flow 403610)
    I: 402521
    I: 402526
    I: 402530 (flow 403602)
      Successors: 403602
  BB: 40350c in func 4013f0 with 6 insts
    I: 40350c
    I: 403511
    I: 403516
    I: 40351d
    I: 403520
    I: 403526 (flow 403602)
      Successors: 403602
  BB: 401d0e in func 4013f0 with 1 insts
    I: 401d0e (flow 401d13)
      Successors: 401d13
  BB: 401510 in func 4013f0 with 1 insts
    I: 401510 (flow 401515)
      Successors: 401515
  BB: 401d13 in func 4013f0 with 3 insts
    I: 401d13
    I: 401d19
    I: 401d1e (flow 402d59)
      Successors: 402d59, 401d24
  BB: 401515 in func 4013f0 with 3 insts
    I: 401515
    I: 40151b
    I: 401520 (flow 40330d)
      Successors: 40330d, 401526
  BB: 401d24 in func 4013f0 with 1 insts
    I: 401d24 (flow 401d29)
      Successors: 401d29
  BB: 402d24 in func 4013f0 with 6 insts
    I: 402d24
    I: 402d29
    I: 402d2e
    I: 402d35
    I: 402d38
    I: 402d3e (flow 403602)
      Successors: 403602
  BB: 401526 in func 4013f0 with 1 insts
    I: 401526 (flow 40152b)
      Successors: 40152b
  BB: 401d29 in func 4013f0 with 3 insts
    I: 401d29
    I: 401d2f
    I: 401d34 (flow 40324e)
      Successors: 401d3a, 40324e
  BB: 40152b in func 4013f0 with 3 insts
    I: 40152b
    I: 401531
    I: 401536 (flow 402336)
      Successors: 40153c, 402336
  BB: 40352b in func 4013f0 with 6 insts
    I: 40352b
    I: 403530
    I: 403535
    I: 40353c
    I: 40353f
    I: 403545 (flow 403602)
      Successors: 403602
  BB: 402535 in func 4013f0 with 10 insts
    I: 402535
    I: 40253a
    I: 40253f
    I: 402544
    I: 402549
    I: 40254d
    I: 402550
    I: 402553
    I: 402556
    I: 40255c (flow 403602)
      Successors: 403602
  BB: 401d3a in func 4013f0 with 1 insts
    I: 401d3a (flow 401d3f)
      Successors: 401d3f
  BB: 40153c in func 4013f0 with 1 insts
    I: 40153c (flow 401541)
      Successors: 401541
  BB: 401d3f in func 4013f0 with 3 insts
    I: 401d3f
    I: 401d45
    I: 401d4a (flow 403036)
      Successors: 401d50, 403036
  BB: 401541 in func 4013f0 with 3 insts
    I: 401541
    I: 401547
    I: 40154c (flow 4032b8)
      Successors: 4032b8, 401552
  BB: 402d43 in func 4013f0 with 3 insts
    I: 402d43
    I: 402d4a
    I: 402d54 (flow 403602)
      Successors: 403602
  BB: 40354a in func 4013f0 with 6 insts
    I: 40354a
    I: 40354f
    I: 403554
    I: 40355b
    I: 40355e
    I: 403564 (flow 403602)
      Successors: 403602
  BB: 401d50 in func 4013f0 with 1 insts
    I: 401d50 (flow 401d55)
      Successors: 401d55
  BB: 401552 in func 4013f0 with 1 insts
    I: 401552 (flow 401557)
      Successors: 401557
  BB: 401d55 in func 4013f0 with 3 insts
    I: 401d55
    I: 401d5b
    I: 401d60 (flow 403055)
      Successors: 403055, 401d66
  BB: 401557 in func 4013f0 with 3 insts
    I: 401557
    I: 40155d
    I: 401562 (flow 4030d6)
      Successors: 401568, 4030d6
  BB: 402d59 in func 4013f0 with 3 insts
    I: 402d59
    I: 402d60
    I: 402d6a (flow 403602)
      Successors: 403602
  BB: 402561 in func 4013f0 with 8 insts
    I: 402561
    I: 402566
    I: 40256b
    I: 402570
    I: 402575 (flow 403650)
    I: 40257a
    I: 40257f
    I: 402589 (flow 403602)
      Successors: 403602
  BB: 401d66 in func 4013f0 with 1 insts
    I: 401d66 (flow 401d6b)
      Successors: 401d6b
  BB: 401568 in func 4013f0 with 1 insts
    I: 401568 (flow 40156d)
      Successors: 40156d
  BB: 403569 in func 4013f0 with 3 insts
    I: 403569
    I: 403570
    I: 40357a (flow 403602)
      Successors: 403602
  BB: 401d6b in func 4013f0 with 3 insts
    I: 401d6b
    I: 401d71
    I: 401d76 (flow 402cd2)
      Successors: 402cd2, 401d7c
  BB: 40156d in func 4013f0 with 3 insts
    I: 40156d
    I: 401573
    I: 401578 (flow 4035a4)
      Successors: 4035a4, 40157e
  BB: 402d6f in func 4013f0 with 6 insts
    I: 402d6f
    I: 402d74
    I: 402d79
    I: 402d80
    I: 402d83
    I: 402d89 (flow 403602)
      Successors: 403602
  BB: 401d7c in func 4013f0 with 1 insts
    I: 401d7c (flow 401d81)
      Successors: 401d81
  BB: 40157e in func 4013f0 with 1 insts
    I: 40157e (flow 401583)
      Successors: 401583
  BB: 40357f in func 4013f0 with 3 insts
    I: 40357f
    I: 403586
    I: 403590 (flow 403602)
      Successors: 403602
  BB: 401d81 in func 4013f0 with 3 insts
    I: 401d81
    I: 401d87
    I: 401d8c (flow 4035d1)
      Successors: 4035d1, 401d92
  BB: 401583 in func 4013f0 with 3 insts
    I: 401583
    I: 401589
    I: 40158e (flow 4024a5)
      Successors: 401594, 4024a5
  BB: 40258e in func 4013f0 with 10 insts
    I: 40258e
    I: 402593
    I: 402598
    I: 40259d
    I: 4025a2
    I: 4025a6
    I: 4025a9
    I: 4025ac
    I: 4025af
    I: 4025b5 (flow 403602)
      Successors: 403602
  BB: 402d8e in func 4013f0 with 7 insts
    I: 402d8e
    I: 402d93
    I: 402d98
    I: 402d9d
    I: 402da2
    I: 402da5
    I: 402dab (flow 403602)
      Successors: 403602
  BB: 401d92 in func 4013f0 with 1 insts
    I: 401d92 (flow 401d97)
      Successors: 401d97
  BB: 401594 in func 4013f0 with 1 insts
    I: 401594 (flow 401599)
      Successors: 401599
  BB: 403595 in func 4013f0 with 2 insts
    I: 403595
    I: 40359f (flow 403602)
      Successors: 403602
  BB: 401d97 in func 4013f0 with 3 insts
    I: 401d97
    I: 401d9d
    I: 401da2 (flow 402b7a)
      Successors: 401da8, 402b7a
  BB: 401599 in func 4013f0 with 3 insts
    I: 401599
    I: 40159f
    I: 4015a4 (flow 4031f9)
      Successors: 4031f9, 4015aa
  BB: 4035a4 in func 4013f0 with 2 insts
    I: 4035a4
    I: 4035ae (flow 403602)
      Successors: 403602
  BB: 401da8 in func 4013f0 with 1 insts
    I: 401da8 (flow 401dad)
      Successors: 401dad
  BB: 4015aa in func 4013f0 with 1 insts
    I: 4015aa (flow 4015af)
      Successors: 4015af
  BB: 401dad in func 4013f0 with 3 insts
    I: 401dad
    I: 401db3
    I: 401db8 (flow 402440)
      Successors: 402440, 401dbe
  BB: 4015af in func 4013f0 with 3 insts
    I: 4015af
    I: 4015b5
    I: 4015ba (flow 40308a)
      Successors: 4015c0, 40308a
  BB: 402db0 in func 4013f0 with 6 insts
    I: 402db0
    I: 402db6
    I: 402dbc
    I: 402dc2
    I: 402dc8
    I: 402dd2 (flow 403602)
      Successors: 403602
  BB: 4035b3 in func 4013f0 with 2 insts
    I: 4035b3
    I: 4035bd (flow 403602)
      Successors: 403602
  BB: 4025ba in func 4013f0 with 8 insts
    I: 4025ba
    I: 4025bf
    I: 4025c4
    I: 4025c9
    I: 4025ce (flow 403610)
    I: 4025d3
    I: 4025d8
    I: 4025e2 (flow 403602)
      Successors: 403602
  BB: 401dbe in func 4013f0 with 1 insts
    I: 401dbe (flow 401dc3)
      Successors: 401dc3
  BB: 4015c0 in func 4013f0 with 1 insts
    I: 4015c0 (flow 4015c5)
      Successors: 4015c5
  BB: 4035c2 in func 4013f0 with 2 insts
    I: 4035c2
    I: 4035cc (flow 403602)
      Successors: 403602
  BB: 401dc3 in func 4013f0 with 3 insts
    I: 401dc3
    I: 401dc9
    I: 401dce (flow 403149)
      Successors: 403149, 401dd4
  BB: 4015c5 in func 4013f0 with 3 insts
    I: 4015c5
    I: 4015cb
    I: 4015d0 (flow 402ca0)
      Successors: 402ca0, 4015d6
  BB: 4035d1 in func 4013f0 with 2 insts
    I: 4035d1
    I: 4035db (flow 403602)
      Successors: 403602
  BB: 401dd4 in func 4013f0 with 1 insts
    I: 401dd4 (flow 401dd9)
      Successors: 401dd9
  BB: 4015d6 in func 4013f0 with 1 insts
    I: 4015d6 (flow 4015db)
      Successors: 4015db
  BB: 402dd7 in func 4013f0 with 6 insts
    I: 402dd7
    I: 402ddd
    I: 402de3
    I: 402de9
    I: 402def
    I: 402df9 (flow 403602)
      Successors: 403602
  BB: 401dd9 in func 4013f0 with 3 insts
    I: 401dd9
    I: 401ddf
    I: 401de4 (flow 4033f2)
      Successors: 401dea, 4033f2
  BB: 4015db in func 4013f0 with 3 insts
    I: 4015db
    I: 4015e1
    I: 4015e6 (flow 403411)
      Successors: 403411, 4015ec
  BB: 4035e0 in func 4013f0 with 3 insts
    I: 4035e0
    I: 4035e7
    I: 4035f1 (flow 403602)
      Successors: 403602
  BB: 4025e7 in func 4013f0 with 10 insts
    I: 4025e7
    I: 4025ec
    I: 4025f1
    I: 4025f6
    I: 4025fb
    I: 4025ff
    I: 402602
    I: 402605
    I: 402608
    I: 40260e (flow 403602)
      Successors: 403602
  BB: 401dea in func 4013f0 with 1 insts
    I: 401dea (flow 401def)
      Successors: 401def
  BB: 4015ec in func 4013f0 with 1 insts
    I: 4015ec (flow 4015f1)
      Successors: 4015f1
  BB: 401def in func 4013f0 with 3 insts
    I: 401def
    I: 401df5
    I: 401dfa (flow 402f84)
      Successors: 401e00, 402f84
  BB: 4015f1 in func 4013f0 with 3 insts
    I: 4015f1
    I: 4015f7
    I: 4015fc (flow 402ad7)
      Successors: 401602, 402ad7
  BB: 4035f6 in func 4013f0 with 4 insts
    I: 4035f6
    I: 4035f9
    I: 403600
    I: 403601
      No successors
  BB: 402dfe in func 4013f0 with 10 insts
    I: 402dfe
    I: 402e03
    I: 402e08
    I: 402e0d
    I: 402e12
    I: 402e16
    I: 402e19
    I: 402e1c
    I: 402e1f
    I: 402e25 (flow 403602)
      Successors: 403602
  BB: 401e00 in func 4013f0 with 1 insts
    I: 401e00 (flow 401e05)
      Successors: 401e05
  BB: 401602 in func 4013f0 with 1 insts
    I: 401602 (flow 401607)
      Successors: 401607
  BB: 403602 in func 4013f0 with 1 insts
    I: 403602 (flow 40145f)
      Successors: 40145f
  BB: 401e05 in func 4013f0 with 3 insts
    I: 401e05
    I: 401e0b
    I: 401e10 (flow 402900)
      Successors: 402900, 401e16
  BB: 401607 in func 4013f0 with 3 insts
    I: 401607
    I: 40160d
    I: 401612 (flow 4034d3)
      Successors: 401618, 4034d3
  BB: 403607 in func 4013f0 with 1 insts
    I: 403607
      No successors
  BB: 402613 in func 4013f0 with 8 insts
    I: 402613
    I: 402618
    I: 40261d
    I: 402622
    I: 402627 (flow 403650)
    I: 40262c
    I: 402631
    I: 40263b (flow 403602)
      Successors: 403602
  BB: 401e16 in func 4013f0 with 1 insts
    I: 401e16 (flow 401e1b)
      Successors: 401e1b
  BB: 401618 in func 4013f0 with 1 insts
    I: 401618 (flow 40161d)
      Successors: 40161d
  BB: 401e1b in func 4013f0 with 3 insts
    I: 401e1b
    I: 401e21
    I: 401e26 (flow 402256)
      Successors: 401e2c, 402256
  BB: 40161d in func 4013f0 with 3 insts
    I: 40161d
    I: 401623
    I: 401628 (flow 402508)
      Successors: 402508, 40162e
  BB: 402e2a in func 4013f0 with 3 insts
    I: 402e2a
    I: 402e34
    I: 402e3e (flow 403602)
      Successors: 403602
  BB: 401e2c in func 4013f0 with 1 insts
    I: 401e2c (flow 401e31)
      Successors: 401e31
  BB: 40162e in func 4013f0 with 1 insts
    I: 40162e (flow 401633)
      Successors: 401633
  BB: 401e31 in func 4013f0 with 3 insts
    I: 401e31
    I: 401e37
    I: 401e3c (flow 4025e7)
      Successors: 401e42, 4025e7
  BB: 401633 in func 4013f0 with 3 insts
    I: 401633
    I: 401639
    I: 40163e (flow 40350c)
      Successors: 401644, 40350c
  BB: 402640 in func 4013f0 with 10 insts
    I: 402640
    I: 402645
    I: 40264a
    I: 40264f
    I: 402654
    I: 402658
    I: 40265b
    I: 40265e
    I: 402661
    I: 402667 (flow 403602)
      Successors: 403602
  BB: 401e42 in func 4013f0 with 1 insts
    I: 401e42 (flow 401e47)
      Successors: 401e47
  BB: 402e43 in func 4013f0 with 8 insts
    I: 402e43
    I: 402e48
    I: 402e4d
    I: 402e52
    I: 402e57
    I: 402e5b
    I: 402e5e
    I: 402e64 (flow 403602)
      Successors: 403602
  BB: 401644 in func 4013f0 with 1 insts
    I: 401644 (flow 401649)
      Successors: 401649
  BB: 401e47 in func 4013f0 with 3 insts
    I: 401e47
    I: 401e4d
    I: 401e52 (flow 402f47)
      Successors: 401e58, 402f47
  BB: 401649 in func 4013f0 with 3 insts
    I: 401649
    I: 40164f
    I: 401654 (flow 40326d)
      Successors: 40165a, 40326d
  BB: 401e58 in func 4013f0 with 1 insts
    I: 401e58 (flow 401e5d)
      Successors: 401e5d
  BB: 40165a in func 4013f0 with 1 insts
    I: 40165a (flow 40165f)
      Successors: 40165f
  BB: 401e5d in func 4013f0 with 3 insts
    I: 401e5d
    I: 401e63
    I: 401e68 (flow 402b09)
      Successors: 402b09, 401e6e
  BB: 40165f in func 4013f0 with 3 insts
    I: 40165f
    I: 401665
    I: 40166a (flow 40238f)
      Successors: 401670, 40238f
  BB: 402e69 in func 4013f0 with 3 insts
    I: 402e69
    I: 402e73
    I: 402e7d (flow 403602)
      Successors: 403602
  BB: 40266c in func 4013f0 with 8 insts
    I: 40266c
    I: 402671
    I: 402676
    I: 40267b
    I: 402680 (flow 403610)
    I: 402685
    I: 40268a
    I: 402694 (flow 403602)
      Successors: 403602
  BB: 401e6e in func 4013f0 with 1 insts
    I: 401e6e (flow 401e73)
      Successors: 401e73
  BB: 401670 in func 4013f0 with 1 insts
    I: 401670 (flow 401675)
      Successors: 401675
  BB: 401e73 in func 4013f0 with 3 insts
    I: 401e73
    I: 401e79
    I: 401e7e (flow 402783)
      Successors: 402783, 401e84
  BB: 401675 in func 4013f0 with 3 insts
    I: 401675
    I: 40167b
    I: 401680 (flow 4035e0)
      Successors: 4035e0, 401686
  BB: 402e82 in func 4013f0 with 3 insts
    I: 402e82
    I: 402e8c
    I: 402e96 (flow 403602)
      Successors: 403602
  BB: 401e84 in func 4013f0 with 1 insts
    I: 401e84 (flow 401e89)
      Successors: 401e89
  BB: 401686 in func 4013f0 with 1 insts
    I: 401686 (flow 40168b)
      Successors: 40168b
  BB: 401e89 in func 4013f0 with 3 insts
    I: 401e89
    I: 401e8f
    I: 401e94 (flow 4027ec)
      Successors: 401e9a, 4027ec
  BB: 40168b in func 4013f0 with 3 insts
    I: 40168b
    I: 401691
    I: 401696 (flow 4035b3)
      Successors: 4035b3, 40169c
  BB: 402699 in func 4013f0 with 10 insts
    I: 402699
    I: 40269e
    I: 4026a3
    I: 4026a8
    I: 4026ad
    I: 4026b1
    I: 4026b4
    I: 4026b7
    I: 4026ba
    I: 4026c0 (flow 403602)
      Successors: 403602
  BB: 401e9a in func 4013f0 with 1 insts
    I: 401e9a (flow 401e9f)
      Successors: 401e9f
  BB: 402e9b in func 4013f0 with 2 insts
    I: 402e9b
    I: 402ea5 (flow 403602)
      Successors: 403602
  BB: 40169c in func 4013f0 with 1 insts
    I: 40169c (flow 4016a1)
      Successors: 4016a1
  BB: 401e9f in func 4013f0 with 3 insts
    I: 401e9f
    I: 401ea5
    I: 401eaa (flow 402d05)
      Successors: 401eb0, 402d05
  BB: 4016a1 in func 4013f0 with 3 insts
    I: 4016a1
    I: 4016a7
    I: 4016ac (flow 403114)
      Successors: 4016b2, 403114
  BB: 402eaa in func 4013f0 with 7 insts
    I: 402eaa
    I: 402eb0
    I: 402eb5
    I: 402eba
    I: 402ec0
    I: 402ec3
    I: 402ec9 (flow 403602)
      Successors: 403602
  BB: 401eb0 in func 4013f0 with 1 insts
    I: 401eb0 (flow 401eb5)
      Successors: 401eb5
  BB: 4016b2 in func 4013f0 with 1 insts
    I: 4016b2 (flow 4016b7)
      Successors: 4016b7
  BB: 401eb5 in func 4013f0 with 3 insts
    I: 401eb5
    I: 401ebb
    I: 401ec0 (flow 402dd7)
      Successors: 401ec6, 402dd7
  BB: 4016b7 in func 4013f0 with 3 insts
    I: 4016b7
    I: 4016bd
    I: 4016c2 (flow 403017)
      Successors: 4016c8, 403017
  BB: 4026c5 in func 4013f0 with 8 insts
    I: 4026c5
    I: 4026ca
    I: 4026cf
    I: 4026d4
    I: 4026d9 (flow 403650)
    I: 4026de
    I: 4026e6
    I: 4026f0 (flow 403602)
      Successors: 403602
  BB: 401ec6 in func 4013f0 with 1 insts
    I: 401ec6 (flow 401ecb)
      Successors: 401ecb
  BB: 4016c8 in func 4013f0 with 1 insts
    I: 4016c8 (flow 4016cd)
      Successors: 4016cd
  BB: 401ecb in func 4013f0 with 3 insts
    I: 401ecb
    I: 401ed1
    I: 401ed6 (flow 40315f)
      Successors: 401edc, 40315f
  BB: 4016cd in func 4013f0 with 3 insts
    I: 4016cd
    I: 4016d3
    I: 4016d8 (flow 402be7)
      Successors: 4016de, 402be7
  BB: 402ece in func 4013f0 with 6 insts
    I: 402ece
    I: 402ed3
    I: 402ed8
    I: 402edf
    I: 402ee2
    I: 402ee8 (flow 403602)
      Successors: 403602
  BB: 401edc in func 4013f0 with 1 insts
    I: 401edc (flow 401ee1)
      Successors: 401ee1
  BB: 4016de in func 4013f0 with 1 insts
    I: 4016de (flow 4016e3)
      Successors: 4016e3
  BB: 401ee1 in func 4013f0 with 3 insts
    I: 401ee1
    I: 401ee7
    I: 401eec (flow 4022d9)
      Successors: 4022d9, 401ef2
  BB: 4016e3 in func 4013f0 with 3 insts
    I: 4016e3
    I: 4016e9
    I: 4016ee (flow 403595)
      Successors: 4016f4, 403595
  BB: 402eed in func 4013f0 with 6 insts
    I: 402eed
    I: 402ef2
    I: 402ef7
    I: 402efe
    I: 402f01
    I: 402f07 (flow 403602)
      Successors: 403602
  BB: 401ef2 in func 4013f0 with 1 insts
    I: 401ef2 (flow 401ef7)
      Successors: 401ef7
  BB: 4016f4 in func 4013f0 with 1 insts
    I: 4016f4 (flow 4016f9)
      Successors: 4016f9
  BB: 4026f5 in func 4013f0 with 10 insts
    I: 4026f5
    I: 4026fa
    I: 4026ff
    I: 402704
    I: 402709
    I: 40270d
    I: 402710
    I: 402713
    I: 402716
    I: 40271c (flow 403602)
      Successors: 403602
  BB: 401ef7 in func 4013f0 with 3 insts
    I: 401ef7
    I: 401efd
    I: 401f02 (flow 402d6f)
      Successors: 401f08, 402d6f
  BB: 4016f9 in func 4013f0 with 3 insts
    I: 4016f9
    I: 4016ff
    I: 401704 (flow 403361)
      Successors: 403361, 40170a
  BB: 401f08 in func 4013f0 with 1 insts
    I: 401f08 (flow 401f0d)
      Successors: 401f0d
  BB: 40170a in func 4013f0 with 1 insts
    I: 40170a (flow 40170f)
      Successors: 40170f
  BB: 402f0c in func 4013f0 with 3 insts
    I: 402f0c
    I: 402f13
    I: 402f1d (flow 403602)
      Successors: 403602
  BB: 401f0d in func 4013f0 with 3 insts
    I: 401f0d
    I: 401f13
    I: 401f18 (flow 4034a7)
      Successors: 401f1e, 4034a7
  BB: 40170f in func 4013f0 with 3 insts
    I: 40170f
    I: 401715
    I: 40171a (flow 402eaa)
      Successors: 401720, 402eaa
  BB: 401f1e in func 4013f0 with 1 insts
    I: 401f1e (flow 401f23)
      Successors: 401f23
  BB: 401720 in func 4013f0 with 1 insts
    I: 401720 (flow 401725)
      Successors: 401725
  BB: 402721 in func 4013f0 with 9 insts
    I: 402721
    I: 40272b
    I: 402730
    I: 402735
    I: 40273a
    I: 40273f
    I: 402743
    I: 402746
    I: 40274c (flow 403602)
      Successors: 403602
  BB: 402f22 in func 4013f0 with 3 insts
    I: 402f22
    I: 402f29
    I: 402f33 (flow 403602)
      Successors: 403602
  BB: 401f23 in func 4013f0 with 3 insts
    I: 401f23
    I: 401f29
    I: 401f2e (flow 4031bb)
      Successors: 4031bb, 401f34
  BB: 401725 in func 4013f0 with 3 insts
    I: 401725
    I: 40172b
    I: 401730 (flow 402bc5)
      Successors: 402bc5, 401736
  BB: 401f34 in func 4013f0 with 1 insts
    I: 401f34 (flow 401f39)
      Successors: 401f39
  BB: 401736 in func 4013f0 with 1 insts
    I: 401736 (flow 40173b)
      Successors: 40173b
  BB: 402f38 in func 4013f0 with 2 insts
    I: 402f38
    I: 402f42 (flow 403602)
      Successors: 403602
  BB: 401f39 in func 4013f0 with 3 insts
    I: 401f39
    I: 401f3f
    I: 401f44 (flow 402c61)
      Successors: 402c61, 401f4a
  BB: 40173b in func 4013f0 with 3 insts
    I: 40173b
    I: 401741
    I: 401746 (flow 4023f4)
      Successors: 40174c, 4023f4
  BB: 402f47 in func 4013f0 with 2 insts
    I: 402f47
    I: 402f51 (flow 403602)
      Successors: 403602
  BB: 401f4a in func 4013f0 with 1 insts
    I: 401f4a (flow 401f4f)
      Successors: 401f4f
  BB: 40174c in func 4013f0 with 1 insts
    I: 40174c (flow 401751)
      Successors: 401751
  BB: 401f4f in func 4013f0 with 3 insts
    I: 401f4f
    I: 401f55
    I: 401f5a (flow 40332c)
      Successors: 401f60, 40332c
  BB: 401751 in func 4013f0 with 3 insts
    I: 401751
    I: 401757
    I: 40175c (flow 402613)
      Successors: 401762, 402613
  BB: 402751 in func 4013f0 with 3 insts
    I: 402751
    I: 40275b
    I: 402765 (flow 403602)
      Successors: 403602
  BB: 402f56 in func 4013f0 with 2 insts
    I: 402f56
    I: 402f60 (flow 403602)
      Successors: 403602
  BB: 401f60 in func 4013f0 with 1 insts
    I: 401f60 (flow 401f65)
      Successors: 401f65
  BB: 401762 in func 4013f0 with 1 insts
    I: 401762 (flow 401767)
      Successors: 401767
  BB: 401f65 in func 4013f0 with 3 insts
    I: 401f65
    I: 401f6b
    I: 401f70 (flow 402b18)
      Successors: 402b18, 401f76
  BB: 402f65 in func 4013f0 with 6 insts
    I: 402f65
    I: 402f6a
    I: 402f6f
    I: 402f76
    I: 402f79
    I: 402f7f (flow 403602)
      Successors: 403602
  BB: 401767 in func 4013f0 with 3 insts
    I: 401767
    I: 40176d
    I: 401772 (flow 402751)
      Successors: 401778, 402751
  BB: 40276a in func 4013f0 with 3 insts
    I: 40276a
    I: 402774
    I: 40277e (flow 403602)
      Successors: 403602
  BB: 401f76 in func 4013f0 with 1 insts
    I: 401f76 (flow 401f7b)
      Successors: 401f7b
  BB: 401778 in func 4013f0 with 1 insts
    I: 401778 (flow 40177d)
      Successors: 40177d
  BB: 401f7b in func 4013f0 with 3 insts
    I: 401f7b
    I: 401f81
    I: 401f86 (flow 4030a0)
      Successors: 4030a0, 401f8c
  BB: 40177d in func 4013f0 with 3 insts
    I: 40177d
    I: 401783
    I: 401788 (flow 40322f)
      Successors: 40178e, 40322f
  BB: 402783 in func 4013f0 with 2 insts
    I: 402783
    I: 40278d (flow 403602)
      Successors: 403602
  BB: 402f84 in func 4013f0 with 6 insts
    I: 402f84
    I: 402f89
    I: 402f8e
    I: 402f95
    I: 402f98
    I: 402f9e (flow 403602)
      Successors: 403602
  BB: 401f8c in func 4013f0 with 1 insts
    I: 401f8c (flow 401f91)
      Successors: 401f91
  BB: 40178e in func 4013f0 with 1 insts
    I: 40178e (flow 401793)
      Successors: 401793
  BB: 401f91 in func 4013f0 with 3 insts
    I: 401f91
    I: 401f97
    I: 401f9c (flow 402f65)
      Successors: 401fa2, 402f65
  BB: 402792 in func 4013f0 with 8 insts
    I: 402792
    I: 402797
    I: 40279c
    I: 4027a1
    I: 4027a6 (flow 4036c0)
    I: 4027ab
    I: 4027b1
    I: 4027bb (flow 403602)
      Successors: 403602
  BB: 401793 in func 4013f0 with 3 insts
    I: 401793
    I: 401799
    I: 40179e (flow 4024cd)
      Successors: 4017a4, 4024cd
  BB: 401fa2 in func 4013f0 with 1 insts
    I: 401fa2 (flow 401fa7)
      Successors: 401fa7
  BB: 402fa3 in func 4013f0 with 6 insts
    I: 402fa3
    I: 402fa8
    I: 402fad
    I: 402fb4
    I: 402fb7
    I: 402fbd (flow 403602)
      Successors: 403602
  BB: 4017a4 in func 4013f0 with 1 insts
    I: 4017a4 (flow 4017a9)
      Successors: 4017a9
  BB: 401fa7 in func 4013f0 with 3 insts
    I: 401fa7
    I: 401fad
    I: 401fb2 (flow 402e69)
      Successors: 401fb8, 402e69
  BB: 4017a9 in func 4013f0 with 3 insts
    I: 4017a9
    I: 4017af
    I: 4017b4 (flow 4033b4)
      Successors: 4017ba, 4033b4
  BB: 401fb8 in func 4013f0 with 1 insts
    I: 401fb8 (flow 401fbd)
      Successors: 401fbd
  BB: 4017ba in func 4013f0 with 1 insts
    I: 4017ba (flow 4017bf)
      Successors: 4017bf
  BB: 401fbd in func 4013f0 with 3 insts
    I: 401fbd
    I: 401fc3
    I: 401fc8 (flow 402c7a)
      Successors: 402c7a, 401fce
  BB: 4017bf in func 4013f0 with 3 insts
    I: 4017bf
    I: 4017c5
    I: 4017ca (flow 402561)
      Successors: 4017d0, 402561
  BB: 4027c0 in func 4013f0 with 10 insts
    I: 4027c0
    I: 4027c5
    I: 4027ca
    I: 4027cf
    I: 4027d4
    I: 4027d8
    I: 4027db
    I: 4027de
    I: 4027e1
    I: 4027e7 (flow 403602)
      Successors: 403602
  BB: 402fc2 in func 4013f0 with 6 insts
    I: 402fc2
    I: 402fc7
    I: 402fcc
    I: 402fd3
    I: 402fd6
    I: 402fdc (flow 403602)
      Successors: 403602
  BB: 401fce in func 4013f0 with 1 insts
    I: 401fce (flow 401fd3)
      Successors: 401fd3
  BB: 4017d0 in func 4013f0 with 1 insts
    I: 4017d0 (flow 4017d5)
      Successors: 4017d5
  BB: 401fd3 in func 4013f0 with 3 insts
    I: 401fd3
    I: 401fd9
    I: 401fde (flow 40241a)
      Successors: 40241a, 401fe4
  BB: 4017d5 in func 4013f0 with 3 insts
    I: 4017d5
    I: 4017db
    I: 4017e0 (flow 4033d3)
      Successors: 4033d3, 4017e6
  BB: 402fe1 in func 4013f0 with 12 insts
    I: 402fe1
    I: 402fe6
    I: 402feb
    I: 402ff0
    I: 402ff5 (flow 4036c0)
    I: 402ffa
    I: 402ffc
    I: 403001
    I: 403006
    I: 403009
    I: 40300c
    I: 403012 (flow 403602)
      Successors: 403602
  BB: 401fe4 in func 4013f0 with 1 insts
    I: 401fe4 (flow 401fe9)
      Successors: 401fe9
  BB: 4017e6 in func 4013f0 with 1 insts
    I: 4017e6 (flow 4017eb)
      Successors: 4017eb
  BB: 401fe9 in func 4013f0 with 3 insts
    I: 401fe9
    I: 401fef
    I: 401ff4 (flow 40229e)
      Successors: 401ffa, 40229e
  BB: 4017eb in func 4013f0 with 3 insts
    I: 4017eb
    I: 4017f1
    I: 4017f6 (flow 402e2a)
      Successors: 402e2a, 4017fc
  BB: 4027ec in func 4013f0 with 9 insts
    I: 4027ec
    I: 4027f6
    I: 4027fb
    I: 402800
    I: 402805
    I: 40280a
    I: 40280e
    I: 402811
    I: 402817 (flow 403602)
      Successors: 403602
  BB: 401ffa in func 4013f0 with 1 insts
    I: 401ffa (flow 401fff)
      Successors: 401fff
  BB: 4017fc in func 4013f0 with 1 insts
    I: 4017fc (flow 401801)
      Successors: 401801
  BB: 401fff in func 4013f0 with 3 insts
    I: 401fff
    I: 402005
    I: 40200a (flow 402792)
      Successors: 402010, 402792
Recovering 403610
  Analysing subroutine sub_403610 at 403610
  Subroutine sub_403610 at 403610 has 2 blocks
  BB: 403610 in func 403610 with 13 insts
    I: 403610
    I: 403611
    I: 403614
    I: 403619
    I: 40361e
    I: 403623
    I: 403628
    I: 40362d
    I: 403632
    I: 403637
    I: 40363c
    I: 403640
    I: 403641
      No successors
  BB: 403642 in func 403610 with 2 insts
    I: 403642
    I: 40364c
      No successors
Recovering 403650
  Analysing subroutine sub_403650 at 403650
  Subroutine sub_403650 at 403650 has 2 blocks
  BB: 403650 in func 403650 with 25 insts
    I: 403650
    I: 403651
    I: 403654
    I: 403658
    I: 40365d
    I: 403662
    I: 403667
    I: 40366c
    I: 403671
    I: 403676
    I: 40367b
    I: 403680
    I: 403685
    I: 40368a (flow 403610)
    I: 40368f
    I: 403694
    I: 403699
    I: 40369e
    I: 4036a8
    I: 4036ab
    I: 4036b0
    I: 4036b4
    I: 4036b8
    I: 4036bc
    I: 4036bd
      No successors
  BB: 4036be in func 403650 with 1 insts
    I: 4036be
      No successors
Recovering 4036c0
  Analysing subroutine sub_4036C0 at 4036c0
  Subroutine sub_4036C0 at 4036c0 has 22 blocks
  BB: 403784 in func 4036c0 with 1 insts
    I: 403784 (flow 403813)
      Successors: 403813
  BB: 403789 in func 4036c0 with 11 insts
    I: 403789
    I: 40378e
    I: 403793
    I: 403798
    I: 40379d
    I: 4037a1
    I: 4037a5
    I: 4037a8
    I: 4037ab
    I: 4037ae
    I: 4037b1 (flow 403813)
      Successors: 403813
  BB: 40380e in func 4036c0 with 3 insts
    I: 40380e
    I: 403811
    I: 403812
      No successors
  BB: 40370f in func 4036c0 with 4 insts
    I: 40370f
    I: 403712
    I: 403715
    I: 40371a (flow 4037b6)
      Successors: 403720, 4037b6
  BB: 403813 in func 4036c0 with 1 insts
    I: 403813 (flow 40370f)
      Successors: 40370f
  BB: 403818 in func 4036c0 with 1 insts
    I: 403818
      No successors
  BB: 403720 in func 4036c0 with 1 insts
    I: 403720 (flow 403725)
      Successors: 403725
  BB: 403725 in func 4036c0 with 3 insts
    I: 403725
    I: 403728
    I: 40372d (flow 4037c9)
      Successors: 4037c9, 403733
  BB: 403733 in func 4036c0 with 1 insts
    I: 403733 (flow 403738)
      Successors: 403738
  BB: 4037b6 in func 4036c0 with 3 insts
    I: 4037b6
    I: 4037bd
    I: 4037c4 (flow 403813)
      Successors: 403813
  BB: 403738 in func 4036c0 with 3 insts
    I: 403738
    I: 40373b
    I: 403740 (flow 403789)
      Successors: 403789, 403746
  BB: 4036c0 in func 4036c0 with 17 insts
    I: 4036c0
    I: 4036c1
    I: 4036c4
    I: 4036c9
    I: 4036ce
    I: 4036d3
    I: 4036d8
    I: 4036dd
    I: 4036e2
    I: 4036e7
    I: 4036eb
    I: 4036ef
    I: 4036f4
    I: 4036f9
    I: 4036fe
    I: 403703
    I: 403708
      Successors: 40370f
  BB: 403746 in func 4036c0 with 1 insts
    I: 403746 (flow 40374b)
      Successors: 40374b
  BB: 4037c9 in func 4036c0 with 7 insts
    I: 4037c9
    I: 4037ce
    I: 4037d3
    I: 4037d8
    I: 4037dd
    I: 4037e0
    I: 4037e3 (flow 403813)
      Successors: 403813
  BB: 40374b in func 4036c0 with 3 insts
    I: 40374b
    I: 40374e
    I: 403753 (flow 4037e8)
      Successors: 4037e8, 403759
  BB: 403759 in func 4036c0 with 1 insts
    I: 403759 (flow 40375e)
      Successors: 40375e
  BB: 40375e in func 4036c0 with 3 insts
    I: 40375e
    I: 403761
    I: 403766 (flow 4037fb)
      Successors: 4037fb, 40376c
  BB: 4037e8 in func 4036c0 with 3 insts
    I: 4037e8
    I: 4037ef
    I: 4037f6 (flow 403813)
      Successors: 403813
  BB: 40376c in func 4036c0 with 1 insts
    I: 40376c (flow 403771)
      Successors: 403771
  BB: 403771 in func 4036c0 with 3 insts
    I: 403771
    I: 403774
    I: 403779 (flow 40380e)
      Successors: 40380e, 40377f
  BB: 4037fb in func 4036c0 with 3 insts
    I: 4037fb
    I: 403802
    I: 403809 (flow 403813)
      Successors: 403813
  BB: 40377f in func 4036c0 with 1 insts
    I: 40377f (flow 403784)
      Successors: 403784
Recovering 403820
  Analysing subroutine sub_403820 at 403820
    Block head at 0040387b is not code.
  Subroutine sub_403820 at 403820 has 1 blocks
  BB: 403820 in func 403820 with 22 insts
    I: 403820
    I: 403821
    I: 403824
    I: 403828
    I: 40382d
    I: 403832
    I: 403837
    I: 40383c
    I: 403841
    I: 403846
    I: 40384b
    I: 403850
    I: 403855
    I: 40385a
    I: 40385f
    I: 403864
    I: 403868
    I: 40386c
    I: 403870 (flow 406048)
    I: 403875
    I: 403879
    I: 40387a
      No successors
Recovering .term_proc at 40387c
  Analysing subroutine .term_proc at 40387c
    Block head at 00403889 is not code.
  Subroutine .term_proc at 40387c has 1 blocks
  BB: 40387c in func 40387c with 4 insts
    I: 40387c
    I: 403880
    I: 403884
    I: 403888
      No successors
Global Variable None
WARNING: Global constructor and destructor sections are adjacent!
Recovering region LOAD [400000, 400540) in segment LOAD
  8-byte reference at 400018 to 401060 (start)
  8-byte reference at 4000f8 to 401000 (.init_proc)
  8-byte reference at 400130 to 404000 ()
  8-byte reference at 400168 to 405de8 ()
  8-byte reference at 400280 to 404030 ()
  8-byte reference at 4002f0 to 405de8 ()
Recovering region .init [401000, 40101b) in segment .init
Recovering region LOAD [40101b, 401020) in segment LOAD
Recovering region .plt [401020, 401060) in segment .plt
Recovering region .text [401060, 40387b) in segment .text
Recovering region LOAD [40387b, 40387c) in segment LOAD
Recovering region .fini [40387c, 403889) in segment .fini
Recovering region .rodata [404000, 40402d) in segment .rodata
  Variable aLfLfLfLfLfLfLf at 404004
  Variable format at 404024
  Variable aYes at 404028
Recovering region LOAD [40402d, 404030) in segment LOAD
Recovering region .eh_frame_hdr [404030, 404084) in segment .eh_frame_hdr
Recovering region LOAD [404084, 404088) in segment LOAD
Recovering region .eh_frame [404088, 4041c0) in segment .eh_frame
Recovering region LOAD [4041c0, 404200) in segment LOAD
Recovering region .init_array [405de8, 405df8) in segment .init_array
  8-byte reference at 405de8 to 401140 ()
  8-byte reference at 405df0 to 401110 ()
Recovering region LOAD [405df8, 405fd8) in segment LOAD
Recovering region .got [405fd8, 405fe8) in segment .got
  8-byte reference at 405fd8 to 406030 (__libc_start_main)
  8-byte reference at 405fe0 to 406050 (__gmon_start__)
Recovering region .got.plt [405fe8, 406018) in segment .got.plt
  8-byte reference at 406000 to 406038 (printf)
  8-byte reference at 406008 to 406040 (__isoc99_scanf)
  8-byte reference at 406010 to 406048 (sqrt)
Recovering region .data [406018, 406028) in segment .data
Recovering region .bss [406028, 406030) in segment .bss
Recovering extern function printf at 401030
Recovering extern function __isoc99_scanf at 401040
Recovering extern function sqrt at 401050
Recovering extern function __libc_start_main at 406030
Recovering extern function printf at 406038
Recovering extern function __isoc99_scanf at 406040
Recovering extern function sqrt at 406048
Recovering extern function __gmon_start__ at 406050
Recovered 13 functions.
Saving to: /home/ubuntu/capstone_project/result/pipeline_20260629_141746/s591874935_fla.cfg
Done analysis!
