Debugging is enabled.
Loading Standard Definitions file: /home/ubuntu/capstone_project/dependency/mcsema/mcsema/lib/python3/site-packages/mcsema_disass-3.1.3.8-py3.8.egg/mcsema_disass/defs/linux.txt
Using Batch mode.
Starting analysis
Recovering module s591874935_fla_bcf_instsub.elf
Found main at 401150
Looking for instructions in segment .init
  Default block heads for function 401000 with loose bounds [401000, 40101b)
    block [401000, 401014)
    block [401014, 401016)
    block [401016, 40101b)
    chunk [401000, 40101b)
Looking for instructions in segment .plt
  Default block heads for function 401020 with loose bounds [401020, 40102c)
    block [401020, 40102c)
    chunk [401020, 40102c)
  Default block heads for function 401030 with loose bounds [401030, 401036)
    block [401030, 401036)
    chunk [401030, 401036)
  Default block heads for function 401040 with loose bounds [401040, 401046)
    block [401040, 401046)
    chunk [401040, 401046)
  Default block heads for function 401050 with loose bounds [401050, 401056)
    block [401050, 401056)
    chunk [401050, 401056)
Looking for instructions in segment .text
  Default block heads for function 401060 with loose bounds [401060, 401086)
    block [401060, 401086)
    chunk [401060, 401086)
  Default block heads for function 4010a0 with loose bounds [4010a0, 4010c1)
    block [4010a0, 4010ad)
    block [4010ad, 4010b7)
    block [4010b7, 4010be)
    block [4010c0, 4010c1)
    chunk [4010a0, 4010c1)
  Default block heads for function 401110 with loose bounds [401110, 401131)
    block [401110, 40111d)
    block [40111d, 40112f)
    block [401130, 401131)
    chunk [401110, 401131)
  Default block heads for function 401140 with loose bounds [401140, 401146)
    block [401140, 401146)
    chunk [401140, 401146)
    chunk [4010d0, 401101)
  Default block heads for function 401150 with loose bounds [401150, 401ac1)
    block [401150, 4011a2)
    block [4011a2, 4011b3)
    block [4011b3, 4011b8)
    block [4011b8, 4011c6)
    block [4011c6, 4011cb)
    block [4011cb, 4011d9)
    block [4011d9, 4011de)
    block [4011de, 4011ec)
    block [4011ec, 4011f1)
    block [4011f1, 4011ff)
    block [4011ff, 401204)
    block [401204, 401212)
    block [401212, 401217)
    block [401217, 401225)
    block [401225, 40122a)
    block [40122a, 401238)
    block [401238, 40123d)
    block [40123d, 40124b)
    block [40124b, 401250)
    block [401250, 40125e)
    block [40125e, 401263)
    block [401263, 401271)
    block [401271, 401276)
    block [401276, 401284)
    block [401284, 401289)
    block [401289, 401297)
    block [401297, 40129c)
    block [40129c, 4012aa)
    block [4012aa, 4012af)
    block [4012af, 4012bd)
    block [4012bd, 4012c2)
    block [4012c2, 4012d0)
    block [4012d0, 4012d5)
    block [4012d5, 4012e3)
    block [4012e3, 4012e8)
    block [4012e8, 4012f6)
    block [4012f6, 4012fb)
    block [4012fb, 401309)
    block [401309, 40130e)
    block [40130e, 40131c)
    block [40131c, 401321)
    block [401321, 40132f)
    block [40132f, 401334)
    block [401334, 401342)
    block [401342, 401347)
    block [401347, 40134c)
    block [40134c, 4013a4)
    block [4013a4, 4014e3)
    block [4014e3, 4014ef)
    block [4014ef, 401550)
    block [401550, 40159d)
    block [40159d, 40172d)
    block [40172d, 401748)
    block [401748, 401795)
    block [401795, 4017f9)
    block [4017f9, 401814)
    block [401814, 401830)
    block [401830, 40187d)
    block [40187d, 4018d9)
    block [4018d9, 4018f4)
    block [4018f4, 401911)
    block [401911, 40192e)
    block [40192e, 40193a)
    block [40193a, 401941)
    block [401941, 40195d)
    block [40195d, 401aa1)
    block [401aa1, 401ab1)
    block [401ab1, 401abc)
    block [401abc, 401ac1)
    chunk [401150, 401ac1)
  Default block heads for function 401ad0 with loose bounds [401ad0, 406e2f)
    block [401ad0, 401b3f)
    block [401b3f, 401b56)
    block [401b56, 401b5b)
    block [401b5b, 401b6c)
    block [401b6c, 401b71)
    block [401b71, 401b82)
    block [401b82, 401b87)
    block [401b87, 401b98)
    block [401b98, 401b9d)
    block [401b9d, 401bae)
    block [401bae, 401bb3)
    block [401bb3, 401bc4)
    block [401bc4, 401bc9)
    block [401bc9, 401bda)
    block [401bda, 401bdf)
    block [401bdf, 401bf0)
    block [401bf0, 401bf5)
    block [401bf5, 401c06)
    block [401c06, 401c0b)
    block [401c0b, 401c1c)
    block [401c1c, 401c21)
    block [401c21, 401c32)
    block [401c32, 401c37)
    block [401c37, 401c48)
    block [401c48, 401c4d)
    block [401c4d, 401c5e)
    block [401c5e, 401c63)
    block [401c63, 401c74)
    block [401c74, 401c79)
    block [401c79, 401c8a)
    block [401c8a, 401c8f)
    block [401c8f, 401ca0)
    block [401ca0, 401ca5)
    block [401ca5, 401cb6)
    block [401cb6, 401cbb)
    block [401cbb, 401ccc)
    block [401ccc, 401cd1)
    block [401cd1, 401ce2)
    block [401ce2, 401ce7)
    block [401ce7, 401cf8)
    block [401cf8, 401cfd)
    block [401cfd, 401d0e)
    block [401d0e, 401d13)
    block [401d13, 401d24)
    block [401d24, 401d29)
    block [401d29, 401d3a)
    block [401d3a, 401d3f)
    block [401d3f, 401d50)
    block [401d50, 401d55)
    block [401d55, 401d66)
    block [401d66, 401d6b)
    block [401d6b, 401d7c)
    block [401d7c, 401d81)
    block [401d81, 401d92)
    block [401d92, 401d97)
    block [401d97, 401da8)
    block [401da8, 401dad)
    block [401dad, 401dbe)
    block [401dbe, 401dc3)
    block [401dc3, 401dd4)
    block [401dd4, 401dd9)
    block [401dd9, 401dea)
    block [401dea, 401def)
    block [401def, 401e00)
    block [401e00, 401e05)
    block [401e05, 401e16)
    block [401e16, 401e1b)
    block [401e1b, 401e2c)
    block [401e2c, 401e31)
    block [401e31, 401e42)
    block [401e42, 401e47)
    block [401e47, 401e58)
    block [401e58, 401e5d)
    block [401e5d, 401e6e)
    block [401e6e, 401e73)
    block [401e73, 401e84)
    block [401e84, 401e89)
    block [401e89, 401e9a)
    block [401e9a, 401e9f)
    block [401e9f, 401eb0)
    block [401eb0, 401eb5)
    block [401eb5, 401ec6)
    block [401ec6, 401ecb)
    block [401ecb, 401edc)
    block [401edc, 401ee1)
    block [401ee1, 401ef2)
    block [401ef2, 401ef7)
    block [401ef7, 401f08)
    block [401f08, 401f0d)
    block [401f0d, 401f1e)
    block [401f1e, 401f23)
    block [401f23, 401f34)
    block [401f34, 401f39)
    block [401f39, 401f4a)
    block [401f4a, 401f4f)
    block [401f4f, 401f60)
    block [401f60, 401f65)
    block [401f65, 401f76)
    block [401f76, 401f7b)
    block [401f7b, 401f8c)
    block [401f8c, 401f91)
    block [401f91, 401fa2)
    block [401fa2, 401fa7)
    block [401fa7, 401fb8)
    block [401fb8, 401fbd)
    block [401fbd, 401fce)
    block [401fce, 401fd3)
    block [401fd3, 401fe4)
    block [401fe4, 401fe9)
    block [401fe9, 401ffa)
    block [401ffa, 401fff)
    block [401fff, 402010)
    block [402010, 402015)
    block [402015, 402026)
    block [402026, 40202b)
    block [40202b, 40203c)
    block [40203c, 402041)
    block [402041, 402052)
    block [402052, 402057)
    block [402057, 402068)
    block [402068, 40206d)
    block [40206d, 40207e)
    block [40207e, 402083)
    block [402083, 402094)
    block [402094, 402099)
    block [402099, 4020aa)
    block [4020aa, 4020af)
    block [4020af, 4020c0)
    block [4020c0, 4020c5)
    block [4020c5, 4020d6)
    block [4020d6, 4020db)
    block [4020db, 4020ec)
    block [4020ec, 4020f1)
    block [4020f1, 402102)
    block [402102, 402107)
    block [402107, 402118)
    block [402118, 40211d)
    block [40211d, 40212e)
    block [40212e, 402133)
    block [402133, 402144)
    block [402144, 402149)
    block [402149, 40215a)
    block [40215a, 40215f)
    block [40215f, 402170)
    block [402170, 402175)
    block [402175, 402186)
    block [402186, 40218b)
    block [40218b, 40219c)
    block [40219c, 4021a1)
    block [4021a1, 4021b2)
    block [4021b2, 4021b7)
    block [4021b7, 4021c8)
    block [4021c8, 4021cd)
    block [4021cd, 4021de)
    block [4021de, 4021e3)
    block [4021e3, 4021f4)
    block [4021f4, 4021f9)
    block [4021f9, 40220a)
    block [40220a, 40220f)
    block [40220f, 402220)
    block [402220, 402225)
    block [402225, 402236)
    block [402236, 40223b)
    block [40223b, 40224c)
    block [40224c, 402251)
    block [402251, 402262)
    block [402262, 402267)
    block [402267, 402278)
    block [402278, 40227d)
    block [40227d, 40228e)
    block [40228e, 402293)
    block [402293, 4022a4)
    block [4022a4, 4022a9)
    block [4022a9, 4022ba)
    block [4022ba, 4022bf)
    block [4022bf, 4022d0)
    block [4022d0, 4022d5)
    block [4022d5, 4022e6)
    block [4022e6, 4022eb)
    block [4022eb, 4022fc)
    block [4022fc, 402301)
    block [402301, 402312)
    block [402312, 402317)
    block [402317, 402328)
    block [402328, 40232d)
    block [40232d, 40233e)
    block [40233e, 402343)
    block [402343, 402354)
    block [402354, 402359)
    block [402359, 40236a)
    block [40236a, 40236f)
    block [40236f, 402380)
    block [402380, 402385)
    block [402385, 402396)
    block [402396, 40239b)
    block [40239b, 4023ac)
    block [4023ac, 4023b1)
    block [4023b1, 4023c2)
    block [4023c2, 4023c7)
    block [4023c7, 4023d8)
    block [4023d8, 4023dd)
    block [4023dd, 4023ee)
    block [4023ee, 4023f3)
    block [4023f3, 402404)
    block [402404, 402409)
    block [402409, 40241a)
    block [40241a, 40241f)
    block [40241f, 402430)
    block [402430, 402435)
    block [402435, 402446)
    block [402446, 40244b)
    block [40244b, 40245c)
    block [40245c, 402461)
    block [402461, 402472)
    block [402472, 402477)
    block [402477, 402488)
    block [402488, 40248d)
    block [40248d, 40249e)
    block [40249e, 4024a3)
    block [4024a3, 4024b4)
    block [4024b4, 4024b9)
    block [4024b9, 4024ca)
    block [4024ca, 4024cf)
    block [4024cf, 4024e0)
    block [4024e0, 4024e5)
    block [4024e5, 4024f6)
    block [4024f6, 4024fb)
    block [4024fb, 40250c)
    block [40250c, 402511)
    block [402511, 402522)
    block [402522, 402527)
    block [402527, 402538)
    block [402538, 40253d)
    block [40253d, 40254e)
    block [40254e, 402553)
    block [402553, 402564)
    block [402564, 402569)
    block [402569, 40257a)
    block [40257a, 40257f)
    block [40257f, 402590)
    block [402590, 402595)
    block [402595, 4025a6)
    block [4025a6, 4025ab)
    block [4025ab, 4025bc)
    block [4025bc, 4025c1)
    block [4025c1, 4025d2)
    block [4025d2, 4025d7)
    block [4025d7, 4025e8)
    block [4025e8, 4025ed)
    block [4025ed, 4025fe)
    block [4025fe, 402603)
    block [402603, 402614)
    block [402614, 402619)
    block [402619, 40262a)
    block [40262a, 40262f)
    block [40262f, 402640)
    block [402640, 402645)
    block [402645, 402656)
    block [402656, 40265b)
    block [40265b, 40266c)
    block [40266c, 402671)
    block [402671, 402682)
    block [402682, 402687)
    block [402687, 402698)
    block [402698, 40269d)
    block [40269d, 4026ae)
    block [4026ae, 4026b3)
    block [4026b3, 4026c4)
    block [4026c4, 4026c9)
    block [4026c9, 4026da)
    block [4026da, 4026df)
    block [4026df, 4026f0)
    block [4026f0, 4026f5)
    block [4026f5, 402706)
    block [402706, 40270b)
    block [40270b, 40271c)
    block [40271c, 402721)
    block [402721, 402732)
    block [402732, 402737)
    block [402737, 402748)
    block [402748, 40274d)
    block [40274d, 40275e)
    block [40275e, 402763)
    block [402763, 402774)
    block [402774, 402779)
    block [402779, 40278a)
    block [40278a, 40278f)
    block [40278f, 4027a0)
    block [4027a0, 4027a5)
    block [4027a5, 4027b6)
    block [4027b6, 4027bb)
    block [4027bb, 4027cc)
    block [4027cc, 4027d1)
    block [4027d1, 4027e2)
    block [4027e2, 4027e7)
    block [4027e7, 4027f8)
    block [4027f8, 4027fd)
    block [4027fd, 40280e)
    block [40280e, 402813)
    block [402813, 402824)
    block [402824, 402829)
    block [402829, 40283a)
    block [40283a, 40283f)
    block [40283f, 402850)
    block [402850, 402855)
    block [402855, 402866)
    block [402866, 40286b)
    block [40286b, 40287c)
    block [40287c, 402881)
    block [402881, 402892)
    block [402892, 402897)
    block [402897, 4028a8)
    block [4028a8, 4028ad)
    block [4028ad, 4028be)
    block [4028be, 4028c3)
    block [4028c3, 4028d4)
    block [4028d4, 4028d9)
    block [4028d9, 4028ea)
    block [4028ea, 4028ef)
    block [4028ef, 402900)
    block [402900, 402905)
    block [402905, 402916)
    block [402916, 40291b)
    block [40291b, 40292c)
    block [40292c, 402931)
    block [402931, 402942)
    block [402942, 402947)
    block [402947, 402958)
    block [402958, 40295d)
    block [40295d, 40296e)
    block [40296e, 402973)
    block [402973, 402984)
    block [402984, 402989)
    block [402989, 40299a)
    block [40299a, 40299f)
    block [40299f, 4029b0)
    block [4029b0, 4029b5)
    block [4029b5, 4029c6)
    block [4029c6, 4029cb)
    block [4029cb, 4029dc)
    block [4029dc, 4029e1)
    block [4029e1, 4029f2)
    block [4029f2, 4029f7)
    block [4029f7, 402a08)
    block [402a08, 402a0d)
    block [402a0d, 402a1e)
    block [402a1e, 402a23)
    block [402a23, 402a34)
    block [402a34, 402a39)
    block [402a39, 402a4a)
    block [402a4a, 402a4f)
    block [402a4f, 402a60)
    block [402a60, 402a65)
    block [402a65, 402a76)
    block [402a76, 402a7b)
    block [402a7b, 402a8c)
    block [402a8c, 402a91)
    block [402a91, 402aa2)
    block [402aa2, 402aa7)
    block [402aa7, 402ab8)
    block [402ab8, 402abd)
    block [402abd, 402ace)
    block [402ace, 402ad3)
    block [402ad3, 402ae4)
    block [402ae4, 402ae9)
    block [402ae9, 402afa)
    block [402afa, 402aff)
    block [402aff, 402b10)
    block [402b10, 402b15)
    block [402b15, 402b26)
    block [402b26, 402b2b)
    block [402b2b, 402b3c)
    block [402b3c, 402b41)
    block [402b41, 402b52)
    block [402b52, 402b57)
    block [402b57, 402b68)
    block [402b68, 402b6d)
    block [402b6d, 402b7e)
    block [402b7e, 402b83)
    block [402b83, 402b94)
    block [402b94, 402b99)
    block [402b99, 402baa)
    block [402baa, 402baf)
    block [402baf, 402bc0)
    block [402bc0, 402bc5)
    block [402bc5, 402bd6)
    block [402bd6, 402bdb)
    block [402bdb, 402bec)
    block [402bec, 402bf1)
    block [402bf1, 402c02)
    block [402c02, 402c07)
    block [402c07, 402c18)
    block [402c18, 402c1d)
    block [402c1d, 402c2e)
    block [402c2e, 402c33)
    block [402c33, 402c44)
    block [402c44, 402c49)
    block [402c49, 402c5a)
    block [402c5a, 402c5f)
    block [402c5f, 402c70)
    block [402c70, 402c75)
    block [402c75, 402c86)
    block [402c86, 402c8b)
    block [402c8b, 402c9c)
    block [402c9c, 402ca1)
    block [402ca1, 402cb2)
    block [402cb2, 402cb7)
    block [402cb7, 402cc8)
    block [402cc8, 402ccd)
    block [402ccd, 402cde)
    block [402cde, 402ce3)
    block [402ce3, 402cf4)
    block [402cf4, 402cf9)
    block [402cf9, 402d0a)
    block [402d0a, 402d0f)
    block [402d0f, 402d20)
    block [402d20, 402d25)
    block [402d25, 402d36)
    block [402d36, 402d3b)
    block [402d3b, 402d4c)
    block [402d4c, 402d51)
    block [402d51, 402d62)
    block [402d62, 402d67)
    block [402d67, 402d78)
    block [402d78, 402d7d)
    block [402d7d, 402d8e)
    block [402d8e, 402d93)
    block [402d93, 402da4)
    block [402da4, 402da9)
    block [402da9, 402dba)
    block [402dba, 402dbf)
    block [402dbf, 402dd0)
    block [402dd0, 402dd5)
    block [402dd5, 402de6)
    block [402de6, 402deb)
    block [402deb, 402dfc)
    block [402dfc, 402e01)
    block [402e01, 402e12)
    block [402e12, 402e17)
    block [402e17, 402e28)
    block [402e28, 402e2d)
    block [402e2d, 402e3e)
    block [402e3e, 402e43)
    block [402e43, 402e54)
    block [402e54, 402e59)
    block [402e59, 402e6a)
    block [402e6a, 402e6f)
    block [402e6f, 402e80)
    block [402e80, 402e85)
    block [402e85, 402e96)
    block [402e96, 402e9b)
    block [402e9b, 402eac)
    block [402eac, 402eb1)
    block [402eb1, 402ec2)
    block [402ec2, 402ec7)
    block [402ec7, 402ed8)
    block [402ed8, 402edd)
    block [402edd, 402eee)
    block [402eee, 402ef3)
    block [402ef3, 402f04)
    block [402f04, 402f09)
    block [402f09, 402f1a)
    block [402f1a, 402f1f)
    block [402f1f, 402f30)
    block [402f30, 402f35)
    block [402f35, 402f46)
    block [402f46, 402f4b)
    block [402f4b, 402f5c)
    block [402f5c, 402f61)
    block [402f61, 402f72)
    block [402f72, 402f77)
    block [402f77, 402f88)
    block [402f88, 402f8d)
    block [402f8d, 402f9e)
    block [402f9e, 402fa3)
    block [402fa3, 402fb4)
    block [402fb4, 402fb9)
    block [402fb9, 402fca)
    block [402fca, 402fcf)
    block [402fcf, 402fe0)
    block [402fe0, 402fe5)
    block [402fe5, 402ff6)
    block [402ff6, 402ffb)
    block [402ffb, 40300c)
    block [40300c, 403011)
    block [403011, 403022)
    block [403022, 403027)
    block [403027, 403038)
    block [403038, 40303d)
    block [40303d, 40304e)
    block [40304e, 403053)
    block [403053, 403064)
    block [403064, 403069)
    block [403069, 40307a)
    block [40307a, 40307f)
    block [40307f, 403090)
    block [403090, 403095)
    block [403095, 4030a6)
    block [4030a6, 4030ab)
    block [4030ab, 4030bc)
    block [4030bc, 4030c1)
    block [4030c1, 4030d2)
    block [4030d2, 4030d7)
    block [4030d7, 4030e8)
    block [4030e8, 4030ed)
    block [4030ed, 4030fe)
    block [4030fe, 403103)
    block [403103, 403114)
    block [403114, 403119)
    block [403119, 40312a)
    block [40312a, 40312f)
    block [40312f, 403140)
    block [403140, 403145)
    block [403145, 403156)
    block [403156, 40315b)
    block [40315b, 40316c)
    block [40316c, 403171)
    block [403171, 403182)
    block [403182, 403187)
    block [403187, 403198)
    block [403198, 40319d)
    block [40319d, 4031ae)
    block [4031ae, 4031b3)
    block [4031b3, 4031c4)
    block [4031c4, 4031c9)
    block [4031c9, 4031da)
    block [4031da, 4031df)
    block [4031df, 4031f0)
    block [4031f0, 4031f5)
    block [4031f5, 403206)
    block [403206, 40320b)
    block [40320b, 40321c)
    block [40321c, 403221)
    block [403221, 403232)
    block [403232, 403237)
    block [403237, 403248)
    block [403248, 40324d)
    block [40324d, 40325e)
    block [40325e, 403263)
    block [403263, 403274)
    block [403274, 403279)
    block [403279, 40328a)
    block [40328a, 40328f)
    block [40328f, 4032a0)
    block [4032a0, 4032a5)
    block [4032a5, 4032b6)
    block [4032b6, 4032bb)
    block [4032bb, 4032cc)
    block [4032cc, 4032d1)
    block [4032d1, 4032e2)
    block [4032e2, 4032e7)
    block [4032e7, 4032f8)
    block [4032f8, 4032fd)
    block [4032fd, 40330e)
    block [40330e, 403313)
    block [403313, 403324)
    block [403324, 403329)
    block [403329, 40333a)
    block [40333a, 40333f)
    block [40333f, 403350)
    block [403350, 403355)
    block [403355, 403366)
    block [403366, 40336b)
    block [40336b, 40337c)
    block [40337c, 403381)
    block [403381, 403386)
    block [403386, 4033ac)
    block [4033ac, 4033ce)
    block [4033ce, 403426)
    block [403426, 403488)
    block [403488, 403497)
    block [403497, 4034b9)
    block [4034b9, 4034db)
    block [4034db, 4034f4)
    block [4034f4, 403516)
    block [403516, 40356e)
    block [40356e, 4035d8)
    block [4035d8, 4035f6)
    block [4035f6, 40360f)
    block [40360f, 40361e)
    block [40361e, 40362d)
    block [40362d, 403653)
    block [403653, 403679)
    block [403679, 403692)
    block [403692, 4036b8)
    block [4036b8, 403742)
    block [403742, 4037e2)
    block [4037e2, 403800)
    block [403800, 403819)
    block [403819, 40383f)
    block [40383f, 403897)
    block [403897, 403905)
    block [403905, 403923)
    block [403923, 40393c)
    block [40393c, 40394b)
    block [40394b, 4039a3)
    block [4039a3, 4039f3)
    block [4039f3, 403a02)
    block [403a02, 403a8c)
    block [403a8c, 403b2d)
    block [403b2d, 403b4b)
    block [403b4b, 403b78)
    block [403b78, 403bd0)
    block [403bd0, 403c71)
    block [403c71, 403c8f)
    block [403c8f, 403cbc)
    block [403cbc, 403ce8)
    block [403ce8, 403d18)
    block [403d18, 403da2)
    block [403da2, 403e11)
    block [403e11, 403e2f)
    block [403e2f, 403e5f)
    block [403e5f, 403e8b)
    block [403e8b, 403ebb)
    block [403ebb, 403ee7)
    block [403ee7, 403f17)
    block [403f17, 403f6f)
    block [403f6f, 404010)
    block [404010, 40402e)
    block [40402e, 40405e)
    block [40405e, 404077)
    block [404077, 4040cf)
    block [4040cf, 404163)
    block [404163, 404172)
    block [404172, 404181)
    block [404181, 4041af)
    block [4041af, 4041db)
    block [4041db, 40420b)
    block [40420b, 404263)
    block [404263, 4042c5)
    block [4042c5, 4042d4)
    block [4042d4, 4042ed)
    block [4042ed, 4042fc)
    block [4042fc, 404330)
    block [404330, 40435c)
    block [40435c, 40438c)
    block [40438c, 4043a5)
    block [4043a5, 4043be)
    block [4043be, 4043cd)
    block [4043cd, 40441d)
    block [40441d, 40449a)
    block [40449a, 4044a9)
    block [4044a9, 4044d5)
    block [4044d5, 404501)
    block [404501, 40452d)
    block [40452d, 40454c)
    block [40454c, 4045d6)
    block [4045d6, 404640)
    block [404640, 40465e)
    block [40465e, 4046e8)
    block [4046e8, 404758)
    block [404758, 404767)
    block [404767, 40478e)
    block [40478e, 4047ba)
    block [4047ba, 4047d3)
    block [4047d3, 4047f9)
    block [4047f9, 404812)
    block [404812, 40482b)
    block [40482b, 4048ad)
    block [4048ad, 404905)
    block [404905, 404914)
    block [404914, 404938)
    block [404938, 404957)
    block [404957, 4049e1)
    block [4049e1, 404a48)
    block [404a48, 404a66)
    block [404a66, 404a7c)
    block [404a7c, 404acc)
    block [404acc, 404b5d)
    block [404b5d, 404b6c)
    block [404b6c, 404b8b)
    block [404b8b, 404bad)
    block [404bad, 404c05)
    block [404c05, 404ca7)
    block [404ca7, 404cb6)
    block [404cb6, 404cdd)
    block [404cdd, 404d35)
    block [404d35, 404dd6)
    block [404dd6, 404df4)
    block [404df4, 404e0d)
    block [404e0d, 404e8f)
    block [404e8f, 404efd)
    block [404efd, 404f1b)
    block [404f1b, 404f34)
    block [404f34, 404f4d)
    block [404f4d, 404f5c)
    block [404f5c, 404fb4)
    block [404fb4, 40504a)
    block [40504a, 405068)
    block [405068, 4050ea)
    block [4050ea, 405183)
    block [405183, 4051a1)
    block [4051a1, 4051c0)
    block [4051c0, 4051d6)
    block [4051d6, 4051ec)
    block [4051ec, 40520b)
    block [40520b, 40522d)
    block [40522d, 405254)
    block [405254, 40527b)
    block [40527b, 4052a7)
    block [4052a7, 4052c0)
    block [4052c0, 4052e6)
    block [4052e6, 4052ff)
    block [4052ff, 405318)
    block [405318, 405327)
    block [405327, 40534b)
    block [40534b, 40536a)
    block [40536a, 405389)
    block [405389, 40539f)
    block [40539f, 4053b5)
    block [4053b5, 4053c4)
    block [4053c4, 4053d3)
    block [4053d3, 4053e2)
    block [4053e2, 40543a)
    block [40543a, 4054d3)
    block [4054d3, 4054f1)
    block [4054f1, 405549)
    block [405549, 4055a8)
    block [4055a8, 4055c6)
    block [4055c6, 405650)
    block [405650, 4056b7)
    block [4056b7, 4056d5)
    block [4056d5, 4056f4)
    block [4056f4, 40572a)
    block [40572a, 40577a)
    block [40577a, 4057e1)
    block [4057e1, 4057ff)
    block [4057ff, 40581e)
    block [40581e, 4058a0)
    block [4058a0, 405907)
    block [405907, 405925)
    block [405925, 40593b)
    block [40593b, 4059c5)
    block [4059c5, 405a56)
    block [405a56, 405a65)
    block [405a65, 405ae7)
    block [405ae7, 405b95)
    block [405b95, 405bb3)
    block [405bb3, 405bd2)
    block [405bd2, 405bf1)
    block [405bf1, 405c10)
    block [405c10, 405c26)
    block [405c26, 405c3c)
    block [405c3c, 405c4b)
    block [405c4b, 405c5a)
    block [405c5a, 405c79)
    block [405c79, 405c98)
    block [405c98, 405cb7)
    block [405cb7, 405d0f)
    block [405d0f, 405da0)
    block [405da0, 405dbe)
    block [405dbe, 405e48)
    block [405e48, 405ec2)
    block [405ec2, 405ee0)
    block [405ee0, 405eff)
    block [405eff, 405f1e)
    block [405f1e, 405f76)
    block [405f76, 406007)
    block [406007, 406025)
    block [406025, 40603b)
    block [40603b, 406051)
    block [406051, 4060db)
    block [4060db, 40618f)
    block [40618f, 4061ad)
    block [4061ad, 4061cc)
    block [4061cc, 4061eb)
    block [4061eb, 40620a)
    block [40620a, 406294)
    block [406294, 406325)
    block [406325, 406334)
    block [406334, 40634a)
    block [40634a, 406359)
    block [406359, 4063e3)
    block [4063e3, 406465)
    block [406465, 406474)
    block [406474, 406493)
    block [406493, 4064b2)
    block [4064b2, 4064d1)
    block [4064d1, 4064f0)
    block [4064f0, 40652c)
    block [40652c, 40654b)
    block [40654b, 40656a)
    block [40656a, 4065c2)
    block [4065c2, 406621)
    block [406621, 40663f)
    block [40663f, 40668f)
    block [40668f, 406720)
    block [406720, 40672f)
    block [40672f, 406787)
    block [406787, 4067de)
    block [4067de, 4067ed)
    block [4067ed, 406829)
    block [406829, 406848)
    block [406848, 406867)
    block [406867, 406886)
    block [406886, 4068de)
    block [4068de, 40696f)
    block [40696f, 40697e)
    block [40697e, 406994)
    block [406994, 4069a3)
    block [4069a3, 4069b2)
    block [4069b2, 406a0a)
    block [406a0a, 406a94)
    block [406a94, 406aa3)
    block [406aa3, 406ab2)
    block [406ab2, 406ac1)
    block [406ac1, 406ad7)
    block [406ad7, 406ae3)
    block [406ae3, 406afc)
    block [406afc, 406b0b)
    block [406b0b, 406b1a)
    block [406b1a, 406b29)
    block [406b29, 406b38)
    block [406b38, 406b47)
    block [406b47, 406b56)
    block [406b56, 406b65)
    block [406b65, 406b74)
    block [406b74, 406b8d)
    block [406b8d, 406ba6)
    block [406ba6, 406bda)
    block [406bda, 406be9)
    block [406be9, 406c10)
    block [406c10, 406c1f)
    block [406c1f, 406c2e)
    block [406c2e, 406c44)
    block [406c44, 406c6b)
    block [406c6b, 406c7a)
    block [406c7a, 406c89)
    block [406c89, 406c98)
    block [406c98, 406ca7)
    block [406ca7, 406cb6)
    block [406cb6, 406cc5)
    block [406cc5, 406cd4)
    block [406cd4, 406ce3)
    block [406ce3, 406cf2)
    block [406cf2, 406d08)
    block [406d08, 406d30)
    block [406d30, 406d3f)
    block [406d3f, 406d6d)
    block [406d6d, 406d7c)
    block [406d7c, 406daa)
    block [406daa, 406dc0)
    block [406dc0, 406dcf)
    block [406dcf, 406dde)
    block [406dde, 406df4)
    block [406df4, 406e0a)
    block [406e0a, 406e20)
    block [406e20, 406e2a)
    block [406e2a, 406e2f)
    chunk [401ad0, 406e2f)
  Default block heads for function 406e30 with loose bounds [406e30, 406e62)
    block [406e30, 406e62)
    chunk [406e30, 406e62)
  Default block heads for function 406e70 with loose bounds [406e70, 4070e2)
    block [406e70, 406ed3)
    block [406ed3, 406ee4)
    block [406ee4, 406ee9)
    block [406ee9, 406ef7)
    block [406ef7, 406efc)
    block [406efc, 406f0a)
    block [406f0a, 406f0f)
    block [406f0f, 406f1d)
    block [406f1d, 406f22)
    block [406f22, 406f27)
    block [406f27, 406f7f)
    block [406f7f, 40706b)
    block [40706b, 407075)
    block [407075, 4070dd)
    block [4070dd, 4070e2)
    chunk [406e70, 4070e2)
  Default block heads for function 4070f0 with loose bounds [4070f0, 4074b4)
    block [4070f0, 40713f)
    block [40713f, 407150)
    block [407150, 407155)
    block [407155, 407163)
    block [407163, 407168)
    block [407168, 407176)
    block [407176, 40717b)
    block [40717b, 407189)
    block [407189, 40718e)
    block [40718e, 40719c)
    block [40719c, 4071a1)
    block [4071a1, 4071af)
    block [4071af, 4071b4)
    block [4071b4, 4071c2)
    block [4071c2, 4071c7)
    block [4071c7, 4071d5)
    block [4071d5, 4071da)
    block [4071da, 4071e8)
    block [4071e8, 4071ed)
    block [4071ed, 4071fb)
    block [4071fb, 407200)
    block [407200, 40720e)
    block [40720e, 407213)
    block [407213, 407221)
    block [407221, 407226)
    block [407226, 40722b)
    block [40722b, 407258)
    block [407258, 40726b)
    block [40726b, 40728a)
    block [40728a, 407311)
    block [407311, 407397)
    block [407397, 4073a3)
    block [4073a3, 4073b6)
    block [4073b6, 407403)
    block [407403, 407490)
    block [407490, 407495)
    block [407495, 4074a8)
    block [4074a8, 4074af)
    block [4074af, 4074b4)
    chunk [4070f0, 4074b4)
  Default block heads for function 4074c0 with loose bounds [4074c0, 40751b)
    block [4074c0, 40751b)
    chunk [4074c0, 40751b)
Looking for instructions in segment .fini
  Default block heads for function 40751c with loose bounds [40751c, 407529)
    block [40751c, 407529)
    chunk [40751c, 407529)
Looking for strings in segment .rodata [408000, 40802d)
  Found string b'%lf,%lf,%lf,%lf,%lf,%lf,%lf,%lf' of length 32 at 408004, jumping to 408024
  Found string b'NO\n' of length 4 at 408024, jumping to 408028
  Found string b'YES\n' of length 5 at 408028, jumping to 40802d
Looking for strings in segment .eh_frame_hdr [408030, 408084)
Looking for strings in segment .eh_frame [408088, 4081c4)
Looking for strings in segment .init_array [409de8, 409df0)
Looking for strings in segment .fini_array [409df0, 409df8)
Looking for strings in segment .got [409fd8, 409fe8)
Looking for strings in segment .got.plt [409fe8, 40a018)
Looking for strings in segment .data [40a018, 40a028)
Looking for strings in segment .bss [40a028, 40a060)
Looking for strings in segment extern [40a060, 40a088)
Looking for cross-references in segment .init [401000, 40101b)
Looking for cross-references in segment .plt [401020, 401060)
  Stopping scan at 40102c
Looking for cross-references in segment .text [401060, 40751b)
  Stopping scan at 40108c
  Stopping scan at 40109c
  Stopping scan at ffffffffffffffff
  Stopping scan at 4010cc
  Stopping scan at 40110c
  Stopping scan at ffffffffffffffff
  Stopping scan at 40113c
  Stopping scan at 40114c
  Stopping scan at 401acc
  Stopping scan at ffffffffffffffff
  Stopping scan at 406e6c
  Stopping scan at 4070ec
  Stopping scan at 4074bc
Looking for cross-references in segment .fini [40751c, 407529)
Looking for cross-references in segment .rodata [408000, 40802d)
  Found string at 408004, jumping to 408024
  Found string at 408024, jumping to 408028
  Found string at 408028, jumping to 40802d
  Stopping scan at 408028
Looking for cross-references in segment .eh_frame_hdr [408030, 408084)
  Stopping scan at 408080
Looking for cross-references in segment .eh_frame [408088, 4081c4)
  Stopping scan at 4081c0
Looking for cross-references in segment .init_array [409de8, 409df0)
  Adding qword reference from 409de8 to 401140
  Stopping scan at 409de8
Looking for cross-references in segment .fini_array [409df0, 409df8)
  Adding qword reference from 409df0 to 401110
  Stopping scan at 409df0
Looking for cross-references in segment .got [409fd8, 409fe8)
  Adding qword reference from 409fd8 to 40a060
  Adding qword reference from 409fe0 to 40a080
  Stopping scan at 409fe0
Looking for cross-references in segment .got.plt [409fe8, 40a018)
  Adding qword reference from 40a000 to 40a068
  Adding qword reference from 40a008 to 40a070
  Adding qword reference from 40a010 to 40a078
  Stopping scan at 40a010
Looking for cross-references in segment .data [40a018, 40a028)
  Stopping scan at 40a024
Looking for cross-references in segment .bss [40a028, 40a060)
  Stopping scan at 40a05c
Looking for cross-references in segment extern [40a060, 40a088)
  Stopping scan at 40a084
Looking for thunks
  Found thunk for printf targeting 40a068 at 401030
  Found thunk for __isoc99_scanf targeting 40a070 at 401040
  Found thunk for sqrt targeting 40a078 at 401050
Looking for external symbols
  Function at 401030 is the external function printf
  Function at 401040 is the external function __isoc99_scanf
  Function at 401050 is the external function sqrt
  Function at 40a060 is the external function __libc_start_main
  Function at 40a068 is the external function printf
  Function at 40a070 is the external function __isoc99_scanf
  Function at 40a078 is the external function sqrt
  Function at 40a080 is the external function __gmon_start__
Looking for entrypoints
Recovering .init_proc at 401000
  Analysing subroutine .init_proc at 401000
    Block head at 0040101b is not code.
  Subroutine .init_proc at 401000 has 3 blocks
  BB: 401000 in func 401000 with 5 insts
    Referenced by data
    I: 401000
    I: 401004
    I: 401008 (mem 409fe0)
    I: 40100f
    I: 401012 (flow 401016)
      Successors: 401014, 401016
  BB: 401014 in func 401000 with 1 insts
    I: 401014
      Successors: 401016
  BB: 401016 in func 401000 with 2 insts
    I: 401016
    I: 40101a
      No successors
Recovering 401020
  Analysing subroutine sub_401020 at 401020
  WARNING: No table entries for indirect jump at 401026; Adding next_ea 40102c as successor.
  Subroutine sub_401020 at 401020 has 2 blocks
  WARNING: No table entries for indirect jump at 401026; Adding next_ea 40102c as successor.
  BB: 401020 in func 401020 with 2 insts
    I: 401020 (mem 409ff0)
    I: 401026 (mem 409ff8)
      Successors: 40102c
  BB: 40102c in func 401020 with 1 insts
    I: 40102c
      No successors
Recovering start at 401060
  Analysing subroutine start at 401060
  Subroutine start at 401060 has 3 blocks
  BB: 401060 in func 401060 with 13 insts
    Referenced by data
    I: 401060
    I: 401064
    I: 401066
    I: 401069
    I: 40106a
    I: 40106d
    I: 401071
    I: 401072
    I: 401073
    I: 401076
    I: 401078 (imm 401150)
    I: 40107f (mem 409fd8)
    I: 401085
      No successors
  BB: 401095 in func 401060 with 2 insts
    I: 401095
    I: 40109f
      No successors
  BB: 401086 in func 401060 with 3 insts
    I: 401086
    I: 401090
    I: 401094
      No successors
Recovering 4010a0
  Analysing subroutine sub_4010A0 at 4010a0
  WARNING: No table entries for indirect jump at 4010bc; Adding next_ea 4010be as successor.
  WARNING: No table entries for indirect jump at 4010fe; Adding next_ea 401100 as successor.
  Subroutine sub_4010A0 at 4010a0 has 11 blocks
  BB: 4010a0 in func 4010a0 with 3 insts
    I: 4010a0 (imm 40a028)
    I: 4010a5 (imm 40a028)
    I: 4010ab (flow 4010c0)
      Successors: 4010c0, 4010ad
  BB: 4010c0 in func 4010a0 with 1 insts
    I: 4010c0
      No successors
  BB: 4010c1 in func 4010a0 with 2 insts
    I: 4010c1
    I: 4010c5
      Successors: 4010d0
  BB: 401100 in func 4010a0 with 1 insts
    I: 401100
      No successors
  BB: 401101 in func 4010a0 with 2 insts
    I: 401101
    I: 401105
      No successors
  BB: 4010ad in func 4010a0 with 3 insts
    I: 4010ad
    I: 4010b2
    I: 4010b5 (flow 4010c0)
      Successors: 4010c0, 4010b7
  BB: 4010ef in func 4010a0 with 3 insts
    I: 4010ef
    I: 4010f4
    I: 4010f7 (flow 401100)
      Successors: 401100, 4010f9
  BB: 4010d0 in func 4010a0 with 8 insts
    I: 4010d0 (imm 40a028)
    I: 4010d5 (imm 40a028)
    I: 4010dc
    I: 4010df
    I: 4010e3
    I: 4010e7
    I: 4010ea
    I: 4010ed (flow 401100)
      Successors: 401100, 4010ef
  WARNING: No table entries for indirect jump at 4010bc; Adding next_ea 4010be as successor.
  BB: 4010b7 in func 4010a0 with 2 insts
    I: 4010b7 (imm 40a028)
    I: 4010bc
      Successors: 4010be
  WARNING: No table entries for indirect jump at 4010fe; Adding next_ea 401100 as successor.
  BB: 4010f9 in func 4010a0 with 2 insts
    I: 4010f9 (imm 40a028)
    I: 4010fe
      Successors: 401100
  BB: 4010be in func 4010a0 with 1 insts
    I: 4010be
      Successors: 4010c0
Recovering 401110
  Analysing subroutine sub_401110 at 401110
  Subroutine sub_401110 at 401110 has 5 blocks
  BB: 40112f in func 401110 with 1 insts
    I: 40112f
      Successors: 401130
  BB: 401110 in func 401110 with 3 insts
    Referenced by data
    I: 401110
    I: 401114 (mem 40a028)
    I: 40111b (flow 401130)
      Successors: 401130, 40111d
  BB: 401131 in func 401110 with 2 insts
    I: 401131
    I: 401135
      No successors
  BB: 401130 in func 401110 with 1 insts
    I: 401130
      No successors
  BB: 40111d in func 401110 with 6 insts
    I: 40111d
    I: 40111e
    I: 401121 (flow 4010a0)
    I: 401126 (mem 40a028)
    I: 40112d
    I: 40112e
      No successors
Recovering 401140
  Analysing subroutine sub_401140 at 401140
  WARNING: No table entries for indirect jump at 4010fe; Adding next_ea 401100 as successor.
  Subroutine sub_401140 at 401140 has 6 blocks
  BB: 401140 in func 401140 with 2 insts
    Referenced by data
    I: 401140
    I: 401144 (flow 4010d0)
      Successors: 4010d0
  BB: 401100 in func 401140 with 1 insts
    I: 401100
      No successors
  BB: 401146 in func 401140 with 1 insts
    I: 401146
      No successors
  BB: 4010ef in func 401140 with 3 insts
    I: 4010ef
    I: 4010f4
    I: 4010f7 (flow 401100)
      Successors: 401100, 4010f9
  BB: 4010d0 in func 401140 with 8 insts
    I: 4010d0 (imm 40a028)
    I: 4010d5 (imm 40a028)
    I: 4010dc
    I: 4010df
    I: 4010e3
    I: 4010e7
    I: 4010ea
    I: 4010ed (flow 401100)
      Successors: 401100, 4010ef
  WARNING: No table entries for indirect jump at 4010fe; Adding next_ea 401100 as successor.
  BB: 4010f9 in func 401140 with 2 insts
    I: 4010f9 (imm 40a028)
    I: 4010fe
      Successors: 401100
Recovering main at 401150
  Analysing subroutine main at 401150
  Subroutine main at 401150 has 70 blocks
  BB: 401284 in func 401150 with 1 insts
    I: 401284 (flow 401289)
      Successors: 401289
  BB: 401204 in func 401150 with 3 insts
    I: 401204
    I: 401207
    I: 40120c (flow 4017f9)
      Successors: 4017f9, 401212
  BB: 401289 in func 401150 with 3 insts
    I: 401289
    I: 40128c
    I: 401291 (flow 40187d)
      Successors: 40187d, 401297
  BB: 401309 in func 401150 with 1 insts
    I: 401309 (flow 40130e)
      Successors: 40130e
  BB: 40130e in func 401150 with 3 insts
    I: 40130e
    I: 401311
    I: 401316 (flow 401748)
      Successors: 401748, 40131c
  BB: 401911 in func 401150 with 5 insts
    I: 401911 (imm 408028)
    I: 40191b
    I: 40191d (flow 40a068)
    I: 401922
    I: 401929 (flow 401abc)
      Successors: 401abc
  BB: 401212 in func 401150 with 1 insts
    I: 401212 (flow 401217)
      Successors: 401217
  BB: 401814 in func 401150 with 7 insts
    I: 401814
    I: 401818
    I: 40181d
    I: 401822
    I: 401825
    I: 401828
    I: 40182b (flow 401abc)
      Successors: 401abc
  BB: 401795 in func 401150 with 29 insts
    I: 401795
    I: 401799
    I: 40179c
    I: 40179f
    I: 4017a1
    I: 4017a4 (imm 40a030)
    I: 4017ab
    I: 4017ad (imm 40a04c)
    I: 4017b4
    I: 4017b6
    I: 4017b8
    I: 4017be
    I: 4017c1
    I: 4017c7
    I: 4017ca
    I: 4017cd
    I: 4017d0
    I: 4017d3
    I: 4017d6
    I: 4017d9
    I: 4017db
    I: 4017dd
    I: 4017df
    I: 4017e1
    I: 4017e6
    I: 4017eb
    I: 4017ee
    I: 4017f1
    I: 4017f4 (flow 401abc)
      Successors: 401abc
  BB: 401297 in func 401150 with 1 insts
    I: 401297 (flow 40129c)
      Successors: 40129c
  BB: 401217 in func 401150 with 3 insts
    I: 401217
    I: 40121a
    I: 40121f (flow 40134c)
      Successors: 40134c, 401225
  BB: 40131c in func 401150 with 1 insts
    I: 40131c (flow 401321)
      Successors: 401321
  BB: 40129c in func 401150 with 3 insts
    I: 40129c
    I: 40129f
    I: 4012a4 (flow 4014e3)
      Successors: 4012aa, 4014e3
  BB: 40159d in func 401150 with 109 insts
    I: 40159d
    I: 4015a1
    I: 4015a5
    I: 4015a9
    I: 4015ad
    I: 4015b1
    I: 4015b5
    I: 4015b9
    I: 4015bd
    I: 4015c1
    I: 4015c5
    I: 4015c9
    I: 4015cd
    I: 4015d1
    I: 4015d5
    I: 4015d9
    I: 4015dd (flow 401ad0)
    I: 4015e2
    I: 4015e4
    I: 4015e8
    I: 4015ea
    I: 4015ee
    I: 4015f2
    I: 4015f6
    I: 4015fa
    I: 4015fe
    I: 401602
    I: 401606
    I: 40160a
    I: 40160e
    I: 401612
    I: 401616
    I: 40161a
    I: 40161e
    I: 401622
    I: 401626
    I: 40162a (flow 401ad0)
    I: 40162f
    I: 401631
    I: 401635
    I: 401637
    I: 40163b
    I: 40163f
    I: 401643
    I: 401647
    I: 40164b
    I: 40164f
    I: 401653
    I: 401657
    I: 40165b
    I: 40165f
    I: 401663
    I: 401667
    I: 40166b
    I: 40166f
    I: 401673
    I: 401677 (flow 401ad0)
    I: 40167c
    I: 40167e
    I: 401682
    I: 401684
    I: 401688
    I: 40168c
    I: 401690
    I: 401694
    I: 401698
    I: 40169c
    I: 4016a0
    I: 4016a4
    I: 4016a8
    I: 4016ac
    I: 4016b0
    I: 4016b4
    I: 4016b8
    I: 4016bc
    I: 4016c0
    I: 4016c4 (flow 401ad0)
    I: 4016c9
    I: 4016cb
    I: 4016cf
    I: 4016d1
    I: 4016d5
    I: 4016d8
    I: 4016db
    I: 4016dd
    I: 4016e0 (imm 40a030)
    I: 4016e7
    I: 4016e9 (imm 40a04c)
    I: 4016f0
    I: 4016f2
    I: 4016f4
    I: 4016f7
    I: 4016f9
    I: 4016fb
    I: 4016fe
    I: 401701
    I: 401704
    I: 401707
    I: 40170a
    I: 40170d
    I: 40170f
    I: 401711
    I: 401713
    I: 401715
    I: 40171a
    I: 40171f
    I: 401722
    I: 401725
    I: 401728 (flow 401abc)
      Successors: 401abc
  BB: 401321 in func 401150 with 3 insts
    I: 401321
    I: 401324
    I: 401329 (flow 401aa1)
      Successors: 401aa1, 40132f
  BB: 4011a2 in func 401150 with 4 insts
    I: 4011a2
    I: 4011a5
    I: 4011a8
    I: 4011ad (flow 4014ef)
      Successors: 4011b3, 4014ef
  BB: 401aa1 in func 401150 with 3 insts
    I: 401aa1
    I: 401aa5
    I: 401aac (flow 401abc)
      Successors: 401abc
  BB: 4013a4 in func 401150 with 92 insts
    I: 4013a4
    I: 4013a7
    I: 4013ab
    I: 4013ae
    I: 4013b1
    I: 4013b5
    I: 4013b8
    I: 4013bc
    I: 4013bf
    I: 4013c3
    I: 4013c6
    I: 4013ca
    I: 4013cd
    I: 4013d1
    I: 4013d4
    I: 4013d8
    I: 4013db
    I: 4013df
    I: 4013e2
    I: 4013e6
    I: 4013e9
    I: 4013ed
    I: 4013f0
    I: 4013f4
    I: 4013f7
    I: 4013fb
    I: 4013fe
    I: 401402
    I: 401405
    I: 401409
    I: 40140c
    I: 401410
    I: 401413
    I: 401417
    I: 40141a
    I: 40141e
    I: 401421
    I: 401425
    I: 401428
    I: 40142c
    I: 40142f
    I: 401433
    I: 401436
    I: 40143a
    I: 40143d
    I: 401441
    I: 401444
    I: 401448
    I: 40144b
    I: 40144f
    I: 401452
    I: 401456
    I: 40145c (imm 40a030)
    I: 401463
    I: 401465 (imm 40a04c)
    I: 40146c
    I: 40146e
    I: 401470
    I: 401476
    I: 401479
    I: 40147f
    I: 401482
    I: 401485
    I: 401488
    I: 40148c
    I: 40148f
    I: 401493
    I: 401496
    I: 401498
    I: 40149b
    I: 40149f
    I: 4014a1
    I: 4014a4
    I: 4014a6
    I: 4014a9
    I: 4014ac
    I: 4014af
    I: 4014b3
    I: 4014b6
    I: 4014b9
    I: 4014bc
    I: 4014bf
    I: 4014c2
    I: 4014c4
    I: 4014c7
    I: 4014c9
    I: 4014cb
    I: 4014d0
    I: 4014d5
    I: 4014d8
    I: 4014db
    I: 4014de (flow 401abc)
      Successors: 401abc
  BB: 401225 in func 401150 with 1 insts
    I: 401225 (flow 40122a)
      Successors: 40122a
  BB: 40122a in func 401150 with 3 insts
    I: 40122a
    I: 40122d
    I: 401232 (flow 40192e)
      Successors: 401238, 40192e
  BB: 4012aa in func 401150 with 1 insts
    I: 4012aa (flow 4012af)
      Successors: 4012af
  BB: 40172d in func 401150 with 7 insts
    I: 40172d
    I: 401730
    I: 401735
    I: 40173a
    I: 40173d
    I: 401740
    I: 401743 (flow 401abc)
      Successors: 401abc
  BB: 40192e in func 401150 with 2 insts
    I: 40192e
    I: 401935 (flow 401abc)
      Successors: 401abc
  BB: 4012af in func 401150 with 3 insts
    I: 4012af
    I: 4012b2
    I: 4012b7 (flow 40195d)
      Successors: 40195d, 4012bd
  BB: 40132f in func 401150 with 1 insts
    I: 40132f (flow 401334)
      Successors: 401334
  BB: 401830 in func 401150 with 24 insts
    I: 401830 (imm 40a030)
    I: 401837
    I: 401839 (imm 40a04c)
    I: 401840
    I: 401842
    I: 401844
    I: 401847
    I: 401849
    I: 40184b
    I: 40184e
    I: 401851
    I: 401854
    I: 401857
    I: 40185a
    I: 40185d
    I: 40185f
    I: 401861
    I: 401863
    I: 401865
    I: 40186a
    I: 40186f
    I: 401872
    I: 401875
    I: 401878 (flow 401abc)
      Successors: 401abc
  BB: 401ab1 in func 401150 with 2 insts
    I: 401ab1
    I: 401ab5
      Successors: 401abc
  BB: 4011b3 in func 401150 with 1 insts
    I: 4011b3 (flow 4011b8)
      Successors: 4011b8
  BB: 401334 in func 401150 with 3 insts
    I: 401334
    I: 401337
    I: 40133c (flow 401911)
      Successors: 401911, 401342
  BB: 401238 in func 401150 with 1 insts
    I: 401238 (flow 40123d)
      Successors: 40123d
  BB: 4011b8 in func 401150 with 3 insts
    I: 4011b8
    I: 4011bb
    I: 4011c0 (flow 40172d)
      Successors: 40172d, 4011c6
  BB: 40193a in func 401150 with 4 insts
    I: 40193a
    I: 40193c
    I: 40193f
    I: 401940
      No successors
  BB: 401abc in func 401150 with 1 insts
    I: 401abc (flow 4011a2)
      Successors: 4011a2
  BB: 40123d in func 401150 with 3 insts
    I: 40123d
    I: 401240
    I: 401245 (flow 401830)
      Successors: 401830, 40124b
  BB: 4012bd in func 401150 with 1 insts
    I: 4012bd (flow 4012c2)
      Successors: 4012c2
  BB: 401941 in func 401150 with 6 insts
    I: 401941
    I: 401944
    I: 401948
    I: 40194b
    I: 401951
    I: 401958 (flow 401abc)
      Successors: 401abc
  BB: 4012c2 in func 401150 with 3 insts
    I: 4012c2
    I: 4012c5
    I: 4012ca (flow 401ab1)
      Successors: 4012d0, 401ab1
  BB: 401342 in func 401150 with 1 insts
    I: 401342 (flow 401347)
      Successors: 401347
  BB: 401ac1 in func 401150 with 2 insts
    I: 401ac1
    I: 401acb
      No successors
  BB: 4011c6 in func 401150 with 1 insts
    I: 4011c6 (flow 4011cb)
      Successors: 4011cb
  BB: 401347 in func 401150 with 1 insts
    I: 401347 (flow 401abc)
      Successors: 401abc
  BB: 401748 in func 401150 with 24 insts
    I: 401748 (imm 40a030)
    I: 40174f
    I: 401751 (imm 40a04c)
    I: 401758
    I: 40175a
    I: 40175c
    I: 40175f
    I: 401761
    I: 401763
    I: 401766
    I: 401769
    I: 40176c
    I: 40176f
    I: 401772
    I: 401775
    I: 401777
    I: 401779
    I: 40177b
    I: 40177d
    I: 401782
    I: 401787
    I: 40178a
    I: 40178d
    I: 401790 (flow 401abc)
      Successors: 401abc
  BB: 4011cb in func 401150 with 3 insts
    I: 4011cb
    I: 4011ce
    I: 4011d3 (flow 4013a4)
      Successors: 4011d9, 4013a4
  BB: 40124b in func 401150 with 1 insts
    I: 40124b (flow 401250)
      Successors: 401250
  BB: 40134c in func 401150 with 28 insts
    I: 40134c
    I: 401350
    I: 401354
    I: 401357
    I: 401359
    I: 40135c
    I: 401360
    I: 401362
    I: 401365
    I: 401367
    I: 40136a
    I: 40136d
    I: 401370
    I: 401374
    I: 401377
    I: 40137a
    I: 40137d
    I: 401380
    I: 401383
    I: 401385
    I: 401388
    I: 40138a
    I: 40138c
    I: 401391
    I: 401396
    I: 401399
    I: 40139c
    I: 40139f (flow 401abc)
      Successors: 401abc
  BB: 401150 in func 401150 with 22 insts
    Referenced by data
    I: 401150
    I: 401151
    I: 401154
    I: 40115b (imm 40a030)
    I: 401162
    I: 401164 (imm 40a04c)
    I: 40116b
    I: 40116d
    I: 40116f
    I: 401175
    I: 401178
    I: 40117e
    I: 401181
    I: 401184
    I: 401187
    I: 40118a
    I: 40118d
    I: 401190
    I: 401193
    I: 401196
    I: 401198
    I: 40119b
      Successors: 4011a2
  BB: 401250 in func 401150 with 3 insts
    I: 401250
    I: 401253
    I: 401258 (flow 4018d9)
      Successors: 4018d9, 40125e
  BB: 4012d0 in func 401150 with 1 insts
    I: 4012d0 (flow 4012d5)
      Successors: 4012d5
  BB: 401550 in func 401150 with 24 insts
    I: 401550 (imm 40a030)
    I: 401557
    I: 401559 (imm 40a04c)
    I: 401560
    I: 401562
    I: 401564
    I: 401567
    I: 401569
    I: 40156b
    I: 40156e
    I: 401571
    I: 401574
    I: 401577
    I: 40157a
    I: 40157d
    I: 40157f
    I: 401581
    I: 401583
    I: 401585
    I: 40158a
    I: 40158f
    I: 401592
    I: 401595
    I: 401598 (flow 401abc)
      Successors: 401abc
  BB: 4012d5 in func 401150 with 3 insts
    I: 4012d5
    I: 4012d8
    I: 4012dd (flow 401814)
      Successors: 4012e3, 401814
  BB: 4011d9 in func 401150 with 1 insts
    I: 4011d9 (flow 4011de)
      Successors: 4011de
  BB: 4018d9 in func 401150 with 7 insts
    I: 4018d9
    I: 4018dc
    I: 4018e1
    I: 4018e6
    I: 4018e9
    I: 4018ec
    I: 4018ef (flow 401abc)
      Successors: 401abc
  BB: 40195d in func 401150 with 83 insts
    I: 40195d
    I: 401961
    I: 401965
    I: 401969
    I: 40196d
    I: 401971
    I: 401975
    I: 401979
    I: 40197d
    I: 401981
    I: 401985
    I: 401989
    I: 40198d
    I: 401991
    I: 401995
    I: 401999
    I: 40199d (flow 401ad0)
    I: 4019a2
    I: 4019a4
    I: 4019a8
    I: 4019aa
    I: 4019ae
    I: 4019b2
    I: 4019b6
    I: 4019ba
    I: 4019be
    I: 4019c2
    I: 4019c6
    I: 4019ca
    I: 4019ce
    I: 4019d2
    I: 4019d6
    I: 4019da
    I: 4019de
    I: 4019e2
    I: 4019e6
    I: 4019ea (flow 401ad0)
    I: 4019ef
    I: 4019f1
    I: 4019f5
    I: 4019f7
    I: 4019fb
    I: 4019ff
    I: 401a03
    I: 401a07
    I: 401a0b
    I: 401a0f
    I: 401a13
    I: 401a17
    I: 401a1b
    I: 401a1f
    I: 401a23
    I: 401a27
    I: 401a2b
    I: 401a2f
    I: 401a33
    I: 401a37 (flow 401ad0)
    I: 401a3c
    I: 401a3e
    I: 401a42
    I: 401a44
    I: 401a48
    I: 401a4c
    I: 401a50
    I: 401a54
    I: 401a58
    I: 401a5c
    I: 401a60
    I: 401a64
    I: 401a68
    I: 401a6c
    I: 401a70
    I: 401a74
    I: 401a78
    I: 401a7c
    I: 401a80
    I: 401a84 (flow 401ad0)
    I: 401a89
    I: 401a8b
    I: 401a8f
    I: 401a91
    I: 401a95
    I: 401a9c (flow 401abc)
      Successors: 401abc
  BB: 4011de in func 401150 with 3 insts
    I: 4011de
    I: 4011e1
    I: 4011e6 (flow 40193a)
      Successors: 40193a, 4011ec
  BB: 40125e in func 401150 with 1 insts
    I: 40125e (flow 401263)
      Successors: 401263
  BB: 401263 in func 401150 with 3 insts
    I: 401263
    I: 401266
    I: 40126b (flow 401941)
      Successors: 401941, 401271
  BB: 4012e3 in func 401150 with 1 insts
    I: 4012e3 (flow 4012e8)
      Successors: 4012e8
  BB: 4014e3 in func 401150 with 2 insts
    I: 4014e3
    I: 4014ea (flow 401abc)
      Successors: 401abc
  BB: 4012e8 in func 401150 with 3 insts
    I: 4012e8
    I: 4012eb
    I: 4012f0 (flow 40159d)
      Successors: 40159d, 4012f6
  BB: 4011ec in func 401150 with 1 insts
    I: 4011ec (flow 4011f1)
      Successors: 4011f1
  BB: 4014ef in func 401150 with 23 insts
    I: 4014ef
    I: 4014f3
    I: 4014f7
    I: 4014fb
    I: 4014ff
    I: 401503
    I: 401507
    I: 40150b
    I: 40150f (imm 408004)
    I: 401519
    I: 40151d
    I: 401521
    I: 401526
    I: 40152b
    I: 40152d (flow 40a070)
    I: 401532
    I: 401536
    I: 401538
    I: 40153d
    I: 401542
    I: 401545
    I: 401548
    I: 40154b (flow 401abc)
      Successors: 401abc
  BB: 4011f1 in func 401150 with 3 insts
    I: 4011f1
    I: 4011f4
    I: 4011f9 (flow 401550)
      Successors: 401550, 4011ff
  BB: 401271 in func 401150 with 1 insts
    I: 401271 (flow 401276)
      Successors: 401276
  BB: 4018f4 in func 401150 with 5 insts
    I: 4018f4 (imm 408024)
    I: 4018fe
    I: 401900 (flow 40a068)
    I: 401905
    I: 40190c (flow 401abc)
      Successors: 401abc
  BB: 401276 in func 401150 with 3 insts
    I: 401276
    I: 401279
    I: 40127e (flow 4018f4)
      Successors: 4018f4, 401284
  BB: 4012f6 in func 401150 with 1 insts
    I: 4012f6 (flow 4012fb)
      Successors: 4012fb
  BB: 4017f9 in func 401150 with 7 insts
    I: 4017f9
    I: 4017fc
    I: 401801
    I: 401806
    I: 401809
    I: 40180c
    I: 40180f (flow 401abc)
      Successors: 401abc
  BB: 4012fb in func 401150 with 3 insts
    I: 4012fb
    I: 4012fe
    I: 401303 (flow 401795)
      Successors: 401309, 401795
  BB: 40187d in func 401150 with 29 insts
    I: 40187d
    I: 401881
    I: 401884
    I: 401887
    I: 401889
    I: 40188c (imm 40a030)
    I: 401893
    I: 401895 (imm 40a04c)
    I: 40189c
    I: 40189e
    I: 4018a0
    I: 4018a3
    I: 4018a5
    I: 4018a7
    I: 4018aa
    I: 4018ad
    I: 4018b0
    I: 4018b3
    I: 4018b6
    I: 4018b9
    I: 4018bb
    I: 4018bd
    I: 4018bf
    I: 4018c1
    I: 4018c6
    I: 4018cb
    I: 4018ce
    I: 4018d1
    I: 4018d4 (flow 401abc)
      Successors: 401abc
  BB: 4011ff in func 401150 with 1 insts
    I: 4011ff (flow 401204)
      Successors: 401204
Recovering 401ad0
  Analysing subroutine sub_401AD0 at 401ad0
  Subroutine sub_401AD0 at 401ad0 has 850 blocks
  BB: 403800 in func 401ad0 with 3 insts
    I: 403800
    I: 40380a
    I: 403814 (flow 406e2a)
      Successors: 406e2a
  BB: 406007 in func 401ad0 with 7 insts
    I: 406007
    I: 40600a
    I: 40600f
    I: 406014
    I: 406017
    I: 40601a
    I: 406020 (flow 406e2a)
      Successors: 406e2a
  BB: 40300c in func 401ad0 with 1 insts
    I: 40300c (flow 403011)
      Successors: 403011
  BB: 40280e in func 401ad0 with 1 insts
    I: 40280e (flow 402813)
      Successors: 402813
  BB: 402010 in func 401ad0 with 1 insts
    I: 402010 (flow 402015)
      Successors: 402015
  BB: 403011 in func 401ad0 with 3 insts
    I: 403011
    I: 403017
    I: 40301c (flow 406aa3)
      Successors: 403022, 406aa3
  BB: 404010 in func 401ad0 with 7 insts
    I: 404010
    I: 404013
    I: 404018
    I: 40401d
    I: 404020
    I: 404023
    I: 404029 (flow 406e2a)
      Successors: 406e2a
  BB: 402813 in func 401ad0 with 3 insts
    I: 402813
    I: 402819
    I: 40281e (flow 405eff)
      Successors: 402824, 405eff
  BB: 404812 in func 401ad0 with 3 insts
    I: 404812
    I: 40481c
    I: 404826 (flow 406e2a)
      Successors: 406e2a
  BB: 402015 in func 401ad0 with 3 insts
    I: 402015
    I: 40201b
    I: 402020 (flow 4056d5)
      Successors: 4056d5, 402026
  BB: 403819 in func 401ad0 with 8 insts
    I: 403819
    I: 40381e
    I: 403823
    I: 403828
    I: 40382d
    I: 403831
    I: 403834
    I: 40383a (flow 406e2a)
      Successors: 406e2a
  BB: 40581e in func 401ad0 with 40 insts
    I: 40581e (imm 40a034)
    I: 405825
    I: 405827 (imm 40a050)
    I: 40582e
    I: 405830
    I: 405832
    I: 405835
    I: 405837
    I: 405839
    I: 40583c
    I: 40583f
    I: 405842
    I: 405846
    I: 405849
    I: 40584d
    I: 405850
    I: 405852
    I: 405855
    I: 405859
    I: 40585b
    I: 40585e
    I: 405860
    I: 405863
    I: 405866
    I: 405869
    I: 40586d
    I: 405870
    I: 405873
    I: 405876
    I: 405879
    I: 40587c
    I: 40587e
    I: 405881
    I: 405883
    I: 405885
    I: 40588a
    I: 40588f
    I: 405892
    I: 405895
    I: 40589b (flow 406e2a)
      Successors: 406e2a
  BB: 403022 in func 401ad0 with 1 insts
    I: 403022 (flow 403027)
      Successors: 403027
  BB: 402824 in func 401ad0 with 1 insts
    I: 402824 (flow 402829)
      Successors: 402829
  BB: 406025 in func 401ad0 with 3 insts
    I: 406025
    I: 40602c
    I: 406036 (flow 406e2a)
      Successors: 406e2a
  BB: 402026 in func 401ad0 with 1 insts
    I: 402026 (flow 40202b)
      Successors: 40202b
  BB: 403027 in func 401ad0 with 3 insts
    I: 403027
    I: 40302d
    I: 403032 (flow 4064f0)
      Successors: 403038, 4064f0
  BB: 402829 in func 401ad0 with 3 insts
    I: 402829
    I: 40282f
    I: 402834 (flow 40452d)
      Successors: 40283a, 40452d
  BB: 406829 in func 401ad0 with 6 insts
    I: 406829
    I: 40682e
    I: 406833
    I: 40683a
    I: 40683d
    I: 406843 (flow 406e2a)
      Successors: 406e2a
  BB: 40202b in func 401ad0 with 3 insts
    I: 40202b
    I: 402031
    I: 402036 (flow 406cc5)
      Successors: 40203c, 406cc5
  BB: 40482b in func 401ad0 with 40 insts
    I: 40482b (imm 40a034)
    I: 404832
    I: 404834 (imm 40a050)
    I: 40483b
    I: 40483d
    I: 40483f
    I: 404842
    I: 404844
    I: 404846
    I: 404849
    I: 40484c
    I: 40484f
    I: 404853
    I: 404856
    I: 40485a
    I: 40485d
    I: 40485f
    I: 404862
    I: 404866
    I: 404868
    I: 40486b
    I: 40486d
    I: 404870
    I: 404873
    I: 404876
    I: 40487a
    I: 40487d
    I: 404880
    I: 404883
    I: 404886
    I: 404889
    I: 40488b
    I: 40488e
    I: 404890
    I: 404892
    I: 404897
    I: 40489c
    I: 40489f
    I: 4048a2
    I: 4048a8 (flow 406e2a)
      Successors: 406e2a
  BB: 40402e in func 401ad0 with 9 insts
    I: 40402e
    I: 404038
    I: 40403d
    I: 404042
    I: 404047
    I: 40404c
    I: 404050
    I: 404053
    I: 404059 (flow 406e2a)
      Successors: 406e2a
  BB: 403038 in func 401ad0 with 1 insts
    I: 403038 (flow 40303d)
      Successors: 40303d
  BB: 40283a in func 401ad0 with 1 insts
    I: 40283a (flow 40283f)
      Successors: 40283f
  BB: 40603b in func 401ad0 with 3 insts
    I: 40603b
    I: 406042
    I: 40604c (flow 406e2a)
      Successors: 406e2a
  BB: 40203c in func 401ad0 with 1 insts
    I: 40203c (flow 402041)
      Successors: 402041
  BB: 40303d in func 401ad0 with 3 insts
    I: 40303d
    I: 403043
    I: 403048 (flow 403516)
      Successors: 40304e, 403516
  BB: 40283f in func 401ad0 with 3 insts
    I: 40283f
    I: 402845
    I: 40284a (flow 40572a)
      Successors: 402850, 40572a
  BB: 40383f in func 401ad0 with 24 insts
    I: 40383f (imm 40a034)
    I: 403846
    I: 403848 (imm 40a050)
    I: 40384f
    I: 403851
    I: 403853
    I: 403859
    I: 40385c
    I: 403862
    I: 403865
    I: 403868
    I: 40386b
    I: 40386e
    I: 403871
    I: 403874
    I: 403876
    I: 403878
    I: 40387a
    I: 40387c
    I: 403881
    I: 403886
    I: 403889
    I: 40388c
    I: 403892 (flow 406e2a)
      Successors: 406e2a
  BB: 402041 in func 401ad0 with 3 insts
    I: 402041
    I: 402047
    I: 40204c (flow 406daa)
      Successors: 406daa, 402052
  BB: 406848 in func 401ad0 with 6 insts
    I: 406848
    I: 40684d
    I: 406852
    I: 406859
    I: 40685c
    I: 406862 (flow 406e2a)
      Successors: 406e2a
  BB: 40504a in func 401ad0 with 7 insts
    I: 40504a
    I: 40504d
    I: 405052
    I: 405057
    I: 40505a
    I: 40505d
    I: 405063 (flow 406e2a)
      Successors: 406e2a
  BB: 40304e in func 401ad0 with 1 insts
    I: 40304e (flow 403053)
      Successors: 403053
  BB: 402850 in func 401ad0 with 1 insts
    I: 402850 (flow 402855)
      Successors: 402855
  BB: 406051 in func 401ad0 with 40 insts
    I: 406051 (imm 40a034)
    I: 406058
    I: 40605a (imm 40a050)
    I: 406061
    I: 406063
    I: 406065
    I: 40606b
    I: 40606e
    I: 406074
    I: 406077
    I: 40607a
    I: 40607d
    I: 406081
    I: 406084
    I: 406088
    I: 40608b
    I: 40608d
    I: 406090
    I: 406094
    I: 406096
    I: 406099
    I: 40609b
    I: 40609e
    I: 4060a1
    I: 4060a4
    I: 4060a8
    I: 4060ab
    I: 4060ae
    I: 4060b1
    I: 4060b4
    I: 4060b7
    I: 4060b9
    I: 4060bc
    I: 4060be
    I: 4060c0
    I: 4060c5
    I: 4060ca
    I: 4060cd
    I: 4060d0
    I: 4060d6 (flow 406e2a)
      Successors: 406e2a
  BB: 402052 in func 401ad0 with 1 insts
    I: 402052 (flow 402057)
      Successors: 402057
  BB: 403053 in func 401ad0 with 3 insts
    I: 403053
    I: 403059
    I: 40305e (flow 406474)
      Successors: 406474, 403064
  BB: 402855 in func 401ad0 with 3 insts
    I: 402855
    I: 40285b
    I: 402860 (flow 405c79)
      Successors: 405c79, 402866
  BB: 402057 in func 401ad0 with 3 insts
    I: 402057
    I: 40205d
    I: 402062 (flow 40361e)
      Successors: 402068, 40361e
  BB: 40405e in func 401ad0 with 3 insts
    I: 40405e
    I: 404068
    I: 404072 (flow 406e2a)
      Successors: 406e2a
  BB: 403064 in func 401ad0 with 1 insts
    I: 403064 (flow 403069)
      Successors: 403069
  BB: 402866 in func 401ad0 with 1 insts
    I: 402866 (flow 40286b)
      Successors: 40286b
  BB: 406867 in func 401ad0 with 6 insts
    I: 406867
    I: 40686c
    I: 406871
    I: 406878
    I: 40687b
    I: 406881 (flow 406e2a)
      Successors: 406e2a
  BB: 402068 in func 401ad0 with 1 insts
    I: 402068 (flow 40206d)
      Successors: 40206d
  BB: 403069 in func 401ad0 with 3 insts
    I: 403069
    I: 40306f
    I: 403074 (flow 403897)
      Successors: 40307a, 403897
  BB: 405068 in func 401ad0 with 40 insts
    I: 405068 (imm 40a034)
    I: 40506f
    I: 405071 (imm 40a050)
    I: 405078
    I: 40507a
    I: 40507c
    I: 40507f
    I: 405081
    I: 405083
    I: 405086
    I: 405089
    I: 40508c
    I: 405090
    I: 405093
    I: 405097
    I: 40509a
    I: 40509c
    I: 40509f
    I: 4050a3
    I: 4050a5
    I: 4050a8
    I: 4050aa
    I: 4050ad
    I: 4050b0
    I: 4050b3
    I: 4050b7
    I: 4050ba
    I: 4050bd
    I: 4050c0
    I: 4050c3
    I: 4050c6
    I: 4050c8
    I: 4050cb
    I: 4050cd
    I: 4050cf
    I: 4050d4
    I: 4050d9
    I: 4050dc
    I: 4050df
    I: 4050e5 (flow 406e2a)
      Successors: 406e2a
  BB: 40286b in func 401ad0 with 3 insts
    I: 40286b
    I: 402871
    I: 402876 (flow 406493)
      Successors: 406493, 40287c
  BB: 40206d in func 401ad0 with 3 insts
    I: 40206d
    I: 402073
    I: 402078 (flow 4056b7)
      Successors: 40207e, 4056b7
  BB: 404077 in func 401ad0 with 24 insts
    I: 404077 (imm 40a034)
    I: 40407e
    I: 404080 (imm 40a050)
    I: 404087
    I: 404089
    I: 40408b
    I: 404091
    I: 404094
    I: 40409a
    I: 40409d
    I: 4040a0
    I: 4040a3
    I: 4040a6
    I: 4040a9
    I: 4040ac
    I: 4040ae
    I: 4040b0
    I: 4040b2
    I: 4040b4
    I: 4040b9
    I: 4040be
    I: 4040c1
    I: 4040c4
    I: 4040ca (flow 406e2a)
      Successors: 406e2a
  BB: 40307a in func 401ad0 with 1 insts
    I: 40307a (flow 40307f)
      Successors: 40307f
  BB: 40287c in func 401ad0 with 1 insts
    I: 40287c (flow 402881)
      Successors: 402881
  BB: 40207e in func 401ad0 with 1 insts
    I: 40207e (flow 402083)
      Successors: 402083
  BB: 40307f in func 401ad0 with 3 insts
    I: 40307f
    I: 403085
    I: 40308a (flow 40603b)
      Successors: 403090, 40603b
  BB: 402881 in func 401ad0 with 3 insts
    I: 402881
    I: 402887
    I: 40288c (flow 406ab2)
      Successors: 406ab2, 402892
  BB: 402083 in func 401ad0 with 3 insts
    I: 402083
    I: 402089
    I: 40208e (flow 406994)
      Successors: 406994, 402094
  BB: 406886 in func 401ad0 with 24 insts
    I: 406886 (imm 40a034)
    I: 40688d
    I: 40688f (imm 40a050)
    I: 406896
    I: 406898
    I: 40689a
    I: 4068a0
    I: 4068a3
    I: 4068a9
    I: 4068ac
    I: 4068af
    I: 4068b2
    I: 4068b5
    I: 4068b8
    I: 4068bb
    I: 4068bd
    I: 4068bf
    I: 4068c1
    I: 4068c3
    I: 4068c8
    I: 4068cd
    I: 4068d0
    I: 4068d3
    I: 4068d9 (flow 406e2a)
      Successors: 406e2a
  BB: 403090 in func 401ad0 with 1 insts
    I: 403090 (flow 403095)
      Successors: 403095
  BB: 402892 in func 401ad0 with 1 insts
    I: 402892 (flow 402897)
      Successors: 402897
  BB: 402094 in func 401ad0 with 1 insts
    I: 402094 (flow 402099)
      Successors: 402099
  BB: 403095 in func 401ad0 with 3 insts
    I: 403095
    I: 40309b
    I: 4030a0 (flow 406d6d)
      Successors: 406d6d, 4030a6
  BB: 402897 in func 401ad0 with 3 insts
    I: 402897
    I: 40289d
    I: 4028a2 (flow 406d08)
      Successors: 4028a8, 406d08
  BB: 403897 in func 401ad0 with 30 insts
    I: 403897
    I: 40389c
    I: 4038a1
    I: 4038a5
    I: 4038a8
    I: 4038aa
    I: 4038ad (imm 40a034)
    I: 4038b4
    I: 4038b6 (imm 40a050)
    I: 4038bd
    I: 4038bf
    I: 4038c1
    I: 4038c7
    I: 4038ca
    I: 4038d0
    I: 4038d3
    I: 4038d6
    I: 4038d9
    I: 4038dc
    I: 4038df
    I: 4038e2
    I: 4038e4
    I: 4038e6
    I: 4038e8
    I: 4038ea
    I: 4038ef
    I: 4038f4
    I: 4038f7
    I: 4038fa
    I: 403900 (flow 406e2a)
      Successors: 406e2a
  BB: 402099 in func 401ad0 with 3 insts
    I: 402099
    I: 40209f
    I: 4020a4 (flow 4063e3)
      Successors: 4020aa, 4063e3
  BB: 4058a0 in func 401ad0 with 28 insts
    I: 4058a0
    I: 4058a7
    I: 4058aa
    I: 4058ac
    I: 4058af (imm 40a034)
    I: 4058b6
    I: 4058b8 (imm 40a050)
    I: 4058bf
    I: 4058c1
    I: 4058c3
    I: 4058c9
    I: 4058cc
    I: 4058d2
    I: 4058d5
    I: 4058d8
    I: 4058db
    I: 4058de
    I: 4058e1
    I: 4058e4
    I: 4058e6
    I: 4058e8
    I: 4058ea
    I: 4058ec
    I: 4058f1
    I: 4058f6
    I: 4058f9
    I: 4058fc
    I: 405902 (flow 406e2a)
      Successors: 406e2a
  BB: 4030a6 in func 401ad0 with 1 insts
    I: 4030a6 (flow 4030ab)
      Successors: 4030ab
  BB: 4028a8 in func 401ad0 with 1 insts
    I: 4028a8 (flow 4028ad)
      Successors: 4028ad
  BB: 4020aa in func 401ad0 with 1 insts
    I: 4020aa (flow 4020af)
      Successors: 4020af
  BB: 4030ab in func 401ad0 with 3 insts
    I: 4030ab
    I: 4030b1
    I: 4030b6 (flow 4053b5)
      Successors: 4030bc, 4053b5
  BB: 4028ad in func 401ad0 with 3 insts
    I: 4028ad
    I: 4028b3
    I: 4028b8 (flow 4053d3)
      Successors: 4053d3, 4028be
  BB: 4048ad in func 401ad0 with 24 insts
    I: 4048ad (imm 40a034)
    I: 4048b4
    I: 4048b6 (imm 40a050)
    I: 4048bd
    I: 4048bf
    I: 4048c1
    I: 4048c7
    I: 4048ca
    I: 4048d0
    I: 4048d3
    I: 4048d6
    I: 4048d9
    I: 4048dc
    I: 4048df
    I: 4048e2
    I: 4048e4
    I: 4048e6
    I: 4048e8
    I: 4048ea
    I: 4048ef
    I: 4048f4
    I: 4048f7
    I: 4048fa
    I: 404900 (flow 406e2a)
      Successors: 406e2a
  BB: 4020af in func 401ad0 with 3 insts
    I: 4020af
    I: 4020b5
    I: 4020ba (flow 403800)
      Successors: 4020c0, 403800
  BB: 4030bc in func 401ad0 with 1 insts
    I: 4030bc (flow 4030c1)
      Successors: 4030c1
  BB: 4028be in func 401ad0 with 1 insts
    I: 4028be (flow 4028c3)
      Successors: 4028c3
  BB: 4020c0 in func 401ad0 with 1 insts
    I: 4020c0 (flow 4020c5)
      Successors: 4020c5
  BB: 4030c1 in func 401ad0 with 3 insts
    I: 4030c1
    I: 4030c7
    I: 4030cc (flow 404181)
      Successors: 404181, 4030d2
  BB: 4028c3 in func 401ad0 with 3 insts
    I: 4028c3
    I: 4028c9
    I: 4028ce (flow 405bb3)
      Successors: 405bb3, 4028d4
  BB: 4020c5 in func 401ad0 with 3 insts
    I: 4020c5
    I: 4020cb
    I: 4020d0 (flow 406325)
      Successors: 406325, 4020d6
  BB: 4040cf in func 401ad0 with 41 insts
    I: 4040cf
    I: 4040d9 (imm 40a034)
    I: 4040e0
    I: 4040e2 (imm 40a050)
    I: 4040e9
    I: 4040eb
    I: 4040ed
    I: 4040f3
    I: 4040f6
    I: 4040fc
    I: 4040ff
    I: 404102
    I: 404105
    I: 404109
    I: 40410c
    I: 404110
    I: 404113
    I: 404115
    I: 404118
    I: 40411c
    I: 40411e
    I: 404121
    I: 404123
    I: 404126
    I: 404129
    I: 40412c
    I: 404130
    I: 404133
    I: 404136
    I: 404139
    I: 40413c
    I: 40413f
    I: 404141
    I: 404144
    I: 404146
    I: 404148
    I: 40414d
    I: 404152
    I: 404155
    I: 404158
    I: 40415e (flow 406e2a)
      Successors: 406e2a
  BB: 4030d2 in func 401ad0 with 1 insts
    I: 4030d2 (flow 4030d7)
      Successors: 4030d7
  BB: 4028d4 in func 401ad0 with 1 insts
    I: 4028d4 (flow 4028d9)
      Successors: 4028d9
  BB: 4020d6 in func 401ad0 with 1 insts
    I: 4020d6 (flow 4020db)
      Successors: 4020db
  BB: 4030d7 in func 401ad0 with 3 insts
    I: 4030d7
    I: 4030dd
    I: 4030e2 (flow 406afc)
      Successors: 4030e8, 406afc
  BB: 4028d9 in func 401ad0 with 3 insts
    I: 4028d9
    I: 4028df
    I: 4028e4 (flow 403da2)
      Successors: 403da2, 4028ea
  BB: 4020db in func 401ad0 with 3 insts
    I: 4020db
    I: 4020e1
    I: 4020e6 (flow 404efd)
      Successors: 4020ec, 404efd
  BB: 4060db in func 401ad0 with 49 insts
    I: 4060db
    I: 4060e3
    I: 4060eb
    I: 4060f0
    I: 4060f5 (flow 4070f0)
    I: 4060fa
    I: 4060fd
    I: 406100
    I: 406102
    I: 406105 (imm 40a034)
    I: 40610c
    I: 40610e (imm 40a050)
    I: 406115
    I: 406117
    I: 406119
    I: 40611f
    I: 406122
    I: 406128
    I: 40612b
    I: 40612e
    I: 406131
    I: 406135
    I: 406138
    I: 40613c
    I: 40613f
    I: 406141
    I: 406144
    I: 406148
    I: 40614a
    I: 40614d
    I: 40614f
    I: 406152
    I: 406155
    I: 406158
    I: 40615c
    I: 40615f
    I: 406162
    I: 406165
    I: 406168
    I: 40616b
    I: 40616d
    I: 406170
    I: 406172
    I: 406174
    I: 406179
    I: 40617e
    I: 406181
    I: 406184
    I: 40618a (flow 406e2a)
      Successors: 406e2a
  BB: 4068de in func 401ad0 with 41 insts
    I: 4068de
    I: 4068e5 (imm 40a034)
    I: 4068ec
    I: 4068ee (imm 40a050)
    I: 4068f5
    I: 4068f7
    I: 4068f9
    I: 4068ff
    I: 406902
    I: 406908
    I: 40690b
    I: 40690e
    I: 406911
    I: 406915
    I: 406918
    I: 40691c
    I: 40691f
    I: 406921
    I: 406924
    I: 406928
    I: 40692a
    I: 40692d
    I: 40692f
    I: 406932
    I: 406935
    I: 406938
    I: 40693c
    I: 40693f
    I: 406942
    I: 406945
    I: 406948
    I: 40694b
    I: 40694d
    I: 406950
    I: 406952
    I: 406954
    I: 406959
    I: 40695e
    I: 406961
    I: 406964
    I: 40696a (flow 406e2a)
      Successors: 406e2a
  BB: 4030e8 in func 401ad0 with 1 insts
    I: 4030e8 (flow 4030ed)
      Successors: 4030ed
  BB: 4028ea in func 401ad0 with 1 insts
    I: 4028ea (flow 4028ef)
      Successors: 4028ef
  BB: 4050ea in func 401ad0 with 44 insts
    I: 4050ea
    I: 4050f1
    I: 4050f4
    I: 4050f6
    I: 4050f9 (imm 40a034)
    I: 405100
    I: 405102 (imm 40a050)
    I: 405109
    I: 40510b
    I: 40510d
    I: 405113
    I: 405116
    I: 40511c
    I: 40511f
    I: 405122
    I: 405125
    I: 405129
    I: 40512c
    I: 405130
    I: 405133
    I: 405135
    I: 405138
    I: 40513c
    I: 40513e
    I: 405141
    I: 405143
    I: 405146
    I: 405149
    I: 40514c
    I: 405150
    I: 405153
    I: 405156
    I: 405159
    I: 40515c
    I: 40515f
    I: 405161
    I: 405164
    I: 405166
    I: 405168
    I: 40516d
    I: 405172
    I: 405175
    I: 405178
    I: 40517e (flow 406e2a)
      Successors: 406e2a
  BB: 4020ec in func 401ad0 with 1 insts
    I: 4020ec (flow 4020f1)
      Successors: 4020f1
  BB: 4030ed in func 401ad0 with 3 insts
    I: 4030ed
    I: 4030f3
    I: 4030f8 (flow 4048ad)
      Successors: 4048ad, 4030fe
  BB: 4028ef in func 401ad0 with 3 insts
    I: 4028ef
    I: 4028f5
    I: 4028fa (flow 40405e)
      Successors: 402900, 40405e
  BB: 4020f1 in func 401ad0 with 3 insts
    I: 4020f1
    I: 4020f7
    I: 4020fc (flow 405ae7)
      Successors: 402102, 405ae7
  BB: 401fff in func 401ad0 with 3 insts
    I: 401fff
    I: 402005
    I: 40200a (flow 406be9)
      Successors: 402010, 406be9
  BB: 4030fe in func 401ad0 with 1 insts
    I: 4030fe (flow 403103)
      Successors: 403103
  BB: 402900 in func 401ad0 with 1 insts
    I: 402900 (flow 402905)
      Successors: 402905
  BB: 402102 in func 401ad0 with 1 insts
    I: 402102 (flow 402107)
      Successors: 402107
  BB: 403103 in func 401ad0 with 3 insts
    I: 403103
    I: 403109
    I: 40310e (flow 405e48)
      Successors: 405e48, 403114
  BB: 402905 in func 401ad0 with 3 insts
    I: 402905
    I: 40290b
    I: 402910 (flow 4046e8)
      Successors: 4046e8, 402916
  BB: 403905 in func 401ad0 with 7 insts
    I: 403905
    I: 403908
    I: 40390d
    I: 403912
    I: 403915
    I: 403918
    I: 40391e (flow 406e2a)
      Successors: 406e2a
  BB: 402107 in func 401ad0 with 3 insts
    I: 402107
    I: 40210d
    I: 402112 (flow 4052e6)
      Successors: 402118, 4052e6
  BB: 404905 in func 401ad0 with 2 insts
    I: 404905
    I: 40490f (flow 406e2a)
      Successors: 406e2a
  BB: 405907 in func 401ad0 with 7 insts
    I: 405907
    I: 40590a
    I: 40590f
    I: 405914
    I: 405917
    I: 40591a
    I: 405920 (flow 406e2a)
      Successors: 406e2a
  BB: 403114 in func 401ad0 with 1 insts
    I: 403114 (flow 403119)
      Successors: 403119
  BB: 404914 in func 401ad0 with 7 insts
    I: 404914
    I: 40491a
    I: 40491f
    I: 404924
    I: 40492a
    I: 40492d
    I: 404933 (flow 406e2a)
      Successors: 406e2a
  BB: 402916 in func 401ad0 with 1 insts
    I: 402916 (flow 40291b)
      Successors: 40291b
  BB: 402118 in func 401ad0 with 1 insts
    I: 402118 (flow 40211d)
      Successors: 40211d
  BB: 403119 in func 401ad0 with 3 insts
    I: 403119
    I: 40311f
    I: 403124 (flow 4042d4)
      Successors: 40312a, 4042d4
  BB: 40291b in func 401ad0 with 3 insts
    I: 40291b
    I: 402921
    I: 402926 (flow 4050ea)
      Successors: 4050ea, 40292c
  BB: 40211d in func 401ad0 with 3 insts
    I: 40211d
    I: 402123
    I: 402128 (flow 4042ed)
      Successors: 4042ed, 40212e
  BB: 403923 in func 401ad0 with 3 insts
    I: 403923
    I: 40392d
    I: 403937 (flow 406e2a)
      Successors: 406e2a
  BB: 405925 in func 401ad0 with 3 insts
    I: 405925
    I: 40592c
    I: 405936 (flow 406e2a)
      Successors: 406e2a
  BB: 40312a in func 401ad0 with 1 insts
    I: 40312a (flow 40312f)
      Successors: 40312f
  BB: 40292c in func 401ad0 with 1 insts
    I: 40292c (flow 402931)
      Successors: 402931
  BB: 40212e in func 401ad0 with 1 insts
    I: 40212e (flow 402133)
      Successors: 402133
  BB: 40312f in func 401ad0 with 3 insts
    I: 40312f
    I: 403135
    I: 40313a (flow 406df4)
      Successors: 403140, 406df4
  BB: 402931 in func 401ad0 with 3 insts
    I: 402931
    I: 402937
    I: 40293c (flow 405c10)
      Successors: 405c10, 402942
  BB: 402133 in func 401ad0 with 3 insts
    I: 402133
    I: 402139
    I: 40213e (flow 40581e)
      Successors: 402144, 40581e
  BB: 404938 in func 401ad0 with 6 insts
    I: 404938
    I: 40493d
    I: 404942
    I: 404949
    I: 40494c
    I: 404952 (flow 406e2a)
      Successors: 406e2a
  BB: 40593b in func 401ad0 with 40 insts
    I: 40593b (imm 40a034)
    I: 405942
    I: 405944 (imm 40a050)
    I: 40594b
    I: 40594d
    I: 40594f
    I: 405955
    I: 405958
    I: 40595e
    I: 405961
    I: 405964
    I: 405967
    I: 40596b
    I: 40596e
    I: 405972
    I: 405975
    I: 405977
    I: 40597a
    I: 40597e
    I: 405980
    I: 405983
    I: 405985
    I: 405988
    I: 40598b
    I: 40598e
    I: 405992
    I: 405995
    I: 405998
    I: 40599b
    I: 40599e
    I: 4059a1
    I: 4059a3
    I: 4059a6
    I: 4059a8
    I: 4059aa
    I: 4059af
    I: 4059b4
    I: 4059b7
    I: 4059ba
    I: 4059c0 (flow 406e2a)
      Successors: 406e2a
  BB: 40393c in func 401ad0 with 2 insts
    I: 40393c
    I: 403946 (flow 406e2a)
      Successors: 406e2a
  BB: 403140 in func 401ad0 with 1 insts
    I: 403140 (flow 403145)
      Successors: 403145
  BB: 402942 in func 401ad0 with 1 insts
    I: 402942 (flow 402947)
      Successors: 402947
  BB: 402144 in func 401ad0 with 1 insts
    I: 402144 (flow 402149)
      Successors: 402149
  BB: 403145 in func 401ad0 with 3 insts
    I: 403145
    I: 40314b
    I: 403150 (flow 403386)
      Successors: 403386, 403156
  BB: 402947 in func 401ad0 with 3 insts
    I: 402947
    I: 40294d
    I: 402952 (flow 406c6b)
      Successors: 402958, 406c6b
  BB: 402149 in func 401ad0 with 3 insts
    I: 402149
    I: 40214f
    I: 402154 (flow 403e5f)
      Successors: 40215a, 403e5f
  BB: 40394b in func 401ad0 with 24 insts
    I: 40394b (imm 40a034)
    I: 403952
    I: 403954 (imm 40a050)
    I: 40395b
    I: 40395d
    I: 40395f
    I: 403965
    I: 403968
    I: 40396e
    I: 403971
    I: 403974
    I: 403977
    I: 40397a
    I: 40397d
    I: 403980
    I: 403982
    I: 403984
    I: 403986
    I: 403988
    I: 40398d
    I: 403992
    I: 403995
    I: 403998
    I: 40399e (flow 406e2a)
      Successors: 406e2a
  BB: 403156 in func 401ad0 with 1 insts
    I: 403156 (flow 40315b)
      Successors: 40315b
  BB: 404957 in func 401ad0 with 40 insts
    I: 404957 (imm 40a034)
    I: 40495e
    I: 404960 (imm 40a050)
    I: 404967
    I: 404969
    I: 40496b
    I: 404971
    I: 404974
    I: 40497a
    I: 40497d
    I: 404980
    I: 404983
    I: 404987
    I: 40498a
    I: 40498e
    I: 404991
    I: 404993
    I: 404996
    I: 40499a
    I: 40499c
    I: 40499f
    I: 4049a1
    I: 4049a4
    I: 4049a7
    I: 4049aa
    I: 4049ae
    I: 4049b1
    I: 4049b4
    I: 4049b7
    I: 4049ba
    I: 4049bd
    I: 4049bf
    I: 4049c2
    I: 4049c4
    I: 4049c6
    I: 4049cb
    I: 4049d0
    I: 4049d3
    I: 4049d6
    I: 4049dc (flow 406e2a)
      Successors: 406e2a
  BB: 402958 in func 401ad0 with 1 insts
    I: 402958 (flow 40295d)
      Successors: 40295d
  BB: 40215a in func 401ad0 with 1 insts
    I: 40215a (flow 40215f)
      Successors: 40215f
  BB: 40315b in func 401ad0 with 3 insts
    I: 40315b
    I: 403161
    I: 403166 (flow 406465)
      Successors: 40316c, 406465
  BB: 40295d in func 401ad0 with 3 insts
    I: 40295d
    I: 402963
    I: 402968 (flow 403742)
      Successors: 403742, 40296e
  BB: 40215f in func 401ad0 with 3 insts
    I: 40215f
    I: 402165
    I: 40216a (flow 4043cd)
      Successors: 402170, 4043cd
  BB: 404163 in func 401ad0 with 2 insts
    I: 404163
    I: 40416d (flow 406e2a)
      Successors: 406e2a
  BB: 40316c in func 401ad0 with 1 insts
    I: 40316c (flow 403171)
      Successors: 403171
  BB: 40296e in func 401ad0 with 1 insts
    I: 40296e (flow 402973)
      Successors: 402973
  BB: 40696f in func 401ad0 with 2 insts
    I: 40696f
    I: 406979 (flow 406e2a)
      Successors: 406e2a
  BB: 402170 in func 401ad0 with 1 insts
    I: 402170 (flow 402175)
      Successors: 402175
  BB: 403171 in func 401ad0 with 3 insts
    I: 403171
    I: 403177
    I: 40317c (flow 406a94)
      Successors: 403182, 406a94
  BB: 404172 in func 401ad0 with 2 insts
    I: 404172
    I: 40417c (flow 406e2a)
      Successors: 406e2a
  BB: 402973 in func 401ad0 with 3 insts
    I: 402973
    I: 402979
    I: 40297e (flow 403b4b)
      Successors: 403b4b, 402984
  BB: 402175 in func 401ad0 with 3 insts
    I: 402175
    I: 40217b
    I: 402180 (flow 40522d)
      Successors: 40522d, 402186
  BB: 40697e in func 401ad0 with 3 insts
    I: 40697e
    I: 406985
    I: 40698f (flow 406e2a)
      Successors: 406e2a
  BB: 404181 in func 401ad0 with 8 insts
    I: 404181
    I: 404186
    I: 40418b
    I: 404190
    I: 404195 (flow 4070f0)
    I: 40419a
    I: 4041a0
    I: 4041aa (flow 406e2a)
      Successors: 406e2a
  BB: 403182 in func 401ad0 with 1 insts
    I: 403182 (flow 403187)
      Successors: 403187
  BB: 405183 in func 401ad0 with 7 insts
    I: 405183
    I: 405186
    I: 40518b
    I: 405190
    I: 405193
    I: 405196
    I: 40519c (flow 406e2a)
      Successors: 406e2a
  BB: 402984 in func 401ad0 with 1 insts
    I: 402984 (flow 402989)
      Successors: 402989
  BB: 402186 in func 401ad0 with 1 insts
    I: 402186 (flow 40218b)
      Successors: 40218b
  BB: 403187 in func 401ad0 with 3 insts
    I: 403187
    I: 40318d
    I: 403192 (flow 4033ac)
      Successors: 403198, 4033ac
  BB: 402989 in func 401ad0 with 3 insts
    I: 402989
    I: 40298f
    I: 402994 (flow 405389)
      Successors: 405389, 40299a
  BB: 40218b in func 401ad0 with 3 insts
    I: 40218b
    I: 402191
    I: 402196 (flow 405bf1)
      Successors: 405bf1, 40219c
  BB: 40618f in func 401ad0 with 7 insts
    I: 40618f
    I: 406192
    I: 406197
    I: 40619c
    I: 40619f
    I: 4061a2
    I: 4061a8 (flow 406e2a)
      Successors: 406e2a
  BB: 406994 in func 401ad0 with 2 insts
    I: 406994
    I: 40699e (flow 406e2a)
      Successors: 406e2a
  BB: 403198 in func 401ad0 with 1 insts
    I: 403198 (flow 40319d)
      Successors: 40319d
  BB: 40299a in func 401ad0 with 1 insts
    I: 40299a (flow 40299f)
      Successors: 40299f
  BB: 40219c in func 401ad0 with 1 insts
    I: 40219c (flow 4021a1)
      Successors: 4021a1
  BB: 40319d in func 401ad0 with 3 insts
    I: 40319d
    I: 4031a3
    I: 4031a8 (flow 406c7a)
      Successors: 406c7a, 4031ae
  BB: 40299f in func 401ad0 with 3 insts
    I: 40299f
    I: 4029a5
    I: 4029aa (flow 40536a)
      Successors: 4029b0, 40536a
  BB: 4021a1 in func 401ad0 with 3 insts
    I: 4021a1
    I: 4021a7
    I: 4021ac (flow 4064d1)
      Successors: 4064d1, 4021b2
  BB: 4051a1 in func 401ad0 with 6 insts
    I: 4051a1
    I: 4051a6
    I: 4051ab
    I: 4051b2
    I: 4051b5
    I: 4051bb (flow 406e2a)
      Successors: 406e2a
  BB: 4039a3 in func 401ad0 with 24 insts
    I: 4039a3 (imm 40a034)
    I: 4039aa
    I: 4039ac (imm 40a050)
    I: 4039b3
    I: 4039b5
    I: 4039b7
    I: 4039ba
    I: 4039bc
    I: 4039be
    I: 4039c1
    I: 4039c4
    I: 4039c7
    I: 4039ca
    I: 4039cd
    I: 4039d0
    I: 4039d2
    I: 4039d4
    I: 4039d6
    I: 4039d8
    I: 4039dd
    I: 4039e2
    I: 4039e5
    I: 4039e8
    I: 4039ee (flow 406e2a)
      Successors: 406e2a
  BB: 4069a3 in func 401ad0 with 2 insts
    I: 4069a3
    I: 4069ad (flow 406e2a)
      Successors: 406e2a
  BB: 4061ad in func 401ad0 with 6 insts
    I: 4061ad
    I: 4061b2
    I: 4061b7
    I: 4061be
    I: 4061c1
    I: 4061c7 (flow 406e2a)
      Successors: 406e2a
  BB: 4031ae in func 401ad0 with 1 insts
    I: 4031ae (flow 4031b3)
      Successors: 4031b3
  BB: 4041af in func 401ad0 with 10 insts
    I: 4041af
    I: 4041b4
    I: 4041b9
    I: 4041be
    I: 4041c3
    I: 4041c7
    I: 4041ca
    I: 4041cd
    I: 4041d0
    I: 4041d6 (flow 406e2a)
      Successors: 406e2a
  BB: 4029b0 in func 401ad0 with 1 insts
    I: 4029b0 (flow 4029b5)
      Successors: 4029b5
  BB: 4021b2 in func 401ad0 with 1 insts
    I: 4021b2 (flow 4021b7)
      Successors: 4021b7
  BB: 4031b3 in func 401ad0 with 3 insts
    I: 4031b3
    I: 4031b9
    I: 4031be (flow 4055c6)
      Successors: 4031c4, 4055c6
  BB: 4069b2 in func 401ad0 with 24 insts
    I: 4069b2 (imm 40a034)
    I: 4069b9
    I: 4069bb (imm 40a050)
    I: 4069c2
    I: 4069c4
    I: 4069c6
    I: 4069cc
    I: 4069cf
    I: 4069d5
    I: 4069d8
    I: 4069db
    I: 4069de
    I: 4069e1
    I: 4069e4
    I: 4069e7
    I: 4069e9
    I: 4069eb
    I: 4069ed
    I: 4069ef
    I: 4069f4
    I: 4069f9
    I: 4069fc
    I: 4069ff
    I: 406a05 (flow 406e2a)
      Successors: 406e2a
  BB: 4029b5 in func 401ad0 with 3 insts
    I: 4029b5
    I: 4029bb
    I: 4029c0 (flow 4037e2)
      Successors: 4037e2, 4029c6
  BB: 4021b7 in func 401ad0 with 3 insts
    I: 4021b7
    I: 4021bd
    I: 4021c2 (flow 405c98)
      Successors: 4021c8, 405c98
  BB: 4051c0 in func 401ad0 with 3 insts
    I: 4051c0
    I: 4051c7
    I: 4051d1 (flow 406e2a)
      Successors: 406e2a
  BB: 4031c4 in func 401ad0 with 1 insts
    I: 4031c4 (flow 4031c9)
      Successors: 4031c9
  BB: 4059c5 in func 401ad0 with 41 insts
    I: 4059c5
    I: 4059cc (imm 40a034)
    I: 4059d3
    I: 4059d5 (imm 40a050)
    I: 4059dc
    I: 4059de
    I: 4059e0
    I: 4059e6
    I: 4059e9
    I: 4059ef
    I: 4059f2
    I: 4059f5
    I: 4059f8
    I: 4059fc
    I: 4059ff
    I: 405a03
    I: 405a06
    I: 405a08
    I: 405a0b
    I: 405a0f
    I: 405a11
    I: 405a14
    I: 405a16
    I: 405a19
    I: 405a1c
    I: 405a1f
    I: 405a23
    I: 405a26
    I: 405a29
    I: 405a2c
    I: 405a2f
    I: 405a32
    I: 405a34
    I: 405a37
    I: 405a39
    I: 405a3b
    I: 405a40
    I: 405a45
    I: 405a48
    I: 405a4b
    I: 405a51 (flow 406e2a)
      Successors: 406e2a
  BB: 4029c6 in func 401ad0 with 1 insts
    I: 4029c6 (flow 4029cb)
      Successors: 4029cb
  BB: 4021c8 in func 401ad0 with 1 insts
    I: 4021c8 (flow 4021cd)
      Successors: 4021cd
  BB: 4031c9 in func 401ad0 with 3 insts
    I: 4031c9
    I: 4031cf
    I: 4031d4 (flow 403653)
      Successors: 4031da, 403653
  BB: 4029cb in func 401ad0 with 3 insts
    I: 4029cb
    I: 4029d1
    I: 4029d6 (flow 4053c4)
      Successors: 4053c4, 4029dc
  BB: 4061cc in func 401ad0 with 6 insts
    I: 4061cc
    I: 4061d1
    I: 4061d6
    I: 4061dd
    I: 4061e0
    I: 4061e6 (flow 406e2a)
      Successors: 406e2a
  BB: 4021cd in func 401ad0 with 3 insts
    I: 4021cd
    I: 4021d3
    I: 4021d8 (flow 4034b9)
      Successors: 4034b9, 4021de
  BB: 4051d6 in func 401ad0 with 3 insts
    I: 4051d6
    I: 4051dd
    I: 4051e7 (flow 406e2a)
      Successors: 406e2a
  BB: 4031da in func 401ad0 with 1 insts
    I: 4031da (flow 4031df)
      Successors: 4031df
  BB: 4041db in func 401ad0 with 9 insts
    I: 4041db
    I: 4041e5
    I: 4041ea
    I: 4041ef
    I: 4041f4
    I: 4041f9
    I: 4041fd
    I: 404200
    I: 404206 (flow 406e2a)
      Successors: 406e2a
  BB: 4029dc in func 401ad0 with 1 insts
    I: 4029dc (flow 4029e1)
      Successors: 4029e1
  BB: 4021de in func 401ad0 with 1 insts
    I: 4021de (flow 4021e3)
      Successors: 4021e3
  BB: 4031df in func 401ad0 with 3 insts
    I: 4031df
    I: 4031e5
    I: 4031ea (flow 40527b)
      Successors: 4031f0, 40527b
  BB: 4029e1 in func 401ad0 with 3 insts
    I: 4029e1
    I: 4029e7
    I: 4029ec (flow 4034db)
      Successors: 4029f2, 4034db
  BB: 4049e1 in func 401ad0 with 28 insts
    I: 4049e1
    I: 4049e8
    I: 4049eb
    I: 4049ed
    I: 4049f0 (imm 40a034)
    I: 4049f7
    I: 4049f9 (imm 40a050)
    I: 404a00
    I: 404a02
    I: 404a04
    I: 404a0a
    I: 404a0d
    I: 404a13
    I: 404a16
    I: 404a19
    I: 404a1c
    I: 404a1f
    I: 404a22
    I: 404a25
    I: 404a27
    I: 404a29
    I: 404a2b
    I: 404a2d
    I: 404a32
    I: 404a37
    I: 404a3a
    I: 404a3d
    I: 404a43 (flow 406e2a)
      Successors: 406e2a
  BB: 4021e3 in func 401ad0 with 3 insts
    I: 4021e3
    I: 4021e9
    I: 4021ee (flow 4061eb)
      Successors: 4061eb, 4021f4
  BB: 4061eb in func 401ad0 with 6 insts
    I: 4061eb
    I: 4061f0
    I: 4061f5
    I: 4061fc
    I: 4061ff
    I: 406205 (flow 406e2a)
      Successors: 406e2a
  BB: 4051ec in func 401ad0 with 6 insts
    I: 4051ec
    I: 4051f1
    I: 4051f6
    I: 4051fd
    I: 405200
    I: 405206 (flow 406e2a)
      Successors: 406e2a
  BB: 4031f0 in func 401ad0 with 1 insts
    I: 4031f0 (flow 4031f5)
      Successors: 4031f5
  BB: 4029f2 in func 401ad0 with 1 insts
    I: 4029f2 (flow 4029f7)
      Successors: 4029f7
  BB: 4039f3 in func 401ad0 with 2 insts
    I: 4039f3
    I: 4039fd (flow 406e2a)
      Successors: 406e2a
  BB: 4021f4 in func 401ad0 with 1 insts
    I: 4021f4 (flow 4021f9)
      Successors: 4021f9
  BB: 4031f5 in func 401ad0 with 3 insts
    I: 4031f5
    I: 4031fb
    I: 403200 (flow 40539f)
      Successors: 403206, 40539f
  BB: 4029f7 in func 401ad0 with 3 insts
    I: 4029f7
    I: 4029fd
    I: 402a02 (flow 403cbc)
      Successors: 402a08, 403cbc
  BB: 4021f9 in func 401ad0 with 3 insts
    I: 4021f9
    I: 4021ff
    I: 402204 (flow 404cb6)
      Successors: 40220a, 404cb6
  BB: 403a02 in func 401ad0 with 40 insts
    I: 403a02 (imm 40a034)
    I: 403a09
    I: 403a0b (imm 40a050)
    I: 403a12
    I: 403a14
    I: 403a16
    I: 403a1c
    I: 403a1f
    I: 403a25
    I: 403a28
    I: 403a2b
    I: 403a2e
    I: 403a32
    I: 403a35
    I: 403a39
    I: 403a3c
    I: 403a3e
    I: 403a41
    I: 403a45
    I: 403a47
    I: 403a4a
    I: 403a4c
    I: 403a4f
    I: 403a52
    I: 403a55
    I: 403a59
    I: 403a5c
    I: 403a5f
    I: 403a62
    I: 403a65
    I: 403a68
    I: 403a6a
    I: 403a6d
    I: 403a6f
    I: 403a71
    I: 403a76
    I: 403a7b
    I: 403a7e
    I: 403a81
    I: 403a87 (flow 406e2a)
      Successors: 406e2a
  BB: 403206 in func 401ad0 with 1 insts
    I: 403206 (flow 40320b)
      Successors: 40320b
  BB: 402a08 in func 401ad0 with 1 insts
    I: 402a08 (flow 402a0d)
      Successors: 402a0d
  BB: 40220a in func 401ad0 with 1 insts
    I: 40220a (flow 40220f)
      Successors: 40220f
  BB: 40320b in func 401ad0 with 3 insts
    I: 40320b
    I: 403211
    I: 403216 (flow 405549)
      Successors: 405549, 40321c
  BB: 40420b in func 401ad0 with 24 insts
    I: 40420b (imm 40a034)
    I: 404212
    I: 404214 (imm 40a050)
    I: 40421b
    I: 40421d
    I: 40421f
    I: 404225
    I: 404228
    I: 40422e
    I: 404231
    I: 404234
    I: 404237
    I: 40423a
    I: 40423d
    I: 404240
    I: 404242
    I: 404244
    I: 404246
    I: 404248
    I: 40424d
    I: 404252
    I: 404255
    I: 404258
    I: 40425e (flow 406e2a)
      Successors: 406e2a
  BB: 402a0d in func 401ad0 with 3 insts
    I: 402a0d
    I: 402a13
    I: 402a18 (flow 4047d3)
      Successors: 4047d3, 402a1e
  BB: 40520b in func 401ad0 with 7 insts
    I: 40520b
    I: 405210
    I: 405215
    I: 40521a
    I: 40521f
    I: 405222
    I: 405228 (flow 406e2a)
      Successors: 406e2a
  BB: 40220f in func 401ad0 with 3 insts
    I: 40220f
    I: 402215
    I: 40221a (flow 406886)
      Successors: 402220, 406886
  BB: 40620a in func 401ad0 with 40 insts
    I: 40620a (imm 40a034)
    I: 406211
    I: 406213 (imm 40a050)
    I: 40621a
    I: 40621c
    I: 40621e
    I: 406224
    I: 406227
    I: 40622d
    I: 406230
    I: 406233
    I: 406236
    I: 40623a
    I: 40623d
    I: 406241
    I: 406244
    I: 406246
    I: 406249
    I: 40624d
    I: 40624f
    I: 406252
    I: 406254
    I: 406257
    I: 40625a
    I: 40625d
    I: 406261
    I: 406264
    I: 406267
    I: 40626a
    I: 40626d
    I: 406270
    I: 406272
    I: 406275
    I: 406277
    I: 406279
    I: 40627e
    I: 406283
    I: 406286
    I: 406289
    I: 40628f (flow 406e2a)
      Successors: 406e2a
  BB: 406a0a in func 401ad0 with 40 insts
    I: 406a0a (imm 40a034)
    I: 406a11
    I: 406a13 (imm 40a050)
    I: 406a1a
    I: 406a1c
    I: 406a1e
    I: 406a24
    I: 406a27
    I: 406a2d
    I: 406a30
    I: 406a33
    I: 406a36
    I: 406a3a
    I: 406a3d
    I: 406a41
    I: 406a44
    I: 406a46
    I: 406a49
    I: 406a4d
    I: 406a4f
    I: 406a52
    I: 406a54
    I: 406a57
    I: 406a5a
    I: 406a5d
    I: 406a61
    I: 406a64
    I: 406a67
    I: 406a6a
    I: 406a6d
    I: 406a70
    I: 406a72
    I: 406a75
    I: 406a77
    I: 406a79
    I: 406a7e
    I: 406a83
    I: 406a86
    I: 406a89
    I: 406a8f (flow 406e2a)
      Successors: 406e2a
  BB: 40321c in func 401ad0 with 1 insts
    I: 40321c (flow 403221)
      Successors: 403221
  BB: 402a1e in func 401ad0 with 1 insts
    I: 402a1e (flow 402a23)
      Successors: 402a23
  BB: 402220 in func 401ad0 with 1 insts
    I: 402220 (flow 402225)
      Successors: 402225
  BB: 403221 in func 401ad0 with 3 insts
    I: 403221
    I: 403227
    I: 40322c (flow 4061cc)
      Successors: 403232, 4061cc
  BB: 402a23 in func 401ad0 with 3 insts
    I: 402a23
    I: 402a29
    I: 402a2e (flow 406621)
      Successors: 406621, 402a34
  BB: 402225 in func 401ad0 with 3 insts
    I: 402225
    I: 40222b
    I: 402230 (flow 4058a0)
      Successors: 4058a0, 402236
  BB: 40522d in func 401ad0 with 6 insts
    I: 40522d
    I: 405233
    I: 405239
    I: 40523f
    I: 405245
    I: 40524f (flow 406e2a)
      Successors: 406e2a
  BB: 403232 in func 401ad0 with 1 insts
    I: 403232 (flow 403237)
      Successors: 403237
  BB: 402a34 in func 401ad0 with 1 insts
    I: 402a34 (flow 402a39)
      Successors: 402a39
  BB: 402236 in func 401ad0 with 1 insts
    I: 402236 (flow 40223b)
      Successors: 40223b
  BB: 403237 in func 401ad0 with 3 insts
    I: 403237
    I: 40323d
    I: 403242 (flow 404a7c)
      Successors: 403248, 404a7c
  BB: 402a39 in func 401ad0 with 3 insts
    I: 402a39
    I: 402a3f
    I: 402a44 (flow 406294)
      Successors: 402a4a, 406294
  BB: 40223b in func 401ad0 with 3 insts
    I: 40223b
    I: 402241
    I: 402246 (flow 406007)
      Successors: 40224c, 406007
  BB: 403248 in func 401ad0 with 1 insts
    I: 403248 (flow 40324d)
      Successors: 40324d
  BB: 404a48 in func 401ad0 with 7 insts
    I: 404a48
    I: 404a4b
    I: 404a50
    I: 404a55
    I: 404a58
    I: 404a5b
    I: 404a61 (flow 406e2a)
      Successors: 406e2a
  BB: 402a4a in func 401ad0 with 1 insts
    I: 402a4a (flow 402a4f)
      Successors: 402a4f
  BB: 40224c in func 401ad0 with 1 insts
    I: 40224c (flow 402251)
      Successors: 402251
  BB: 40324d in func 401ad0 with 3 insts
    I: 40324d
    I: 403253
    I: 403258 (flow 403e2f)
      Successors: 40325e, 403e2f
  BB: 402a4f in func 401ad0 with 3 insts
    I: 402a4f
    I: 402a55
    I: 402a5a (flow 4053e2)
      Successors: 402a60, 4053e2
  BB: 402251 in func 401ad0 with 3 insts
    I: 402251
    I: 402257
    I: 40225c (flow 406ac1)
      Successors: 406ac1, 402262
  BB: 405254 in func 401ad0 with 6 insts
    I: 405254
    I: 40525a
    I: 405260
    I: 405266
    I: 40526c
    I: 405276 (flow 406e2a)
      Successors: 406e2a
  BB: 405a56 in func 401ad0 with 2 insts
    I: 405a56
    I: 405a60 (flow 406e2a)
      Successors: 406e2a
  BB: 40325e in func 401ad0 with 1 insts
    I: 40325e (flow 403263)
      Successors: 403263
  BB: 402a60 in func 401ad0 with 1 insts
    I: 402a60 (flow 402a65)
      Successors: 402a65
  BB: 402262 in func 401ad0 with 1 insts
    I: 402262 (flow 402267)
      Successors: 402267
  BB: 403263 in func 401ad0 with 3 insts
    I: 403263
    I: 403269
    I: 40326e (flow 406cf2)
      Successors: 406cf2, 403274
  BB: 404263 in func 401ad0 with 25 insts
    I: 404263
    I: 40426d (imm 40a034)
    I: 404274
    I: 404276 (imm 40a050)
    I: 40427d
    I: 40427f
    I: 404281
    I: 404287
    I: 40428a
    I: 404290
    I: 404293
    I: 404296
    I: 404299
    I: 40429c
    I: 40429f
    I: 4042a2
    I: 4042a4
    I: 4042a6
    I: 4042a8
    I: 4042aa
    I: 4042af
    I: 4042b4
    I: 4042b7
    I: 4042ba
    I: 4042c0 (flow 406e2a)
      Successors: 406e2a
  BB: 402a65 in func 401ad0 with 3 insts
    I: 402a65
    I: 402a6b
    I: 402a70 (flow 404767)
      Successors: 402a76, 404767
  BB: 404a66 in func 401ad0 with 3 insts
    I: 404a66
    I: 404a6d
    I: 404a77 (flow 406e2a)
      Successors: 406e2a
  BB: 402267 in func 401ad0 with 3 insts
    I: 402267
    I: 40226d
    I: 402272 (flow 4054f1)
      Successors: 402278, 4054f1
  BB: 405a65 in func 401ad0 with 40 insts
    I: 405a65 (imm 40a034)
    I: 405a6c
    I: 405a6e (imm 40a050)
    I: 405a75
    I: 405a77
    I: 405a79
    I: 405a7c
    I: 405a7e
    I: 405a80
    I: 405a83
    I: 405a86
    I: 405a89
    I: 405a8d
    I: 405a90
    I: 405a94
    I: 405a97
    I: 405a99
    I: 405a9c
    I: 405aa0
    I: 405aa2
    I: 405aa5
    I: 405aa7
    I: 405aaa
    I: 405aad
    I: 405ab0
    I: 405ab4
    I: 405ab7
    I: 405aba
    I: 405abd
    I: 405ac0
    I: 405ac3
    I: 405ac5
    I: 405ac8
    I: 405aca
    I: 405acc
    I: 405ad1
    I: 405ad6
    I: 405ad9
    I: 405adc
    I: 405ae2 (flow 406e2a)
      Successors: 406e2a
  BB: 403274 in func 401ad0 with 1 insts
    I: 403274 (flow 403279)
      Successors: 403279
  BB: 402a76 in func 401ad0 with 1 insts
    I: 402a76 (flow 402a7b)
      Successors: 402a7b
  BB: 402278 in func 401ad0 with 1 insts
    I: 402278 (flow 40227d)
      Successors: 40227d
  BB: 403279 in func 401ad0 with 3 insts
    I: 403279
    I: 40327f
    I: 403284 (flow 405a56)
      Successors: 40328a, 405a56
  BB: 402a7b in func 401ad0 with 3 insts
    I: 402a7b
    I: 402a81
    I: 402a86 (flow 403bd0)
      Successors: 403bd0, 402a8c
  BB: 404a7c in func 401ad0 with 24 insts
    I: 404a7c (imm 40a034)
    I: 404a83
    I: 404a85 (imm 40a050)
    I: 404a8c
    I: 404a8e
    I: 404a90
    I: 404a93
    I: 404a95
    I: 404a97
    I: 404a9a
    I: 404a9d
    I: 404aa0
    I: 404aa3
    I: 404aa6
    I: 404aa9
    I: 404aab
    I: 404aad
    I: 404aaf
    I: 404ab1
    I: 404ab6
    I: 404abb
    I: 404abe
    I: 404ac1
    I: 404ac7 (flow 406e2a)
      Successors: 406e2a
  BB: 40227d in func 401ad0 with 3 insts
    I: 40227d
    I: 402283
    I: 402288 (flow 406b1a)
      Successors: 406b1a, 40228e
  BB: 40527b in func 401ad0 with 10 insts
    I: 40527b
    I: 405280
    I: 405285
    I: 40528a
    I: 40528f
    I: 405293
    I: 405296
    I: 405299
    I: 40529c
    I: 4052a2 (flow 406e2a)
      Successors: 406e2a
  BB: 40328a in func 401ad0 with 1 insts
    I: 40328a (flow 40328f)
      Successors: 40328f
  BB: 402a8c in func 401ad0 with 1 insts
    I: 402a8c (flow 402a91)
      Successors: 402a91
  BB: 403a8c in func 401ad0 with 47 insts
    I: 403a8c
    I: 403a91
    I: 403a96
    I: 403a99
    I: 403a9c
    I: 403a9e
    I: 403aa0
    I: 403aa3 (imm 40a034)
    I: 403aaa
    I: 403aac (imm 40a050)
    I: 403ab3
    I: 403ab5
    I: 403ab7
    I: 403abd
    I: 403ac0
    I: 403ac6
    I: 403ac9
    I: 403acc
    I: 403acf
    I: 403ad3
    I: 403ad6
    I: 403ada
    I: 403add
    I: 403adf
    I: 403ae2
    I: 403ae6
    I: 403ae8
    I: 403aeb
    I: 403aed
    I: 403af0
    I: 403af3
    I: 403af6
    I: 403afa
    I: 403afd
    I: 403b00
    I: 403b03
    I: 403b06
    I: 403b09
    I: 403b0b
    I: 403b0e
    I: 403b10
    I: 403b12
    I: 403b17
    I: 403b1c
    I: 403b1f
    I: 403b22
    I: 403b28 (flow 406e2a)
      Successors: 406e2a
  BB: 40228e in func 401ad0 with 1 insts
    I: 40228e (flow 402293)
      Successors: 402293
  BB: 40328f in func 401ad0 with 3 insts
    I: 40328f
    I: 403295
    I: 40329a (flow 403e11)
      Successors: 4032a0, 403e11
  BB: 402a91 in func 401ad0 with 3 insts
    I: 402a91
    I: 402a97
    I: 402a9c (flow 4056f4)
      Successors: 402aa2, 4056f4
  BB: 402293 in func 401ad0 with 3 insts
    I: 402293
    I: 402299
    I: 40229e (flow 404df4)
      Successors: 404df4, 4022a4
  BB: 406294 in func 401ad0 with 41 insts
    I: 406294
    I: 40629b (imm 40a034)
    I: 4062a2
    I: 4062a4 (imm 40a050)
    I: 4062ab
    I: 4062ad
    I: 4062af
    I: 4062b5
    I: 4062b8
    I: 4062be
    I: 4062c1
    I: 4062c4
    I: 4062c7
    I: 4062cb
    I: 4062ce
    I: 4062d2
    I: 4062d5
    I: 4062d7
    I: 4062da
    I: 4062de
    I: 4062e0
    I: 4062e3
    I: 4062e5
    I: 4062e8
    I: 4062eb
    I: 4062ee
    I: 4062f2
    I: 4062f5
    I: 4062f8
    I: 4062fb
    I: 4062fe
    I: 406301
    I: 406303
    I: 406306
    I: 406308
    I: 40630a
    I: 40630f
    I: 406314
    I: 406317
    I: 40631a
    I: 406320 (flow 406e2a)
      Successors: 406e2a
  BB: 406a94 in func 401ad0 with 2 insts
    I: 406a94
    I: 406a9e (flow 406e2a)
      Successors: 406e2a
  BB: 4032a0 in func 401ad0 with 1 insts
    I: 4032a0 (flow 4032a5)
      Successors: 4032a5
  BB: 402aa2 in func 401ad0 with 1 insts
    I: 402aa2 (flow 402aa7)
      Successors: 402aa7
  BB: 406aa3 in func 401ad0 with 2 insts
    I: 406aa3
    I: 406aad (flow 406e2a)
      Successors: 406e2a
  BB: 4022a4 in func 401ad0 with 1 insts
    I: 4022a4 (flow 4022a9)
      Successors: 4022a9
  BB: 4032a5 in func 401ad0 with 3 insts
    I: 4032a5
    I: 4032ab
    I: 4032b0 (flow 406ad7)
      Successors: 4032b6, 406ad7
  BB: 402aa7 in func 401ad0 with 3 insts
    I: 402aa7
    I: 402aad
    I: 402ab2 (flow 40360f)
      Successors: 402ab8, 40360f
  BB: 4052a7 in func 401ad0 with 3 insts
    I: 4052a7
    I: 4052b1
    I: 4052bb (flow 406e2a)
      Successors: 406e2a
  BB: 4022a9 in func 401ad0 with 3 insts
    I: 4022a9
    I: 4022af
    I: 4022b4 (flow 40668f)
      Successors: 4022ba, 40668f
  BB: 406ab2 in func 401ad0 with 2 insts
    I: 406ab2
    I: 406abc (flow 406e2a)
      Successors: 406e2a
  BB: 4032b6 in func 401ad0 with 1 insts
    I: 4032b6 (flow 4032bb)
      Successors: 4032bb
  BB: 402ab8 in func 401ad0 with 1 insts
    I: 402ab8 (flow 402abd)
      Successors: 402abd
  BB: 4022ba in func 401ad0 with 1 insts
    I: 4022ba (flow 4022bf)
      Successors: 4022bf
  BB: 4032bb in func 401ad0 with 3 insts
    I: 4032bb
    I: 4032c1
    I: 4032c6 (flow 405907)
      Successors: 4032cc, 405907
  BB: 402abd in func 401ad0 with 3 insts
    I: 402abd
    I: 402ac3
    I: 402ac8 (flow 405d0f)
      Successors: 402ace, 405d0f
  BB: 4022bf in func 401ad0 with 3 insts
    I: 4022bf
    I: 4022c5
    I: 4022ca (flow 405f1e)
      Successors: 4022d0, 405f1e
  BB: 4052c0 in func 401ad0 with 8 insts
    I: 4052c0
    I: 4052c5
    I: 4052ca
    I: 4052cf
    I: 4052d4
    I: 4052d8
    I: 4052db
    I: 4052e1 (flow 406e2a)
      Successors: 406e2a
  BB: 406ac1 in func 401ad0 with 3 insts
    I: 406ac1
    I: 406ac8
    I: 406ad2 (flow 406e2a)
      Successors: 406e2a
  BB: 4042c5 in func 401ad0 with 2 insts
    I: 4042c5
    I: 4042cf (flow 406e2a)
      Successors: 406e2a
  BB: 4032cc in func 401ad0 with 1 insts
    I: 4032cc (flow 4032d1)
      Successors: 4032d1
  BB: 404acc in func 401ad0 with 41 insts
    I: 404acc
    I: 404ad3 (imm 40a034)
    I: 404ada
    I: 404adc (imm 40a050)
    I: 404ae3
    I: 404ae5
    I: 404ae7
    I: 404aed
    I: 404af0
    I: 404af6
    I: 404af9
    I: 404afc
    I: 404aff
    I: 404b03
    I: 404b06
    I: 404b0a
    I: 404b0d
    I: 404b0f
    I: 404b12
    I: 404b16
    I: 404b18
    I: 404b1b
    I: 404b1d
    I: 404b20
    I: 404b23
    I: 404b26
    I: 404b2a
    I: 404b2d
    I: 404b30
    I: 404b33
    I: 404b36
    I: 404b39
    I: 404b3b
    I: 404b3e
    I: 404b40
    I: 404b42
    I: 404b47
    I: 404b4c
    I: 404b4f
    I: 404b52
    I: 404b58 (flow 406e2a)
      Successors: 406e2a
  BB: 402ace in func 401ad0 with 1 insts
    I: 402ace (flow 402ad3)
      Successors: 402ad3
  BB: 401ad0 in func 401ad0 with 19 insts
    I: 401ad0
    I: 401ad1
    I: 401ad4
    I: 401adb
    I: 401ae0
    I: 401ae5
    I: 401aea
    I: 401aef
    I: 401af4
    I: 401af9
    I: 401afe
    I: 401b03
    I: 401b0d
    I: 401b17
    I: 401b21
    I: 401b26
    I: 401b2b
    I: 401b30
    I: 401b35
      Successors: 401b3f
  BB: 4022d0 in func 401ad0 with 1 insts
    I: 4022d0 (flow 4022d5)
      Successors: 4022d5
  BB: 4032d1 in func 401ad0 with 3 insts
    I: 4032d1
    I: 4032d7
    I: 4032dc (flow 40697e)
      Successors: 4032e2, 40697e
  BB: 402ad3 in func 401ad0 with 3 insts
    I: 402ad3
    I: 402ad9
    I: 402ade (flow 40482b)
      Successors: 40482b, 402ae4
  BB: 4042d4 in func 401ad0 with 3 insts
    I: 4042d4
    I: 4042de
    I: 4042e8 (flow 406e2a)
      Successors: 406e2a
  BB: 4022d5 in func 401ad0 with 3 insts
    I: 4022d5
    I: 4022db
    I: 4022e0 (flow 404f4d)
      Successors: 404f4d, 4022e6
  BB: 406ad7 in func 401ad0 with 4 insts
    I: 406ad7
    I: 406ada
    I: 406ae1
    I: 406ae2
      No successors
  BB: 4032e2 in func 401ad0 with 1 insts
    I: 4032e2 (flow 4032e7)
      Successors: 4032e7
  BB: 406ae3 in func 401ad0 with 3 insts
    I: 406ae3
    I: 406aed
    I: 406af7 (flow 406e2a)
      Successors: 406e2a
  BB: 402ae4 in func 401ad0 with 1 insts
    I: 402ae4 (flow 402ae9)
      Successors: 402ae9
  BB: 4022e6 in func 401ad0 with 1 insts
    I: 4022e6 (flow 4022eb)
      Successors: 4022eb
  BB: 4032e7 in func 401ad0 with 3 insts
    I: 4032e7
    I: 4032ed
    I: 4032f2 (flow 406a0a)
      Successors: 4032f8, 406a0a
  BB: 4052e6 in func 401ad0 with 3 insts
    I: 4052e6
    I: 4052f0
    I: 4052fa (flow 406e2a)
      Successors: 406e2a
  BB: 402ae9 in func 401ad0 with 3 insts
    I: 402ae9
    I: 402aef
    I: 402af4 (flow 4065c2)
      Successors: 4065c2, 402afa
  BB: 405ae7 in func 401ad0 with 49 insts
    I: 405ae7
    I: 405aec
    I: 405af1
    I: 405af6
    I: 405afb (flow 4070f0)
    I: 405b00
    I: 405b03
    I: 405b06
    I: 405b08
    I: 405b0b (imm 40a034)
    I: 405b12
    I: 405b14 (imm 40a050)
    I: 405b1b
    I: 405b1d
    I: 405b1f
    I: 405b25
    I: 405b28
    I: 405b2e
    I: 405b31
    I: 405b34
    I: 405b37
    I: 405b3b
    I: 405b3e
    I: 405b42
    I: 405b45
    I: 405b47
    I: 405b4a
    I: 405b4e
    I: 405b50
    I: 405b53
    I: 405b55
    I: 405b58
    I: 405b5b
    I: 405b5e
    I: 405b62
    I: 405b65
    I: 405b68
    I: 405b6b
    I: 405b6e
    I: 405b71
    I: 405b73
    I: 405b76
    I: 405b78
    I: 405b7a
    I: 405b7f
    I: 405b84
    I: 405b87
    I: 405b8a
    I: 405b90 (flow 406e2a)
      Successors: 406e2a
  BB: 4022eb in func 401ad0 with 3 insts
    I: 4022eb
    I: 4022f1
    I: 4022f6 (flow 404d35)
      Successors: 4022fc, 404d35
  BB: 4042ed in func 401ad0 with 2 insts
    I: 4042ed
    I: 4042f7 (flow 406e2a)
      Successors: 406e2a
  BB: 4032f8 in func 401ad0 with 1 insts
    I: 4032f8 (flow 4032fd)
      Successors: 4032fd
  BB: 402afa in func 401ad0 with 1 insts
    I: 402afa (flow 402aff)
      Successors: 402aff
  BB: 406afc in func 401ad0 with 2 insts
    I: 406afc
    I: 406b06 (flow 406e2a)
      Successors: 406e2a
  BB: 4022fc in func 401ad0 with 1 insts
    I: 4022fc (flow 402301)
      Successors: 402301
  BB: 4032fd in func 401ad0 with 3 insts
    I: 4032fd
    I: 403303
    I: 403308 (flow 406ce3)
      Successors: 406ce3, 40330e
  BB: 4042fc in func 401ad0 with 8 insts
    I: 4042fc
    I: 404304
    I: 40430c
    I: 404311
    I: 404316 (flow 4070f0)
    I: 40431b
    I: 404321
    I: 40432b (flow 406e2a)
      Successors: 406e2a
  BB: 402aff in func 401ad0 with 3 insts
    I: 402aff
    I: 402b05
    I: 402b0a (flow 406dcf)
      Successors: 402b10, 406dcf
  BB: 4052ff in func 401ad0 with 3 insts
    I: 4052ff
    I: 405309
    I: 405313 (flow 406e2a)
      Successors: 406e2a
  BB: 402301 in func 401ad0 with 3 insts
    I: 402301
    I: 402307
    I: 40230c (flow 406e0a)
      Successors: 402312, 406e0a
  BB: 406b0b in func 401ad0 with 2 insts
    I: 406b0b
    I: 406b15 (flow 406e2a)
      Successors: 406e2a
  BB: 40330e in func 401ad0 with 1 insts
    I: 40330e (flow 403313)
      Successors: 403313
  BB: 402b10 in func 401ad0 with 1 insts
    I: 402b10 (flow 402b15)
      Successors: 402b15
  BB: 402312 in func 401ad0 with 1 insts
    I: 402312 (flow 402317)
      Successors: 402317
  BB: 403313 in func 401ad0 with 3 insts
    I: 403313
    I: 403319
    I: 40331e (flow 4041af)
      Successors: 403324, 4041af
  BB: 402b15 in func 401ad0 with 3 insts
    I: 402b15
    I: 402b1b
    I: 402b20 (flow 404ca7)
      Successors: 402b26, 404ca7
  BB: 402317 in func 401ad0 with 3 insts
    I: 402317
    I: 40231d
    I: 402322 (flow 4057ff)
      Successors: 402328, 4057ff
  BB: 405318 in func 401ad0 with 2 insts
    I: 405318
    I: 405322 (flow 406e2a)
      Successors: 406e2a
  BB: 406b1a in func 401ad0 with 2 insts
    I: 406b1a
    I: 406b24 (flow 406e2a)
      Successors: 406e2a
  BB: 403324 in func 401ad0 with 1 insts
    I: 403324 (flow 403329)
      Successors: 403329
  BB: 406325 in func 401ad0 with 2 insts
    I: 406325
    I: 40632f (flow 406e2a)
      Successors: 406e2a
  BB: 402b26 in func 401ad0 with 1 insts
    I: 402b26 (flow 402b2b)
      Successors: 402b2b
  BB: 405327 in func 401ad0 with 7 insts
    I: 405327
    I: 40532d
    I: 405332
    I: 405337
    I: 40533d
    I: 405340
    I: 405346 (flow 406e2a)
      Successors: 406e2a
  BB: 402328 in func 401ad0 with 1 insts
    I: 402328 (flow 40232d)
      Successors: 40232d
  BB: 403329 in func 401ad0 with 3 insts
    I: 403329
    I: 40332f
    I: 403334 (flow 4033ce)
      Successors: 40333a, 4033ce
  BB: 406b29 in func 401ad0 with 2 insts
    I: 406b29
    I: 406b33 (flow 406e2a)
      Successors: 406e2a
  BB: 402b2b in func 401ad0 with 3 insts
    I: 402b2b
    I: 402b31
    I: 402b36 (flow 40652c)
      Successors: 402b3c, 40652c
  BB: 40232d in func 401ad0 with 3 insts
    I: 40232d
    I: 402333
    I: 402338 (flow 406b56)
      Successors: 406b56, 40233e
  BB: 403b2d in func 401ad0 with 7 insts
    I: 403b2d
    I: 403b30
    I: 403b35
    I: 403b3a
    I: 403b3d
    I: 403b40
    I: 403b46 (flow 406e2a)
      Successors: 406e2a
  BB: 404330 in func 401ad0 with 10 insts
    I: 404330
    I: 404335
    I: 40433a
    I: 40433f
    I: 404344
    I: 404348
    I: 40434b
    I: 40434e
    I: 404351
    I: 404357 (flow 406e2a)
      Successors: 406e2a
  BB: 406334 in func 401ad0 with 3 insts
    I: 406334
    I: 40633b
    I: 406345 (flow 406e2a)
      Successors: 406e2a
  BB: 406b38 in func 401ad0 with 2 insts
    I: 406b38
    I: 406b42 (flow 406e2a)
      Successors: 406e2a
  BB: 40333a in func 401ad0 with 1 insts
    I: 40333a (flow 40333f)
      Successors: 40333f
  BB: 402b3c in func 401ad0 with 1 insts
    I: 402b3c (flow 402b41)
      Successors: 402b41
  BB: 40233e in func 401ad0 with 1 insts
    I: 40233e (flow 402343)
      Successors: 402343
  BB: 401b3f in func 401ad0 with 4 insts
    I: 401b3f
    I: 401b45
    I: 401b4b
    I: 401b50 (flow 4043a5)
      Successors: 4043a5, 401b56
  BB: 40333f in func 401ad0 with 3 insts
    I: 40333f
    I: 403345
    I: 40334a (flow 40577a)
      Successors: 403350, 40577a
  BB: 402b41 in func 401ad0 with 3 insts
    I: 402b41
    I: 402b47
    I: 402b4c (flow 405cb7)
      Successors: 402b52, 405cb7
  BB: 402343 in func 401ad0 with 3 insts
    I: 402343
    I: 402349
    I: 40234e (flow 406829)
      Successors: 406829, 402354
  BB: 406b47 in func 401ad0 with 2 insts
    I: 406b47
    I: 406b51 (flow 406e2a)
      Successors: 406e2a
  BB: 40634a in func 401ad0 with 2 insts
    I: 40634a
    I: 406354 (flow 406e2a)
      Successors: 406e2a
  BB: 403b4b in func 401ad0 with 8 insts
    I: 403b4b
    I: 403b50
    I: 403b55
    I: 403b5a
    I: 403b5f (flow 406e30)
    I: 403b64
    I: 403b69
    I: 403b73 (flow 406e2a)
      Successors: 406e2a
  BB: 40534b in func 401ad0 with 6 insts
    I: 40534b
    I: 405350
    I: 405355
    I: 40535c
    I: 40535f
    I: 405365 (flow 406e2a)
      Successors: 406e2a
  BB: 403350 in func 401ad0 with 1 insts
    I: 403350 (flow 403355)
      Successors: 403355
  BB: 402b52 in func 401ad0 with 1 insts
    I: 402b52 (flow 402b57)
      Successors: 402b57
  BB: 402354 in func 401ad0 with 1 insts
    I: 402354 (flow 402359)
      Successors: 402359
  BB: 403355 in func 401ad0 with 3 insts
    I: 403355
    I: 40335b
    I: 403360 (flow 40543a)
      Successors: 40543a, 403366
  BB: 401b56 in func 401ad0 with 1 insts
    I: 401b56 (flow 401b5b)
      Successors: 401b5b
  BB: 402b57 in func 401ad0 with 3 insts
    I: 402b57
    I: 402b5d
    I: 402b62 (flow 4047f9)
      Successors: 402b68, 4047f9
  BB: 406b56 in func 401ad0 with 2 insts
    I: 406b56
    I: 406b60 (flow 406e2a)
      Successors: 406e2a
  BB: 402359 in func 401ad0 with 3 insts
    I: 402359
    I: 40235f
    I: 402364 (flow 40402e)
      Successors: 40236a, 40402e
  BB: 406359 in func 401ad0 with 40 insts
    I: 406359 (imm 40a034)
    I: 406360
    I: 406362 (imm 40a050)
    I: 406369
    I: 40636b
    I: 40636d
    I: 406373
    I: 406376
    I: 40637c
    I: 40637f
    I: 406382
    I: 406385
    I: 406389
    I: 40638c
    I: 406390
    I: 406393
    I: 406395
    I: 406398
    I: 40639c
    I: 40639e
    I: 4063a1
    I: 4063a3
    I: 4063a6
    I: 4063a9
    I: 4063ac
    I: 4063b0
    I: 4063b3
    I: 4063b6
    I: 4063b9
    I: 4063bc
    I: 4063bf
    I: 4063c1
    I: 4063c4
    I: 4063c6
    I: 4063c8
    I: 4063cd
    I: 4063d2
    I: 4063d5
    I: 4063d8
    I: 4063de (flow 406e2a)
      Successors: 406e2a
  BB: 401b5b in func 401ad0 with 3 insts
    I: 401b5b
    I: 401b61
    I: 401b66 (flow 4034f4)
      Successors: 4034f4, 401b6c
  BB: 40435c in func 401ad0 with 9 insts
    I: 40435c
    I: 404366
    I: 40436b
    I: 404370
    I: 404375
    I: 40437a
    I: 40437e
    I: 404381
    I: 404387 (flow 406e2a)
      Successors: 406e2a
  BB: 404b5d in func 401ad0 with 2 insts
    I: 404b5d
    I: 404b67 (flow 406e2a)
      Successors: 406e2a
  BB: 406b65 in func 401ad0 with 2 insts
    I: 406b65
    I: 406b6f (flow 406e2a)
      Successors: 406e2a
  BB: 403366 in func 401ad0 with 1 insts
    I: 403366 (flow 40336b)
      Successors: 40336b
  BB: 402b68 in func 401ad0 with 1 insts
    I: 402b68 (flow 402b6d)
      Successors: 402b6d
  BB: 40236a in func 401ad0 with 1 insts
    I: 40236a (flow 40236f)
      Successors: 40236f
  BB: 40336b in func 401ad0 with 3 insts
    I: 40336b
    I: 403371
    I: 403376 (flow 403f17)
      Successors: 40337c, 403f17
  BB: 401b6c in func 401ad0 with 1 insts
    I: 401b6c (flow 401b71)
      Successors: 401b71
  BB: 402b6d in func 401ad0 with 3 insts
    I: 402b6d
    I: 402b73
    I: 402b78 (flow 404bad)
      Successors: 404bad, 402b7e
  BB: 404b6c in func 401ad0 with 6 insts
    I: 404b6c
    I: 404b71
    I: 404b76
    I: 404b7d
    I: 404b80
    I: 404b86 (flow 406e2a)
      Successors: 406e2a
  BB: 40236f in func 401ad0 with 3 insts
    I: 40236f
    I: 402375
    I: 40237a (flow 403ebb)
      Successors: 402380, 403ebb
  BB: 40536a in func 401ad0 with 6 insts
    I: 40536a
    I: 40536f
    I: 405374
    I: 40537b
    I: 40537e
    I: 405384 (flow 406e2a)
      Successors: 406e2a
  BB: 401b71 in func 401ad0 with 3 insts
    I: 401b71
    I: 401b77
    I: 401b7c (flow 4067de)
      Successors: 401b82, 4067de
  BB: 406b74 in func 401ad0 with 3 insts
    I: 406b74
    I: 406b7e
    I: 406b88 (flow 406e2a)
      Successors: 406e2a
  BB: 403b78 in func 401ad0 with 24 insts
    I: 403b78 (imm 40a034)
    I: 403b7f
    I: 403b81 (imm 40a050)
    I: 403b88
    I: 403b8a
    I: 403b8c
    I: 403b92
    I: 403b95
    I: 403b9b
    I: 403b9e
    I: 403ba1
    I: 403ba4
    I: 403ba7
    I: 403baa
    I: 403bad
    I: 403baf
    I: 403bb1
    I: 403bb3
    I: 403bb5
    I: 403bba
    I: 403bbf
    I: 403bc2
    I: 403bc5
    I: 403bcb (flow 406e2a)
      Successors: 406e2a
  BB: 40337c in func 401ad0 with 1 insts
    I: 40337c (flow 403381)
      Successors: 403381
  BB: 402b7e in func 401ad0 with 1 insts
    I: 402b7e (flow 402b83)
      Successors: 402b83
  BB: 402380 in func 401ad0 with 1 insts
    I: 402380 (flow 402385)
      Successors: 402385
  BB: 403381 in func 401ad0 with 1 insts
    I: 403381 (flow 406e2a)
      Successors: 406e2a
  BB: 401b82 in func 401ad0 with 1 insts
    I: 401b82 (flow 401b87)
      Successors: 401b87
  BB: 402b83 in func 401ad0 with 3 insts
    I: 402b83
    I: 402b89
    I: 402b8e (flow 406051)
      Successors: 406051, 402b94
  BB: 402385 in func 401ad0 with 3 insts
    I: 402385
    I: 40238b
    I: 402390 (flow 406b74)
      Successors: 406b74, 402396
  BB: 403386 in func 401ad0 with 8 insts
    I: 403386
    I: 40338b
    I: 403390
    I: 403395
    I: 40339a
    I: 40339e
    I: 4033a1
    I: 4033a7 (flow 406e2a)
      Successors: 406e2a
  BB: 401b87 in func 401ad0 with 3 insts
    I: 401b87
    I: 401b8d
    I: 401b92 (flow 4049e1)
      Successors: 401b98, 4049e1
  BB: 405389 in func 401ad0 with 3 insts
    I: 405389
    I: 405390
    I: 40539a (flow 406e2a)
      Successors: 406e2a
  BB: 404b8b in func 401ad0 with 7 insts
    I: 404b8b
    I: 404b90
    I: 404b95
    I: 404b9a
    I: 404b9f
    I: 404ba2
    I: 404ba8 (flow 406e2a)
      Successors: 406e2a
  BB: 40438c in func 401ad0 with 3 insts
    I: 40438c
    I: 404396
    I: 4043a0 (flow 406e2a)
      Successors: 406e2a
  BB: 406b8d in func 401ad0 with 3 insts
    I: 406b8d
    I: 406b97
    I: 406ba1 (flow 406e2a)
      Successors: 406e2a
  BB: 402b94 in func 401ad0 with 1 insts
    I: 402b94 (flow 402b99)
      Successors: 402b99
  BB: 405b95 in func 401ad0 with 7 insts
    I: 405b95
    I: 405b98
    I: 405b9d
    I: 405ba2
    I: 405ba5
    I: 405ba8
    I: 405bae (flow 406e2a)
      Successors: 406e2a
  BB: 402396 in func 401ad0 with 1 insts
    I: 402396 (flow 40239b)
      Successors: 40239b
  BB: 401b98 in func 401ad0 with 1 insts
    I: 401b98 (flow 401b9d)
      Successors: 401b9d
  BB: 402b99 in func 401ad0 with 3 insts
    I: 402b99
    I: 402b9f
    I: 402ba4 (flow 4068de)
      Successors: 402baa, 4068de
  BB: 40239b in func 401ad0 with 3 insts
    I: 40239b
    I: 4023a1
    I: 4023a6 (flow 4051d6)
      Successors: 4023ac, 4051d6
  BB: 401b9d in func 401ad0 with 3 insts
    I: 401b9d
    I: 401ba3
    I: 401ba8 (flow 40520b)
      Successors: 40520b, 401bae
  BB: 40539f in func 401ad0 with 3 insts
    I: 40539f
    I: 4053a6
    I: 4053b0 (flow 406e2a)
      Successors: 406e2a
  BB: 4043a5 in func 401ad0 with 3 insts
    I: 4043a5
    I: 4043af
    I: 4043b9 (flow 406e2a)
      Successors: 406e2a
  BB: 406ba6 in func 401ad0 with 8 insts
    I: 406ba6
    I: 406bae
    I: 406bb6
    I: 406bbb
    I: 406bc0 (flow 4070f0)
    I: 406bc5
    I: 406bcb
    I: 406bd5 (flow 406e2a)
      Successors: 406e2a
  BB: 402baa in func 401ad0 with 1 insts
    I: 402baa (flow 402baf)
      Successors: 402baf
  BB: 4023ac in func 401ad0 with 1 insts
    I: 4023ac (flow 4023b1)
      Successors: 4023b1
  BB: 4033ac in func 401ad0 with 7 insts
    I: 4033ac
    I: 4033b1
    I: 4033b6
    I: 4033bb
    I: 4033c0
    I: 4033c3
    I: 4033c9 (flow 406e2a)
      Successors: 406e2a
  BB: 401bae in func 401ad0 with 1 insts
    I: 401bae (flow 401bb3)
      Successors: 401bb3
  BB: 402baf in func 401ad0 with 3 insts
    I: 402baf
    I: 402bb5
    I: 402bba (flow 406b0b)
      Successors: 402bc0, 406b0b
  BB: 404bad in func 401ad0 with 24 insts
    I: 404bad (imm 40a034)
    I: 404bb4
    I: 404bb6 (imm 40a050)
    I: 404bbd
    I: 404bbf
    I: 404bc1
    I: 404bc7
    I: 404bca
    I: 404bd0
    I: 404bd3
    I: 404bd6
    I: 404bd9
    I: 404bdc
    I: 404bdf
    I: 404be2
    I: 404be4
    I: 404be6
    I: 404be8
    I: 404bea
    I: 404bef
    I: 404bf4
    I: 404bf7
    I: 404bfa
    I: 404c00 (flow 406e2a)
      Successors: 406e2a
  BB: 4023b1 in func 401ad0 with 3 insts
    I: 4023b1
    I: 4023b7
    I: 4023bc (flow 406b47)
      Successors: 4023c2, 406b47
  BB: 401bb3 in func 401ad0 with 3 insts
    I: 401bb3
    I: 401bb9
    I: 401bbe (flow 403a02)
      Successors: 403a02, 401bc4
  BB: 405bb3 in func 401ad0 with 6 insts
    I: 405bb3
    I: 405bb8
    I: 405bbd
    I: 405bc4
    I: 405bc7
    I: 405bcd (flow 406e2a)
      Successors: 406e2a
  BB: 4053b5 in func 401ad0 with 2 insts
    I: 4053b5
    I: 4053bf (flow 406e2a)
      Successors: 406e2a
  BB: 4043be in func 401ad0 with 2 insts
    I: 4043be
    I: 4043c8 (flow 406e2a)
      Successors: 406e2a
  BB: 402bc0 in func 401ad0 with 1 insts
    I: 402bc0 (flow 402bc5)
      Successors: 402bc5
  BB: 4023c2 in func 401ad0 with 1 insts
    I: 4023c2 (flow 4023c7)
      Successors: 4023c7
  BB: 401bc4 in func 401ad0 with 1 insts
    I: 401bc4 (flow 401bc9)
      Successors: 401bc9
  BB: 402bc5 in func 401ad0 with 3 insts
    I: 402bc5
    I: 402bcb
    I: 402bd0 (flow 40663f)
      Successors: 402bd6, 40663f
  BB: 4053c4 in func 401ad0 with 2 insts
    I: 4053c4
    I: 4053ce (flow 406e2a)
      Successors: 406e2a
  BB: 4023c7 in func 401ad0 with 3 insts
    I: 4023c7
    I: 4023cd
    I: 4023d2 (flow 404b5d)
      Successors: 4023d8, 404b5d
  BB: 401bc9 in func 401ad0 with 3 insts
    I: 401bc9
    I: 401bcf
    I: 401bd4 (flow 403488)
      Successors: 403488, 401bda
  BB: 4043cd in func 401ad0 with 24 insts
    I: 4043cd (imm 40a034)
    I: 4043d4
    I: 4043d6 (imm 40a050)
    I: 4043dd
    I: 4043df
    I: 4043e1
    I: 4043e4
    I: 4043e6
    I: 4043e8
    I: 4043eb
    I: 4043ee
    I: 4043f1
    I: 4043f4
    I: 4043f7
    I: 4043fa
    I: 4043fc
    I: 4043fe
    I: 404400
    I: 404402
    I: 404407
    I: 40440c
    I: 40440f
    I: 404412
    I: 404418 (flow 406e2a)
      Successors: 406e2a
  BB: 4033ce in func 401ad0 with 24 insts
    I: 4033ce (imm 40a034)
    I: 4033d5
    I: 4033d7 (imm 40a050)
    I: 4033de
    I: 4033e0
    I: 4033e2
    I: 4033e8
    I: 4033eb
    I: 4033f1
    I: 4033f4
    I: 4033f7
    I: 4033fa
    I: 4033fd
    I: 403400
    I: 403403
    I: 403405
    I: 403407
    I: 403409
    I: 40340b
    I: 403410
    I: 403415
    I: 403418
    I: 40341b
    I: 403421 (flow 406e2a)
      Successors: 406e2a
  BB: 403bd0 in func 401ad0 with 47 insts
    I: 403bd0
    I: 403bd5
    I: 403bda
    I: 403bdd
    I: 403be0
    I: 403be2
    I: 403be4
    I: 403be7 (imm 40a034)
    I: 403bee
    I: 403bf0 (imm 40a050)
    I: 403bf7
    I: 403bf9
    I: 403bfb
    I: 403c01
    I: 403c04
    I: 403c0a
    I: 403c0d
    I: 403c10
    I: 403c13
    I: 403c17
    I: 403c1a
    I: 403c1e
    I: 403c21
    I: 403c23
    I: 403c26
    I: 403c2a
    I: 403c2c
    I: 403c2f
    I: 403c31
    I: 403c34
    I: 403c37
    I: 403c3a
    I: 403c3e
    I: 403c41
    I: 403c44
    I: 403c47
    I: 403c4a
    I: 403c4d
    I: 403c4f
    I: 403c52
    I: 403c54
    I: 403c56
    I: 403c5b
    I: 403c60
    I: 403c63
    I: 403c66
    I: 403c6c (flow 406e2a)
      Successors: 406e2a
  BB: 405bd2 in func 401ad0 with 6 insts
    I: 405bd2
    I: 405bd7
    I: 405bdc
    I: 405be3
    I: 405be6
    I: 405bec (flow 406e2a)
      Successors: 406e2a
  BB: 4053d3 in func 401ad0 with 2 insts
    I: 4053d3
    I: 4053dd (flow 406e2a)
      Successors: 406e2a
  BB: 402bd6 in func 401ad0 with 1 insts
    I: 402bd6 (flow 402bdb)
      Successors: 402bdb
  BB: 4023d8 in func 401ad0 with 1 insts
    I: 4023d8 (flow 4023dd)
      Successors: 4023dd
  BB: 401bda in func 401ad0 with 1 insts
    I: 401bda (flow 401bdf)
      Successors: 401bdf
  BB: 402bdb in func 401ad0 with 3 insts
    I: 402bdb
    I: 402be1
    I: 402be6 (flow 403f6f)
      Successors: 402bec, 403f6f
  BB: 406bda in func 401ad0 with 2 insts
    I: 406bda
    I: 406be4 (flow 406e2a)
      Successors: 406e2a
  BB: 4023dd in func 401ad0 with 3 insts
    I: 4023dd
    I: 4023e3
    I: 4023e8 (flow 404914)
      Successors: 404914, 4023ee
  BB: 401bdf in func 401ad0 with 3 insts
    I: 401bdf
    I: 401be5
    I: 401bea (flow 4067ed)
      Successors: 401bf0, 4067ed
  BB: 4053e2 in func 401ad0 with 24 insts
    I: 4053e2 (imm 40a034)
    I: 4053e9
    I: 4053eb (imm 40a050)
    I: 4053f2
    I: 4053f4
    I: 4053f6
    I: 4053fc
    I: 4053ff
    I: 405405
    I: 405408
    I: 40540b
    I: 40540e
    I: 405411
    I: 405414
    I: 405417
    I: 405419
    I: 40541b
    I: 40541d
    I: 40541f
    I: 405424
    I: 405429
    I: 40542c
    I: 40542f
    I: 405435 (flow 406e2a)
      Successors: 406e2a
  BB: 4063e3 in func 401ad0 with 40 insts
    I: 4063e3 (imm 40a034)
    I: 4063ea
    I: 4063ec (imm 40a050)
    I: 4063f3
    I: 4063f5
    I: 4063f7
    I: 4063fa
    I: 4063fc
    I: 4063fe
    I: 406401
    I: 406404
    I: 406407
    I: 40640b
    I: 40640e
    I: 406412
    I: 406415
    I: 406417
    I: 40641a
    I: 40641e
    I: 406420
    I: 406423
    I: 406425
    I: 406428
    I: 40642b
    I: 40642e
    I: 406432
    I: 406435
    I: 406438
    I: 40643b
    I: 40643e
    I: 406441
    I: 406443
    I: 406446
    I: 406448
    I: 40644a
    I: 40644f
    I: 406454
    I: 406457
    I: 40645a
    I: 406460 (flow 406e2a)
      Successors: 406e2a
  BB: 406be9 in func 401ad0 with 6 insts
    I: 406be9
    I: 406bef
    I: 406bf5
    I: 406bfb
    I: 406c01
    I: 406c0b (flow 406e2a)
      Successors: 406e2a
  BB: 402bec in func 401ad0 with 1 insts
    I: 402bec (flow 402bf1)
      Successors: 402bf1
  BB: 4023ee in func 401ad0 with 1 insts
    I: 4023ee (flow 4023f3)
      Successors: 4023f3
  BB: 401bf0 in func 401ad0 with 1 insts
    I: 401bf0 (flow 401bf5)
      Successors: 401bf5
  BB: 402bf1 in func 401ad0 with 3 insts
    I: 402bf1
    I: 402bf7
    I: 402bfc (flow 405c3c)
      Successors: 402c02, 405c3c
  BB: 405bf1 in func 401ad0 with 6 insts
    I: 405bf1
    I: 405bf6
    I: 405bfb
    I: 405c02
    I: 405c05
    I: 405c0b (flow 406e2a)
      Successors: 406e2a
  BB: 4023f3 in func 401ad0 with 3 insts
    I: 4023f3
    I: 4023f9
    I: 4023fe (flow 4051ec)
      Successors: 4051ec, 402404
  BB: 401bf5 in func 401ad0 with 3 insts
    I: 401bf5
    I: 401bfb
    I: 401c00 (flow 40465e)
      Successors: 40465e, 401c06
  BB: 402c02 in func 401ad0 with 1 insts
    I: 402c02 (flow 402c07)
      Successors: 402c07
  BB: 402404 in func 401ad0 with 1 insts
    I: 402404 (flow 402409)
      Successors: 402409
  BB: 404c05 in func 401ad0 with 44 insts
    I: 404c05
    I: 404c0b
    I: 404c11
    I: 404c17
    I: 404c1d (imm 40a034)
    I: 404c24
    I: 404c26 (imm 40a050)
    I: 404c2d
    I: 404c2f
    I: 404c31
    I: 404c37
    I: 404c3a
    I: 404c40
    I: 404c43
    I: 404c46
    I: 404c49
    I: 404c4d
    I: 404c50
    I: 404c54
    I: 404c57
    I: 404c59
    I: 404c5c
    I: 404c60
    I: 404c62
    I: 404c65
    I: 404c67
    I: 404c6a
    I: 404c6d
    I: 404c70
    I: 404c74
    I: 404c77
    I: 404c7a
    I: 404c7d
    I: 404c80
    I: 404c83
    I: 404c85
    I: 404c88
    I: 404c8a
    I: 404c8c
    I: 404c91
    I: 404c96
    I: 404c99
    I: 404c9c
    I: 404ca2 (flow 406e2a)
      Successors: 406e2a
  BB: 401c06 in func 401ad0 with 1 insts
    I: 401c06 (flow 401c0b)
      Successors: 401c0b
  BB: 402c07 in func 401ad0 with 3 insts
    I: 402c07
    I: 402c0d
    I: 402c12 (flow 4051c0)
      Successors: 402c18, 4051c0
  BB: 402409 in func 401ad0 with 3 insts
    I: 402409
    I: 40240f
    I: 402414 (flow 404e8f)
      Successors: 40241a, 404e8f
  BB: 401c0b in func 401ad0 with 3 insts
    I: 401c0b
    I: 401c11
    I: 401c16 (flow 403819)
      Successors: 403819, 401c1c
  BB: 405c10 in func 401ad0 with 3 insts
    I: 405c10
    I: 405c17
    I: 405c21 (flow 406e2a)
      Successors: 406e2a
  BB: 406c10 in func 401ad0 with 2 insts
    I: 406c10
    I: 406c1a (flow 406e2a)
      Successors: 406e2a
  BB: 402c18 in func 401ad0 with 1 insts
    I: 402c18 (flow 402c1d)
      Successors: 402c1d
  BB: 40241a in func 401ad0 with 1 insts
    I: 40241a (flow 40241f)
      Successors: 40241f
  BB: 401c1c in func 401ad0 with 1 insts
    I: 401c1c (flow 401c21)
      Successors: 401c21
  BB: 402c1d in func 401ad0 with 3 insts
    I: 402c1d
    I: 402c23
    I: 402c28 (flow 4052ff)
      Successors: 402c2e, 4052ff
  BB: 40441d in func 401ad0 with 30 insts
    I: 40441d
    I: 404425
    I: 40442d
    I: 404432
    I: 404437 (flow 4070f0)
    I: 40443c
    I: 404442 (imm 40a034)
    I: 404449
    I: 40444b (imm 40a050)
    I: 404452
    I: 404454
    I: 404456
    I: 40445c
    I: 40445f
    I: 404465
    I: 404468
    I: 40446b
    I: 40446e
    I: 404471
    I: 404474
    I: 404477
    I: 404479
    I: 40447b
    I: 40447d
    I: 40447f
    I: 404484
    I: 404489
    I: 40448c
    I: 40448f
    I: 404495 (flow 406e2a)
      Successors: 406e2a
  BB: 40241f in func 401ad0 with 3 insts
    I: 40241f
    I: 402425
    I: 40242a (flow 406c44)
      Successors: 402430, 406c44
  BB: 406c1f in func 401ad0 with 2 insts
    I: 406c1f
    I: 406c29 (flow 406e2a)
      Successors: 406e2a
  BB: 401c21 in func 401ad0 with 3 insts
    I: 401c21
    I: 401c27
    I: 401c2c (flow 404a66)
      Successors: 401c32, 404a66
  BB: 403426 in func 401ad0 with 25 insts
    I: 403426
    I: 403430 (imm 40a034)
    I: 403437
    I: 403439 (imm 40a050)
    I: 403440
    I: 403442
    I: 403444
    I: 40344a
    I: 40344d
    I: 403453
    I: 403456
    I: 403459
    I: 40345c
    I: 40345f
    I: 403462
    I: 403465
    I: 403467
    I: 403469
    I: 40346b
    I: 40346d
    I: 403472
    I: 403477
    I: 40347a
    I: 40347d
    I: 403483 (flow 406e2a)
      Successors: 406e2a
  BB: 405c26 in func 401ad0 with 3 insts
    I: 405c26
    I: 405c2d
    I: 405c37 (flow 406e2a)
      Successors: 406e2a
  BB: 402c2e in func 401ad0 with 1 insts
    I: 402c2e (flow 402c33)
      Successors: 402c33
  BB: 406c2e in func 401ad0 with 3 insts
    I: 406c2e
    I: 406c35
    I: 406c3f (flow 406e2a)
      Successors: 406e2a
  BB: 402430 in func 401ad0 with 1 insts
    I: 402430 (flow 402435)
      Successors: 402435
  BB: 401c32 in func 401ad0 with 1 insts
    I: 401c32 (flow 401c37)
      Successors: 401c37
  BB: 402c33 in func 401ad0 with 3 insts
    I: 402c33
    I: 402c39
    I: 402c3e (flow 4052a7)
      Successors: 402c44, 4052a7
  BB: 402435 in func 401ad0 with 3 insts
    I: 402435
    I: 40243b
    I: 402440 (flow 405ee0)
      Successors: 405ee0, 402446
  BB: 401c37 in func 401ad0 with 3 insts
    I: 401c37
    I: 401c3d
    I: 401c42 (flow 40672f)
      Successors: 401c48, 40672f
  BB: 40543a in func 401ad0 with 44 insts
    I: 40543a
    I: 405441
    I: 405444
    I: 405446
    I: 405449 (imm 40a034)
    I: 405450
    I: 405452 (imm 40a050)
    I: 405459
    I: 40545b
    I: 40545d
    I: 405463
    I: 405466
    I: 40546c
    I: 40546f
    I: 405472
    I: 405475
    I: 405479
    I: 40547c
    I: 405480
    I: 405483
    I: 405485
    I: 405488
    I: 40548c
    I: 40548e
    I: 405491
    I: 405493
    I: 405496
    I: 405499
    I: 40549c
    I: 4054a0
    I: 4054a3
    I: 4054a6
    I: 4054a9
    I: 4054ac
    I: 4054af
    I: 4054b1
    I: 4054b4
    I: 4054b6
    I: 4054b8
    I: 4054bd
    I: 4054c2
    I: 4054c5
    I: 4054c8
    I: 4054ce (flow 406e2a)
      Successors: 406e2a
  BB: 405c3c in func 401ad0 with 2 insts
    I: 405c3c
    I: 405c46 (flow 406e2a)
      Successors: 406e2a
  BB: 402c44 in func 401ad0 with 1 insts
    I: 402c44 (flow 402c49)
      Successors: 402c49
  BB: 406c44 in func 401ad0 with 6 insts
    I: 406c44
    I: 406c4a
    I: 406c50
    I: 406c56
    I: 406c5c
    I: 406c66 (flow 406e2a)
      Successors: 406e2a
  BB: 402446 in func 401ad0 with 1 insts
    I: 402446 (flow 40244b)
      Successors: 40244b
  BB: 401c48 in func 401ad0 with 1 insts
    I: 401c48 (flow 401c4d)
      Successors: 401c4d
  BB: 402c49 in func 401ad0 with 3 insts
    I: 402c49
    I: 402c4f
    I: 402c54 (flow 40435c)
      Successors: 402c5a, 40435c
  BB: 40244b in func 401ad0 with 3 insts
    I: 40244b
    I: 402451
    I: 402456 (flow 406e20)
      Successors: 406e20, 40245c
  BB: 405c4b in func 401ad0 with 2 insts
    I: 405c4b
    I: 405c55 (flow 406e2a)
      Successors: 406e2a
  BB: 401c4d in func 401ad0 with 3 insts
    I: 401c4d
    I: 401c53
    I: 401c58 (flow 40478e)
      Successors: 40478e, 401c5e
  BB: 402c5a in func 401ad0 with 1 insts
    I: 402c5a (flow 402c5f)
      Successors: 402c5f
  BB: 405c5a in func 401ad0 with 6 insts
    I: 405c5a
    I: 405c5f
    I: 405c64
    I: 405c6b
    I: 405c6e
    I: 405c74 (flow 406e2a)
      Successors: 406e2a
  BB: 40245c in func 401ad0 with 1 insts
    I: 40245c (flow 402461)
      Successors: 402461
  BB: 401c5e in func 401ad0 with 1 insts
    I: 401c5e (flow 401c63)
      Successors: 401c63
  BB: 402c5f in func 401ad0 with 3 insts
    I: 402c5f
    I: 402c65
    I: 402c6a (flow 404f1b)
      Successors: 402c70, 404f1b
  BB: 402461 in func 401ad0 with 3 insts
    I: 402461
    I: 402467
    I: 40246c (flow 40394b)
      Successors: 402472, 40394b
  BB: 401c63 in func 401ad0 with 3 insts
    I: 401c63
    I: 401c69
    I: 401c6e (flow 406848)
      Successors: 406848, 401c74
  BB: 406465 in func 401ad0 with 2 insts
    I: 406465
    I: 40646f (flow 406e2a)
      Successors: 406e2a
  BB: 406c6b in func 401ad0 with 2 insts
    I: 406c6b
    I: 406c75 (flow 406e2a)
      Successors: 406e2a
  BB: 402c70 in func 401ad0 with 1 insts
    I: 402c70 (flow 402c75)
      Successors: 402c75
  BB: 403c71 in func 401ad0 with 7 insts
    I: 403c71
    I: 403c74
    I: 403c79
    I: 403c7e
    I: 403c81
    I: 403c84
    I: 403c8a (flow 406e2a)
      Successors: 406e2a
  BB: 402472 in func 401ad0 with 1 insts
    I: 402472 (flow 402477)
      Successors: 402477
  BB: 401c74 in func 401ad0 with 1 insts
    I: 401c74 (flow 401c79)
      Successors: 401c79
  BB: 402c75 in func 401ad0 with 3 insts
    I: 402c75
    I: 402c7b
    I: 402c80 (flow 4054d3)
      Successors: 4054d3, 402c86
  BB: 406474 in func 401ad0 with 6 insts
    I: 406474
    I: 406479
    I: 40647e
    I: 406485
    I: 406488
    I: 40648e (flow 406e2a)
      Successors: 406e2a
  BB: 402477 in func 401ad0 with 3 insts
    I: 402477
    I: 40247d
    I: 402482 (flow 4059c5)
      Successors: 402488, 4059c5
  BB: 401c79 in func 401ad0 with 3 insts
    I: 401c79
    I: 401c7f
    I: 401c84 (flow 405b95)
      Successors: 401c8a, 405b95
  BB: 405c79 in func 401ad0 with 6 insts
    I: 405c79
    I: 405c7e
    I: 405c83
    I: 405c8a
    I: 405c8d
    I: 405c93 (flow 406e2a)
      Successors: 406e2a
  BB: 406c7a in func 401ad0 with 2 insts
    I: 406c7a
    I: 406c84 (flow 406e2a)
      Successors: 406e2a
  BB: 402c86 in func 401ad0 with 1 insts
    I: 402c86 (flow 402c8b)
      Successors: 402c8b
  BB: 402488 in func 401ad0 with 1 insts
    I: 402488 (flow 40248d)
      Successors: 40248d
  BB: 403488 in func 401ad0 with 2 insts
    I: 403488
    I: 403492 (flow 406e2a)
      Successors: 406e2a
  BB: 401c8a in func 401ad0 with 1 insts
    I: 401c8a (flow 401c8f)
      Successors: 401c8f
  BB: 402c8b in func 401ad0 with 3 insts
    I: 402c8b
    I: 402c91
    I: 402c96 (flow 4055a8)
      Successors: 4055a8, 402c9c
  BB: 406c89 in func 401ad0 with 2 insts
    I: 406c89
    I: 406c93 (flow 406e2a)
      Successors: 406e2a
  BB: 40248d in func 401ad0 with 3 insts
    I: 40248d
    I: 402493
    I: 402498 (flow 404330)
      Successors: 404330, 40249e
  BB: 401c8f in func 401ad0 with 3 insts
    I: 401c8f
    I: 401c95
    I: 401c9a (flow 406ba6)
      Successors: 401ca0, 406ba6
  BB: 403c8f in func 401ad0 with 8 insts
    I: 403c8f
    I: 403c94
    I: 403c99
    I: 403c9e
    I: 403ca3 (flow 406e70)
    I: 403ca8
    I: 403cad
    I: 403cb7 (flow 406e2a)
      Successors: 406e2a
  BB: 406493 in func 401ad0 with 6 insts
    I: 406493
    I: 406498
    I: 40649d
    I: 4064a4
    I: 4064a7
    I: 4064ad (flow 406e2a)
      Successors: 406e2a
  BB: 403497 in func 401ad0 with 7 insts
    I: 403497
    I: 40349c
    I: 4034a1
    I: 4034a6
    I: 4034ab
    I: 4034ae
    I: 4034b4 (flow 406e2a)
      Successors: 406e2a
  BB: 405c98 in func 401ad0 with 6 insts
    I: 405c98
    I: 405c9d
    I: 405ca2
    I: 405ca9
    I: 405cac
    I: 405cb2 (flow 406e2a)
      Successors: 406e2a
  BB: 406c98 in func 401ad0 with 2 insts
    I: 406c98
    I: 406ca2 (flow 406e2a)
      Successors: 406e2a
  BB: 40449a in func 401ad0 with 2 insts
    I: 40449a
    I: 4044a4 (flow 406e2a)
      Successors: 406e2a
  BB: 402c9c in func 401ad0 with 1 insts
    I: 402c9c (flow 402ca1)
      Successors: 402ca1
  BB: 40249e in func 401ad0 with 1 insts
    I: 40249e (flow 4024a3)
      Successors: 4024a3
  BB: 401ca0 in func 401ad0 with 1 insts
    I: 401ca0 (flow 401ca5)
      Successors: 401ca5
  BB: 402ca1 in func 401ad0 with 3 insts
    I: 402ca1
    I: 402ca7
    I: 402cac (flow 404957)
      Successors: 402cb2, 404957
  BB: 4024a3 in func 401ad0 with 3 insts
    I: 4024a3
    I: 4024a9
    I: 4024ae (flow 406dde)
      Successors: 4024b4, 406dde
  BB: 401ca5 in func 401ad0 with 3 insts
    I: 401ca5
    I: 401cab
    I: 401cb0 (flow 406b8d)
      Successors: 406b8d, 401cb6
  BB: 404ca7 in func 401ad0 with 2 insts
    I: 404ca7
    I: 404cb1 (flow 406e2a)
      Successors: 406e2a
  BB: 406ca7 in func 401ad0 with 2 insts
    I: 406ca7
    I: 406cb1 (flow 406e2a)
      Successors: 406e2a
  BB: 4044a9 in func 401ad0 with 10 insts
    I: 4044a9
    I: 4044ae
    I: 4044b3
    I: 4044b8
    I: 4044bd
    I: 4044c1
    I: 4044c4
    I: 4044c7
    I: 4044ca
    I: 4044d0 (flow 406e2a)
      Successors: 406e2a
  BB: 402cb2 in func 401ad0 with 1 insts
    I: 402cb2 (flow 402cb7)
      Successors: 402cb7
  BB: 4064b2 in func 401ad0 with 6 insts
    I: 4064b2
    I: 4064b7
    I: 4064bc
    I: 4064c3
    I: 4064c6
    I: 4064cc (flow 406e2a)
      Successors: 406e2a
  BB: 4024b4 in func 401ad0 with 1 insts
    I: 4024b4 (flow 4024b9)
      Successors: 4024b9
  BB: 401cb6 in func 401ad0 with 1 insts
    I: 401cb6 (flow 401cbb)
      Successors: 401cbb
  BB: 402cb7 in func 401ad0 with 3 insts
    I: 402cb7
    I: 402cbd
    I: 402cc2 (flow 406d7c)
      Successors: 402cc8, 406d7c
  BB: 404cb6 in func 401ad0 with 6 insts
    I: 404cb6
    I: 404cbc
    I: 404cc2
    I: 404cc8
    I: 404cce
    I: 404cd8 (flow 406e2a)
      Successors: 406e2a
  BB: 4024b9 in func 401ad0 with 3 insts
    I: 4024b9
    I: 4024bf
    I: 4024c4 (flow 404010)
      Successors: 404010, 4024ca
  BB: 4034b9 in func 401ad0 with 7 insts
    I: 4034b9
    I: 4034be
    I: 4034c3
    I: 4034c8
    I: 4034cd
    I: 4034d0
    I: 4034d6 (flow 406e2a)
      Successors: 406e2a
  BB: 401cbb in func 401ad0 with 3 insts
    I: 401cbb
    I: 401cc1
    I: 401cc6 (flow 405f76)
      Successors: 401ccc, 405f76
  BB: 403cbc in func 401ad0 with 10 insts
    I: 403cbc
    I: 403cc1
    I: 403cc6
    I: 403ccb
    I: 403cd0
    I: 403cd4
    I: 403cd7
    I: 403cda
    I: 403cdd
    I: 403ce3 (flow 406e2a)
      Successors: 406e2a
  BB: 405cb7 in func 401ad0 with 24 insts
    I: 405cb7 (imm 40a034)
    I: 405cbe
    I: 405cc0 (imm 40a050)
    I: 405cc7
    I: 405cc9
    I: 405ccb
    I: 405cd1
    I: 405cd4
    I: 405cda
    I: 405cdd
    I: 405ce0
    I: 405ce3
    I: 405ce6
    I: 405ce9
    I: 405cec
    I: 405cee
    I: 405cf0
    I: 405cf2
    I: 405cf4
    I: 405cf9
    I: 405cfe
    I: 405d01
    I: 405d04
    I: 405d0a (flow 406e2a)
      Successors: 406e2a
  BB: 406cb6 in func 401ad0 with 2 insts
    I: 406cb6
    I: 406cc0 (flow 406e2a)
      Successors: 406e2a
  BB: 406cc5 in func 401ad0 with 2 insts
    I: 406cc5
    I: 406ccf (flow 406e2a)
      Successors: 406e2a
  BB: 402cc8 in func 401ad0 with 1 insts
    I: 402cc8 (flow 402ccd)
      Successors: 402ccd
  BB: 4024ca in func 401ad0 with 1 insts
    I: 4024ca (flow 4024cf)
      Successors: 4024cf
  BB: 401ccc in func 401ad0 with 1 insts
    I: 401ccc (flow 401cd1)
      Successors: 401cd1
  BB: 402ccd in func 401ad0 with 3 insts
    I: 402ccd
    I: 402cd3
    I: 402cd8 (flow 403a8c)
      Successors: 403a8c, 402cde
  BB: 4024cf in func 401ad0 with 3 insts
    I: 4024cf
    I: 4024d5
    I: 4024da (flow 4039a3)
      Successors: 4024e0, 4039a3
  BB: 401cd1 in func 401ad0 with 3 insts
    I: 401cd1
    I: 401cd7
    I: 401cdc (flow 406ca7)
      Successors: 401ce2, 406ca7
  BB: 4064d1 in func 401ad0 with 6 insts
    I: 4064d1
    I: 4064d6
    I: 4064db
    I: 4064e2
    I: 4064e5
    I: 4064eb (flow 406e2a)
      Successors: 406e2a
  BB: 4054d3 in func 401ad0 with 7 insts
    I: 4054d3
    I: 4054d6
    I: 4054db
    I: 4054e0
    I: 4054e3
    I: 4054e6
    I: 4054ec (flow 406e2a)
      Successors: 406e2a
  BB: 406cd4 in func 401ad0 with 2 insts
    I: 406cd4
    I: 406cde (flow 406e2a)
      Successors: 406e2a
  BB: 4044d5 in func 401ad0 with 10 insts
    I: 4044d5
    I: 4044da
    I: 4044df
    I: 4044e4
    I: 4044e9
    I: 4044ed
    I: 4044f0
    I: 4044f3
    I: 4044f6
    I: 4044fc (flow 406e2a)
      Successors: 406e2a
  BB: 4034db in func 401ad0 with 3 insts
    I: 4034db
    I: 4034e5
    I: 4034ef (flow 406e2a)
      Successors: 406e2a
  BB: 404cdd in func 401ad0 with 24 insts
    I: 404cdd (imm 40a034)
    I: 404ce4
    I: 404ce6 (imm 40a050)
    I: 404ced
    I: 404cef
    I: 404cf1
    I: 404cf7
    I: 404cfa
    I: 404d00
    I: 404d03
    I: 404d06
    I: 404d09
    I: 404d0c
    I: 404d0f
    I: 404d12
    I: 404d14
    I: 404d16
    I: 404d18
    I: 404d1a
    I: 404d1f
    I: 404d24
    I: 404d27
    I: 404d2a
    I: 404d30 (flow 406e2a)
      Successors: 406e2a
  BB: 402cde in func 401ad0 with 1 insts
    I: 402cde (flow 402ce3)
      Successors: 402ce3
  BB: 4024e0 in func 401ad0 with 1 insts
    I: 4024e0 (flow 4024e5)
      Successors: 4024e5
  BB: 401ce2 in func 401ad0 with 1 insts
    I: 401ce2 (flow 401ce7)
      Successors: 401ce7
  BB: 402ce3 in func 401ad0 with 3 insts
    I: 402ce3
    I: 402ce9
    I: 402cee (flow 404938)
      Successors: 404938, 402cf4
  BB: 406ce3 in func 401ad0 with 2 insts
    I: 406ce3
    I: 406ced (flow 406e2a)
      Successors: 406e2a
  BB: 4024e5 in func 401ad0 with 3 insts
    I: 4024e5
    I: 4024eb
    I: 4024f0 (flow 4042c5)
      Successors: 4042c5, 4024f6
  BB: 401ce7 in func 401ad0 with 3 insts
    I: 401ce7
    I: 401ced
    I: 401cf2 (flow 404e0d)
      Successors: 401cf8, 404e0d
  BB: 403ce8 in func 401ad0 with 8 insts
    I: 403ce8
    I: 403ced
    I: 403cf2
    I: 403cf7
    I: 403cfc (flow 406e30)
    I: 403d01
    I: 403d09
    I: 403d13 (flow 406e2a)
      Successors: 406e2a
  BB: 4064f0 in func 401ad0 with 12 insts
    I: 4064f0
    I: 4064f8
    I: 406500
    I: 406505
    I: 40650a (flow 4070f0)
    I: 40650f
    I: 406511
    I: 406516
    I: 40651b
    I: 40651e
    I: 406521
    I: 406527 (flow 406e2a)
      Successors: 406e2a
  BB: 4054f1 in func 401ad0 with 24 insts
    I: 4054f1 (imm 40a034)
    I: 4054f8
    I: 4054fa (imm 40a050)
    I: 405501
    I: 405503
    I: 405505
    I: 40550b
    I: 40550e
    I: 405514
    I: 405517
    I: 40551a
    I: 40551d
    I: 405520
    I: 405523
    I: 405526
    I: 405528
    I: 40552a
    I: 40552c
    I: 40552e
    I: 405533
    I: 405538
    I: 40553b
    I: 40553e
    I: 405544 (flow 406e2a)
      Successors: 406e2a
  BB: 406cf2 in func 401ad0 with 3 insts
    I: 406cf2
    I: 406cf9
    I: 406d03 (flow 406e2a)
      Successors: 406e2a
  BB: 402cf4 in func 401ad0 with 1 insts
    I: 402cf4 (flow 402cf9)
      Successors: 402cf9
  BB: 4034f4 in func 401ad0 with 7 insts
    I: 4034f4
    I: 4034f9
    I: 4034fe
    I: 403503
    I: 403508
    I: 40350b
    I: 403511 (flow 406e2a)
      Successors: 406e2a
  BB: 4024f6 in func 401ad0 with 1 insts
    I: 4024f6 (flow 4024fb)
      Successors: 4024fb
  BB: 401cf8 in func 401ad0 with 1 insts
    I: 401cf8 (flow 401cfd)
      Successors: 401cfd
  BB: 402cf9 in func 401ad0 with 3 insts
    I: 402cf9
    I: 402cff
    I: 402d04 (flow 404cdd)
      Successors: 402d0a, 404cdd
  BB: 4024fb in func 401ad0 with 3 insts
    I: 4024fb
    I: 402501
    I: 402506 (flow 403d18)
      Successors: 403d18, 40250c
  BB: 401cfd in func 401ad0 with 3 insts
    I: 401cfd
    I: 401d03
    I: 401d08 (flow 403497)
      Successors: 401d0e, 403497
  BB: 404501 in func 401ad0 with 10 insts
    I: 404501
    I: 404506
    I: 40450b
    I: 404510
    I: 404515
    I: 404519
    I: 40451c
    I: 40451f
    I: 404522
    I: 404528 (flow 406e2a)
      Successors: 406e2a
  BB: 406d08 in func 401ad0 with 7 insts
    I: 406d08
    I: 406d0d
    I: 406d12
    I: 406d17
    I: 406d1c (flow 4070f0)
    I: 406d21
    I: 406d2b (flow 406e2a)
      Successors: 406e2a
  BB: 402d0a in func 401ad0 with 1 insts
    I: 402d0a (flow 402d0f)
      Successors: 402d0f
  BB: 40250c in func 401ad0 with 1 insts
    I: 40250c (flow 402511)
      Successors: 402511
  BB: 401d0e in func 401ad0 with 1 insts
    I: 401d0e (flow 401d13)
      Successors: 401d13
  BB: 402d0f in func 401ad0 with 3 insts
    I: 402d0f
    I: 402d15
    I: 402d1a (flow 404f5c)
      Successors: 402d20, 404f5c
  BB: 405d0f in func 401ad0 with 44 insts
    I: 405d0f
    I: 405d16
    I: 405d19
    I: 405d1b
    I: 405d1e (imm 40a034)
    I: 405d25
    I: 405d27 (imm 40a050)
    I: 405d2e
    I: 405d30
    I: 405d32
    I: 405d35
    I: 405d37
    I: 405d39
    I: 405d3c
    I: 405d3f
    I: 405d42
    I: 405d46
    I: 405d49
    I: 405d4d
    I: 405d50
    I: 405d52
    I: 405d55
    I: 405d59
    I: 405d5b
    I: 405d5e
    I: 405d60
    I: 405d63
    I: 405d66
    I: 405d69
    I: 405d6d
    I: 405d70
    I: 405d73
    I: 405d76
    I: 405d79
    I: 405d7c
    I: 405d7e
    I: 405d81
    I: 405d83
    I: 405d85
    I: 405d8a
    I: 405d8f
    I: 405d92
    I: 405d95
    I: 405d9b (flow 406e2a)
      Successors: 406e2a
  BB: 402511 in func 401ad0 with 3 insts
    I: 402511
    I: 402517
    I: 40251c (flow 4039f3)
      Successors: 402522, 4039f3
  BB: 401d13 in func 401ad0 with 3 insts
    I: 401d13
    I: 401d19
    I: 401d1e (flow 405c26)
      Successors: 401d24, 405c26
  BB: 403516 in func 401ad0 with 24 insts
    I: 403516 (imm 40a034)
    I: 40351d
    I: 40351f (imm 40a050)
    I: 403526
    I: 403528
    I: 40352a
    I: 403530
    I: 403533
    I: 403539
    I: 40353c
    I: 40353f
    I: 403542
    I: 403545
    I: 403548
    I: 40354b
    I: 40354d
    I: 40354f
    I: 403551
    I: 403553
    I: 403558
    I: 40355d
    I: 403560
    I: 403563
    I: 403569 (flow 406e2a)
      Successors: 406e2a
  BB: 403d18 in func 401ad0 with 40 insts
    I: 403d18 (imm 40a034)
    I: 403d1f
    I: 403d21 (imm 40a050)
    I: 403d28
    I: 403d2a
    I: 403d2c
    I: 403d32
    I: 403d35
    I: 403d3b
    I: 403d3e
    I: 403d41
    I: 403d44
    I: 403d48
    I: 403d4b
    I: 403d4f
    I: 403d52
    I: 403d54
    I: 403d57
    I: 403d5b
    I: 403d5d
    I: 403d60
    I: 403d62
    I: 403d65
    I: 403d68
    I: 403d6b
    I: 403d6f
    I: 403d72
    I: 403d75
    I: 403d78
    I: 403d7b
    I: 403d7e
    I: 403d80
    I: 403d83
    I: 403d85
    I: 403d87
    I: 403d8c
    I: 403d91
    I: 403d94
    I: 403d97
    I: 403d9d (flow 406e2a)
      Successors: 406e2a
  BB: 402d20 in func 401ad0 with 1 insts
    I: 402d20 (flow 402d25)
      Successors: 402d25
  BB: 402522 in func 401ad0 with 1 insts
    I: 402522 (flow 402527)
      Successors: 402527
  BB: 401d24 in func 401ad0 with 1 insts
    I: 401d24 (flow 401d29)
      Successors: 401d29
  BB: 402d25 in func 401ad0 with 3 insts
    I: 402d25
    I: 402d2b
    I: 402d30 (flow 404b6c)
      Successors: 404b6c, 402d36
  BB: 402527 in func 401ad0 with 3 insts
    I: 402527
    I: 40252d
    I: 402532 (flow 406d30)
      Successors: 402538, 406d30
  BB: 401d29 in func 401ad0 with 3 insts
    I: 401d29
    I: 401d2f
    I: 401d34 (flow 406b65)
      Successors: 401d3a, 406b65
  BB: 40652c in func 401ad0 with 6 insts
    I: 40652c
    I: 406531
    I: 406536
    I: 40653d
    I: 406540
    I: 406546 (flow 406e2a)
      Successors: 406e2a
  BB: 40452d in func 401ad0 with 6 insts
    I: 40452d
    I: 404532
    I: 404537
    I: 40453e
    I: 404541
    I: 404547 (flow 406e2a)
      Successors: 406e2a
  BB: 406d30 in func 401ad0 with 2 insts
    I: 406d30
    I: 406d3a (flow 406e2a)
      Successors: 406e2a
  BB: 404d35 in func 401ad0 with 47 insts
    I: 404d35
    I: 404d3a
    I: 404d3f
    I: 404d42
    I: 404d45
    I: 404d47
    I: 404d49
    I: 404d4c (imm 40a034)
    I: 404d53
    I: 404d55 (imm 40a050)
    I: 404d5c
    I: 404d5e
    I: 404d60
    I: 404d66
    I: 404d69
    I: 404d6f
    I: 404d72
    I: 404d75
    I: 404d78
    I: 404d7c
    I: 404d7f
    I: 404d83
    I: 404d86
    I: 404d88
    I: 404d8b
    I: 404d8f
    I: 404d91
    I: 404d94
    I: 404d96
    I: 404d99
    I: 404d9c
    I: 404d9f
    I: 404da3
    I: 404da6
    I: 404da9
    I: 404dac
    I: 404daf
    I: 404db2
    I: 404db4
    I: 404db7
    I: 404db9
    I: 404dbb
    I: 404dc0
    I: 404dc5
    I: 404dc8
    I: 404dcb
    I: 404dd1 (flow 406e2a)
      Successors: 406e2a
  BB: 402d36 in func 401ad0 with 1 insts
    I: 402d36 (flow 402d3b)
      Successors: 402d3b
  BB: 402538 in func 401ad0 with 1 insts
    I: 402538 (flow 40253d)
      Successors: 40253d
  BB: 401d3a in func 401ad0 with 1 insts
    I: 401d3a (flow 401d3f)
      Successors: 401d3f
  BB: 402d3b in func 401ad0 with 3 insts
    I: 402d3b
    I: 402d41
    I: 402d46 (flow 406dc0)
      Successors: 406dc0, 402d4c
  BB: 40253d in func 401ad0 with 3 insts
    I: 40253d
    I: 402543
    I: 402548 (flow 4047ba)
      Successors: 4047ba, 40254e
  BB: 401d3f in func 401ad0 with 3 insts
    I: 401d3f
    I: 401d45
    I: 401d4a (flow 403b2d)
      Successors: 401d50, 403b2d
  BB: 406d3f in func 401ad0 with 7 insts
    I: 406d3f
    I: 406d47
    I: 406d4f
    I: 406d54
    I: 406d59 (flow 4070f0)
    I: 406d5e
    I: 406d68 (flow 406e2a)
      Successors: 406e2a
  BB: 405549 in func 401ad0 with 28 insts
    I: 405549
    I: 405550
    I: 405553
    I: 405555
    I: 405558 (imm 40a034)
    I: 40555f
    I: 405561 (imm 40a050)
    I: 405568
    I: 40556a
    I: 40556c
    I: 40556f
    I: 405571
    I: 405573
    I: 405576
    I: 405579
    I: 40557c
    I: 40557f
    I: 405582
    I: 405585
    I: 405587
    I: 405589
    I: 40558b
    I: 40558d
    I: 405592
    I: 405597
    I: 40559a
    I: 40559d
    I: 4055a3 (flow 406e2a)
      Successors: 406e2a
  BB: 40654b in func 401ad0 with 6 insts
    I: 40654b
    I: 406550
    I: 406555
    I: 40655c
    I: 40655f
    I: 406565 (flow 406e2a)
      Successors: 406e2a
  BB: 402d4c in func 401ad0 with 1 insts
    I: 402d4c (flow 402d51)
      Successors: 402d51
  BB: 40454c in func 401ad0 with 40 insts
    I: 40454c (imm 40a034)
    I: 404553
    I: 404555 (imm 40a050)
    I: 40455c
    I: 40455e
    I: 404560
    I: 404566
    I: 404569
    I: 40456f
    I: 404572
    I: 404575
    I: 404578
    I: 40457c
    I: 40457f
    I: 404583
    I: 404586
    I: 404588
    I: 40458b
    I: 40458f
    I: 404591
    I: 404594
    I: 404596
    I: 404599
    I: 40459c
    I: 40459f
    I: 4045a3
    I: 4045a6
    I: 4045a9
    I: 4045ac
    I: 4045af
    I: 4045b2
    I: 4045b4
    I: 4045b7
    I: 4045b9
    I: 4045bb
    I: 4045c0
    I: 4045c5
    I: 4045c8
    I: 4045cb
    I: 4045d1 (flow 406e2a)
      Successors: 406e2a
  BB: 40254e in func 401ad0 with 1 insts
    I: 40254e (flow 402553)
      Successors: 402553
  BB: 401d50 in func 401ad0 with 1 insts
    I: 401d50 (flow 401d55)
      Successors: 401d55
  BB: 402d51 in func 401ad0 with 3 insts
    I: 402d51
    I: 402d57
    I: 402d5c (flow 40362d)
      Successors: 402d62, 40362d
  BB: 402553 in func 401ad0 with 3 insts
    I: 402553
    I: 402559
    I: 40255e (flow 406cb6)
      Successors: 402564, 406cb6
  BB: 401d55 in func 401ad0 with 3 insts
    I: 401d55
    I: 401d5b
    I: 401d60 (flow 4042fc)
      Successors: 4042fc, 401d66
  BB: 402d62 in func 401ad0 with 1 insts
    I: 402d62 (flow 402d67)
      Successors: 402d67
  BB: 402564 in func 401ad0 with 1 insts
    I: 402564 (flow 402569)
      Successors: 402569
  BB: 401d66 in func 401ad0 with 1 insts
    I: 401d66 (flow 401d6b)
      Successors: 401d6b
  BB: 402d67 in func 401ad0 with 3 insts
    I: 402d67
    I: 402d6d
    I: 402d72 (flow 403426)
      Successors: 402d78, 403426
  BB: 402569 in func 401ad0 with 3 insts
    I: 402569
    I: 40256f
    I: 402574 (flow 404640)
      Successors: 404640, 40257a
  BB: 40656a in func 401ad0 with 24 insts
    I: 40656a (imm 40a034)
    I: 406571
    I: 406573 (imm 40a050)
    I: 40657a
    I: 40657c
    I: 40657e
    I: 406584
    I: 406587
    I: 40658d
    I: 406590
    I: 406593
    I: 406596
    I: 406599
    I: 40659c
    I: 40659f
    I: 4065a1
    I: 4065a3
    I: 4065a5
    I: 4065a7
    I: 4065ac
    I: 4065b1
    I: 4065b4
    I: 4065b7
    I: 4065bd (flow 406e2a)
      Successors: 406e2a
  BB: 401d6b in func 401ad0 with 3 insts
    I: 401d6b
    I: 401d71
    I: 401d76 (flow 403679)
      Successors: 403679, 401d7c
  BB: 406d6d in func 401ad0 with 2 insts
    I: 406d6d
    I: 406d77 (flow 406e2a)
      Successors: 406e2a
  BB: 40356e in func 401ad0 with 29 insts
    I: 40356e
    I: 403573
    I: 403578
    I: 40357b
    I: 40357d
    I: 403580 (imm 40a034)
    I: 403587
    I: 403589 (imm 40a050)
    I: 403590
    I: 403592
    I: 403594
    I: 40359a
    I: 40359d
    I: 4035a3
    I: 4035a6
    I: 4035a9
    I: 4035ac
    I: 4035af
    I: 4035b2
    I: 4035b5
    I: 4035b7
    I: 4035b9
    I: 4035bb
    I: 4035bd
    I: 4035c2
    I: 4035c7
    I: 4035ca
    I: 4035cd
    I: 4035d3 (flow 406e2a)
      Successors: 406e2a
  BB: 402d78 in func 401ad0 with 1 insts
    I: 402d78 (flow 402d7d)
      Successors: 402d7d
  BB: 40257a in func 401ad0 with 1 insts
    I: 40257a (flow 40257f)
      Successors: 40257f
  BB: 401d7c in func 401ad0 with 1 insts
    I: 401d7c (flow 401d81)
      Successors: 401d81
  BB: 402d7d in func 401ad0 with 3 insts
    I: 402d7d
    I: 402d83
    I: 402d88 (flow 403ce8)
      Successors: 403ce8, 402d8e
  BB: 406d7c in func 401ad0 with 7 insts
    I: 406d7c
    I: 406d84
    I: 406d8c
    I: 406d91
    I: 406d96 (flow 4070f0)
    I: 406d9b
    I: 406da5 (flow 406e2a)
      Successors: 406e2a
  BB: 40257f in func 401ad0 with 3 insts
    I: 40257f
    I: 402585
    I: 40258a (flow 404dd6)
      Successors: 402590, 404dd6
  BB: 401d81 in func 401ad0 with 3 insts
    I: 401d81
    I: 401d87
    I: 401d8c (flow 406c98)
      Successors: 406c98, 401d92
  BB: 402d8e in func 401ad0 with 1 insts
    I: 402d8e (flow 402d93)
      Successors: 402d93
  BB: 402590 in func 401ad0 with 1 insts
    I: 402590 (flow 402595)
      Successors: 402595
  BB: 401d92 in func 401ad0 with 1 insts
    I: 401d92 (flow 401d97)
      Successors: 401d97
  BB: 402d93 in func 401ad0 with 3 insts
    I: 402d93
    I: 402d99
    I: 402d9e (flow 403923)
      Successors: 403923, 402da4
  BB: 402595 in func 401ad0 with 3 insts
    I: 402595
    I: 40259b
    I: 4025a0 (flow 4060db)
      Successors: 4060db, 4025a6
  BB: 401d97 in func 401ad0 with 3 insts
    I: 401d97
    I: 401d9d
    I: 401da2 (flow 4069b2)
      Successors: 401da8, 4069b2
  BB: 405da0 in func 401ad0 with 7 insts
    I: 405da0
    I: 405da3
    I: 405da8
    I: 405dad
    I: 405db0
    I: 405db3
    I: 405db9 (flow 406e2a)
      Successors: 406e2a
  BB: 403da2 in func 401ad0 with 31 insts
    I: 403da2
    I: 403da7
    I: 403dac
    I: 403daf
    I: 403db2
    I: 403db4
    I: 403db6
    I: 403db9 (imm 40a034)
    I: 403dc0
    I: 403dc2 (imm 40a050)
    I: 403dc9
    I: 403dcb
    I: 403dcd
    I: 403dd3
    I: 403dd6
    I: 403ddc
    I: 403ddf
    I: 403de2
    I: 403de5
    I: 403de8
    I: 403deb
    I: 403dee
    I: 403df0
    I: 403df2
    I: 403df4
    I: 403df6
    I: 403dfb
    I: 403e00
    I: 403e03
    I: 403e06
    I: 403e0c (flow 406e2a)
      Successors: 406e2a
  BB: 402da4 in func 401ad0 with 1 insts
    I: 402da4 (flow 402da9)
      Successors: 402da9
  BB: 4025a6 in func 401ad0 with 1 insts
    I: 4025a6 (flow 4025ab)
      Successors: 4025ab
  BB: 401da8 in func 401ad0 with 1 insts
    I: 401da8 (flow 401dad)
      Successors: 401dad
  BB: 402da9 in func 401ad0 with 3 insts
    I: 402da9
    I: 402daf
    I: 402db4 (flow 403b78)
      Successors: 403b78, 402dba
  BB: 4055a8 in func 401ad0 with 7 insts
    I: 4055a8
    I: 4055ab
    I: 4055b0
    I: 4055b5
    I: 4055b8
    I: 4055bb
    I: 4055c1 (flow 406e2a)
      Successors: 406e2a
  BB: 4025ab in func 401ad0 with 3 insts
    I: 4025ab
    I: 4025b1
    I: 4025b6 (flow 404c05)
      Successors: 4025bc, 404c05
  BB: 406daa in func 401ad0 with 3 insts
    I: 406daa
    I: 406db1
    I: 406dbb (flow 406e2a)
      Successors: 406e2a
  BB: 401dad in func 401ad0 with 3 insts
    I: 401dad
    I: 401db3
    I: 401db8 (flow 406bda)
      Successors: 406bda, 401dbe
  BB: 402dba in func 401ad0 with 1 insts
    I: 402dba (flow 402dbf)
      Successors: 402dbf
  BB: 4025bc in func 401ad0 with 1 insts
    I: 4025bc (flow 4025c1)
      Successors: 4025c1
  BB: 401dbe in func 401ad0 with 1 insts
    I: 401dbe (flow 401dc3)
      Successors: 401dc3
  BB: 402dbf in func 401ad0 with 3 insts
    I: 402dbf
    I: 402dc5
    I: 402dca (flow 405327)
      Successors: 402dd0, 405327
  BB: 405dbe in func 401ad0 with 40 insts
    I: 405dbe (imm 40a034)
    I: 405dc5
    I: 405dc7 (imm 40a050)
    I: 405dce
    I: 405dd0
    I: 405dd2
    I: 405dd8
    I: 405ddb
    I: 405de1
    I: 405de4
    I: 405de7
    I: 405dea
    I: 405dee
    I: 405df1
    I: 405df5
    I: 405df8
    I: 405dfa
    I: 405dfd
    I: 405e01
    I: 405e03
    I: 405e06
    I: 405e08
    I: 405e0b
    I: 405e0e
    I: 405e11
    I: 405e15
    I: 405e18
    I: 405e1b
    I: 405e1e
    I: 405e21
    I: 405e24
    I: 405e26
    I: 405e29
    I: 405e2b
    I: 405e2d
    I: 405e32
    I: 405e37
    I: 405e3a
    I: 405e3d
    I: 405e43 (flow 406e2a)
      Successors: 406e2a
  BB: 4025c1 in func 401ad0 with 3 insts
    I: 4025c1
    I: 4025c7
    I: 4025cc (flow 405dbe)
      Successors: 4025d2, 405dbe
  BB: 4065c2 in func 401ad0 with 28 insts
    I: 4065c2
    I: 4065c9
    I: 4065cc
    I: 4065ce
    I: 4065d1 (imm 40a034)
    I: 4065d8
    I: 4065da (imm 40a050)
    I: 4065e1
    I: 4065e3
    I: 4065e5
    I: 4065e8
    I: 4065ea
    I: 4065ec
    I: 4065ef
    I: 4065f2
    I: 4065f5
    I: 4065f8
    I: 4065fb
    I: 4065fe
    I: 406600
    I: 406602
    I: 406604
    I: 406606
    I: 40660b
    I: 406610
    I: 406613
    I: 406616
    I: 40661c (flow 406e2a)
      Successors: 406e2a
  BB: 401dc3 in func 401ad0 with 3 insts
    I: 401dc3
    I: 401dc9
    I: 401dce (flow 406025)
      Successors: 401dd4, 406025
  BB: 406dc0 in func 401ad0 with 2 insts
    I: 406dc0
    I: 406dca (flow 406e2a)
      Successors: 406e2a
  BB: 4055c6 in func 401ad0 with 40 insts
    I: 4055c6 (imm 40a034)
    I: 4055cd
    I: 4055cf (imm 40a050)
    I: 4055d6
    I: 4055d8
    I: 4055da
    I: 4055e0
    I: 4055e3
    I: 4055e9
    I: 4055ec
    I: 4055ef
    I: 4055f2
    I: 4055f6
    I: 4055f9
    I: 4055fd
    I: 405600
    I: 405602
    I: 405605
    I: 405609
    I: 40560b
    I: 40560e
    I: 405610
    I: 405613
    I: 405616
    I: 405619
    I: 40561d
    I: 405620
    I: 405623
    I: 405626
    I: 405629
    I: 40562c
    I: 40562e
    I: 405631
    I: 405633
    I: 405635
    I: 40563a
    I: 40563f
    I: 405642
    I: 405645
    I: 40564b (flow 406e2a)
      Successors: 406e2a
  BB: 406dcf in func 401ad0 with 2 insts
    I: 406dcf
    I: 406dd9 (flow 406e2a)
      Successors: 406e2a
  BB: 402dd0 in func 401ad0 with 1 insts
    I: 402dd0 (flow 402dd5)
      Successors: 402dd5
  BB: 4025d2 in func 401ad0 with 1 insts
    I: 4025d2 (flow 4025d7)
      Successors: 4025d7
  BB: 401dd4 in func 401ad0 with 1 insts
    I: 401dd4 (flow 401dd9)
      Successors: 401dd9
  BB: 402dd5 in func 401ad0 with 3 insts
    I: 402dd5
    I: 402ddb
    I: 402de0 (flow 40420b)
      Successors: 40420b, 402de6
  BB: 4045d6 in func 401ad0 with 29 insts
    I: 4045d6
    I: 4045db
    I: 4045e0
    I: 4045e3
    I: 4045e5
    I: 4045e8 (imm 40a034)
    I: 4045ef
    I: 4045f1 (imm 40a050)
    I: 4045f8
    I: 4045fa
    I: 4045fc
    I: 404602
    I: 404605
    I: 40460b
    I: 40460e
    I: 404611
    I: 404614
    I: 404617
    I: 40461a
    I: 40461d
    I: 40461f
    I: 404621
    I: 404623
    I: 404625
    I: 40462a
    I: 40462f
    I: 404632
    I: 404635
    I: 40463b (flow 406e2a)
      Successors: 406e2a
  BB: 4025d7 in func 401ad0 with 3 insts
    I: 4025d7
    I: 4025dd
    I: 4025e2 (flow 406ae3)
      Successors: 4025e8, 406ae3
  BB: 4035d8 in func 401ad0 with 7 insts
    I: 4035d8
    I: 4035db
    I: 4035e0
    I: 4035e5
    I: 4035e8
    I: 4035eb
    I: 4035f1 (flow 406e2a)
      Successors: 406e2a
  BB: 401dd9 in func 401ad0 with 3 insts
    I: 401dd9
    I: 401ddf
    I: 401de4 (flow 4057e1)
      Successors: 4057e1, 401dea
  BB: 404dd6 in func 401ad0 with 7 insts
    I: 404dd6
    I: 404dd9
    I: 404dde
    I: 404de3
    I: 404de6
    I: 404de9
    I: 404def (flow 406e2a)
      Successors: 406e2a
  BB: 406dde in func 401ad0 with 3 insts
    I: 406dde
    I: 406de5
    I: 406def (flow 406e2a)
      Successors: 406e2a
  BB: 402de6 in func 401ad0 with 1 insts
    I: 402de6 (flow 402deb)
      Successors: 402deb
  BB: 4025e8 in func 401ad0 with 1 insts
    I: 4025e8 (flow 4025ed)
      Successors: 4025ed
  BB: 401dea in func 401ad0 with 1 insts
    I: 401dea (flow 401def)
      Successors: 401def
  BB: 402deb in func 401ad0 with 3 insts
    I: 402deb
    I: 402df1
    I: 402df6 (flow 40634a)
      Successors: 40634a, 402dfc
  BB: 4025ed in func 401ad0 with 3 insts
    I: 4025ed
    I: 4025f3
    I: 4025f8 (flow 4035d8)
      Successors: 4035d8, 4025fe
  BB: 401def in func 401ad0 with 3 insts
    I: 401def
    I: 401df5
    I: 401dfa (flow 405bd2)
      Successors: 401e00, 405bd2
  BB: 404df4 in func 401ad0 with 3 insts
    I: 404df4
    I: 404dfe
    I: 404e08 (flow 406e2a)
      Successors: 406e2a
  BB: 406df4 in func 401ad0 with 3 insts
    I: 406df4
    I: 406dfb
    I: 406e05 (flow 406e2a)
      Successors: 406e2a
  BB: 4035f6 in func 401ad0 with 3 insts
    I: 4035f6
    I: 403600
    I: 40360a (flow 406e2a)
      Successors: 406e2a
  BB: 402dfc in func 401ad0 with 1 insts
    I: 402dfc (flow 402e01)
      Successors: 402e01
  BB: 4025fe in func 401ad0 with 1 insts
    I: 4025fe (flow 402603)
      Successors: 402603
  BB: 401e00 in func 401ad0 with 1 insts
    I: 401e00 (flow 401e05)
      Successors: 401e05
  BB: 402e01 in func 401ad0 with 3 insts
    I: 402e01
    I: 402e07
    I: 402e0c (flow 40620a)
      Successors: 402e12, 40620a
  BB: 402603 in func 401ad0 with 3 insts
    I: 402603
    I: 402609
    I: 40260e (flow 404163)
      Successors: 404163, 402614
  BB: 401e05 in func 401ad0 with 3 insts
    I: 401e05
    I: 401e0b
    I: 401e10 (flow 404758)
      Successors: 404758, 401e16
  BB: 406e0a in func 401ad0 with 3 insts
    I: 406e0a
    I: 406e11
    I: 406e1b (flow 406e2a)
      Successors: 406e2a
  BB: 404e0d in func 401ad0 with 40 insts
    I: 404e0d (imm 40a034)
    I: 404e14
    I: 404e16 (imm 40a050)
    I: 404e1d
    I: 404e1f
    I: 404e21
    I: 404e24
    I: 404e26
    I: 404e28
    I: 404e2b
    I: 404e2e
    I: 404e31
    I: 404e35
    I: 404e38
    I: 404e3c
    I: 404e3f
    I: 404e41
    I: 404e44
    I: 404e48
    I: 404e4a
    I: 404e4d
    I: 404e4f
    I: 404e52
    I: 404e55
    I: 404e58
    I: 404e5c
    I: 404e5f
    I: 404e62
    I: 404e65
    I: 404e68
    I: 404e6b
    I: 404e6d
    I: 404e70
    I: 404e72
    I: 404e74
    I: 404e79
    I: 404e7e
    I: 404e81
    I: 404e84
    I: 404e8a (flow 406e2a)
      Successors: 406e2a
  BB: 40360f in func 401ad0 with 2 insts
    I: 40360f
    I: 403619 (flow 406e2a)
      Successors: 406e2a
  BB: 403e11 in func 401ad0 with 7 insts
    I: 403e11
    I: 403e14
    I: 403e19
    I: 403e1e
    I: 403e21
    I: 403e24
    I: 403e2a (flow 406e2a)
      Successors: 406e2a
  BB: 402e12 in func 401ad0 with 1 insts
    I: 402e12 (flow 402e17)
      Successors: 402e17
  BB: 402614 in func 401ad0 with 1 insts
    I: 402614 (flow 402619)
      Successors: 402619
  BB: 401e16 in func 401ad0 with 1 insts
    I: 401e16 (flow 401e1b)
      Successors: 401e1b
  BB: 402e17 in func 401ad0 with 3 insts
    I: 402e17
    I: 402e1d
    I: 402e22 (flow 4036b8)
      Successors: 402e28, 4036b8
  BB: 402619 in func 401ad0 with 3 insts
    I: 402619
    I: 40261f
    I: 402624 (flow 404905)
      Successors: 40262a, 404905
  BB: 401e1b in func 401ad0 with 3 insts
    I: 401e1b
    I: 401e21
    I: 401e26 (flow 4044a9)
      Successors: 4044a9, 401e2c
  BB: 40361e in func 401ad0 with 2 insts
    I: 40361e
    I: 403628 (flow 406e2a)
      Successors: 406e2a
  BB: 406e20 in func 401ad0 with 1 insts
    I: 406e20
      Successors: 406e2a
  BB: 406621 in func 401ad0 with 7 insts
    I: 406621
    I: 406624
    I: 406629
    I: 40662e
    I: 406631
    I: 406634
    I: 40663a (flow 406e2a)
      Successors: 406e2a
  BB: 402e28 in func 401ad0 with 1 insts
    I: 402e28 (flow 402e2d)
      Successors: 402e2d
  BB: 40262a in func 401ad0 with 1 insts
    I: 40262a (flow 40262f)
      Successors: 40262f
  BB: 406e2a in func 401ad0 with 1 insts
    I: 406e2a (flow 401b3f)
      Successors: 401b3f
  BB: 401e2c in func 401ad0 with 1 insts
    I: 401e2c (flow 401e31)
      Successors: 401e31
  BB: 402e2d in func 401ad0 with 3 insts
    I: 402e2d
    I: 402e33
    I: 402e38 (flow 4061ad)
      Successors: 4061ad, 402e3e
  BB: 40362d in func 401ad0 with 8 insts
    I: 40362d
    I: 403632
    I: 403637
    I: 40363c
    I: 403641
    I: 403645
    I: 403648
    I: 40364e (flow 406e2a)
      Successors: 406e2a
  BB: 40262f in func 401ad0 with 3 insts
    I: 40262f
    I: 402635
    I: 40263a (flow 403692)
      Successors: 402640, 403692
  BB: 403e2f in func 401ad0 with 8 insts
    I: 403e2f
    I: 403e34
    I: 403e39
    I: 403e3e
    I: 403e43 (flow 406e70)
    I: 403e48
    I: 403e50
    I: 403e5a (flow 406e2a)
      Successors: 406e2a
  BB: 401e31 in func 401ad0 with 3 insts
    I: 401e31
    I: 401e37
    I: 401e3c (flow 4069a3)
      Successors: 401e42, 4069a3
  BB: 406e2f in func 401ad0 with 1 insts
    I: 406e2f
      No successors
  BB: 402e3e in func 401ad0 with 1 insts
    I: 402e3e (flow 402e43)
      Successors: 402e43
  BB: 40663f in func 401ad0 with 24 insts
    I: 40663f (imm 40a034)
    I: 406646
    I: 406648 (imm 40a050)
    I: 40664f
    I: 406651
    I: 406653
    I: 406656
    I: 406658
    I: 40665a
    I: 40665d
    I: 406660
    I: 406663
    I: 406666
    I: 406669
    I: 40666c
    I: 40666e
    I: 406670
    I: 406672
    I: 406674
    I: 406679
    I: 40667e
    I: 406681
    I: 406684
    I: 40668a (flow 406e2a)
      Successors: 406e2a
  BB: 402640 in func 401ad0 with 1 insts
    I: 402640 (flow 402645)
      Successors: 402645
  BB: 404640 in func 401ad0 with 7 insts
    I: 404640
    I: 404643
    I: 404648
    I: 40464d
    I: 404650
    I: 404653
    I: 404659 (flow 406e2a)
      Successors: 406e2a
  BB: 401e42 in func 401ad0 with 1 insts
    I: 401e42 (flow 401e47)
      Successors: 401e47
  BB: 402e43 in func 401ad0 with 3 insts
    I: 402e43
    I: 402e49
    I: 402e4e (flow 404b8b)
      Successors: 404b8b, 402e54
  BB: 402645 in func 401ad0 with 3 insts
    I: 402645
    I: 40264b
    I: 402650 (flow 406c1f)
      Successors: 402656, 406c1f
  BB: 401e47 in func 401ad0 with 3 insts
    I: 401e47
    I: 401e4d
    I: 401e52 (flow 40618f)
      Successors: 401e58, 40618f
  BB: 405e48 in func 401ad0 with 33 insts
    I: 405e48
    I: 405e50
    I: 405e58
    I: 405e5d
    I: 405e62 (flow 4070f0)
    I: 405e67
    I: 405e6a
    I: 405e6d
    I: 405e6f
    I: 405e72 (imm 40a034)
    I: 405e79
    I: 405e7b (imm 40a050)
    I: 405e82
    I: 405e84
    I: 405e86
    I: 405e89
    I: 405e8b
    I: 405e8d
    I: 405e90
    I: 405e93
    I: 405e96
    I: 405e99
    I: 405e9c
    I: 405e9f
    I: 405ea1
    I: 405ea3
    I: 405ea5
    I: 405ea7
    I: 405eac
    I: 405eb1
    I: 405eb4
    I: 405eb7
    I: 405ebd (flow 406e2a)
      Successors: 406e2a
  BB: 405650 in func 401ad0 with 28 insts
    I: 405650
    I: 405657
    I: 40565a
    I: 40565c
    I: 40565f (imm 40a034)
    I: 405666
    I: 405668 (imm 40a050)
    I: 40566f
    I: 405671
    I: 405673
    I: 405679
    I: 40567c
    I: 405682
    I: 405685
    I: 405688
    I: 40568b
    I: 40568e
    I: 405691
    I: 405694
    I: 405696
    I: 405698
    I: 40569a
    I: 40569c
    I: 4056a1
    I: 4056a6
    I: 4056a9
    I: 4056ac
    I: 4056b2 (flow 406e2a)
      Successors: 406e2a
  BB: 403653 in func 401ad0 with 8 insts
    I: 403653
    I: 403658
    I: 40365d
    I: 403662
    I: 403667
    I: 40366b
    I: 40366e
    I: 403674 (flow 406e2a)
      Successors: 406e2a
  BB: 402e54 in func 401ad0 with 1 insts
    I: 402e54 (flow 402e59)
      Successors: 402e59
  BB: 402656 in func 401ad0 with 1 insts
    I: 402656 (flow 40265b)
      Successors: 40265b
  BB: 401e58 in func 401ad0 with 1 insts
    I: 401e58 (flow 401e5d)
      Successors: 401e5d
  BB: 402e59 in func 401ad0 with 3 insts
    I: 402e59
    I: 402e5f
    I: 402e64 (flow 4035f6)
      Successors: 402e6a, 4035f6
  BB: 40265b in func 401ad0 with 3 insts
    I: 40265b
    I: 402661
    I: 402666 (flow 405ec2)
      Successors: 405ec2, 40266c
  BB: 401e5d in func 401ad0 with 3 insts
    I: 401e5d
    I: 401e63
    I: 401e68 (flow 404812)
      Successors: 404812, 401e6e
  BB: 40465e in func 401ad0 with 40 insts
    I: 40465e (imm 40a034)
    I: 404665
    I: 404667 (imm 40a050)
    I: 40466e
    I: 404670
    I: 404672
    I: 404678
    I: 40467b
    I: 404681
    I: 404684
    I: 404687
    I: 40468a
    I: 40468e
    I: 404691
    I: 404695
    I: 404698
    I: 40469a
    I: 40469d
    I: 4046a1
    I: 4046a3
    I: 4046a6
    I: 4046a8
    I: 4046ab
    I: 4046ae
    I: 4046b1
    I: 4046b5
    I: 4046b8
    I: 4046bb
    I: 4046be
    I: 4046c1
    I: 4046c4
    I: 4046c6
    I: 4046c9
    I: 4046cb
    I: 4046cd
    I: 4046d2
    I: 4046d7
    I: 4046da
    I: 4046dd
    I: 4046e3 (flow 406e2a)
      Successors: 406e2a
  BB: 403e5f in func 401ad0 with 10 insts
    I: 403e5f
    I: 403e64
    I: 403e69
    I: 403e6e
    I: 403e73
    I: 403e77
    I: 403e7a
    I: 403e7d
    I: 403e80
    I: 403e86 (flow 406e2a)
      Successors: 406e2a
  BB: 402e6a in func 401ad0 with 1 insts
    I: 402e6a (flow 402e6f)
      Successors: 402e6f
  BB: 40266c in func 401ad0 with 1 insts
    I: 40266c (flow 402671)
      Successors: 402671
  BB: 401e6e in func 401ad0 with 1 insts
    I: 401e6e (flow 401e73)
      Successors: 401e73
  BB: 402e6f in func 401ad0 with 3 insts
    I: 402e6f
    I: 402e75
    I: 402e7a (flow 403905)
      Successors: 402e80, 403905
  BB: 402671 in func 401ad0 with 3 insts
    I: 402671
    I: 402677
    I: 40267c (flow 40393c)
      Successors: 402682, 40393c
  BB: 401e73 in func 401ad0 with 3 insts
    I: 401e73
    I: 401e79
    I: 401e7e (flow 40696f)
      Successors: 401e84, 40696f
  BB: 403679 in func 401ad0 with 3 insts
    I: 403679
    I: 403683
    I: 40368d (flow 406e2a)
      Successors: 406e2a
  BB: 402e80 in func 401ad0 with 1 insts
    I: 402e80 (flow 402e85)
      Successors: 402e85
  BB: 402682 in func 401ad0 with 1 insts
    I: 402682 (flow 402687)
      Successors: 402687
  BB: 401e84 in func 401ad0 with 1 insts
    I: 401e84 (flow 401e89)
      Successors: 401e89
  BB: 402e85 in func 401ad0 with 3 insts
    I: 402e85
    I: 402e8b
    I: 402e90 (flow 404fb4)
      Successors: 404fb4, 402e96
  BB: 402687 in func 401ad0 with 3 insts
    I: 402687
    I: 40268d
    I: 402692 (flow 405a65)
      Successors: 402698, 405a65
  BB: 401e89 in func 401ad0 with 3 insts
    I: 401e89
    I: 401e8f
    I: 401e94 (flow 40593b)
      Successors: 401e9a, 40593b
  BB: 403e8b in func 401ad0 with 8 insts
    I: 403e8b
    I: 403e90
    I: 403e95
    I: 403e9a
    I: 403e9f (flow 406e30)
    I: 403ea4
    I: 403eac
    I: 403eb6 (flow 406e2a)
      Successors: 406e2a
  BB: 404e8f in func 401ad0 with 30 insts
    I: 404e8f
    I: 404e94
    I: 404e99
    I: 404e9d
    I: 404ea0
    I: 404ea2
    I: 404ea5 (imm 40a034)
    I: 404eac
    I: 404eae (imm 40a050)
    I: 404eb5
    I: 404eb7
    I: 404eb9
    I: 404ebf
    I: 404ec2
    I: 404ec8
    I: 404ecb
    I: 404ece
    I: 404ed1
    I: 404ed4
    I: 404ed7
    I: 404eda
    I: 404edc
    I: 404ede
    I: 404ee0
    I: 404ee2
    I: 404ee7
    I: 404eec
    I: 404eef
    I: 404ef2
    I: 404ef8 (flow 406e2a)
      Successors: 406e2a
  BB: 40668f in func 401ad0 with 41 insts
    I: 40668f
    I: 406696 (imm 40a034)
    I: 40669d
    I: 40669f (imm 40a050)
    I: 4066a6
    I: 4066a8
    I: 4066aa
    I: 4066b0
    I: 4066b3
    I: 4066b9
    I: 4066bc
    I: 4066bf
    I: 4066c2
    I: 4066c6
    I: 4066c9
    I: 4066cd
    I: 4066d0
    I: 4066d2
    I: 4066d5
    I: 4066d9
    I: 4066db
    I: 4066de
    I: 4066e0
    I: 4066e3
    I: 4066e6
    I: 4066e9
    I: 4066ed
    I: 4066f0
    I: 4066f3
    I: 4066f6
    I: 4066f9
    I: 4066fc
    I: 4066fe
    I: 406701
    I: 406703
    I: 406705
    I: 40670a
    I: 40670f
    I: 406712
    I: 406715
    I: 40671b (flow 406e2a)
      Successors: 406e2a
  BB: 403692 in func 401ad0 with 8 insts
    I: 403692
    I: 403697
    I: 40369c
    I: 4036a1
    I: 4036a6
    I: 4036aa
    I: 4036ad
    I: 4036b3 (flow 406e2a)
      Successors: 406e2a
  BB: 402e96 in func 401ad0 with 1 insts
    I: 402e96 (flow 402e9b)
      Successors: 402e9b
  BB: 402698 in func 401ad0 with 1 insts
    I: 402698 (flow 40269d)
      Successors: 40269d
  BB: 401e9a in func 401ad0 with 1 insts
    I: 401e9a (flow 401e9f)
      Successors: 401e9f
  BB: 402e9b in func 401ad0 with 3 insts
    I: 402e9b
    I: 402ea1
    I: 402ea6 (flow 4044d5)
      Successors: 402eac, 4044d5
  BB: 40269d in func 401ad0 with 3 insts
    I: 40269d
    I: 4026a3
    I: 4026a8 (flow 404acc)
      Successors: 404acc, 4026ae
  BB: 401e9f in func 401ad0 with 3 insts
    I: 401e9f
    I: 401ea5
    I: 401eaa (flow 405c4b)
      Successors: 401eb0, 405c4b
  BB: 402eac in func 401ad0 with 1 insts
    I: 402eac (flow 402eb1)
      Successors: 402eb1
  BB: 4026ae in func 401ad0 with 1 insts
    I: 4026ae (flow 4026b3)
      Successors: 4026b3
  BB: 401eb0 in func 401ad0 with 1 insts
    I: 401eb0 (flow 401eb5)
      Successors: 401eb5
  BB: 402eb1 in func 401ad0 with 3 insts
    I: 402eb1
    I: 402eb7
    I: 402ebc (flow 406720)
      Successors: 406720, 402ec2
  BB: 4026b3 in func 401ad0 with 3 insts
    I: 4026b3
    I: 4026b9
    I: 4026be (flow 4064b2)
      Successors: 4064b2, 4026c4
  BB: 401eb5 in func 401ad0 with 3 insts
    I: 401eb5
    I: 401ebb
    I: 401ec0 (flow 405da0)
      Successors: 405da0, 401ec6
  BB: 4056b7 in func 401ad0 with 7 insts
    I: 4056b7
    I: 4056ba
    I: 4056bf
    I: 4056c4
    I: 4056c7
    I: 4056ca
    I: 4056d0 (flow 406e2a)
      Successors: 406e2a
  BB: 4036b8 in func 401ad0 with 40 insts
    I: 4036b8 (imm 40a034)
    I: 4036bf
    I: 4036c1 (imm 40a050)
    I: 4036c8
    I: 4036ca
    I: 4036cc
    I: 4036d2
    I: 4036d5
    I: 4036db
    I: 4036de
    I: 4036e1
    I: 4036e4
    I: 4036e8
    I: 4036eb
    I: 4036ef
    I: 4036f2
    I: 4036f4
    I: 4036f7
    I: 4036fb
    I: 4036fd
    I: 403700
    I: 403702
    I: 403705
    I: 403708
    I: 40370b
    I: 40370f
    I: 403712
    I: 403715
    I: 403718
    I: 40371b
    I: 40371e
    I: 403720
    I: 403723
    I: 403725
    I: 403727
    I: 40372c
    I: 403731
    I: 403734
    I: 403737
    I: 40373d (flow 406e2a)
      Successors: 406e2a
  BB: 403ebb in func 401ad0 with 10 insts
    I: 403ebb
    I: 403ec0
    I: 403ec5
    I: 403eca
    I: 403ecf
    I: 403ed3
    I: 403ed6
    I: 403ed9
    I: 403edc
    I: 403ee2 (flow 406e2a)
      Successors: 406e2a
  BB: 402ec2 in func 401ad0 with 1 insts
    I: 402ec2 (flow 402ec7)
      Successors: 402ec7
  BB: 405ec2 in func 401ad0 with 7 insts
    I: 405ec2
    I: 405ec5
    I: 405eca
    I: 405ecf
    I: 405ed2
    I: 405ed5
    I: 405edb (flow 406e2a)
      Successors: 406e2a
  BB: 4026c4 in func 401ad0 with 1 insts
    I: 4026c4 (flow 4026c9)
      Successors: 4026c9
  BB: 401ec6 in func 401ad0 with 1 insts
    I: 401ec6 (flow 401ecb)
      Successors: 401ecb
  BB: 402ec7 in func 401ad0 with 3 insts
    I: 402ec7
    I: 402ecd
    I: 402ed2 (flow 405c5a)
      Successors: 402ed8, 405c5a
  BB: 4026c9 in func 401ad0 with 3 insts
    I: 4026c9
    I: 4026cf
    I: 4026d4 (flow 406c2e)
      Successors: 4026da, 406c2e
  BB: 401ecb in func 401ad0 with 3 insts
    I: 401ecb
    I: 401ed1
    I: 401ed6 (flow 403c8f)
      Successors: 401edc, 403c8f
  BB: 4056d5 in func 401ad0 with 6 insts
    I: 4056d5
    I: 4056da
    I: 4056df
    I: 4056e6
    I: 4056e9
    I: 4056ef (flow 406e2a)
      Successors: 406e2a
  BB: 402ed8 in func 401ad0 with 1 insts
    I: 402ed8 (flow 402edd)
      Successors: 402edd
  BB: 4026da in func 401ad0 with 1 insts
    I: 4026da (flow 4026df)
      Successors: 4026df
  BB: 401edc in func 401ad0 with 1 insts
    I: 401edc (flow 401ee1)
      Successors: 401ee1
  BB: 402edd in func 401ad0 with 3 insts
    I: 402edd
    I: 402ee3
    I: 402ee8 (flow 403ee7)
      Successors: 402eee, 403ee7
  BB: 4026df in func 401ad0 with 3 insts
    I: 4026df
    I: 4026e5
    I: 4026ea (flow 40449a)
      Successors: 4026f0, 40449a
  BB: 405ee0 in func 401ad0 with 6 insts
    I: 405ee0
    I: 405ee5
    I: 405eea
    I: 405ef1
    I: 405ef4
    I: 405efa (flow 406e2a)
      Successors: 406e2a
  BB: 401ee1 in func 401ad0 with 3 insts
    I: 401ee1
    I: 401ee7
    I: 401eec (flow 4041db)
      Successors: 401ef2, 4041db
  BB: 403ee7 in func 401ad0 with 8 insts
    I: 403ee7
    I: 403eec
    I: 403ef1
    I: 403ef6
    I: 403efb (flow 406e70)
    I: 403f00
    I: 403f08
    I: 403f12 (flow 406e2a)
      Successors: 406e2a
  BB: 4046e8 in func 401ad0 with 28 insts
    I: 4046e8
    I: 4046ee
    I: 4046f4
    I: 4046fa
    I: 404700 (imm 40a034)
    I: 404707
    I: 404709 (imm 40a050)
    I: 404710
    I: 404712
    I: 404714
    I: 40471a
    I: 40471d
    I: 404723
    I: 404726
    I: 404729
    I: 40472c
    I: 40472f
    I: 404732
    I: 404735
    I: 404737
    I: 404739
    I: 40473b
    I: 40473d
    I: 404742
    I: 404747
    I: 40474a
    I: 40474d
    I: 404753 (flow 406e2a)
      Successors: 406e2a
  BB: 402eee in func 401ad0 with 1 insts
    I: 402eee (flow 402ef3)
      Successors: 402ef3
  BB: 4026f0 in func 401ad0 with 1 insts
    I: 4026f0 (flow 4026f5)
      Successors: 4026f5
  BB: 401ef2 in func 401ad0 with 1 insts
    I: 401ef2 (flow 401ef7)
      Successors: 401ef7
  BB: 402ef3 in func 401ad0 with 3 insts
    I: 402ef3
    I: 402ef9
    I: 402efe (flow 405068)
      Successors: 405068, 402f04
  BB: 4056f4 in func 401ad0 with 12 insts
    I: 4056f4
    I: 4056f9
    I: 4056fe
    I: 405703
    I: 405708 (flow 4070f0)
    I: 40570d
    I: 40570f
    I: 405714
    I: 405719
    I: 40571c
    I: 40571f
    I: 405725 (flow 406e2a)
      Successors: 406e2a
  BB: 4026f5 in func 401ad0 with 3 insts
    I: 4026f5
    I: 4026fb
    I: 402700 (flow 40534b)
      Successors: 40534b, 402706
  BB: 401ef7 in func 401ad0 with 3 insts
    I: 401ef7
    I: 401efd
    I: 401f02 (flow 406334)
      Successors: 401f08, 406334
  BB: 404efd in func 401ad0 with 7 insts
    I: 404efd
    I: 404f00
    I: 404f05
    I: 404f0a
    I: 404f0d
    I: 404f10
    I: 404f16 (flow 406e2a)
      Successors: 406e2a
  BB: 405eff in func 401ad0 with 6 insts
    I: 405eff
    I: 405f04
    I: 405f09
    I: 405f10
    I: 405f13
    I: 405f19 (flow 406e2a)
      Successors: 406e2a
  BB: 402f04 in func 401ad0 with 1 insts
    I: 402f04 (flow 402f09)
      Successors: 402f09
  BB: 402706 in func 401ad0 with 1 insts
    I: 402706 (flow 40270b)
      Successors: 40270b
  BB: 401f08 in func 401ad0 with 1 insts
    I: 401f08 (flow 401f0d)
      Successors: 401f0d
  BB: 402f09 in func 401ad0 with 3 insts
    I: 402f09
    I: 402f0f
    I: 402f14 (flow 4043be)
      Successors: 402f1a, 4043be
  BB: 40270b in func 401ad0 with 3 insts
    I: 40270b
    I: 402711
    I: 402716 (flow 404172)
      Successors: 404172, 40271c
  BB: 401f0d in func 401ad0 with 3 insts
    I: 401f0d
    I: 401f13
    I: 401f18 (flow 405650)
      Successors: 405650, 401f1e
  BB: 403f17 in func 401ad0 with 24 insts
    I: 403f17 (imm 40a034)
    I: 403f1e
    I: 403f20 (imm 40a050)
    I: 403f27
    I: 403f29
    I: 403f2b
    I: 403f31
    I: 403f34
    I: 403f3a
    I: 403f3d
    I: 403f40
    I: 403f43
    I: 403f46
    I: 403f49
    I: 403f4c
    I: 403f4e
    I: 403f50
    I: 403f52
    I: 403f54
    I: 403f59
    I: 403f5e
    I: 403f61
    I: 403f64
    I: 403f6a (flow 406e2a)
      Successors: 406e2a
  BB: 402f1a in func 401ad0 with 1 insts
    I: 402f1a (flow 402f1f)
      Successors: 402f1f
  BB: 404f1b in func 401ad0 with 3 insts
    I: 404f1b
    I: 404f25
    I: 404f2f (flow 406e2a)
      Successors: 406e2a
  BB: 40271c in func 401ad0 with 1 insts
    I: 40271c (flow 402721)
      Successors: 402721
  BB: 401f1e in func 401ad0 with 1 insts
    I: 401f1e (flow 401f23)
      Successors: 401f23
  BB: 402f1f in func 401ad0 with 3 insts
    I: 402f1f
    I: 402f25
    I: 402f2a (flow 404077)
      Successors: 402f30, 404077
  BB: 405f1e in func 401ad0 with 24 insts
    I: 405f1e (imm 40a034)
    I: 405f25
    I: 405f27 (imm 40a050)
    I: 405f2e
    I: 405f30
    I: 405f32
    I: 405f38
    I: 405f3b
    I: 405f41
    I: 405f44
    I: 405f47
    I: 405f4a
    I: 405f4d
    I: 405f50
    I: 405f53
    I: 405f55
    I: 405f57
    I: 405f59
    I: 405f5b
    I: 405f60
    I: 405f65
    I: 405f68
    I: 405f6b
    I: 405f71 (flow 406e2a)
      Successors: 406e2a
  BB: 402721 in func 401ad0 with 3 insts
    I: 402721
    I: 402727
    I: 40272c (flow 4045d6)
      Successors: 402732, 4045d6
  BB: 406720 in func 401ad0 with 2 insts
    I: 406720
    I: 40672a (flow 406e2a)
      Successors: 406e2a
  BB: 401f23 in func 401ad0 with 3 insts
    I: 401f23
    I: 401f29
    I: 401f2e (flow 405925)
      Successors: 401f34, 405925
  BB: 40572a in func 401ad0 with 24 insts
    I: 40572a (imm 40a034)
    I: 405731
    I: 405733 (imm 40a050)
    I: 40573a
    I: 40573c
    I: 40573e
    I: 405741
    I: 405743
    I: 405745
    I: 405748
    I: 40574b
    I: 40574e
    I: 405751
    I: 405754
    I: 405757
    I: 405759
    I: 40575b
    I: 40575d
    I: 40575f
    I: 405764
    I: 405769
    I: 40576c
    I: 40576f
    I: 405775 (flow 406e2a)
      Successors: 406e2a
  BB: 40672f in func 401ad0 with 24 insts
    I: 40672f (imm 40a034)
    I: 406736
    I: 406738 (imm 40a050)
    I: 40673f
    I: 406741
    I: 406743
    I: 406749
    I: 40674c
    I: 406752
    I: 406755
    I: 406758
    I: 40675b
    I: 40675e
    I: 406761
    I: 406764
    I: 406766
    I: 406768
    I: 40676a
    I: 40676c
    I: 406771
    I: 406776
    I: 406779
    I: 40677c
    I: 406782 (flow 406e2a)
      Successors: 406e2a
  BB: 402f30 in func 401ad0 with 1 insts
    I: 402f30 (flow 402f35)
      Successors: 402f35
  BB: 402732 in func 401ad0 with 1 insts
    I: 402732 (flow 402737)
      Successors: 402737
  BB: 401f34 in func 401ad0 with 1 insts
    I: 401f34 (flow 401f39)
      Successors: 401f39
  BB: 402f35 in func 401ad0 with 3 insts
    I: 402f35
    I: 402f3b
    I: 402f40 (flow 40454c)
      Successors: 40454c, 402f46
  BB: 404f34 in func 401ad0 with 3 insts
    I: 404f34
    I: 404f3e
    I: 404f48 (flow 406e2a)
      Successors: 406e2a
  BB: 402737 in func 401ad0 with 3 insts
    I: 402737
    I: 40273d
    I: 402742 (flow 406d3f)
      Successors: 402748, 406d3f
  BB: 401f39 in func 401ad0 with 3 insts
    I: 401f39
    I: 401f3f
    I: 401f44 (flow 40441d)
      Successors: 401f4a, 40441d
  BB: 403742 in func 401ad0 with 46 insts
    I: 403742
    I: 403747
    I: 40374c
    I: 403750
    I: 403753
    I: 403755
    I: 403758 (imm 40a034)
    I: 40375f
    I: 403761 (imm 40a050)
    I: 403768
    I: 40376a
    I: 40376c
    I: 403772
    I: 403775
    I: 40377b
    I: 40377e
    I: 403781
    I: 403784
    I: 403788
    I: 40378b
    I: 40378f
    I: 403792
    I: 403794
    I: 403797
    I: 40379b
    I: 40379d
    I: 4037a0
    I: 4037a2
    I: 4037a5
    I: 4037a8
    I: 4037ab
    I: 4037af
    I: 4037b2
    I: 4037b5
    I: 4037b8
    I: 4037bb
    I: 4037be
    I: 4037c0
    I: 4037c3
    I: 4037c5
    I: 4037c7
    I: 4037cc
    I: 4037d1
    I: 4037d4
    I: 4037d7
    I: 4037dd (flow 406e2a)
      Successors: 406e2a
  BB: 402f46 in func 401ad0 with 1 insts
    I: 402f46 (flow 402f4b)
      Successors: 402f4b
  BB: 402748 in func 401ad0 with 1 insts
    I: 402748 (flow 40274d)
      Successors: 40274d
  BB: 401f4a in func 401ad0 with 1 insts
    I: 401f4a (flow 401f4f)
      Successors: 401f4f
  BB: 402f4b in func 401ad0 with 3 insts
    I: 402f4b
    I: 402f51
    I: 402f56 (flow 40656a)
      Successors: 40656a, 402f5c
  BB: 40274d in func 401ad0 with 3 insts
    I: 40274d
    I: 402753
    I: 402758 (flow 404f34)
      Successors: 404f34, 40275e
  BB: 404f4d in func 401ad0 with 2 insts
    I: 404f4d
    I: 404f57 (flow 406e2a)
      Successors: 406e2a
  BB: 401f4f in func 401ad0 with 3 insts
    I: 401f4f
    I: 401f55
    I: 401f5a (flow 40356e)
      Successors: 401f60, 40356e
  BB: 404758 in func 401ad0 with 2 insts
    I: 404758
    I: 404762 (flow 406e2a)
      Successors: 406e2a
  BB: 402f5c in func 401ad0 with 1 insts
    I: 402f5c (flow 402f61)
      Successors: 402f61
  BB: 404f5c in func 401ad0 with 24 insts
    I: 404f5c (imm 40a034)
    I: 404f63
    I: 404f65 (imm 40a050)
    I: 404f6c
    I: 404f6e
    I: 404f70
    I: 404f76
    I: 404f79
    I: 404f7f
    I: 404f82
    I: 404f85
    I: 404f88
    I: 404f8b
    I: 404f8e
    I: 404f91
    I: 404f93
    I: 404f95
    I: 404f97
    I: 404f99
    I: 404f9e
    I: 404fa3
    I: 404fa6
    I: 404fa9
    I: 404faf (flow 406e2a)
      Successors: 406e2a
  BB: 40275e in func 401ad0 with 1 insts
    I: 40275e (flow 402763)
      Successors: 402763
  BB: 401f60 in func 401ad0 with 1 insts
    I: 401f60 (flow 401f65)
      Successors: 401f65
  BB: 402f61 in func 401ad0 with 3 insts
    I: 402f61
    I: 402f67
    I: 402f6c (flow 403e8b)
      Successors: 402f72, 403e8b
  BB: 402763 in func 401ad0 with 3 insts
    I: 402763
    I: 402769
    I: 40276e (flow 4052c0)
      Successors: 4052c0, 402774
  BB: 401f65 in func 401ad0 with 3 insts
    I: 401f65
    I: 401f6b
    I: 401f70 (flow 403c71)
      Successors: 403c71, 401f76
  BB: 404767 in func 401ad0 with 6 insts
    I: 404767
    I: 40476d
    I: 404773
    I: 404779
    I: 40477f
    I: 404789 (flow 406e2a)
      Successors: 406e2a
  BB: 403f6f in func 401ad0 with 47 insts
    I: 403f6f
    I: 403f74
    I: 403f79
    I: 403f7c
    I: 403f7f
    I: 403f81
    I: 403f83
    I: 403f86 (imm 40a034)
    I: 403f8d
    I: 403f8f (imm 40a050)
    I: 403f96
    I: 403f98
    I: 403f9a
    I: 403fa0
    I: 403fa3
    I: 403fa9
    I: 403fac
    I: 403faf
    I: 403fb2
    I: 403fb6
    I: 403fb9
    I: 403fbd
    I: 403fc0
    I: 403fc2
    I: 403fc5
    I: 403fc9
    I: 403fcb
    I: 403fce
    I: 403fd0
    I: 403fd3
    I: 403fd6
    I: 403fd9
    I: 403fdd
    I: 403fe0
    I: 403fe3
    I: 403fe6
    I: 403fe9
    I: 403fec
    I: 403fee
    I: 403ff1
    I: 403ff3
    I: 403ff5
    I: 403ffa
    I: 403fff
    I: 404002
    I: 404005
    I: 40400b (flow 406e2a)
      Successors: 406e2a
  BB: 402f72 in func 401ad0 with 1 insts
    I: 402f72 (flow 402f77)
      Successors: 402f77
  BB: 402774 in func 401ad0 with 1 insts
    I: 402774 (flow 402779)
      Successors: 402779
  BB: 401f76 in func 401ad0 with 1 insts
    I: 401f76 (flow 401f7b)
      Successors: 401f7b
  BB: 402f77 in func 401ad0 with 3 insts
    I: 402f77
    I: 402f7d
    I: 402f82 (flow 406cd4)
      Successors: 402f88, 406cd4
  BB: 405f76 in func 401ad0 with 44 insts
    I: 405f76
    I: 405f7d
    I: 405f80
    I: 405f82
    I: 405f85 (imm 40a034)
    I: 405f8c
    I: 405f8e (imm 40a050)
    I: 405f95
    I: 405f97
    I: 405f99
    I: 405f9c
    I: 405f9e
    I: 405fa0
    I: 405fa3
    I: 405fa6
    I: 405fa9
    I: 405fad
    I: 405fb0
    I: 405fb4
    I: 405fb7
    I: 405fb9
    I: 405fbc
    I: 405fc0
    I: 405fc2
    I: 405fc5
    I: 405fc7
    I: 405fca
    I: 405fcd
    I: 405fd0
    I: 405fd4
    I: 405fd7
    I: 405fda
    I: 405fdd
    I: 405fe0
    I: 405fe3
    I: 405fe5
    I: 405fe8
    I: 405fea
    I: 405fec
    I: 405ff1
    I: 405ff6
    I: 405ff9
    I: 405ffc
    I: 406002 (flow 406e2a)
      Successors: 406e2a
  BB: 402779 in func 401ad0 with 3 insts
    I: 402779
    I: 40277f
    I: 402784 (flow 406867)
      Successors: 40278a, 406867
  BB: 40577a in func 401ad0 with 28 insts
    I: 40577a
    I: 405781
    I: 405784
    I: 405786
    I: 405789 (imm 40a034)
    I: 405790
    I: 405792 (imm 40a050)
    I: 405799
    I: 40579b
    I: 40579d
    I: 4057a3
    I: 4057a6
    I: 4057ac
    I: 4057af
    I: 4057b2
    I: 4057b5
    I: 4057b8
    I: 4057bb
    I: 4057be
    I: 4057c0
    I: 4057c2
    I: 4057c4
    I: 4057c6
    I: 4057cb
    I: 4057d0
    I: 4057d3
    I: 4057d6
    I: 4057dc (flow 406e2a)
      Successors: 406e2a
  BB: 401f7b in func 401ad0 with 3 insts
    I: 401f7b
    I: 401f81
    I: 401f86 (flow 4040cf)
      Successors: 401f8c, 4040cf
  BB: 406787 in func 401ad0 with 25 insts
    I: 406787
    I: 40678e (imm 40a034)
    I: 406795
    I: 406797 (imm 40a050)
    I: 40679e
    I: 4067a0
    I: 4067a2
    I: 4067a5
    I: 4067a7
    I: 4067a9
    I: 4067ac
    I: 4067af
    I: 4067b2
    I: 4067b5
    I: 4067b8
    I: 4067bb
    I: 4067bd
    I: 4067bf
    I: 4067c1
    I: 4067c3
    I: 4067c8
    I: 4067cd
    I: 4067d0
    I: 4067d3
    I: 4067d9 (flow 406e2a)
      Successors: 406e2a
  BB: 402f88 in func 401ad0 with 1 insts
    I: 402f88 (flow 402f8d)
      Successors: 402f8d
  BB: 40278a in func 401ad0 with 1 insts
    I: 40278a (flow 40278f)
      Successors: 40278f
  BB: 401f8c in func 401ad0 with 1 insts
    I: 401f8c (flow 401f91)
      Successors: 401f91
  BB: 402f8d in func 401ad0 with 3 insts
    I: 402f8d
    I: 402f93
    I: 402f98 (flow 404263)
      Successors: 404263, 402f9e
  BB: 40478e in func 401ad0 with 10 insts
    I: 40478e
    I: 404793
    I: 404798
    I: 40479d
    I: 4047a2
    I: 4047a6
    I: 4047a9
    I: 4047ac
    I: 4047af
    I: 4047b5 (flow 406e2a)
      Successors: 406e2a
  BB: 40278f in func 401ad0 with 3 insts
    I: 40278f
    I: 402795
    I: 40279a (flow 4051a1)
      Successors: 4027a0, 4051a1
  BB: 401f91 in func 401ad0 with 3 insts
    I: 401f91
    I: 401f97
    I: 401f9c (flow 406b38)
      Successors: 406b38, 401fa2
  BB: 402f9e in func 401ad0 with 1 insts
    I: 402f9e (flow 402fa3)
      Successors: 402fa3
  BB: 4027a0 in func 401ad0 with 1 insts
    I: 4027a0 (flow 4027a5)
      Successors: 4027a5
  BB: 401fa2 in func 401ad0 with 1 insts
    I: 401fa2 (flow 401fa7)
      Successors: 401fa7
  BB: 402fa3 in func 401ad0 with 3 insts
    I: 402fa3
    I: 402fa9
    I: 402fae (flow 406787)
      Successors: 402fb4, 406787
  BB: 4027a5 in func 401ad0 with 3 insts
    I: 4027a5
    I: 4027ab
    I: 4027b0 (flow 40438c)
      Successors: 40438c, 4027b6
  BB: 401fa7 in func 401ad0 with 3 insts
    I: 401fa7
    I: 401fad
    I: 401fb2 (flow 405183)
      Successors: 401fb8, 405183
  BB: 402fb4 in func 401ad0 with 1 insts
    I: 402fb4 (flow 402fb9)
      Successors: 402fb9
  BB: 404fb4 in func 401ad0 with 45 insts
    I: 404fb4
    I: 404fba
    I: 404fc0
    I: 404fc3
    I: 404fc5
    I: 404fc8 (imm 40a034)
    I: 404fcf
    I: 404fd1 (imm 40a050)
    I: 404fd8
    I: 404fda
    I: 404fdc
    I: 404fdf
    I: 404fe1
    I: 404fe3
    I: 404fe6
    I: 404fe9
    I: 404fec
    I: 404ff0
    I: 404ff3
    I: 404ff7
    I: 404ffa
    I: 404ffc
    I: 404fff
    I: 405003
    I: 405005
    I: 405008
    I: 40500a
    I: 40500d
    I: 405010
    I: 405013
    I: 405017
    I: 40501a
    I: 40501d
    I: 405020
    I: 405023
    I: 405026
    I: 405028
    I: 40502b
    I: 40502d
    I: 40502f
    I: 405034
    I: 405039
    I: 40503c
    I: 40503f
    I: 405045 (flow 406e2a)
      Successors: 406e2a
  BB: 4027b6 in func 401ad0 with 1 insts
    I: 4027b6 (flow 4027bb)
      Successors: 4027bb
  BB: 401fb8 in func 401ad0 with 1 insts
    I: 401fb8 (flow 401fbd)
      Successors: 401fbd
  BB: 402fb9 in func 401ad0 with 3 insts
    I: 402fb9
    I: 402fbf
    I: 402fc4 (flow 405318)
      Successors: 405318, 402fca
  BB: 4047ba in func 401ad0 with 3 insts
    I: 4047ba
    I: 4047c4
    I: 4047ce (flow 406e2a)
      Successors: 406e2a
  BB: 4027bb in func 401ad0 with 3 insts
    I: 4027bb
    I: 4027c1
    I: 4027c6 (flow 406b29)
      Successors: 406b29, 4027cc
  BB: 401fbd in func 401ad0 with 3 insts
    I: 401fbd
    I: 401fc3
    I: 401fc8 (flow 40383f)
      Successors: 401fce, 40383f
  BB: 402fca in func 401ad0 with 1 insts
    I: 402fca (flow 402fcf)
      Successors: 402fcf
  BB: 4027cc in func 401ad0 with 1 insts
    I: 4027cc (flow 4027d1)
      Successors: 4027d1
  BB: 401fce in func 401ad0 with 1 insts
    I: 401fce (flow 401fd3)
      Successors: 401fd3
  BB: 402fcf in func 401ad0 with 3 insts
    I: 402fcf
    I: 402fd5
    I: 402fda (flow 406359)
      Successors: 402fe0, 406359
  BB: 4027d1 in func 401ad0 with 3 insts
    I: 4027d1
    I: 4027d7
    I: 4027dc (flow 406c89)
      Successors: 406c89, 4027e2
  BB: 401fd3 in func 401ad0 with 3 insts
    I: 401fd3
    I: 401fd9
    I: 401fde (flow 406c10)
      Successors: 406c10, 401fe4
  BB: 4047d3 in func 401ad0 with 8 insts
    I: 4047d3
    I: 4047d8
    I: 4047dd
    I: 4047e2
    I: 4047e7
    I: 4047eb
    I: 4047ee
    I: 4047f4 (flow 406e2a)
      Successors: 406e2a
  BB: 4067de in func 401ad0 with 2 insts
    I: 4067de
    I: 4067e8 (flow 406e2a)
      Successors: 406e2a
  BB: 402fe0 in func 401ad0 with 1 insts
    I: 402fe0 (flow 402fe5)
      Successors: 402fe5
  BB: 4057e1 in func 401ad0 with 7 insts
    I: 4057e1
    I: 4057e4
    I: 4057e9
    I: 4057ee
    I: 4057f1
    I: 4057f4
    I: 4057fa (flow 406e2a)
      Successors: 406e2a
  BB: 4027e2 in func 401ad0 with 1 insts
    I: 4027e2 (flow 4027e7)
      Successors: 4027e7
  BB: 4037e2 in func 401ad0 with 7 insts
    I: 4037e2
    I: 4037e5
    I: 4037ea
    I: 4037ef
    I: 4037f2
    I: 4037f5
    I: 4037fb (flow 406e2a)
      Successors: 406e2a
  BB: 401fe4 in func 401ad0 with 1 insts
    I: 401fe4 (flow 401fe9)
      Successors: 401fe9
  BB: 402fe5 in func 401ad0 with 3 insts
    I: 402fe5
    I: 402feb
    I: 402ff0 (flow 405254)
      Successors: 405254, 402ff6
  BB: 4027e7 in func 401ad0 with 3 insts
    I: 4027e7
    I: 4027ed
    I: 4027f2 (flow 404501)
      Successors: 4027f8, 404501
  BB: 401fe9 in func 401ad0 with 3 insts
    I: 401fe9
    I: 401fef
    I: 401ff4 (flow 40654b)
      Successors: 401ffa, 40654b
  BB: 4067ed in func 401ad0 with 12 insts
    I: 4067ed
    I: 4067f5
    I: 4067fd
    I: 406802
    I: 406807 (flow 4070f0)
    I: 40680c
    I: 40680e
    I: 406813
    I: 406818
    I: 40681b
    I: 40681e
    I: 406824 (flow 406e2a)
      Successors: 406e2a
  BB: 402ff6 in func 401ad0 with 1 insts
    I: 402ff6 (flow 402ffb)
      Successors: 402ffb
  BB: 4027f8 in func 401ad0 with 1 insts
    I: 4027f8 (flow 4027fd)
      Successors: 4027fd
  BB: 4047f9 in func 401ad0 with 3 insts
    I: 4047f9
    I: 404803
    I: 40480d (flow 406e2a)
      Successors: 406e2a
  BB: 401ffa in func 401ad0 with 1 insts
    I: 401ffa (flow 401fff)
      Successors: 401fff
  BB: 402ffb in func 401ad0 with 3 insts
    I: 402ffb
    I: 403001
    I: 403006 (flow 40504a)
      Successors: 40504a, 40300c
  BB: 4027fd in func 401ad0 with 3 insts
    I: 4027fd
    I: 402803
    I: 402808 (flow 404a48)
      Successors: 404a48, 40280e
  BB: 4057ff in func 401ad0 with 6 insts
    I: 4057ff
    I: 405804
    I: 405809
    I: 405810
    I: 405813
    I: 405819 (flow 406e2a)
      Successors: 406e2a
Recovering 406e30
  Analysing subroutine sub_406E30 at 406e30
  Subroutine sub_406E30 at 406e30 has 2 blocks
  BB: 406e30 in func 406e30 with 13 insts
    I: 406e30
    I: 406e31
    I: 406e34
    I: 406e39
    I: 406e3e
    I: 406e43
    I: 406e48
    I: 406e4d
    I: 406e52
    I: 406e57
    I: 406e5c
    I: 406e60
    I: 406e61
      No successors
  BB: 406e62 in func 406e30 with 2 insts
    I: 406e62
    I: 406e6c
      No successors
Recovering 406e70
  Analysing subroutine sub_406E70 at 406e70
  Subroutine sub_406E70 at 406e70 has 16 blocks
  BB: 406f22 in func 406e70 with 1 insts
    I: 406f22 (flow 4070dd)
      Successors: 4070dd
  BB: 4070e2 in func 406e70 with 2 insts
    I: 4070e2
    I: 4070ec
      No successors
  BB: 406ee4 in func 406e70 with 1 insts
    I: 406ee4 (flow 406ee9)
      Successors: 406ee9
  BB: 406f27 in func 406e70 with 28 insts
    I: 406f27
    I: 406f2b
    I: 406f2f
    I: 406f32
    I: 406f34
    I: 406f37
    I: 406f3b
    I: 406f3d
    I: 406f40
    I: 406f42
    I: 406f45
    I: 406f48
    I: 406f4b
    I: 406f4f
    I: 406f52
    I: 406f55
    I: 406f58
    I: 406f5b
    I: 406f5e
    I: 406f60
    I: 406f63
    I: 406f65
    I: 406f67
    I: 406f6c
    I: 406f71
    I: 406f74
    I: 406f77
    I: 406f7a (flow 4070dd)
      Successors: 4070dd
  BB: 406ee9 in func 406e70 with 3 insts
    I: 406ee9
    I: 406eec
    I: 406ef1 (flow 406f27)
      Successors: 406f27, 406ef7
  BB: 406f0a in func 406e70 with 1 insts
    I: 406f0a (flow 406f0f)
      Successors: 406f0f
  BB: 40706b in func 406e70 with 4 insts
    I: 40706b
    I: 407070
    I: 407073
    I: 407074
      No successors
  BB: 406f1d in func 406e70 with 1 insts
    I: 406f1d (flow 406f22)
      Successors: 406f22
  BB: 406f0f in func 406e70 with 3 insts
    I: 406f0f
    I: 406f12
    I: 406f17 (flow 407075)
      Successors: 406f1d, 407075
  BB: 406e70 in func 406e70 with 26 insts
    I: 406e70
    I: 406e71
    I: 406e74
    I: 406e78
    I: 406e7d
    I: 406e82
    I: 406e87
    I: 406e8c (imm 40a03c)
    I: 406e93
    I: 406e95 (imm 40a058)
    I: 406e9c
    I: 406e9e
    I: 406ea0
    I: 406ea6
    I: 406ea9
    I: 406eaf
    I: 406eb2
    I: 406eb5
    I: 406eb8
    I: 406ebb
    I: 406ebe
    I: 406ec1
    I: 406ec4
    I: 406ec7
    I: 406ec9
    I: 406ecc
      Successors: 406ed3
  BB: 406ed3 in func 406e70 with 4 insts
    I: 406ed3
    I: 406ed6
    I: 406ed9
    I: 406ede (flow 40706b)
      Successors: 40706b, 406ee4
  BB: 407075 in func 406e70 with 26 insts
    I: 407075
    I: 40707a
    I: 40707f
    I: 407084
    I: 407089
    I: 40708c
    I: 407090
    I: 407093
    I: 407096
    I: 40709a
    I: 40709d
    I: 4070a0
    I: 4070a4
    I: 4070a7
    I: 4070aa
    I: 4070ae
    I: 4070b1
    I: 4070b5
    I: 4070b9
    I: 4070bd
    I: 4070c1
    I: 4070c5
    I: 4070c9
    I: 4070cd
    I: 4070d1 (flow 406e30)
    I: 4070d6
      Successors: 4070dd
  BB: 406ef7 in func 406e70 with 1 insts
    I: 406ef7 (flow 406efc)
      Successors: 406efc
  BB: 406efc in func 406e70 with 3 insts
    I: 406efc
    I: 406eff
    I: 406f04 (flow 406f7f)
      Successors: 406f0a, 406f7f
  BB: 4070dd in func 406e70 with 1 insts
    I: 4070dd (flow 406ed3)
      Successors: 406ed3
  BB: 406f7f in func 406e70 with 62 insts
    I: 406f7f
    I: 406f84
    I: 406f89
    I: 406f8e
    I: 406f93
    I: 406f96
    I: 406f9a
    I: 406f9e
    I: 406fa1
    I: 406fa4
    I: 406fa8
    I: 406fab
    I: 406fae
    I: 406fb2
    I: 406fb5
    I: 406fb8
    I: 406fbc
    I: 406fbf
    I: 406fc3
    I: 406fc7
    I: 406fcb
    I: 406fcf
    I: 406fd3
    I: 406fd8
    I: 406fdc
    I: 406fe0
    I: 406fe4
    I: 406fe8 (flow 406e30)
    I: 406fed
    I: 406ff1
    I: 406ff6
    I: 406ffa
    I: 406fff
    I: 407009
    I: 40700c
    I: 407011
    I: 407015
    I: 407019
    I: 40701e (imm 40a03c)
    I: 407025
    I: 407027 (imm 40a058)
    I: 40702e
    I: 407030
    I: 407032
    I: 407035
    I: 407037
    I: 407039
    I: 40703c
    I: 40703f
    I: 407042
    I: 407045
    I: 407048
    I: 40704b
    I: 40704d
    I: 40704f
    I: 407051
    I: 407053
    I: 407058
    I: 40705d
    I: 407060
    I: 407063
    I: 407066 (flow 4070dd)
      Successors: 4070dd
Recovering 4070f0
  Analysing subroutine sub_4070F0 at 4070f0
  Subroutine sub_4070F0 at 4070f0 has 40 blocks
  BB: 407200 in func 4070f0 with 3 insts
    I: 407200
    I: 407203
    I: 407208 (flow 40728a)
      Successors: 40728a, 40720e
  BB: 407403 in func 4070f0 with 42 insts
    I: 407403
    I: 407406
    I: 407409 (imm 40a040)
    I: 407410
    I: 407412 (imm 40a044)
    I: 407419
    I: 40741b
    I: 40741d
    I: 407423
    I: 407426
    I: 40742c
    I: 40742f
    I: 407432
    I: 407435
    I: 407439
    I: 40743c
    I: 407440
    I: 407443
    I: 407445
    I: 407448
    I: 40744c
    I: 40744e
    I: 407451
    I: 407453
    I: 407456
    I: 407459
    I: 40745c
    I: 407460
    I: 407463
    I: 407466
    I: 407469
    I: 40746c
    I: 40746f
    I: 407471
    I: 407474
    I: 407476
    I: 407478
    I: 40747d
    I: 407482
    I: 407485
    I: 407488
    I: 40748b (flow 4074af)
      Successors: 4074af
  BB: 407189 in func 4070f0 with 1 insts
    I: 407189 (flow 40718e)
      Successors: 40718e
  BB: 40728a in func 4070f0 with 40 insts
    I: 40728a (imm 40a040)
    I: 407291
    I: 407293 (imm 40a044)
    I: 40729a
    I: 40729c
    I: 40729e
    I: 4072a4
    I: 4072a7
    I: 4072ad
    I: 4072b0
    I: 4072b3
    I: 4072b6
    I: 4072ba
    I: 4072bd
    I: 4072c1
    I: 4072c4
    I: 4072c6
    I: 4072c9
    I: 4072cd
    I: 4072cf
    I: 4072d2
    I: 4072d4
    I: 4072d7
    I: 4072da
    I: 4072dd
    I: 4072e1
    I: 4072e4
    I: 4072e7
    I: 4072ea
    I: 4072ed
    I: 4072f0
    I: 4072f2
    I: 4072f5
    I: 4072f7
    I: 4072f9
    I: 4072fe
    I: 407303
    I: 407306
    I: 407309
    I: 40730c (flow 4074af)
      Successors: 4074af
  BB: 40718e in func 4070f0 with 3 insts
    I: 40718e
    I: 407191
    I: 407196 (flow 4073b6)
      Successors: 40719c, 4073b6
  BB: 40720e in func 4070f0 with 1 insts
    I: 40720e (flow 407213)
      Successors: 407213
  BB: 407490 in func 4070f0 with 3 insts
    I: 407490
    I: 407493
    I: 407494
      No successors
  BB: 407311 in func 4070f0 with 41 insts
    I: 407311
    I: 407318 (imm 40a040)
    I: 40731f
    I: 407321 (imm 40a044)
    I: 407328
    I: 40732a
    I: 40732c
    I: 40732f
    I: 407331
    I: 407333
    I: 407336
    I: 407339
    I: 40733c
    I: 407340
    I: 407343
    I: 407347
    I: 40734a
    I: 40734c
    I: 40734f
    I: 407353
    I: 407355
    I: 407358
    I: 40735a
    I: 40735d
    I: 407360
    I: 407363
    I: 407367
    I: 40736a
    I: 40736d
    I: 407370
    I: 407373
    I: 407376
    I: 407378
    I: 40737b
    I: 40737d
    I: 40737f
    I: 407384
    I: 407389
    I: 40738c
    I: 40738f
    I: 407392 (flow 4074af)
      Successors: 4074af
  BB: 407213 in func 4070f0 with 3 insts
    I: 407213
    I: 407216
    I: 40721b (flow 4073a3)
      Successors: 407221, 4073a3
  BB: 407495 in func 4070f0 with 3 insts
    I: 407495
    I: 40749c
    I: 4074a3 (flow 4074af)
      Successors: 4074af
  BB: 407397 in func 4070f0 with 2 insts
    I: 407397
    I: 40739e (flow 4074af)
      Successors: 4074af
  BB: 40719c in func 4070f0 with 1 insts
    I: 40719c (flow 4071a1)
      Successors: 4071a1
  BB: 4071a1 in func 4070f0 with 3 insts
    I: 4071a1
    I: 4071a4
    I: 4071a9 (flow 4074a8)
      Successors: 4074a8, 4071af
  BB: 407221 in func 4070f0 with 1 insts
    I: 407221 (flow 407226)
      Successors: 407226
  BB: 4073a3 in func 4070f0 with 3 insts
    I: 4073a3
    I: 4073aa
    I: 4073b1 (flow 4074af)
      Successors: 4074af
  BB: 407226 in func 4070f0 with 1 insts
    I: 407226 (flow 4074af)
      Successors: 4074af
  BB: 4074a8 in func 4070f0 with 1 insts
    I: 4074a8
      Successors: 4074af
  BB: 40722b in func 4070f0 with 11 insts
    I: 40722b
    I: 407230
    I: 407235
    I: 40723a
    I: 40723f
    I: 407243
    I: 407247
    I: 40724a
    I: 40724d
    I: 407250
    I: 407253 (flow 4074af)
      Successors: 4074af
  BB: 4071af in func 4070f0 with 1 insts
    I: 4071af (flow 4071b4)
      Successors: 4071b4
  BB: 4074af in func 4070f0 with 1 insts
    I: 4074af (flow 40713f)
      Successors: 40713f
  BB: 4071b4 in func 4070f0 with 3 insts
    I: 4071b4
    I: 4071b7
    I: 4071bc (flow 407311)
      Successors: 407311, 4071c2
  BB: 4074b4 in func 4070f0 with 2 insts
    I: 4074b4
    I: 4074be
      No successors
  BB: 4073b6 in func 4070f0 with 24 insts
    I: 4073b6 (imm 40a040)
    I: 4073bd
    I: 4073bf (imm 40a044)
    I: 4073c6
    I: 4073c8
    I: 4073ca
    I: 4073cd
    I: 4073cf
    I: 4073d1
    I: 4073d4
    I: 4073d7
    I: 4073da
    I: 4073dd
    I: 4073e0
    I: 4073e3
    I: 4073e5
    I: 4073e7
    I: 4073e9
    I: 4073eb
    I: 4073f0
    I: 4073f5
    I: 4073f8
    I: 4073fb
    I: 4073fe (flow 4074af)
      Successors: 4074af
  BB: 40713f in func 4070f0 with 4 insts
    I: 40713f
    I: 407142
    I: 407145
    I: 40714a (flow 407403)
      Successors: 407150, 407403
  BB: 4071c2 in func 4070f0 with 1 insts
    I: 4071c2 (flow 4071c7)
      Successors: 4071c7
  BB: 4071c7 in func 4070f0 with 3 insts
    I: 4071c7
    I: 4071ca
    I: 4071cf (flow 407258)
      Successors: 407258, 4071d5
  BB: 407150 in func 4070f0 with 1 insts
    I: 407150 (flow 407155)
      Successors: 407155
  BB: 407155 in func 4070f0 with 3 insts
    I: 407155
    I: 407158
    I: 40715d (flow 407495)
      Successors: 407163, 407495
  BB: 4071d5 in func 4070f0 with 1 insts
    I: 4071d5 (flow 4071da)
      Successors: 4071da
  BB: 407258 in func 4070f0 with 3 insts
    I: 407258
    I: 40725f
    I: 407266 (flow 4074af)
      Successors: 4074af
  BB: 4071da in func 4070f0 with 3 insts
    I: 4071da
    I: 4071dd
    I: 4071e2 (flow 40726b)
      Successors: 4071e8, 40726b
  BB: 407163 in func 4070f0 with 1 insts
    I: 407163 (flow 407168)
      Successors: 407168
  BB: 407168 in func 4070f0 with 3 insts
    I: 407168
    I: 40716b
    I: 407170 (flow 407490)
      Successors: 407490, 407176
  BB: 4071e8 in func 4070f0 with 1 insts
    I: 4071e8 (flow 4071ed)
      Successors: 4071ed
  BB: 40726b in func 4070f0 with 7 insts
    I: 40726b
    I: 407270
    I: 407275
    I: 40727a
    I: 40727f
    I: 407282
    I: 407285 (flow 4074af)
      Successors: 4074af
  BB: 4071ed in func 4070f0 with 3 insts
    I: 4071ed
    I: 4071f0
    I: 4071f5 (flow 40722b)
      Successors: 40722b, 4071fb
  BB: 4070f0 in func 4070f0 with 17 insts
    I: 4070f0
    I: 4070f1
    I: 4070f4
    I: 4070f9
    I: 4070fe
    I: 407103
    I: 407108
    I: 40710d
    I: 407112
    I: 407117
    I: 40711b
    I: 40711f
    I: 407124
    I: 407129
    I: 40712e
    I: 407133
    I: 407138
      Successors: 40713f
  BB: 40717b in func 4070f0 with 3 insts
    I: 40717b
    I: 40717e
    I: 407183 (flow 407397)
      Successors: 407189, 407397
  BB: 407176 in func 4070f0 with 1 insts
    I: 407176 (flow 40717b)
      Successors: 40717b
  BB: 4071fb in func 4070f0 with 1 insts
    I: 4071fb (flow 407200)
      Successors: 407200
Recovering 4074c0
  Analysing subroutine sub_4074C0 at 4074c0
    Block head at 0040751b is not code.
  Subroutine sub_4074C0 at 4074c0 has 1 blocks
  BB: 4074c0 in func 4074c0 with 22 insts
    I: 4074c0
    I: 4074c1
    I: 4074c4
    I: 4074c8
    I: 4074cd
    I: 4074d2
    I: 4074d7
    I: 4074dc
    I: 4074e1
    I: 4074e6
    I: 4074eb
    I: 4074f0
    I: 4074f5
    I: 4074fa
    I: 4074ff
    I: 407504
    I: 407508
    I: 40750c
    I: 407510 (flow 40a078)
    I: 407515
    I: 407519
    I: 40751a
      No successors
Recovering .term_proc at 40751c
  Analysing subroutine .term_proc at 40751c
    Block head at 00407529 is not code.
  Subroutine .term_proc at 40751c has 1 blocks
  BB: 40751c in func 40751c with 4 insts
    I: 40751c
    I: 407520
    I: 407524
    I: 407528
      No successors
Global Variable None
WARNING: Global constructor and destructor sections are adjacent!
Recovering region LOAD [400000, 400540) in segment LOAD
  8-byte reference at 400018 to 401060 (start)
  8-byte reference at 4000f8 to 401000 (.init_proc)
  8-byte reference at 400130 to 408000 ()
  8-byte reference at 400168 to 409de8 ()
  8-byte reference at 400280 to 408030 ()
  8-byte reference at 4002f0 to 409de8 ()
Recovering region .init [401000, 40101b) in segment .init
Recovering region LOAD [40101b, 401020) in segment LOAD
Recovering region .plt [401020, 401060) in segment .plt
Recovering region .text [401060, 40751b) in segment .text
Recovering region LOAD [40751b, 40751c) in segment LOAD
Recovering region .fini [40751c, 407529) in segment .fini
Recovering region .rodata [408000, 40802d) in segment .rodata
  Variable aLfLfLfLfLfLfLf at 408004
  Variable format at 408024
  Variable aYes at 408028
Recovering region LOAD [40802d, 408030) in segment LOAD
Recovering region .eh_frame_hdr [408030, 408084) in segment .eh_frame_hdr
Recovering region LOAD [408084, 408088) in segment LOAD
Recovering region .eh_frame [408088, 4081c4) in segment .eh_frame
Recovering region LOAD [4081c4, 408208) in segment LOAD
Recovering region .init_array [409de8, 409df8) in segment .init_array
  8-byte reference at 409de8 to 401140 ()
  8-byte reference at 409df0 to 401110 ()
Recovering region LOAD [409df8, 409fd8) in segment LOAD
Recovering region .got [409fd8, 409fe8) in segment .got
  8-byte reference at 409fd8 to 40a060 (__libc_start_main)
  8-byte reference at 409fe0 to 40a080 (__gmon_start__)
Recovering region .got.plt [409fe8, 40a018) in segment .got.plt
  8-byte reference at 40a000 to 40a068 (printf)
  8-byte reference at 40a008 to 40a070 (__isoc99_scanf)
  8-byte reference at 40a010 to 40a078 (sqrt)
Recovering region .data [40a018, 40a028) in segment .data
Recovering region .bss [40a028, 40a060) in segment .bss
Recovering extern function printf at 401030
Recovering extern function __isoc99_scanf at 401040
Recovering extern function sqrt at 401050
Recovering extern function __libc_start_main at 40a060
Recovering extern function printf at 40a068
Recovering extern function __isoc99_scanf at 40a070
Recovering extern function sqrt at 40a078
Recovering extern function __gmon_start__ at 40a080
Recovered 13 functions.
Saving to: /home/ubuntu/capstone_project/result/pipeline_20260629_141746/s591874935_fla_bcf_instsub.cfg
Done analysis!
