Debugging is enabled.
Loading Standard Definitions file: /home/ubuntu/capstone_project/dependency/mcsema/mcsema/lib/python3/site-packages/mcsema_disass-3.1.3.8-py3.8.egg/mcsema_disass/defs/linux.txt
Using Batch mode.
Starting analysis
Recovering module s634430882_fla_bcf_instsub.elf
Found main at 402120
Looking for instructions in segment .init
  Default block heads for function 401000 with loose bounds [401000, 40101b)
    block [401000, 401014)
    block [401014, 401016)
    block [401016, 40101b)
    chunk [401000, 40101b)
Looking for instructions in segment .plt
  Default block heads for function 401020 with loose bounds [401020, 40102c)
    block [401020, 40102c)
    chunk [401020, 40102c)
  Default block heads for function 401030 with loose bounds [401030, 401036)
    block [401030, 401036)
    chunk [401030, 401036)
  Default block heads for function 401040 with loose bounds [401040, 401046)
    block [401040, 401046)
    chunk [401040, 401046)
  Default block heads for function 401050 with loose bounds [401050, 401056)
    block [401050, 401056)
    chunk [401050, 401056)
Looking for instructions in segment .text
  Default block heads for function 401060 with loose bounds [401060, 401086)
    block [401060, 401086)
    chunk [401060, 401086)
  Default block heads for function 4010a0 with loose bounds [4010a0, 4010c1)
    block [4010a0, 4010ad)
    block [4010ad, 4010b7)
    block [4010b7, 4010be)
    block [4010c0, 4010c1)
    chunk [4010a0, 4010c1)
  Default block heads for function 401110 with loose bounds [401110, 401131)
    block [401110, 40111d)
    block [40111d, 40112f)
    block [401130, 401131)
    chunk [401110, 401131)
  Default block heads for function 401140 with loose bounds [401140, 401146)
    block [401140, 401146)
    chunk [401140, 401146)
    chunk [4010d0, 401101)
  Default block heads for function 401150 with loose bounds [401150, 40143f)
    block [401150, 40116e)
    block [40116e, 40117f)
    block [40117f, 401184)
    block [401184, 401192)
    block [401192, 401197)
    block [401197, 4011a5)
    block [4011a5, 4011aa)
    block [4011aa, 4011b8)
    block [4011b8, 4011bd)
    block [4011bd, 4011cb)
    block [4011cb, 4011d0)
    block [4011d0, 4011de)
    block [4011de, 4011e3)
    block [4011e3, 4011f1)
    block [4011f1, 4011f6)
    block [4011f6, 401204)
    block [401204, 401209)
    block [401209, 401217)
    block [401217, 40121c)
    block [40121c, 401221)
    block [401221, 401276)
    block [401276, 4012f1)
    block [4012f1, 4012fd)
    block [4012fd, 401316)
    block [401316, 40139d)
    block [40139d, 4013f0)
    block [4013f0, 4013f9)
    block [4013f9, 401433)
    block [401433, 40143a)
    block [40143a, 40143f)
    chunk [401150, 40143f)
  Default block heads for function 401440 with loose bounds [401440, 4019fd)
    block [401440, 401463)
    block [401463, 401474)
    block [401474, 401479)
    block [401479, 401487)
    block [401487, 40148c)
    block [40148c, 40149a)
    block [40149a, 40149f)
    block [40149f, 4014ad)
    block [4014ad, 4014b2)
    block [4014b2, 4014c0)
    block [4014c0, 4014c5)
    block [4014c5, 4014d3)
    block [4014d3, 4014d8)
    block [4014d8, 4014e6)
    block [4014e6, 4014eb)
    block [4014eb, 4014f9)
    block [4014f9, 4014fe)
    block [4014fe, 40150c)
    block [40150c, 401511)
    block [401511, 40151f)
    block [40151f, 401524)
    block [401524, 401532)
    block [401532, 401537)
    block [401537, 401545)
    block [401545, 40154a)
    block [40154a, 401558)
    block [401558, 40155d)
    block [40155d, 40156b)
    block [40156b, 401570)
    block [401570, 40157e)
    block [40157e, 401583)
    block [401583, 401591)
    block [401591, 401596)
    block [401596, 4015a4)
    block [4015a4, 4015a9)
    block [4015a9, 4015b7)
    block [4015b7, 4015bc)
    block [4015bc, 4015ca)
    block [4015ca, 4015cf)
    block [4015cf, 4015d4)
    block [4015d4, 4015ef)
    block [4015ef, 40161c)
    block [40161c, 401628)
    block [401628, 401641)
    block [401641, 401696)
    block [401696, 401735)
    block [401735, 401741)
    block [401741, 4017c8)
    block [4017c8, 40184f)
    block [40184f, 40185b)
    block [40185b, 401871)
    block [401871, 401898)
    block [401898, 4018b5)
    block [4018b5, 401934)
    block [401934, 401989)
    block [401989, 40198f)
    block [40198f, 4019e5)
    block [4019e5, 4019f1)
    block [4019f1, 4019f8)
    block [4019f8, 4019fd)
    chunk [401440, 4019fd)
  Default block heads for function 401a00 with loose bounds [401a00, 402114)
    block [401a00, 401a12)
    block [401a12, 401a23)
    block [401a23, 401a28)
    block [401a28, 401a36)
    block [401a36, 401a3b)
    block [401a3b, 401a49)
    block [401a49, 401a4e)
    block [401a4e, 401a5c)
    block [401a5c, 401a61)
    block [401a61, 401a6f)
    block [401a6f, 401a74)
    block [401a74, 401a82)
    block [401a82, 401a87)
    block [401a87, 401a95)
    block [401a95, 401a9a)
    block [401a9a, 401aa8)
    block [401aa8, 401aad)
    block [401aad, 401abb)
    block [401abb, 401ac0)
    block [401ac0, 401ace)
    block [401ace, 401ad3)
    block [401ad3, 401ae1)
    block [401ae1, 401ae6)
    block [401ae6, 401af4)
    block [401af4, 401af9)
    block [401af9, 401b07)
    block [401b07, 401b0c)
    block [401b0c, 401b1a)
    block [401b1a, 401b1f)
    block [401b1f, 401b2d)
    block [401b2d, 401b32)
    block [401b32, 401b40)
    block [401b40, 401b45)
    block [401b45, 401b53)
    block [401b53, 401b58)
    block [401b58, 401b66)
    block [401b66, 401b6b)
    block [401b6b, 401b79)
    block [401b79, 401b7e)
    block [401b7e, 401b8c)
    block [401b8c, 401b91)
    block [401b91, 401b9f)
    block [401b9f, 401ba4)
    block [401ba4, 401bb2)
    block [401bb2, 401bb7)
    block [401bb7, 401bc5)
    block [401bc5, 401bca)
    block [401bca, 401bd8)
    block [401bd8, 401bdd)
    block [401bdd, 401be2)
    block [401be2, 401bfb)
    block [401bfb, 401c50)
    block [401c50, 401cf3)
    block [401cf3, 401cff)
    block [401cff, 401d1b)
    block [401d1b, 401d33)
    block [401d33, 401d56)
    block [401d56, 401dab)
    block [401dab, 401df8)
    block [401df8, 401e04)
    block [401e04, 401e1d)
    block [401e1d, 401ea4)
    block [401ea4, 401f3c)
    block [401f3c, 401f48)
    block [401f48, 401fcf)
    block [401fcf, 40202b)
    block [40202b, 402046)
    block [402046, 402081)
    block [402081, 4020ad)
    block [4020ad, 4020af)
    block [4020af, 4020d7)
    block [4020d7, 4020e3)
    block [4020e3, 402108)
    block [402108, 40210f)
    block [40210f, 402114)
    chunk [401a00, 402114)
  Default block heads for function 402120 with loose bounds [402120, 403b35)
    block [402120, 40216f)
    block [40216f, 402180)
    block [402180, 402185)
    block [402185, 402193)
    block [402193, 402198)
    block [402198, 4021a6)
    block [4021a6, 4021ab)
    block [4021ab, 4021b9)
    block [4021b9, 4021be)
    block [4021be, 4021cc)
    block [4021cc, 4021d1)
    block [4021d1, 4021df)
    block [4021df, 4021e4)
    block [4021e4, 4021f2)
    block [4021f2, 4021f7)
    block [4021f7, 402205)
    block [402205, 40220a)
    block [40220a, 402218)
    block [402218, 40221d)
    block [40221d, 40222b)
    block [40222b, 402230)
    block [402230, 40223e)
    block [40223e, 402243)
    block [402243, 402251)
    block [402251, 402256)
    block [402256, 402264)
    block [402264, 402269)
    block [402269, 402277)
    block [402277, 40227c)
    block [40227c, 40228a)
    block [40228a, 40228f)
    block [40228f, 40229d)
    block [40229d, 4022a2)
    block [4022a2, 4022b0)
    block [4022b0, 4022b5)
    block [4022b5, 4022c3)
    block [4022c3, 4022c8)
    block [4022c8, 4022d6)
    block [4022d6, 4022db)
    block [4022db, 4022e9)
    block [4022e9, 4022ee)
    block [4022ee, 4022fc)
    block [4022fc, 402301)
    block [402301, 40230f)
    block [40230f, 402314)
    block [402314, 402322)
    block [402322, 402327)
    block [402327, 402335)
    block [402335, 40233a)
    block [40233a, 402348)
    block [402348, 40234d)
    block [40234d, 40235b)
    block [40235b, 402360)
    block [402360, 40236e)
    block [40236e, 402373)
    block [402373, 402381)
    block [402381, 402386)
    block [402386, 402394)
    block [402394, 402399)
    block [402399, 4023a7)
    block [4023a7, 4023ac)
    block [4023ac, 4023ba)
    block [4023ba, 4023bf)
    block [4023bf, 4023cd)
    block [4023cd, 4023d2)
    block [4023d2, 4023e0)
    block [4023e0, 4023e5)
    block [4023e5, 4023f3)
    block [4023f3, 4023f8)
    block [4023f8, 402406)
    block [402406, 40240b)
    block [40240b, 402419)
    block [402419, 40241e)
    block [40241e, 40242c)
    block [40242c, 402431)
    block [402431, 40243f)
    block [40243f, 402444)
    block [402444, 402452)
    block [402452, 402457)
    block [402457, 402465)
    block [402465, 40246a)
    block [40246a, 402478)
    block [402478, 40247d)
    block [40247d, 40248b)
    block [40248b, 402490)
    block [402490, 40249e)
    block [40249e, 4024a3)
    block [4024a3, 4024b1)
    block [4024b1, 4024b6)
    block [4024b6, 4024c4)
    block [4024c4, 4024c9)
    block [4024c9, 4024d7)
    block [4024d7, 4024dc)
    block [4024dc, 4024ea)
    block [4024ea, 4024ef)
    block [4024ef, 4024fd)
    block [4024fd, 402502)
    block [402502, 402510)
    block [402510, 402515)
    block [402515, 402523)
    block [402523, 402528)
    block [402528, 402536)
    block [402536, 40253b)
    block [40253b, 402549)
    block [402549, 40254e)
    block [40254e, 40255c)
    block [40255c, 402561)
    block [402561, 40256f)
    block [40256f, 402574)
    block [402574, 402582)
    block [402582, 402587)
    block [402587, 402595)
    block [402595, 40259a)
    block [40259a, 4025a8)
    block [4025a8, 4025ad)
    block [4025ad, 4025bb)
    block [4025bb, 4025c0)
    block [4025c0, 4025ce)
    block [4025ce, 4025d3)
    block [4025d3, 4025e1)
    block [4025e1, 4025e6)
    block [4025e6, 4025f4)
    block [4025f4, 4025f9)
    block [4025f9, 402607)
    block [402607, 40260c)
    block [40260c, 40261a)
    block [40261a, 40261f)
    block [40261f, 40262d)
    block [40262d, 402632)
    block [402632, 402640)
    block [402640, 402645)
    block [402645, 402653)
    block [402653, 402658)
    block [402658, 402666)
    block [402666, 40266b)
    block [40266b, 402679)
    block [402679, 40267e)
    block [40267e, 40268c)
    block [40268c, 402691)
    block [402691, 40269f)
    block [40269f, 4026a4)
    block [4026a4, 4026b2)
    block [4026b2, 4026b7)
    block [4026b7, 4026c5)
    block [4026c5, 4026ca)
    block [4026ca, 4026d8)
    block [4026d8, 4026dd)
    block [4026dd, 4026eb)
    block [4026eb, 4026f0)
    block [4026f0, 4026fe)
    block [4026fe, 402703)
    block [402703, 402711)
    block [402711, 402716)
    block [402716, 402724)
    block [402724, 402729)
    block [402729, 402737)
    block [402737, 40273c)
    block [40273c, 40274a)
    block [40274a, 40274f)
    block [40274f, 40275d)
    block [40275d, 402762)
    block [402762, 402770)
    block [402770, 402775)
    block [402775, 402783)
    block [402783, 402788)
    block [402788, 40278d)
    block [40278d, 4027b3)
    block [4027b3, 40289b)
    block [40289b, 4028a7)
    block [4028a7, 40292e)
    block [40292e, 4029c3)
    block [4029c3, 4029de)
    block [4029de, 402a11)
    block [402a11, 402a5e)
    block [402a5e, 402ae7)
    block [402ae7, 402b02)
    block [402b02, 402b89)
    block [402b89, 402bf2)
    block [402bf2, 402bfe)
    block [402bfe, 402c31)
    block [402c31, 402c4a)
    block [402c4a, 402c7f)
    block [402c7f, 402ccc)
    block [402ccc, 402d2d)
    block [402d2d, 402d39)
    block [402d39, 402d4f)
    block [402d4f, 402d5b)
    block [402d5b, 402de2)
    block [402de2, 402ea9)
    block [402ea9, 402eb5)
    block [402eb5, 402ed6)
    block [402ed6, 402f15)
    block [402f15, 402f6a)
    block [402f6a, 40302c)
    block [40302c, 403038)
    block [403038, 403044)
    block [403044, 403063)
    block [403063, 403079)
    block [403079, 4030ce)
    block [4030ce, 403169)
    block [403169, 403184)
    block [403184, 40319a)
    block [40319a, 4031bb)
    block [4031bb, 403203)
    block [403203, 403258)
    block [403258, 4032b4)
    block [4032b4, 4032cf)
    block [4032cf, 4032f3)
    block [4032f3, 40337a)
    block [40337a, 4033e3)
    block [4033e3, 4033fe)
    block [4033fe, 40342a)
    block [40342a, 403477)
    block [403477, 4034e8)
    block [4034e8, 4034f4)
    block [4034f4, 40357b)
    block [40357b, 4035fa)
    block [4035fa, 403606)
    block [403606, 403653)
    block [403653, 4036bb)
    block [4036bb, 4036c7)
    block [4036c7, 4036d3)
    block [4036d3, 4036fa)
    block [4036fa, 403710)
    block [403710, 403797)
    block [403797, 403800)
    block [403800, 40381b)
    block [40381b, 403847)
    block [403847, 40386e)
    block [40386e, 40387a)
    block [40387a, 4038cf)
    block [4038cf, 403956)
    block [403956, 40395d)
    block [40395d, 40397e)
    block [40397e, 403997)
    block [403997, 4039a7)
    block [4039a7, 4039cf)
    block [4039cf, 4039ef)
    block [4039ef, 403a3b)
    block [403a3b, 403a82)
    block [403a82, 403a96)
    block [403a96, 403aa6)
    block [403aa6, 403aba)
    block [403aba, 403ae2)
    block [403ae2, 403aee)
    block [403aee, 403b15)
    block [403b15, 403b29)
    block [403b29, 403b30)
    block [403b30, 403b35)
    chunk [402120, 403b35)
Looking for instructions in segment .fini
  Default block heads for function 403b38 with loose bounds [403b38, 403b45)
    block [403b38, 403b45)
    chunk [403b38, 403b45)
Looking for strings in segment .rodata [404000, 404004)
Looking for strings in segment .eh_frame_hdr [404004, 404048)
Looking for strings in segment .eh_frame [404048, 404144)
Looking for strings in segment .init_array [405de8, 405df0)
Looking for strings in segment .fini_array [405df0, 405df8)
Looking for strings in segment .got [405fd8, 405fe8)
Looking for strings in segment .got.plt [405fe8, 406018)
Looking for strings in segment .data [406020, 4060f0)
Looking for strings in segment .bss [4060f0, 419a48)
Looking for strings in segment extern [419a48, 419a70)
Looking for cross-references in segment .init [401000, 40101b)
Looking for cross-references in segment .plt [401020, 401060)
  Adding dword reference from 40102c to 401f0f
  Stopping scan at 40102c
Looking for cross-references in segment .text [401060, 403b35)
  Stopping scan at 40108c
  Stopping scan at 40109c
  Stopping scan at ffffffffffffffff
  Stopping scan at 4010cc
  Stopping scan at 40110c
  Stopping scan at ffffffffffffffff
  Stopping scan at 40113c
  Stopping scan at 40114c
  Stopping scan at ffffffffffffffff
  Stopping scan at ffffffffffffffff
  Stopping scan at 40211c
Looking for cross-references in segment .fini [403b38, 403b45)
Looking for cross-references in segment .rodata [404000, 404004)
  Stopping scan at 404000
Looking for cross-references in segment .eh_frame_hdr [404004, 404048)
  Stopping scan at 404044
Looking for cross-references in segment .eh_frame [404048, 404144)
  Stopping scan at 404140
Looking for cross-references in segment .init_array [405de8, 405df0)
  Adding qword reference from 405de8 to 401140
  Stopping scan at 405de8
Looking for cross-references in segment .fini_array [405df0, 405df8)
  Adding qword reference from 405df0 to 401110
  Stopping scan at 405df0
Looking for cross-references in segment .got [405fd8, 405fe8)
  Adding qword reference from 405fd8 to 419a50
  Adding qword reference from 405fe0 to 419a68
  Stopping scan at 405fe0
Looking for cross-references in segment .got.plt [405fe8, 406018)
  Adding qword reference from 406000 to 419a48
  Adding qword reference from 406008 to 419a58
  Adding qword reference from 406010 to 419a60
  Stopping scan at 406010
Looking for cross-references in segment .data [406020, 4060f0)
  Stopping scan at 4060ec
Looking for cross-references in segment .bss [4060f0, 419a48)
  Stopping scan at 419a44
Looking for cross-references in segment extern [419a48, 419a70)
  Stopping scan at 419a6c
Looking for thunks
  Found thunk for putchar targeting 419a48 at 401030
  Found thunk for memset targeting 419a58 at 401040
  Found thunk for getchar targeting 419a60 at 401050
Looking for external symbols
  Function at 401030 is the external function putchar
  Function at 401040 is the external function memset
  Function at 401050 is the external function getchar
  Function at 419a48 is the external function putchar
  Function at 419a50 is the external function __libc_start_main
  Function at 419a58 is the external function memset
  Function at 419a60 is the external function getchar
  Function at 419a68 is the external function __gmon_start__
Looking for entrypoints
Recovering .init_proc at 401000
  Analysing subroutine .init_proc at 401000
    Block head at 0040101b is not code.
  Subroutine .init_proc at 401000 has 3 blocks
  BB: 401000 in func 401000 with 5 insts
    Referenced by data
    I: 401000
    I: 401004
    I: 401008 (mem 405fe0)
    I: 40100f
    I: 401012 (flow 401016)
      Successors: 401014, 401016
  BB: 401014 in func 401000 with 1 insts
    I: 401014
      Successors: 401016
  BB: 401016 in func 401000 with 2 insts
    I: 401016
    I: 40101a
      No successors
Recovering 401020
  Analysing subroutine sub_401020 at 401020
  WARNING: No table entries for indirect jump at 401026; Adding next_ea 40102c as successor.
  Subroutine sub_401020 at 401020 has 2 blocks
  WARNING: No table entries for indirect jump at 401026; Adding next_ea 40102c as successor.
  BB: 401020 in func 401020 with 2 insts
    I: 401020 (mem 405ff0)
    I: 401026 (mem 405ff8)
      Successors: 40102c
  BB: 40102c in func 401020 with 1 insts
    I: 40102c
      No successors
Recovering start at 401060
  Analysing subroutine start at 401060
  Subroutine start at 401060 has 3 blocks
  BB: 401060 in func 401060 with 13 insts
    Referenced by data
    I: 401060
    I: 401064
    I: 401066
    I: 401069
    I: 40106a
    I: 40106d
    I: 401071
    I: 401072
    I: 401073
    I: 401076
    I: 401078 (imm 402120)
    I: 40107f (mem 405fd8)
    I: 401085
      No successors
  BB: 401095 in func 401060 with 2 insts
    I: 401095
    I: 40109f
      No successors
  BB: 401086 in func 401060 with 3 insts
    I: 401086
    I: 401090
    I: 401094
      No successors
Recovering 4010a0
  Analysing subroutine sub_4010A0 at 4010a0
  WARNING: No table entries for indirect jump at 4010bc; Adding next_ea 4010be as successor.
  WARNING: No table entries for indirect jump at 4010fe; Adding next_ea 401100 as successor.
  Subroutine sub_4010A0 at 4010a0 has 11 blocks
  BB: 4010a0 in func 4010a0 with 3 insts
    I: 4010a0 (imm 4060f0)
    I: 4010a5 (imm 4060f0)
    I: 4010ab (flow 4010c0)
      Successors: 4010c0, 4010ad
  BB: 4010c0 in func 4010a0 with 1 insts
    I: 4010c0
      No successors
  BB: 4010c1 in func 4010a0 with 2 insts
    I: 4010c1
    I: 4010c5
      Successors: 4010d0
  BB: 401100 in func 4010a0 with 1 insts
    I: 401100
      No successors
  BB: 401101 in func 4010a0 with 2 insts
    I: 401101
    I: 401105
      No successors
  BB: 4010ad in func 4010a0 with 3 insts
    I: 4010ad
    I: 4010b2
    I: 4010b5 (flow 4010c0)
      Successors: 4010c0, 4010b7
  BB: 4010ef in func 4010a0 with 3 insts
    I: 4010ef
    I: 4010f4
    I: 4010f7 (flow 401100)
      Successors: 401100, 4010f9
  BB: 4010d0 in func 4010a0 with 8 insts
    I: 4010d0 (imm 4060f0)
    I: 4010d5 (imm 4060f0)
    I: 4010dc
    I: 4010df
    I: 4010e3
    I: 4010e7
    I: 4010ea
    I: 4010ed (flow 401100)
      Successors: 401100, 4010ef
  WARNING: No table entries for indirect jump at 4010bc; Adding next_ea 4010be as successor.
  BB: 4010b7 in func 4010a0 with 2 insts
    I: 4010b7 (imm 4060f0)
    I: 4010bc
      Successors: 4010be
  WARNING: No table entries for indirect jump at 4010fe; Adding next_ea 401100 as successor.
  BB: 4010f9 in func 4010a0 with 2 insts
    I: 4010f9 (imm 4060f0)
    I: 4010fe
      Successors: 401100
  BB: 4010be in func 4010a0 with 1 insts
    I: 4010be
      Successors: 4010c0
Recovering 401110
  Analysing subroutine sub_401110 at 401110
  Subroutine sub_401110 at 401110 has 5 blocks
  BB: 40112f in func 401110 with 1 insts
    I: 40112f
      Successors: 401130
  BB: 401110 in func 401110 with 3 insts
    Referenced by data
    I: 401110
    I: 401114 (mem 4060f0)
    I: 40111b (flow 401130)
      Successors: 401130, 40111d
  BB: 401131 in func 401110 with 2 insts
    I: 401131
    I: 401135
      No successors
  BB: 401130 in func 401110 with 1 insts
    I: 401130
      No successors
  BB: 40111d in func 401110 with 6 insts
    I: 40111d
    I: 40111e
    I: 401121 (flow 4010a0)
    I: 401126 (mem 4060f0)
    I: 40112d
    I: 40112e
      No successors
Recovering 401140
  Analysing subroutine sub_401140 at 401140
  WARNING: No table entries for indirect jump at 4010fe; Adding next_ea 401100 as successor.
  Subroutine sub_401140 at 401140 has 6 blocks
  BB: 401140 in func 401140 with 2 insts
    Referenced by data
    I: 401140
    I: 401144 (flow 4010d0)
      Successors: 4010d0
  BB: 401100 in func 401140 with 1 insts
    I: 401100
      No successors
  BB: 401146 in func 401140 with 1 insts
    I: 401146
      No successors
  BB: 4010ef in func 401140 with 3 insts
    I: 4010ef
    I: 4010f4
    I: 4010f7 (flow 401100)
      Successors: 401100, 4010f9
  BB: 4010d0 in func 401140 with 8 insts
    I: 4010d0 (imm 4060f0)
    I: 4010d5 (imm 4060f0)
    I: 4010dc
    I: 4010df
    I: 4010e3
    I: 4010e7
    I: 4010ea
    I: 4010ed (flow 401100)
      Successors: 401100, 4010ef
  WARNING: No table entries for indirect jump at 4010fe; Adding next_ea 401100 as successor.
  BB: 4010f9 in func 401140 with 2 insts
    I: 4010f9 (imm 4060f0)
    I: 4010fe
      Successors: 401100
Recovering 401150
  Analysing subroutine sub_401150 at 401150
  Subroutine sub_401150 at 401150 has 31 blocks
  BB: 401184 in func 401150 with 3 insts
    I: 401184
    I: 401187
    I: 40118c (flow 4013f0)
      Successors: 4013f0, 401192
  BB: 401204 in func 401150 with 1 insts
    I: 401204 (flow 401209)
      Successors: 401209
  BB: 401209 in func 401150 with 3 insts
    I: 401209
    I: 40120c
    I: 401211 (flow 401316)
      Successors: 401316, 401217
  BB: 401192 in func 401150 with 1 insts
    I: 401192 (flow 401197)
      Successors: 401197
  BB: 401316 in func 401150 with 40 insts
    I: 401316 (imm 419a24)
    I: 40131d
    I: 40131f (imm 419a34)
    I: 401326
    I: 401328
    I: 40132a
    I: 401330
    I: 401333
    I: 401339
    I: 40133c
    I: 40133f
    I: 401342
    I: 401346
    I: 401349
    I: 40134d
    I: 401350
    I: 401352
    I: 401355
    I: 401359
    I: 40135b
    I: 40135e
    I: 401360
    I: 401363
    I: 401366
    I: 401369
    I: 40136d
    I: 401370
    I: 401373
    I: 401376
    I: 401379
    I: 40137c
    I: 40137e
    I: 401381
    I: 401383
    I: 401385
    I: 40138a
    I: 40138f
    I: 401392
    I: 401395
    I: 401398 (flow 40143a)
      Successors: 40143a
  BB: 401197 in func 401150 with 3 insts
    I: 401197
    I: 40119a
    I: 40119f (flow 40139d)
      Successors: 4011a5, 40139d
  BB: 401217 in func 401150 with 1 insts
    I: 401217 (flow 40121c)
      Successors: 40121c
  BB: 40121c in func 401150 with 1 insts
    I: 40121c (flow 40143a)
      Successors: 40143a
  BB: 40139d in func 401150 with 26 insts
    I: 40139d
    I: 4013a0
    I: 4013a3 (imm 419a24)
    I: 4013aa
    I: 4013ac (imm 419a34)
    I: 4013b3
    I: 4013b5
    I: 4013b7
    I: 4013ba
    I: 4013bc
    I: 4013be
    I: 4013c1
    I: 4013c4
    I: 4013c7
    I: 4013ca
    I: 4013cd
    I: 4013d0
    I: 4013d2
    I: 4013d4
    I: 4013d6
    I: 4013d8
    I: 4013dd
    I: 4013e2
    I: 4013e5
    I: 4013e8
    I: 4013eb (flow 40143a)
      Successors: 40143a
  BB: 401221 in func 401150 with 24 insts
    I: 401221 (imm 419a24)
    I: 401228
    I: 40122a (imm 419a34)
    I: 401231
    I: 401233
    I: 401235
    I: 40123b
    I: 40123e
    I: 401244
    I: 401247
    I: 40124a
    I: 40124d
    I: 401250
    I: 401253
    I: 401256
    I: 401258
    I: 40125a
    I: 40125c
    I: 40125e
    I: 401263
    I: 401268
    I: 40126b
    I: 40126e
    I: 401271 (flow 40143a)
      Successors: 40143a
  BB: 4011a5 in func 401150 with 1 insts
    I: 4011a5 (flow 4011aa)
      Successors: 4011aa
  BB: 4011aa in func 401150 with 3 insts
    I: 4011aa
    I: 4011ad
    I: 4011b2 (flow 401276)
      Successors: 4011b8, 401276
  BB: 401433 in func 401150 with 1 insts
    I: 401433
      Successors: 40143a
  BB: 4011b8 in func 401150 with 1 insts
    I: 4011b8 (flow 4011bd)
      Successors: 4011bd
  BB: 40143a in func 401150 with 1 insts
    I: 40143a (flow 40116e)
      Successors: 40116e
  BB: 4011bd in func 401150 with 3 insts
    I: 4011bd
    I: 4011c0
    I: 4011c5 (flow 401433)
      Successors: 401433, 4011cb
  BB: 40143f in func 401150 with 1 insts
    I: 40143f
      No successors
  BB: 4011cb in func 401150 with 1 insts
    I: 4011cb (flow 4011d0)
      Successors: 4011d0
  BB: 401150 in func 401150 with 7 insts
    I: 401150
    I: 401151
    I: 401154
    I: 401158
    I: 40115f (flow 419a60)
    I: 401164
    I: 401167
      Successors: 40116e
  BB: 4011d0 in func 401150 with 3 insts
    I: 4011d0
    I: 4011d3
    I: 4011d8 (flow 4012f1)
      Successors: 4012f1, 4011de
  BB: 4011de in func 401150 with 1 insts
    I: 4011de (flow 4011e3)
      Successors: 4011e3
  BB: 4011e3 in func 401150 with 3 insts
    I: 4011e3
    I: 4011e6
    I: 4011eb (flow 4013f9)
      Successors: 4011f1, 4013f9
  BB: 40116e in func 401150 with 4 insts
    I: 40116e
    I: 401171
    I: 401174
    I: 401179 (flow 401221)
      Successors: 401221, 40117f
  BB: 4013f0 in func 401150 with 4 insts
    I: 4013f0
    I: 4013f3
    I: 4013f7
    I: 4013f8
      No successors
  BB: 4011f1 in func 401150 with 1 insts
    I: 4011f1 (flow 4011f6)
      Successors: 4011f6
  BB: 4012f1 in func 401150 with 2 insts
    I: 4012f1
    I: 4012f8 (flow 40143a)
      Successors: 40143a
  BB: 4011f6 in func 401150 with 3 insts
    I: 4011f6
    I: 4011f9
    I: 4011fe (flow 4012fd)
      Successors: 401204, 4012fd
  BB: 401276 in func 401150 with 41 insts
    I: 401276
    I: 40127a
    I: 40127d
    I: 401282
    I: 401285
    I: 401287
    I: 401289
    I: 40128b
    I: 40128d
    I: 40128f
    I: 401291
    I: 401293
    I: 401295
    I: 401297
    I: 401299
    I: 40129c (flow 419a60)
    I: 4012a1
    I: 4012a4 (imm 419a24)
    I: 4012ab
    I: 4012ad (imm 419a34)
    I: 4012b4
    I: 4012b6
    I: 4012b8
    I: 4012bb
    I: 4012bd
    I: 4012bf
    I: 4012c2
    I: 4012c5
    I: 4012c8
    I: 4012cb
    I: 4012ce
    I: 4012d1
    I: 4012d3
    I: 4012d5
    I: 4012d7
    I: 4012d9
    I: 4012de
    I: 4012e3
    I: 4012e6
    I: 4012e9
    I: 4012ec (flow 40143a)
      Successors: 40143a
  BB: 4013f9 in func 401150 with 16 insts
    I: 4013f9
    I: 4013fc
    I: 4013ff
    I: 401402
    I: 401407
    I: 40140a
    I: 40140c
    I: 40140e
    I: 401410
    I: 401415
    I: 401417
    I: 40141c
    I: 40141f (flow 419a60)
    I: 401424
    I: 401427
    I: 40142e (flow 40143a)
      Successors: 40143a
  BB: 4012fd in func 401150 with 6 insts
    I: 4012fd
    I: 401302
    I: 401307
    I: 40130b
    I: 40130e
    I: 401311 (flow 40143a)
      Successors: 40143a
  BB: 40117f in func 401150 with 1 insts
    I: 40117f (flow 401184)
      Successors: 401184
Recovering 401440
  Analysing subroutine sub_401440 at 401440
  Subroutine sub_401440 at 401440 has 61 blocks
  BB: 401583 in func 401440 with 3 insts
    I: 401583
    I: 401586
    I: 40158b (flow 401696)
      Successors: 401591, 401696
  BB: 4014f9 in func 401440 with 1 insts
    I: 4014f9 (flow 4014fe)
      Successors: 4014fe
  BB: 401487 in func 401440 with 1 insts
    I: 401487 (flow 40148c)
      Successors: 40148c
  BB: 401989 in func 401440 with 3 insts
    I: 401989
    I: 40198d
    I: 40198e
      No successors
  BB: 40148c in func 401440 with 3 insts
    I: 40148c
    I: 40148f
    I: 401494 (flow 401641)
      Successors: 401641, 40149a
  BB: 40150c in func 401440 with 1 insts
    I: 40150c (flow 401511)
      Successors: 401511
  BB: 40198f in func 401440 with 23 insts
    I: 40198f
    I: 401992
    I: 401997
    I: 401998
    I: 40199a
    I: 40199c
    I: 40199f
    I: 4019a1
    I: 4019a3 (mem 406100)
    I: 4019aa
    I: 4019ac
    I: 4019b2
    I: 4019b5
    I: 4019bb (mem 406100)
    I: 4019c2
    I: 4019c4 (disp 406110)
    I: 4019cb
    I: 4019ce
    I: 4019d3
    I: 4019d4
    I: 4019d6
    I: 4019d9
    I: 4019e0 (flow 4019f8)
      Successors: 4019f8
  BB: 401511 in func 401440 with 3 insts
    I: 401511
    I: 401514
    I: 401519 (flow 4018b5)
      Successors: 4018b5, 40151f
  BB: 401591 in func 401440 with 1 insts
    I: 401591 (flow 401596)
      Successors: 401596
  BB: 401596 in func 401440 with 3 insts
    I: 401596
    I: 401599
    I: 40159e (flow 4015d4)
      Successors: 4015d4, 4015a4
  BB: 401696 in func 401440 with 46 insts
    I: 401696
    I: 401699
    I: 40169e
    I: 40169f
    I: 4016a1
    I: 4016a3
    I: 4016a8
    I: 4016ab
    I: 4016b0
    I: 4016b2 (mem 406100)
    I: 4016b9
    I: 4016bb
    I: 4016c1
    I: 4016c4
    I: 4016ca (mem 406100)
    I: 4016d1
    I: 4016d3 (disp 406110)
    I: 4016da
    I: 4016dd
    I: 4016e2
    I: 4016e3
    I: 4016e5
    I: 4016e8 (imm 419a30)
    I: 4016ef
    I: 4016f1 (imm 419a40)
    I: 4016f8
    I: 4016fa
    I: 4016fc
    I: 4016ff
    I: 401701
    I: 401703
    I: 401706
    I: 401709
    I: 40170c
    I: 40170f
    I: 401712
    I: 401715
    I: 401717
    I: 401719
    I: 40171b
    I: 40171d
    I: 401722
    I: 401727
    I: 40172a
    I: 40172d
    I: 401730 (flow 4019f8)
      Successors: 4019f8
  BB: 401898 in func 401440 with 5 insts
    I: 401898
    I: 40189c (disp 406110)
    I: 4018a4 (flow 419a48)
    I: 4018a9
    I: 4018b0 (flow 4019f8)
      Successors: 4019f8
  BB: 40149a in func 401440 with 1 insts
    I: 40149a (flow 40149f)
      Successors: 40149f
  BB: 40161c in func 401440 with 2 insts
    I: 40161c
    I: 401623 (flow 4019f8)
      Successors: 4019f8
  BB: 4014fe in func 401440 with 3 insts
    I: 4014fe
    I: 401501
    I: 401506 (flow 40198f)
      Successors: 40150c, 40198f
  BB: 40151f in func 401440 with 1 insts
    I: 40151f (flow 401524)
      Successors: 401524
  BB: 40149f in func 401440 with 3 insts
    I: 40149f
    I: 4014a2
    I: 4014a7 (flow 401934)
      Successors: 401934, 4014ad
  BB: 401524 in func 401440 with 3 insts
    I: 401524
    I: 401527
    I: 40152c (flow 401735)
      Successors: 401532, 401735
  BB: 4015a4 in func 401440 with 1 insts
    I: 4015a4 (flow 4015a9)
      Successors: 4015a9
  BB: 401628 in func 401440 with 6 insts
    I: 401628
    I: 40162d
    I: 401632
    I: 401636
    I: 401639
    I: 40163c (flow 4019f8)
      Successors: 4019f8
  BB: 4015a9 in func 401440 with 3 insts
    I: 4015a9
    I: 4015ac
    I: 4015b1 (flow 401898)
      Successors: 401898, 4015b7
  BB: 4014ad in func 401440 with 1 insts
    I: 4014ad (flow 4014b2)
      Successors: 4014b2
  BB: 4014b2 in func 401440 with 3 insts
    I: 4014b2
    I: 4014b5
    I: 4014ba (flow 4017c8)
      Successors: 4014c0, 4017c8
  BB: 401532 in func 401440 with 1 insts
    I: 401532 (flow 401537)
      Successors: 401537
  BB: 401934 in func 401440 with 24 insts
    I: 401934 (imm 419a30)
    I: 40193b
    I: 40193d (imm 419a40)
    I: 401944
    I: 401946
    I: 401948
    I: 40194e
    I: 401951
    I: 401957
    I: 40195a
    I: 40195d
    I: 401960
    I: 401963
    I: 401966
    I: 401969
    I: 40196b
    I: 40196d
    I: 40196f
    I: 401971
    I: 401976
    I: 40197b
    I: 40197e
    I: 401981
    I: 401984 (flow 4019f8)
      Successors: 4019f8
  BB: 401735 in func 401440 with 2 insts
    I: 401735
    I: 40173c (flow 4019f8)
      Successors: 4019f8
  BB: 4018b5 in func 401440 with 40 insts
    I: 4018b5 (imm 419a30)
    I: 4018bc
    I: 4018be (imm 419a40)
    I: 4018c5
    I: 4018c7
    I: 4018c9
    I: 4018cc
    I: 4018ce
    I: 4018d0
    I: 4018d3
    I: 4018d6
    I: 4018d9
    I: 4018dd
    I: 4018e0
    I: 4018e4
    I: 4018e7
    I: 4018e9
    I: 4018ec
    I: 4018f0
    I: 4018f2
    I: 4018f5
    I: 4018f7
    I: 4018fa
    I: 4018fd
    I: 401900
    I: 401904
    I: 401907
    I: 40190a
    I: 40190d
    I: 401910
    I: 401913
    I: 401915
    I: 401918
    I: 40191a
    I: 40191c
    I: 401921
    I: 401926
    I: 401929
    I: 40192c
    I: 40192f (flow 4019f8)
      Successors: 4019f8
  BB: 401537 in func 401440 with 3 insts
    I: 401537
    I: 40153a
    I: 40153f (flow 4015ef)
      Successors: 401545, 4015ef
  BB: 4015b7 in func 401440 with 1 insts
    I: 4015b7 (flow 4015bc)
      Successors: 4015bc
  BB: 4015bc in func 401440 with 3 insts
    I: 4015bc
    I: 4015bf
    I: 4015c4 (flow 401628)
      Successors: 401628, 4015ca
  BB: 401440 in func 401440 with 8 insts
    I: 401440
    I: 401441
    I: 401444
    I: 401448
    I: 40144b (mem 406100)
    I: 401456
    I: 401459
    I: 40145c
      Successors: 401463
  BB: 4014c0 in func 401440 with 1 insts
    I: 4014c0 (flow 4014c5)
      Successors: 4014c5
  BB: 401641 in func 401440 with 24 insts
    I: 401641 (imm 419a30)
    I: 401648
    I: 40164a (imm 419a40)
    I: 401651
    I: 401653
    I: 401655
    I: 40165b
    I: 40165e
    I: 401664
    I: 401667
    I: 40166a
    I: 40166d
    I: 401670
    I: 401673
    I: 401676
    I: 401678
    I: 40167a
    I: 40167c
    I: 40167e
    I: 401683
    I: 401688
    I: 40168b
    I: 40168e
    I: 401691 (flow 4019f8)
      Successors: 4019f8
  BB: 401741 in func 401440 with 40 insts
    I: 401741 (imm 419a30)
    I: 401748
    I: 40174a (imm 419a40)
    I: 401751
    I: 401753
    I: 401755
    I: 40175b
    I: 40175e
    I: 401764
    I: 401767
    I: 40176a
    I: 40176d
    I: 401771
    I: 401774
    I: 401778
    I: 40177b
    I: 40177d
    I: 401780
    I: 401784
    I: 401786
    I: 401789
    I: 40178b
    I: 40178e
    I: 401791
    I: 401794
    I: 401798
    I: 40179b
    I: 40179e
    I: 4017a1
    I: 4017a4
    I: 4017a7
    I: 4017a9
    I: 4017ac
    I: 4017ae
    I: 4017b0
    I: 4017b5
    I: 4017ba
    I: 4017bd
    I: 4017c0
    I: 4017c3 (flow 4019f8)
      Successors: 4019f8
  BB: 4014c5 in func 401440 with 3 insts
    I: 4014c5
    I: 4014c8
    I: 4014cd (flow 4019f1)
      Successors: 4019f1, 4014d3
  BB: 401545 in func 401440 with 1 insts
    I: 401545 (flow 40154a)
      Successors: 40154a
  BB: 4017c8 in func 401440 with 40 insts
    I: 4017c8 (imm 419a30)
    I: 4017cf
    I: 4017d1 (imm 419a40)
    I: 4017d8
    I: 4017da
    I: 4017dc
    I: 4017e2
    I: 4017e5
    I: 4017eb
    I: 4017ee
    I: 4017f1
    I: 4017f4
    I: 4017f8
    I: 4017fb
    I: 4017ff
    I: 401802
    I: 401804
    I: 401807
    I: 40180b
    I: 40180d
    I: 401810
    I: 401812
    I: 401815
    I: 401818
    I: 40181b
    I: 40181f
    I: 401822
    I: 401825
    I: 401828
    I: 40182b
    I: 40182e
    I: 401830
    I: 401833
    I: 401835
    I: 401837
    I: 40183c
    I: 401841
    I: 401844
    I: 401847
    I: 40184a (flow 4019f8)
      Successors: 4019f8
  BB: 40154a in func 401440 with 3 insts
    I: 40154a
    I: 40154d
    I: 401552 (flow 40185b)
      Successors: 401558, 40185b
  BB: 4015ca in func 401440 with 1 insts
    I: 4015ca (flow 4015cf)
      Successors: 4015cf
  BB: 4015cf in func 401440 with 1 insts
    I: 4015cf (flow 4019f8)
      Successors: 4019f8
  BB: 40184f in func 401440 with 2 insts
    I: 40184f
    I: 401856 (flow 4019f8)
      Successors: 4019f8
  BB: 4014d3 in func 401440 with 1 insts
    I: 4014d3 (flow 4014d8)
      Successors: 4014d8
  BB: 4015d4 in func 401440 with 7 insts
    I: 4015d4
    I: 4015d7
    I: 4015dc
    I: 4015e1
    I: 4015e4
    I: 4015e7
    I: 4015ea (flow 4019f8)
      Successors: 4019f8
  BB: 4014d8 in func 401440 with 3 insts
    I: 4014d8
    I: 4014db
    I: 4014e0 (flow 401989)
      Successors: 401989, 4014e6
  BB: 401558 in func 401440 with 1 insts
    I: 401558 (flow 40155d)
      Successors: 40155d
  BB: 40185b in func 401440 with 4 insts
    I: 40185b (mem 406100)
    I: 401862
    I: 401865
    I: 40186c (flow 4019f8)
      Successors: 4019f8
  BB: 40155d in func 401440 with 3 insts
    I: 40155d
    I: 401560
    I: 401565 (flow 401741)
      Successors: 401741, 40156b
  BB: 401463 in func 401440 with 4 insts
    I: 401463
    I: 401466
    I: 401469
    I: 40146e (flow 4019e5)
      Successors: 401474, 4019e5
  BB: 4019e5 in func 401440 with 2 insts
    I: 4019e5
    I: 4019ec (flow 4019f8)
      Successors: 4019f8
  BB: 4014e6 in func 401440 with 1 insts
    I: 4014e6 (flow 4014eb)
      Successors: 4014eb
  BB: 4014eb in func 401440 with 3 insts
    I: 4014eb
    I: 4014ee
    I: 4014f3 (flow 401871)
      Successors: 4014f9, 401871
  BB: 40156b in func 401440 with 1 insts
    I: 40156b (flow 401570)
      Successors: 401570
  BB: 4015ef in func 401440 with 10 insts
    I: 4015ef (mem 406100)
    I: 4015f6
    I: 4015f8
    I: 4015fb
    I: 4015fd
    I: 4015ff (mem 406100)
    I: 401606
    I: 401608 (disp 406110)
    I: 401610
    I: 401617 (flow 4019f8)
      Successors: 4019f8
  BB: 401570 in func 401440 with 3 insts
    I: 401570
    I: 401573
    I: 401578 (flow 40184f)
      Successors: 40157e, 40184f
  BB: 401871 in func 401440 with 12 insts
    I: 401871
    I: 401874
    I: 401876
    I: 401879
    I: 40187b
    I: 40187d
    I: 401880
    I: 401885
    I: 40188a
    I: 40188d
    I: 401890
    I: 401893 (flow 4019f8)
      Successors: 4019f8
  BB: 4019f1 in func 401440 with 1 insts
    I: 4019f1
      Successors: 4019f8
  BB: 401474 in func 401440 with 1 insts
    I: 401474 (flow 401479)
      Successors: 401479
  BB: 4019f8 in func 401440 with 1 insts
    I: 4019f8 (flow 401463)
      Successors: 401463
  BB: 401479 in func 401440 with 3 insts
    I: 401479
    I: 40147c
    I: 401481 (flow 40161c)
      Successors: 40161c, 401487
  BB: 4019fd in func 401440 with 1 insts
    I: 4019fd
      No successors
  BB: 40157e in func 401440 with 1 insts
    I: 40157e (flow 401583)
      Successors: 401583
Recovering 401a00
  Analysing subroutine sub_401A00 at 401a00
  Subroutine sub_401A00 at 401a00 has 77 blocks
  BB: 401a00 in func 401a00 with 4 insts
    I: 401a00
    I: 401a01
    I: 401a04
    I: 401a0b
      Successors: 401a12
  BB: 401e04 in func 401a00 with 7 insts
    I: 401e04
    I: 401e07
    I: 401e09
    I: 401e0c
    I: 401e0e
    I: 401e11
    I: 401e18 (flow 40210f)
      Successors: 40210f
  BB: 401a12 in func 401a00 with 4 insts
    I: 401a12
    I: 401a15
    I: 401a18
    I: 401a1d (flow 402046)
      Successors: 401a23, 402046
  BB: 401e1d in func 401a00 with 40 insts
    I: 401e1d (imm 419a28)
    I: 401e24
    I: 401e26 (imm 419a38)
    I: 401e2d
    I: 401e2f
    I: 401e31
    I: 401e37
    I: 401e3a
    I: 401e40
    I: 401e43
    I: 401e46
    I: 401e49
    I: 401e4d
    I: 401e50
    I: 401e54
    I: 401e57
    I: 401e59
    I: 401e5c
    I: 401e60
    I: 401e62
    I: 401e65
    I: 401e67
    I: 401e6a
    I: 401e6d
    I: 401e70
    I: 401e74
    I: 401e77
    I: 401e7a
    I: 401e7d
    I: 401e80
    I: 401e83
    I: 401e85
    I: 401e88
    I: 401e8a
    I: 401e8c
    I: 401e91
    I: 401e96
    I: 401e99
    I: 401e9c
    I: 401e9f (flow 40210f)
      Successors: 40210f
  BB: 401a23 in func 401a00 with 1 insts
    I: 401a23 (flow 401a28)
      Successors: 401a28
  BB: 401a28 in func 401a00 with 3 insts
    I: 401a28
    I: 401a2b
    I: 401a30 (flow 4020ad)
      Successors: 4020ad, 401a36
  BB: 40202b in func 401a00 with 7 insts
    I: 40202b
    I: 40202e
    I: 402033
    I: 402038
    I: 40203b
    I: 40203e
    I: 402041 (flow 40210f)
      Successors: 40210f
  BB: 401a36 in func 401a00 with 1 insts
    I: 401a36 (flow 401a3b)
      Successors: 401a3b
  BB: 401a3b in func 401a00 with 3 insts
    I: 401a3b
    I: 401a3e
    I: 401a43 (flow 401f48)
      Successors: 401f48, 401a49
  BB: 402046 in func 401a00 with 18 insts
    I: 402046
    I: 402049
    I: 40204b
    I: 40204e
    I: 402050
    I: 402052 (disp 408850)
    I: 402059
    I: 40205c
    I: 40205e
    I: 402060
    I: 402062
    I: 402064
    I: 402066
    I: 402068
    I: 40206a
    I: 40206e (disp 408850)
    I: 402075
    I: 40207c (flow 40210f)
      Successors: 40210f
  BB: 401a49 in func 401a00 with 1 insts
    I: 401a49 (flow 401a4e)
      Successors: 401a4e
  BB: 401a4e in func 401a00 with 3 insts
    I: 401a4e
    I: 401a51
    I: 401a56 (flow 401d56)
      Successors: 401a5c, 401d56
  BB: 401c50 in func 401a00 with 46 insts
    I: 401c50
    I: 401c54 (disp 406030)
    I: 401c5b
    I: 401c5e
    I: 401c62 (disp 406090)
    I: 401c69
    I: 401c6c (imm 419a28)
    I: 401c73
    I: 401c75 (imm 419a38)
    I: 401c7c
    I: 401c7e
    I: 401c80
    I: 401c86
    I: 401c89
    I: 401c8f
    I: 401c92
    I: 401c95
    I: 401c98
    I: 401c9c
    I: 401c9f
    I: 401ca3
    I: 401ca6
    I: 401ca8
    I: 401cab
    I: 401caf
    I: 401cb1
    I: 401cb4
    I: 401cb6
    I: 401cb9
    I: 401cbc
    I: 401cbf
    I: 401cc3
    I: 401cc6
    I: 401cc9
    I: 401ccc
    I: 401ccf
    I: 401cd2
    I: 401cd4
    I: 401cd7
    I: 401cd9
    I: 401cdb
    I: 401ce0
    I: 401ce5
    I: 401ce8
    I: 401ceb
    I: 401cee (flow 40210f)
      Successors: 40210f
  BB: 401a5c in func 401a00 with 1 insts
    I: 401a5c (flow 401a61)
      Successors: 401a61
  BB: 401a61 in func 401a00 with 3 insts
    I: 401a61
    I: 401a64
    I: 401a69 (flow 401cf3)
      Successors: 401cf3, 401a6f
  BB: 401a6f in func 401a00 with 1 insts
    I: 401a6f (flow 401a74)
      Successors: 401a74
  BB: 401a74 in func 401a00 with 3 insts
    I: 401a74
    I: 401a77
    I: 401a7c (flow 402081)
      Successors: 402081, 401a82
  BB: 402081 in func 401a00 with 12 insts
    I: 402081
    I: 402084
    I: 402089
    I: 40208c
    I: 402091
    I: 402094
    I: 402097
    I: 402099
    I: 40209c
    I: 40209e
    I: 4020a1
    I: 4020a8 (flow 40210f)
      Successors: 40210f
  BB: 401a82 in func 401a00 with 1 insts
    I: 401a82 (flow 401a87)
      Successors: 401a87
  BB: 401a87 in func 401a00 with 3 insts
    I: 401a87
    I: 401a8a
    I: 401a8f (flow 402108)
      Successors: 402108, 401a95
  BB: 401a95 in func 401a00 with 1 insts
    I: 401a95 (flow 401a9a)
      Successors: 401a9a
  BB: 401a9a in func 401a00 with 3 insts
    I: 401a9a
    I: 401a9d
    I: 401aa2 (flow 401ea4)
      Successors: 401aa8, 401ea4
  BB: 401ea4 in func 401a00 with 29 insts
    I: 401ea4 (mem 408854)
    I: 401eaf
    I: 401eb6
    I: 401ebd (imm 419a28)
    I: 401ec4
    I: 401ec6 (imm 419a38)
    I: 401ecd
    I: 401ecf
    I: 401ed1
    I: 401ed4
    I: 401ed6
    I: 401ed8
    I: 401edb
    I: 401ede
    I: 401ee1
    I: 401ee5
    I: 401ee8
    I: 401eec
    I: 401eef
    I: 401ef1
    I: 401ef4
    I: 401ef8
    I: 401efa
    I: 401efd
    I: 401eff
    I: 401f02
    I: 401f05
    I: 401f08
    I: 401f0c
      Successors: 401f0f
  BB: 401aa8 in func 401a00 with 1 insts
    I: 401aa8 (flow 401aad)
      Successors: 401aad
  BB: 401aad in func 401a00 with 3 insts
    I: 401aad
    I: 401ab0
    I: 401ab5 (flow 4020af)
      Successors: 401abb, 4020af
  BB: 4020ad in func 401a00 with 2 insts
    I: 4020ad
    I: 4020ae
      No successors
  BB: 4020af in func 401a00 with 8 insts
    I: 4020af
    I: 4020b3 (disp 406030)
    I: 4020ba
    I: 4020bd
    I: 4020c1 (disp 406090)
    I: 4020c8
    I: 4020cb
    I: 4020d2 (flow 40210f)
      Successors: 40210f
  BB: 401abb in func 401a00 with 1 insts
    I: 401abb (flow 401ac0)
      Successors: 401ac0
  BB: 401ac0 in func 401a00 with 3 insts
    I: 401ac0
    I: 401ac3
    I: 401ac8 (flow 4020d7)
      Successors: 401ace, 4020d7
  BB: 401ace in func 401a00 with 1 insts
    I: 401ace (flow 401ad3)
      Successors: 401ad3
  BB: 401ad3 in func 401a00 with 3 insts
    I: 401ad3
    I: 401ad6
    I: 401adb (flow 401bfb)
      Successors: 401ae1, 401bfb
  BB: 4020d7 in func 401a00 with 2 insts
    I: 4020d7
    I: 4020de (flow 40210f)
      Successors: 40210f
  BB: 401ae1 in func 401a00 with 1 insts
    I: 401ae1 (flow 401ae6)
      Successors: 401ae6
  BB: 4020e3 in func 401a00 with 5 insts
    I: 4020e3 (mem 408854)
    I: 4020ee
    I: 4020f5
    I: 4020fc
    I: 402103 (flow 40210f)
      Successors: 40210f
  BB: 401ae6 in func 401a00 with 3 insts
    I: 401ae6
    I: 401ae9
    I: 401aee (flow 401d1b)
      Successors: 401d1b, 401af4
  BB: 401cf3 in func 401a00 with 2 insts
    I: 401cf3
    I: 401cfa (flow 40210f)
      Successors: 40210f
  BB: 401af4 in func 401a00 with 1 insts
    I: 401af4 (flow 401af9)
      Successors: 401af9
  BB: 401af9 in func 401a00 with 3 insts
    I: 401af9
    I: 401afc
    I: 401b01 (flow 401d33)
      Successors: 401d33, 401b07
  BB: 401cff in func 401a00 with 6 insts
    I: 401cff
    I: 401d04
    I: 401d09
    I: 401d10
    I: 401d13
    I: 401d16 (flow 40210f)
      Successors: 40210f
  BB: 401b07 in func 401a00 with 1 insts
    I: 401b07 (flow 401b0c)
      Successors: 401b0c
  BB: 402108 in func 401a00 with 1 insts
    I: 402108
      Successors: 40210f
  BB: 401b0c in func 401a00 with 3 insts
    I: 401b0c
    I: 401b0f
    I: 401b14 (flow 4020e3)
      Successors: 401b1a, 4020e3
  BB: 40210f in func 401a00 with 1 insts
    I: 40210f (flow 401a12)
      Successors: 401a12
  BB: 401f0f in func 401a00 with 14 insts
    Referenced by data
    I: 401f0f
    I: 401f12
    I: 401f15
    I: 401f18
    I: 401f1b
    I: 401f1d
    I: 401f20
    I: 401f22
    I: 401f24
    I: 401f29
    I: 401f2e
    I: 401f31
    I: 401f34
    I: 401f37 (flow 40210f)
      Successors: 40210f
  BB: 402114 in func 401a00 with 2 insts
    I: 402114
    I: 40211e
      No successors
  BB: 401b1a in func 401a00 with 1 insts
    I: 401b1a (flow 401b1f)
      Successors: 401b1f
  BB: 401d1b in func 401a00 with 4 insts
    I: 401d1b
    I: 401d1f (disp 406130)
    I: 401d27
    I: 401d2e (flow 40210f)
      Successors: 40210f
  BB: 401b1f in func 401a00 with 3 insts
    I: 401b1f
    I: 401b22
    I: 401b27 (flow 401e1d)
      Successors: 401e1d, 401b2d
  BB: 401b2d in func 401a00 with 1 insts
    I: 401b2d (flow 401b32)
      Successors: 401b32
  BB: 401b32 in func 401a00 with 3 insts
    I: 401b32
    I: 401b35
    I: 401b3a (flow 401fcf)
      Successors: 401b40, 401fcf
  BB: 401d33 in func 401a00 with 12 insts
    I: 401d33
    I: 401d36
    I: 401d39
    I: 401d3b
    I: 401d3d
    I: 401d3f
    I: 401d41
    I: 401d43
    I: 401d45
    I: 401d47
    I: 401d4a
    I: 401d51 (flow 40210f)
      Successors: 40210f
  BB: 401f3c in func 401a00 with 2 insts
    I: 401f3c
    I: 401f43 (flow 40210f)
      Successors: 40210f
  BB: 401b40 in func 401a00 with 1 insts
    I: 401b40 (flow 401b45)
      Successors: 401b45
  BB: 401b45 in func 401a00 with 3 insts
    I: 401b45
    I: 401b48
    I: 401b4d (flow 401e04)
      Successors: 401b53, 401e04
  BB: 401f48 in func 401a00 with 40 insts
    I: 401f48 (imm 419a28)
    I: 401f4f
    I: 401f51 (imm 419a38)
    I: 401f58
    I: 401f5a
    I: 401f5c
    I: 401f62
    I: 401f65
    I: 401f6b
    I: 401f6e
    I: 401f71
    I: 401f74
    I: 401f78
    I: 401f7b
    I: 401f7f
    I: 401f82
    I: 401f84
    I: 401f87
    I: 401f8b
    I: 401f8d
    I: 401f90
    I: 401f92
    I: 401f95
    I: 401f98
    I: 401f9b
    I: 401f9f
    I: 401fa2
    I: 401fa5
    I: 401fa8
    I: 401fab
    I: 401fae
    I: 401fb0
    I: 401fb3
    I: 401fb5
    I: 401fb7
    I: 401fbc
    I: 401fc1
    I: 401fc4
    I: 401fc7
    I: 401fca (flow 40210f)
      Successors: 40210f
  BB: 401b53 in func 401a00 with 1 insts
    I: 401b53 (flow 401b58)
      Successors: 401b58
  BB: 401d56 in func 401a00 with 24 insts
    I: 401d56 (imm 419a28)
    I: 401d5d
    I: 401d5f (imm 419a38)
    I: 401d66
    I: 401d68
    I: 401d6a
    I: 401d70
    I: 401d73
    I: 401d79
    I: 401d7c
    I: 401d7f
    I: 401d82
    I: 401d85
    I: 401d88
    I: 401d8b
    I: 401d8d
    I: 401d8f
    I: 401d91
    I: 401d93
    I: 401d98
    I: 401d9d
    I: 401da0
    I: 401da3
    I: 401da6 (flow 40210f)
      Successors: 40210f
  BB: 401b58 in func 401a00 with 3 insts
    I: 401b58
    I: 401b5b
    I: 401b60 (flow 401cff)
      Successors: 401b66, 401cff
  BB: 401b66 in func 401a00 with 1 insts
    I: 401b66 (flow 401b6b)
      Successors: 401b6b
  BB: 401b6b in func 401a00 with 3 insts
    I: 401b6b
    I: 401b6e
    I: 401b73 (flow 401dab)
      Successors: 401b79, 401dab
  BB: 401b79 in func 401a00 with 1 insts
    I: 401b79 (flow 401b7e)
      Successors: 401b7e
  BB: 401b7e in func 401a00 with 3 insts
    I: 401b7e
    I: 401b81
    I: 401b86 (flow 401df8)
      Successors: 401df8, 401b8c
  BB: 401b8c in func 401a00 with 1 insts
    I: 401b8c (flow 401b91)
      Successors: 401b91
  BB: 401b91 in func 401a00 with 3 insts
    I: 401b91
    I: 401b94
    I: 401b99 (flow 401c50)
      Successors: 401c50, 401b9f
  BB: 401b9f in func 401a00 with 1 insts
    I: 401b9f (flow 401ba4)
      Successors: 401ba4
  BB: 401ba4 in func 401a00 with 3 insts
    I: 401ba4
    I: 401ba7
    I: 401bac (flow 40202b)
      Successors: 401bb2, 40202b
  BB: 401dab in func 401a00 with 24 insts
    I: 401dab (imm 419a28)
    I: 401db2
    I: 401db4 (imm 419a38)
    I: 401dbb
    I: 401dbd
    I: 401dbf
    I: 401dc2
    I: 401dc4
    I: 401dc6
    I: 401dc9
    I: 401dcc
    I: 401dcf
    I: 401dd2
    I: 401dd5
    I: 401dd8
    I: 401dda
    I: 401ddc
    I: 401dde
    I: 401de0
    I: 401de5
    I: 401dea
    I: 401ded
    I: 401df0
    I: 401df3 (flow 40210f)
      Successors: 40210f
  BB: 401bb2 in func 401a00 with 1 insts
    I: 401bb2 (flow 401bb7)
      Successors: 401bb7
  BB: 401bb7 in func 401a00 with 3 insts
    I: 401bb7
    I: 401bba
    I: 401bbf (flow 401be2)
      Successors: 401be2, 401bc5
  BB: 401bc5 in func 401a00 with 1 insts
    I: 401bc5 (flow 401bca)
      Successors: 401bca
  BB: 401bca in func 401a00 with 3 insts
    I: 401bca
    I: 401bcd
    I: 401bd2 (flow 401f3c)
      Successors: 401bd8, 401f3c
  BB: 401fcf in func 401a00 with 28 insts
    I: 401fcf
    I: 401fd6
    I: 401fd9
    I: 401fdb
    I: 401fde (imm 419a28)
    I: 401fe5
    I: 401fe7 (imm 419a38)
    I: 401fee
    I: 401ff0
    I: 401ff2
    I: 401ff5
    I: 401ff7
    I: 401ff9
    I: 401ffc
    I: 401fff
    I: 402002
    I: 402005
    I: 402008
    I: 40200b
    I: 40200d
    I: 40200f
    I: 402011
    I: 402013
    I: 402018
    I: 40201d
    I: 402020
    I: 402023
    I: 402026 (flow 40210f)
      Successors: 40210f
  BB: 401bd8 in func 401a00 with 1 insts
    I: 401bd8 (flow 401bdd)
      Successors: 401bdd
  BB: 401bdd in func 401a00 with 1 insts
    I: 401bdd (flow 40210f)
      Successors: 40210f
  BB: 401be2 in func 401a00 with 6 insts
    I: 401be2
    I: 401be7
    I: 401bec
    I: 401bf0
    I: 401bf3
    I: 401bf6 (flow 40210f)
      Successors: 40210f
  BB: 401df8 in func 401a00 with 2 insts
    I: 401df8
    I: 401dff (flow 40210f)
      Successors: 40210f
  BB: 401bfb in func 401a00 with 24 insts
    I: 401bfb (imm 419a28)
    I: 401c02
    I: 401c04 (imm 419a38)
    I: 401c0b
    I: 401c0d
    I: 401c0f
    I: 401c15
    I: 401c18
    I: 401c1e
    I: 401c21
    I: 401c24
    I: 401c27
    I: 401c2a
    I: 401c2d
    I: 401c30
    I: 401c32
    I: 401c34
    I: 401c36
    I: 401c38
    I: 401c3d
    I: 401c42
    I: 401c45
    I: 401c48
    I: 401c4b (flow 40210f)
      Successors: 40210f
Recovering main at 402120
  Analysing subroutine main at 402120
    Block head at 00403b35 is not code.
  Subroutine main at 402120 has 249 blocks
  BB: 403800 in func 402120 with 7 insts
    I: 403800
    I: 403803
    I: 403808
    I: 40380d
    I: 403810
    I: 403813
    I: 403816 (flow 403b30)
      Successors: 403b30
  BB: 403203 in func 402120 with 24 insts
    I: 403203 (imm 419a2c)
    I: 40320a
    I: 40320c (imm 419a3c)
    I: 403213
    I: 403215
    I: 403217
    I: 40321d
    I: 403220
    I: 403226
    I: 403229
    I: 40322c
    I: 40322f
    I: 403232
    I: 403235
    I: 403238
    I: 40323a
    I: 40323c
    I: 40323e
    I: 403240
    I: 403245
    I: 40324a
    I: 40324d
    I: 403250
    I: 403253 (flow 403b30)
      Successors: 403b30
  BB: 402205 in func 402120 with 1 insts
    I: 402205 (flow 40220a)
      Successors: 40220a
  BB: 402406 in func 402120 with 1 insts
    I: 402406 (flow 40240b)
      Successors: 40240b
  BB: 402607 in func 402120 with 1 insts
    I: 402607 (flow 40260c)
      Successors: 40260c
  BB: 403606 in func 402120 with 24 insts
    I: 403606 (imm 419a2c)
    I: 40360d
    I: 40360f (imm 419a3c)
    I: 403616
    I: 403618
    I: 40361a
    I: 40361d
    I: 40361f
    I: 403621
    I: 403624
    I: 403627
    I: 40362a
    I: 40362d
    I: 403630
    I: 403633
    I: 403635
    I: 403637
    I: 403639
    I: 40363b
    I: 403640
    I: 403645
    I: 403648
    I: 40364b
    I: 40364e (flow 403b30)
      Successors: 403b30
  BB: 40220a in func 402120 with 3 insts
    I: 40220a
    I: 40220d
    I: 402212 (flow 40357b)
      Successors: 402218, 40357b
  BB: 40240b in func 402120 with 3 insts
    I: 40240b
    I: 40240e
    I: 402413 (flow 403997)
      Successors: 402419, 403997
  BB: 40260c in func 402120 with 3 insts
    I: 40260c
    I: 40260f
    I: 402614 (flow 403258)
      Successors: 403258, 40261a
  BB: 402a11 in func 402120 with 24 insts
    I: 402a11 (imm 419a2c)
    I: 402a18
    I: 402a1a (imm 419a3c)
    I: 402a21
    I: 402a23
    I: 402a25
    I: 402a28
    I: 402a2a
    I: 402a2c
    I: 402a2f
    I: 402a32
    I: 402a35
    I: 402a38
    I: 402a3b
    I: 402a3e
    I: 402a40
    I: 402a42
    I: 402a44
    I: 402a46
    I: 402a4b
    I: 402a50
    I: 402a53
    I: 402a56
    I: 402a59 (flow 403b30)
      Successors: 403b30
  BB: 402218 in func 402120 with 1 insts
    I: 402218 (flow 40221d)
      Successors: 40221d
  BB: 402419 in func 402120 with 1 insts
    I: 402419 (flow 40241e)
      Successors: 40241e
  BB: 40261a in func 402120 with 1 insts
    I: 40261a (flow 40261f)
      Successors: 40261f
  BB: 40381b in func 402120 with 9 insts
    I: 40381b
    I: 40381f
    I: 403822 (disp 40d690)
    I: 403829
    I: 40382c (flow 401440)
    I: 403831
    I: 403836 (flow 419a48)
    I: 40383b
    I: 403842 (flow 403b30)
      Successors: 403b30
  BB: 40221d in func 402120 with 3 insts
    I: 40221d
    I: 402220
    I: 402225 (flow 402a5e)
      Successors: 40222b, 402a5e
  BB: 40241e in func 402120 with 3 insts
    I: 40241e
    I: 402421
    I: 402426 (flow 4034f4)
      Successors: 4034f4, 40242c
  BB: 40261f in func 402120 with 3 insts
    I: 40261f
    I: 402622
    I: 402627 (flow 402a11)
      Successors: 402a11, 40262d
  BB: 40342a in func 402120 with 24 insts
    I: 40342a (imm 419a2c)
    I: 403431
    I: 403433 (imm 419a3c)
    I: 40343a
    I: 40343c
    I: 40343e
    I: 403441
    I: 403443
    I: 403445
    I: 403448
    I: 40344b
    I: 40344e
    I: 403451
    I: 403454
    I: 403457
    I: 403459
    I: 40345b
    I: 40345d
    I: 40345f
    I: 403464
    I: 403469
    I: 40346c
    I: 40346f
    I: 403472 (flow 403b30)
      Successors: 403b30
  BB: 40222b in func 402120 with 1 insts
    I: 40222b (flow 402230)
      Successors: 402230
  BB: 40242c in func 402120 with 1 insts
    I: 40242c (flow 402431)
      Successors: 402431
  BB: 40262d in func 402120 with 1 insts
    I: 40262d (flow 402632)
      Successors: 402632
  BB: 40302c in func 402120 with 2 insts
    I: 40302c
    I: 403033 (flow 403b30)
      Successors: 403b30
  BB: 402230 in func 402120 with 3 insts
    I: 402230
    I: 402233
    I: 402238 (flow 4032f3)
      Successors: 4032f3, 40223e
  BB: 402431 in func 402120 with 3 insts
    I: 402431
    I: 402434
    I: 402439 (flow 402ed6)
      Successors: 402ed6, 40243f
  BB: 402632 in func 402120 with 3 insts
    I: 402632
    I: 402635
    I: 40263a (flow 403184)
      Successors: 402640, 403184
  BB: 402c31 in func 402120 with 5 insts
    I: 402c31 (mem 406100)
    I: 402c38
    I: 402c3c
    I: 402c3e
    I: 402c45 (flow 403b30)
      Successors: 403b30
  BB: 403038 in func 402120 with 2 insts
    I: 403038
    I: 40303f (flow 403b30)
      Successors: 403b30
  BB: 403a3b in func 402120 with 17 insts
    I: 403a3b
    I: 403a3f
    I: 403a42 (disp 4124d0)
    I: 403a4a
    I: 403a4e
    I: 403a50
    I: 403a54
    I: 403a56
    I: 403a58
    I: 403a5e
    I: 403a61
    I: 403a67
    I: 403a6b
    I: 403a6d
    I: 403a6f (disp 414bf0)
    I: 403a76
    I: 403a7d (flow 403b30)
      Successors: 403b30
  BB: 40223e in func 402120 with 1 insts
    I: 40223e (flow 402243)
      Successors: 402243
  BB: 40243f in func 402120 with 1 insts
    I: 40243f (flow 402444)
      Successors: 402444
  BB: 402640 in func 402120 with 1 insts
    I: 402640 (flow 402645)
      Successors: 402645
  BB: 402243 in func 402120 with 3 insts
    I: 402243
    I: 402246
    I: 40224b (flow 402bf2)
      Successors: 402251, 402bf2
  BB: 402444 in func 402120 with 3 insts
    I: 402444
    I: 402447
    I: 40244c (flow 402bfe)
      Successors: 402452, 402bfe
  BB: 402645 in func 402120 with 3 insts
    I: 402645
    I: 402648
    I: 40264d (flow 403aba)
      Successors: 403aba, 402653
  BB: 403044 in func 402120 with 9 insts
    I: 403044
    I: 403048
    I: 40304a
    I: 40304c
    I: 40304f
    I: 403051
    I: 403055
    I: 403057
    I: 40305e (flow 403b30)
      Successors: 403b30
  BB: 403847 in func 402120 with 9 insts
    I: 403847
    I: 40384b
    I: 40384d
    I: 403853
    I: 403856
    I: 40385c
    I: 403860
    I: 403862
    I: 403869 (flow 403b30)
      Successors: 403b30
  BB: 402c4a in func 402120 with 14 insts
    I: 402c4a
    I: 402c4e
    I: 402c50
    I: 402c52
    I: 402c58
    I: 402c5b
    I: 402c61
    I: 402c65
    I: 402c67
    I: 402c6c
    I: 402c71
    I: 402c74
    I: 402c77
    I: 402c7a (flow 403b30)
      Successors: 403b30
  BB: 402251 in func 402120 with 1 insts
    I: 402251 (flow 402256)
      Successors: 402256
  BB: 402452 in func 402120 with 1 insts
    I: 402452 (flow 402457)
      Successors: 402457
  BB: 402653 in func 402120 with 1 insts
    I: 402653 (flow 402658)
      Successors: 402658
  BB: 403653 in func 402120 with 31 insts
    I: 403653
    I: 403657
    I: 403659
    I: 40365f
    I: 403662
    I: 403668
    I: 40366c
    I: 40366e (imm 419a2c)
    I: 403675
    I: 403677 (imm 419a3c)
    I: 40367e
    I: 403680
    I: 403682
    I: 403685
    I: 403687
    I: 403689
    I: 40368c
    I: 40368f
    I: 403692
    I: 403695
    I: 403698
    I: 40369b
    I: 40369d
    I: 40369f
    I: 4036a1
    I: 4036a3
    I: 4036a8
    I: 4036ad
    I: 4036b0
    I: 4036b3
    I: 4036b6 (flow 403b30)
      Successors: 403b30
  BB: 402256 in func 402120 with 3 insts
    I: 402256
    I: 402259
    I: 40225e (flow 4031bb)
      Successors: 4031bb, 402264
  BB: 402457 in func 402120 with 3 insts
    I: 402457
    I: 40245a
    I: 40245f (flow 40302c)
      Successors: 40302c, 402465
  BB: 402658 in func 402120 with 3 insts
    I: 402658
    I: 40265b
    I: 402660 (flow 4034e8)
      Successors: 4034e8, 402666
  BB: 403258 in func 402120 with 29 insts
    I: 403258
    I: 40325c
    I: 40325f
    I: 403262
    I: 403264
    I: 403267 (imm 419a2c)
    I: 40326e
    I: 403270 (imm 419a3c)
    I: 403277
    I: 403279
    I: 40327b
    I: 40327e
    I: 403280
    I: 403282
    I: 403285
    I: 403288
    I: 40328b
    I: 40328e
    I: 403291
    I: 403294
    I: 403296
    I: 403298
    I: 40329a
    I: 40329c
    I: 4032a1
    I: 4032a6
    I: 4032a9
    I: 4032ac
    I: 4032af (flow 403b30)
      Successors: 403b30
  BB: 402a5e in func 402120 with 39 insts
    I: 402a5e
    I: 402a62
    I: 402a64
    I: 402a67
    I: 402a6c
    I: 402a6f
    I: 402a74
    I: 402a7a
    I: 402a7c
    I: 402a82
    I: 402a85
    I: 402a87
    I: 402a8a
    I: 402a8d
    I: 402a8f
    I: 402a92 (imm 419a2c)
    I: 402a99
    I: 402a9b (imm 419a3c)
    I: 402aa2
    I: 402aa4
    I: 402aa6
    I: 402aac
    I: 402aaf
    I: 402ab5
    I: 402ab8
    I: 402abb
    I: 402abe
    I: 402ac1
    I: 402ac4
    I: 402ac7
    I: 402ac9
    I: 402acb
    I: 402acd
    I: 402acf
    I: 402ad4
    I: 402ad9
    I: 402adc
    I: 402adf
    I: 402ae2 (flow 403b30)
      Successors: 403b30
  BB: 403063 in func 402120 with 4 insts
    I: 403063
    I: 403067
    I: 40306d
    I: 403074 (flow 403b30)
      Successors: 403b30
  BB: 402264 in func 402120 with 1 insts
    I: 402264 (flow 402269)
      Successors: 402269
  BB: 402465 in func 402120 with 1 insts
    I: 402465 (flow 40246a)
      Successors: 40246a
  BB: 402666 in func 402120 with 1 insts
    I: 402666 (flow 40266b)
      Successors: 40266b
  BB: 402269 in func 402120 with 3 insts
    I: 402269
    I: 40226c
    I: 402271 (flow 4028a7)
      Successors: 4028a7, 402277
  BB: 40246a in func 402120 with 3 insts
    I: 40246a
    I: 40246d
    I: 402472 (flow 4039a7)
      Successors: 402478, 4039a7
  BB: 40266b in func 402120 with 3 insts
    I: 40266b
    I: 40266e
    I: 402673 (flow 402b89)
      Successors: 402679, 402b89
  BB: 40386e in func 402120 with 2 insts
    I: 40386e
    I: 403875 (flow 403b30)
      Successors: 403b30
  BB: 403477 in func 402120 with 31 insts
    I: 403477
    I: 40347b
    I: 40347e (disp 40d690)
    I: 403485
    I: 403487
    I: 40348a
    I: 40348c (disp 40d690)
    I: 403493 (imm 419a2c)
    I: 40349a
    I: 40349c (imm 419a3c)
    I: 4034a3
    I: 4034a5
    I: 4034a7
    I: 4034ad
    I: 4034b0
    I: 4034b6
    I: 4034b9
    I: 4034bc
    I: 4034bf
    I: 4034c2
    I: 4034c5
    I: 4034c8
    I: 4034ca
    I: 4034cc
    I: 4034ce
    I: 4034d0
    I: 4034d5
    I: 4034da
    I: 4034dd
    I: 4034e0
    I: 4034e3 (flow 403b30)
      Successors: 403b30
  BB: 402277 in func 402120 with 1 insts
    I: 402277 (flow 40227c)
      Successors: 40227c
  BB: 403079 in func 402120 with 24 insts
    I: 403079 (imm 419a2c)
    I: 403080
    I: 403082 (imm 419a3c)
    I: 403089
    I: 40308b
    I: 40308d
    I: 403093
    I: 403096
    I: 40309c
    I: 40309f
    I: 4030a2
    I: 4030a5
    I: 4030a8
    I: 4030ab
    I: 4030ae
    I: 4030b0
    I: 4030b2
    I: 4030b4
    I: 4030b6
    I: 4030bb
    I: 4030c0
    I: 4030c3
    I: 4030c6
    I: 4030c9 (flow 403b30)
      Successors: 403b30
  BB: 402478 in func 402120 with 1 insts
    I: 402478 (flow 40247d)
      Successors: 40247d
  BB: 402679 in func 402120 with 1 insts
    I: 402679 (flow 40267e)
      Successors: 40267e
  BB: 40387a in func 402120 with 24 insts
    I: 40387a (imm 419a2c)
    I: 403881
    I: 403883 (imm 419a3c)
    I: 40388a
    I: 40388c
    I: 40388e
    I: 403894
    I: 403897
    I: 40389d
    I: 4038a0
    I: 4038a3
    I: 4038a6
    I: 4038a9
    I: 4038ac
    I: 4038af
    I: 4038b1
    I: 4038b3
    I: 4038b5
    I: 4038b7
    I: 4038bc
    I: 4038c1
    I: 4038c4
    I: 4038c7
    I: 4038ca (flow 403b30)
      Successors: 403b30
  BB: 40227c in func 402120 with 3 insts
    I: 40227c
    I: 40227f
    I: 402284 (flow 4039cf)
      Successors: 40228a, 4039cf
  BB: 40247d in func 402120 with 3 insts
    I: 40247d
    I: 402480
    I: 402485 (flow 403a3b)
      Successors: 403a3b, 40248b
  BB: 40267e in func 402120 with 3 insts
    I: 40267e
    I: 402681
    I: 402686 (flow 402d2d)
      Successors: 40268c, 402d2d
  BB: 402c7f in func 402120 with 24 insts
    I: 402c7f (imm 419a2c)
    I: 402c86
    I: 402c88 (imm 419a3c)
    I: 402c8f
    I: 402c91
    I: 402c93
    I: 402c96
    I: 402c98
    I: 402c9a
    I: 402c9d
    I: 402ca0
    I: 402ca3
    I: 402ca6
    I: 402ca9
    I: 402cac
    I: 402cae
    I: 402cb0
    I: 402cb2
    I: 402cb4
    I: 402cb9
    I: 402cbe
    I: 402cc1
    I: 402cc4
    I: 402cc7 (flow 403b30)
      Successors: 403b30
  BB: 403a82 in func 402120 with 4 insts
    I: 403a82
    I: 403a86
    I: 403a8a
    I: 403a91 (flow 403b30)
      Successors: 403b30
  BB: 40228a in func 402120 with 1 insts
    I: 40228a (flow 40228f)
      Successors: 40228f
  BB: 40248b in func 402120 with 1 insts
    I: 40248b (flow 402490)
      Successors: 402490
  BB: 40268c in func 402120 with 1 insts
    I: 40268c (flow 402691)
      Successors: 402691
  BB: 40228f in func 402120 with 3 insts
    I: 40228f
    I: 402292
    I: 402297 (flow 40381b)
      Successors: 40381b, 40229d
  BB: 402490 in func 402120 with 3 insts
    I: 402490
    I: 402493
    I: 402498 (flow 402b02)
      Successors: 402b02, 40249e
  BB: 402691 in func 402120 with 3 insts
    I: 402691
    I: 402694
    I: 402699 (flow 4032cf)
      Successors: 4032cf, 40269f
  BB: 403a96 in func 402120 with 3 insts
    I: 403a96
    I: 403a9a
    I: 403aa1 (flow 403b30)
      Successors: 403b30
  BB: 40289b in func 402120 with 2 insts
    I: 40289b
    I: 4028a2 (flow 403b30)
      Successors: 403b30
  BB: 40229d in func 402120 with 1 insts
    I: 40229d (flow 4022a2)
      Successors: 4022a2
  BB: 40249e in func 402120 with 1 insts
    I: 40249e (flow 4024a3)
      Successors: 4024a3
  BB: 40269f in func 402120 with 1 insts
    I: 40269f (flow 4026a4)
      Successors: 4026a4
  BB: 4022a2 in func 402120 with 3 insts
    I: 4022a2
    I: 4022a5
    I: 4022aa (flow 4033e3)
      Successors: 4022b0, 4033e3
  BB: 4024a3 in func 402120 with 3 insts
    I: 4024a3
    I: 4024a6
    I: 4024ab (flow 40397e)
      Successors: 4024b1, 40397e
  BB: 4026a4 in func 402120 with 3 insts
    I: 4026a4
    I: 4026a7
    I: 4026ac (flow 40289b)
      Successors: 4026b2, 40289b
  BB: 403aa6 in func 402120 with 4 insts
    I: 403aa6
    I: 403aaa
    I: 403aae
    I: 403ab5 (flow 403b30)
      Successors: 403b30
  BB: 4028a7 in func 402120 with 40 insts
    I: 4028a7 (imm 419a2c)
    I: 4028ae
    I: 4028b0 (imm 419a3c)
    I: 4028b7
    I: 4028b9
    I: 4028bb
    I: 4028c1
    I: 4028c4
    I: 4028ca
    I: 4028cd
    I: 4028d0
    I: 4028d3
    I: 4028d7
    I: 4028da
    I: 4028de
    I: 4028e1
    I: 4028e3
    I: 4028e6
    I: 4028ea
    I: 4028ec
    I: 4028ef
    I: 4028f1
    I: 4028f4
    I: 4028f7
    I: 4028fa
    I: 4028fe
    I: 402901
    I: 402904
    I: 402907
    I: 40290a
    I: 40290d
    I: 40290f
    I: 402912
    I: 402914
    I: 402916
    I: 40291b
    I: 402920
    I: 402923
    I: 402926
    I: 402929 (flow 403b30)
      Successors: 403b30
  BB: 402ea9 in func 402120 with 2 insts
    I: 402ea9
    I: 402eb0 (flow 403b30)
      Successors: 403b30
  BB: 4022b0 in func 402120 with 1 insts
    I: 4022b0 (flow 4022b5)
      Successors: 4022b5
  BB: 4024b1 in func 402120 with 1 insts
    I: 4024b1 (flow 4024b6)
      Successors: 4024b6
  BB: 4026b2 in func 402120 with 1 insts
    I: 4026b2 (flow 4026b7)
      Successors: 4026b7
  BB: 4032b4 in func 402120 with 7 insts
    I: 4032b4
    I: 4032b7
    I: 4032bc
    I: 4032c1
    I: 4032c4
    I: 4032c7
    I: 4032ca (flow 403b30)
      Successors: 403b30
  BB: 4022b5 in func 402120 with 3 insts
    I: 4022b5
    I: 4022b8
    I: 4022bd (flow 403847)
      Successors: 4022c3, 403847
  BB: 4024b6 in func 402120 with 3 insts
    I: 4024b6
    I: 4024b9
    I: 4024be (flow 402ae7)
      Successors: 4024c4, 402ae7
  BB: 4026b7 in func 402120 with 3 insts
    I: 4026b7
    I: 4026ba
    I: 4026bf (flow 4033fe)
      Successors: 4026c5, 4033fe
  BB: 402eb5 in func 402120 with 9 insts
    I: 402eb5
    I: 402eb9
    I: 402ebb
    I: 402ebf
    I: 402ec4
    I: 402ec9
    I: 402ecb
    I: 402ece
    I: 402ed1 (flow 403b30)
      Successors: 403b30
  BB: 403aba in func 402120 with 9 insts
    I: 403aba
    I: 403abe
    I: 403ac1 (disp 40d690)
    I: 403ac8
    I: 403aca
    I: 403acd
    I: 403acf (disp 40d690)
    I: 403ad6
    I: 403add (flow 403b30)
      Successors: 403b30
  BB: 4036bb in func 402120 with 2 insts
    I: 4036bb
    I: 4036c2 (flow 403b30)
      Successors: 403b30
  BB: 4022c3 in func 402120 with 1 insts
    I: 4022c3 (flow 4022c8)
      Successors: 4022c8
  BB: 4024c4 in func 402120 with 1 insts
    I: 4024c4 (flow 4024c9)
      Successors: 4024c9
  BB: 4026c5 in func 402120 with 1 insts
    I: 4026c5 (flow 4026ca)
      Successors: 4026ca
  BB: 4036c7 in func 402120 with 2 insts
    I: 4036c7
    I: 4036ce (flow 403b30)
      Successors: 403b30
  BB: 4022c8 in func 402120 with 3 insts
    I: 4022c8
    I: 4022cb
    I: 4022d0 (flow 402c31)
      Successors: 402c31, 4022d6
  BB: 4024c9 in func 402120 with 3 insts
    I: 4024c9
    I: 4024cc
    I: 4024d1 (flow 402f15)
      Successors: 402f15, 4024d7
  BB: 4026ca in func 402120 with 3 insts
    I: 4026ca
    I: 4026cd
    I: 4026d2 (flow 403044)
      Successors: 4026d8, 403044
  BB: 402ccc in func 402120 with 28 insts
    I: 402ccc
    I: 402cd0
    I: 402cd3 (disp 406110)
    I: 402cdb (flow 419a48)
    I: 402ce0 (imm 419a2c)
    I: 402ce7
    I: 402ce9 (imm 419a3c)
    I: 402cf0
    I: 402cf2
    I: 402cf4
    I: 402cf7
    I: 402cf9
    I: 402cfb
    I: 402cfe
    I: 402d01
    I: 402d04
    I: 402d07
    I: 402d0a
    I: 402d0d
    I: 402d0f
    I: 402d11
    I: 402d13
    I: 402d15
    I: 402d1a
    I: 402d1f
    I: 402d22
    I: 402d25
    I: 402d28 (flow 403b30)
      Successors: 403b30
  BB: 4030ce in func 402120 with 47 insts
    I: 4030ce
    I: 4030d2
    I: 4030d4
    I: 4030d8
    I: 4030da
    I: 4030dd
    I: 4030df
    I: 4030e2 (imm 419a2c)
    I: 4030e9
    I: 4030eb (imm 419a3c)
    I: 4030f2
    I: 4030f4
    I: 4030f6
    I: 4030fc
    I: 4030ff
    I: 403105
    I: 403108
    I: 40310b
    I: 40310e
    I: 403112
    I: 403115
    I: 403119
    I: 40311c
    I: 40311e
    I: 403121
    I: 403125
    I: 403127
    I: 40312a
    I: 40312c
    I: 40312f
    I: 403132
    I: 403135
    I: 403139
    I: 40313c
    I: 40313f
    I: 403142
    I: 403145
    I: 403148
    I: 40314a
    I: 40314d
    I: 40314f
    I: 403151
    I: 403156
    I: 40315b
    I: 40315e
    I: 403161
    I: 403164 (flow 403b30)
      Successors: 403b30
  BB: 4032cf in func 402120 with 11 insts
    I: 4032cf
    I: 4032d3
    I: 4032d5
    I: 4032d9
    I: 4032db
    I: 4032dd
    I: 4032df
    I: 4032e1
    I: 4032e5
    I: 4032e7
    I: 4032ee (flow 403b30)
      Successors: 403b30
  BB: 4038cf in func 402120 with 40 insts
    I: 4038cf (imm 419a2c)
    I: 4038d6
    I: 4038d8 (imm 419a3c)
    I: 4038df
    I: 4038e1
    I: 4038e3
    I: 4038e9
    I: 4038ec
    I: 4038f2
    I: 4038f5
    I: 4038f8
    I: 4038fb
    I: 4038ff
    I: 403902
    I: 403906
    I: 403909
    I: 40390b
    I: 40390e
    I: 403912
    I: 403914
    I: 403917
    I: 403919
    I: 40391c
    I: 40391f
    I: 403922
    I: 403926
    I: 403929
    I: 40392c
    I: 40392f
    I: 403932
    I: 403935
    I: 403937
    I: 40393a
    I: 40393c
    I: 40393e
    I: 403943
    I: 403948
    I: 40394b
    I: 40394e
    I: 403951 (flow 403b30)
      Successors: 403b30
  BB: 4036d3 in func 402120 with 9 insts
    I: 4036d3
    I: 4036d7
    I: 4036d9
    I: 4036df
    I: 4036e2
    I: 4036e8
    I: 4036ec
    I: 4036ee
    I: 4036f5 (flow 403b30)
      Successors: 403b30
  BB: 4022d6 in func 402120 with 1 insts
    I: 4022d6 (flow 4022db)
      Successors: 4022db
  BB: 4024d7 in func 402120 with 1 insts
    I: 4024d7 (flow 4024dc)
      Successors: 4024dc
  BB: 4026d8 in func 402120 with 1 insts
    I: 4026d8 (flow 4026dd)
      Successors: 4026dd
  BB: 402ed6 in func 402120 with 16 insts
    I: 402ed6
    I: 402eda
    I: 402edd (disp 408850)
    I: 402ee4
    I: 402ee8
    I: 402ee9
    I: 402eeb
    I: 402eef
    I: 402ef1
    I: 402ef5
    I: 402ef8
    I: 402efd
    I: 402f02 (disp 4124d0)
    I: 402f0a
    I: 402f0d
    I: 402f10 (flow 403b30)
      Successors: 403b30
  BB: 4022db in func 402120 with 3 insts
    I: 4022db
    I: 4022de
    I: 4022e3 (flow 40278d)
      Successors: 4022e9, 40278d
  BB: 4024dc in func 402120 with 3 insts
    I: 4024dc
    I: 4024df
    I: 4024e4 (flow 403b29)
      Successors: 403b29, 4024ea
  BB: 4026dd in func 402120 with 3 insts
    I: 4026dd
    I: 4026e0
    I: 4026e5 (flow 4032b4)
      Successors: 4026eb, 4032b4
  BB: 403ae2 in func 402120 with 2 insts
    I: 403ae2
    I: 403ae9 (flow 403b30)
      Successors: 403b30
  BB: 402ae7 in func 402120 with 7 insts
    I: 402ae7
    I: 402aea
    I: 402aef
    I: 402af4
    I: 402af7
    I: 402afa
    I: 402afd (flow 403b30)
      Successors: 403b30
  BB: 4034e8 in func 402120 with 2 insts
    I: 4034e8
    I: 4034ef (flow 403b30)
      Successors: 403b30
  BB: 4022e9 in func 402120 with 1 insts
    I: 4022e9 (flow 4022ee)
      Successors: 4022ee
  BB: 4024ea in func 402120 with 1 insts
    I: 4024ea (flow 4024ef)
      Successors: 4024ef
  BB: 4026eb in func 402120 with 1 insts
    I: 4026eb (flow 4026f0)
      Successors: 4026f0
  BB: 4022ee in func 402120 with 3 insts
    I: 4022ee
    I: 4022f1
    I: 4022f6 (flow 403a82)
      Successors: 403a82, 4022fc
  BB: 4024ef in func 402120 with 3 insts
    I: 4024ef
    I: 4024f2
    I: 4024f7 (flow 4029de)
      Successors: 4024fd, 4029de
  BB: 4026f0 in func 402120 with 3 insts
    I: 4026f0
    I: 4026f3
    I: 4026f8 (flow 402d39)
      Successors: 402d39, 4026fe
  BB: 403aee in func 402120 with 9 insts
    I: 403aee
    I: 403af2
    I: 403af4
    I: 403afa
    I: 403afd
    I: 403b03
    I: 403b07
    I: 403b09
    I: 403b10 (flow 403b30)
      Successors: 403b30
  BB: 4032f3 in func 402120 with 40 insts
    I: 4032f3 (imm 419a2c)
    I: 4032fa
    I: 4032fc (imm 419a3c)
    I: 403303
    I: 403305
    I: 403307
    I: 40330d
    I: 403310
    I: 403316
    I: 403319
    I: 40331c
    I: 40331f
    I: 403323
    I: 403326
    I: 40332a
    I: 40332d
    I: 40332f
    I: 403332
    I: 403336
    I: 403338
    I: 40333b
    I: 40333d
    I: 403340
    I: 403343
    I: 403346
    I: 40334a
    I: 40334d
    I: 403350
    I: 403353
    I: 403356
    I: 403359
    I: 40335b
    I: 40335e
    I: 403360
    I: 403362
    I: 403367
    I: 40336c
    I: 40336f
    I: 403372
    I: 403375 (flow 403b30)
      Successors: 403b30
  BB: 4034f4 in func 402120 with 40 insts
    I: 4034f4 (imm 419a2c)
    I: 4034fb
    I: 4034fd (imm 419a3c)
    I: 403504
    I: 403506
    I: 403508
    I: 40350e
    I: 403511
    I: 403517
    I: 40351a
    I: 40351d
    I: 403520
    I: 403524
    I: 403527
    I: 40352b
    I: 40352e
    I: 403530
    I: 403533
    I: 403537
    I: 403539
    I: 40353c
    I: 40353e
    I: 403541
    I: 403544
    I: 403547
    I: 40354b
    I: 40354e
    I: 403551
    I: 403554
    I: 403557
    I: 40355a
    I: 40355c
    I: 40355f
    I: 403561
    I: 403563
    I: 403568
    I: 40356d
    I: 403570
    I: 403573
    I: 403576 (flow 403b30)
      Successors: 403b30
  BB: 4036fa in func 402120 with 4 insts
    I: 4036fa
    I: 4036fe
    I: 403704
    I: 40370b (flow 403b30)
      Successors: 403b30
  BB: 4022fc in func 402120 with 1 insts
    I: 4022fc (flow 402301)
      Successors: 402301
  BB: 4024fd in func 402120 with 1 insts
    I: 4024fd (flow 402502)
      Successors: 402502
  BB: 4026fe in func 402120 with 1 insts
    I: 4026fe (flow 402703)
      Successors: 402703
  BB: 402301 in func 402120 with 3 insts
    I: 402301
    I: 402304
    I: 402309 (flow 40319a)
      Successors: 40319a, 40230f
  BB: 402502 in func 402120 with 3 insts
    I: 402502
    I: 402505
    I: 40250a (flow 403653)
      Successors: 402510, 403653
  BB: 402703 in func 402120 with 3 insts
    I: 402703
    I: 402706
    I: 40270b (flow 403aee)
      Successors: 402711, 403aee
  BB: 402b02 in func 402120 with 40 insts
    I: 402b02 (imm 419a2c)
    I: 402b09
    I: 402b0b (imm 419a3c)
    I: 402b12
    I: 402b14
    I: 402b16
    I: 402b1c
    I: 402b1f
    I: 402b25
    I: 402b28
    I: 402b2b
    I: 402b2e
    I: 402b32
    I: 402b35
    I: 402b39
    I: 402b3c
    I: 402b3e
    I: 402b41
    I: 402b45
    I: 402b47
    I: 402b4a
    I: 402b4c
    I: 402b4f
    I: 402b52
    I: 402b55
    I: 402b59
    I: 402b5c
    I: 402b5f
    I: 402b62
    I: 402b65
    I: 402b68
    I: 402b6a
    I: 402b6d
    I: 402b6f
    I: 402b71
    I: 402b76
    I: 402b7b
    I: 402b7e
    I: 402b81
    I: 402b84 (flow 403b30)
      Successors: 403b30
  BB: 40230f in func 402120 with 1 insts
    I: 40230f (flow 402314)
      Successors: 402314
  BB: 402510 in func 402120 with 1 insts
    I: 402510 (flow 402515)
      Successors: 402515
  BB: 402711 in func 402120 with 1 insts
    I: 402711 (flow 402716)
      Successors: 402716
  BB: 403710 in func 402120 with 40 insts
    I: 403710 (imm 419a2c)
    I: 403717
    I: 403719 (imm 419a3c)
    I: 403720
    I: 403722
    I: 403724
    I: 40372a
    I: 40372d
    I: 403733
    I: 403736
    I: 403739
    I: 40373c
    I: 403740
    I: 403743
    I: 403747
    I: 40374a
    I: 40374c
    I: 40374f
    I: 403753
    I: 403755
    I: 403758
    I: 40375a
    I: 40375d
    I: 403760
    I: 403763
    I: 403767
    I: 40376a
    I: 40376d
    I: 403770
    I: 403773
    I: 403776
    I: 403778
    I: 40377b
    I: 40377d
    I: 40377f
    I: 403784
    I: 403789
    I: 40378c
    I: 40378f
    I: 403792 (flow 403b30)
      Successors: 403b30
  BB: 402314 in func 402120 with 3 insts
    I: 402314
    I: 402317
    I: 40231c (flow 402ccc)
      Successors: 402322, 402ccc
  BB: 402515 in func 402120 with 3 insts
    I: 402515
    I: 402518
    I: 40251d (flow 4030ce)
      Successors: 402523, 4030ce
  BB: 402716 in func 402120 with 3 insts
    I: 402716
    I: 402719
    I: 40271e (flow 403038)
      Successors: 403038, 402724
  BB: 402f15 in func 402120 with 24 insts
    I: 402f15 (imm 419a2c)
    I: 402f1c
    I: 402f1e (imm 419a3c)
    I: 402f25
    I: 402f27
    I: 402f29
    I: 402f2f
    I: 402f32
    I: 402f38
    I: 402f3b
    I: 402f3e
    I: 402f41
    I: 402f44
    I: 402f47
    I: 402f4a
    I: 402f4c
    I: 402f4e
    I: 402f50
    I: 402f52
    I: 402f57
    I: 402f5c
    I: 402f5f
    I: 402f62
    I: 402f65 (flow 403b30)
      Successors: 403b30
  BB: 403b15 in func 402120 with 4 insts
    I: 403b15
    I: 403b19
    I: 403b1d
    I: 403b24 (flow 403b30)
      Successors: 403b30
  BB: 402120 in func 402120 with 22 insts
    Referenced by data
    I: 402120
    I: 402121
    I: 402124
    I: 402128 (imm 419a2c)
    I: 40212f
    I: 402131 (imm 419a3c)
    I: 402138
    I: 40213a
    I: 40213c
    I: 402142
    I: 402145
    I: 40214b
    I: 40214e
    I: 402151
    I: 402154
    I: 402157
    I: 40215a
    I: 40215d
    I: 402160
    I: 402163
    I: 402165
    I: 402168
      Successors: 40216f
  BB: 402322 in func 402120 with 1 insts
    I: 402322 (flow 402327)
      Successors: 402327
  BB: 402523 in func 402120 with 1 insts
    I: 402523 (flow 402528)
      Successors: 402528
  BB: 402724 in func 402120 with 1 insts
    I: 402724 (flow 402729)
      Successors: 402729
  BB: 402327 in func 402120 with 3 insts
    I: 402327
    I: 40232a
    I: 40232f (flow 402c7f)
      Successors: 402335, 402c7f
  BB: 402528 in func 402120 with 3 insts
    I: 402528
    I: 40252b
    I: 402530 (flow 4036c7)
      Successors: 402536, 4036c7
  BB: 402729 in func 402120 with 3 insts
    I: 402729
    I: 40272c
    I: 402731 (flow 40292e)
      Successors: 40292e, 402737
  BB: 403b29 in func 402120 with 1 insts
    I: 403b29
      Successors: 403b30
  BB: 402d2d in func 402120 with 2 insts
    I: 402d2d
    I: 402d34 (flow 403b30)
      Successors: 403b30
  BB: 40292e in func 402120 with 47 insts
    I: 40292e (flow 401150)
    I: 402933
    I: 402937
    I: 402939
    I: 40293c
    I: 40293f
    I: 402941
    I: 402944 (imm 419a2c)
    I: 40294b
    I: 40294d (imm 419a3c)
    I: 402954
    I: 402956
    I: 402958
    I: 40295b
    I: 40295d
    I: 40295f
    I: 402962
    I: 402965
    I: 402968
    I: 40296c
    I: 40296f
    I: 402973
    I: 402976
    I: 402978
    I: 40297b
    I: 40297f
    I: 402981
    I: 402984
    I: 402986
    I: 402989
    I: 40298c
    I: 40298f
    I: 402993
    I: 402996
    I: 402999
    I: 40299c
    I: 40299f
    I: 4029a2
    I: 4029a4
    I: 4029a7
    I: 4029a9
    I: 4029ab
    I: 4029b0
    I: 4029b5
    I: 4029b8
    I: 4029bb
    I: 4029be (flow 403b30)
      Successors: 403b30
  BB: 403b30 in func 402120 with 1 insts
    I: 403b30 (flow 40216f)
      Successors: 40216f
  BB: 402335 in func 402120 with 1 insts
    I: 402335 (flow 40233a)
      Successors: 40233a
  BB: 402536 in func 402120 with 1 insts
    I: 402536 (flow 40253b)
      Successors: 40253b
  BB: 402737 in func 402120 with 1 insts
    I: 402737 (flow 40273c)
      Successors: 40273c
  BB: 402d39 in func 402120 with 4 insts
    I: 402d39
    I: 402d3e (flow 419a48)
    I: 402d43
    I: 402d4a (flow 403b30)
      Successors: 403b30
  BB: 40233a in func 402120 with 3 insts
    I: 40233a
    I: 40233d
    I: 402342 (flow 403079)
      Successors: 402348, 403079
  BB: 40253b in func 402120 with 3 insts
    I: 40253b
    I: 40253e
    I: 402543 (flow 4027b3)
      Successors: 402549, 4027b3
  BB: 40273c in func 402120 with 3 insts
    I: 40273c
    I: 40273f
    I: 402744 (flow 403aa6)
      Successors: 40274a, 403aa6
  BB: 402348 in func 402120 with 1 insts
    I: 402348 (flow 40234d)
      Successors: 40234d
  BB: 402549 in func 402120 with 1 insts
    I: 402549 (flow 40254e)
      Successors: 40254e
  BB: 40274a in func 402120 with 1 insts
    I: 40274a (flow 40274f)
      Successors: 40274f
  BB: 40234d in func 402120 with 3 insts
    I: 40234d
    I: 402350
    I: 402355 (flow 40337a)
      Successors: 40337a, 40235b
  BB: 40254e in func 402120 with 3 insts
    I: 40254e
    I: 402551
    I: 402556 (flow 4038cf)
      Successors: 40255c, 4038cf
  BB: 40274f in func 402120 with 3 insts
    I: 40274f
    I: 402752
    I: 402757 (flow 403169)
      Successors: 403169, 40275d
  BB: 402d4f in func 402120 with 2 insts
    I: 402d4f
    I: 402d56 (flow 403b30)
      Successors: 403b30
  BB: 403956 in func 402120 with 4 insts
    I: 403956
    I: 403958
    I: 40395b
    I: 40395c
      No successors
  BB: 402bfe in func 402120 with 13 insts
    I: 402bfe
    I: 402c02
    I: 402c04
    I: 402c0a
    I: 402c0d
    I: 402c13
    I: 402c17
    I: 402c19
    I: 402c1e
    I: 402c23
    I: 402c26
    I: 402c29
    I: 402c2c (flow 403b30)
      Successors: 403b30
  BB: 40235b in func 402120 with 1 insts
    I: 40235b (flow 402360)
      Successors: 402360
  BB: 40255c in func 402120 with 1 insts
    I: 40255c (flow 402561)
      Successors: 402561
  BB: 40275d in func 402120 with 1 insts
    I: 40275d (flow 402762)
      Successors: 402762
  BB: 402d5b in func 402120 with 40 insts
    I: 402d5b (imm 419a2c)
    I: 402d62
    I: 402d64 (imm 419a3c)
    I: 402d6b
    I: 402d6d
    I: 402d6f
    I: 402d75
    I: 402d78
    I: 402d7e
    I: 402d81
    I: 402d84
    I: 402d87
    I: 402d8b
    I: 402d8e
    I: 402d92
    I: 402d95
    I: 402d97
    I: 402d9a
    I: 402d9e
    I: 402da0
    I: 402da3
    I: 402da5
    I: 402da8
    I: 402dab
    I: 402dae
    I: 402db2
    I: 402db5
    I: 402db8
    I: 402dbb
    I: 402dbe
    I: 402dc1
    I: 402dc3
    I: 402dc6
    I: 402dc8
    I: 402dca
    I: 402dcf
    I: 402dd4
    I: 402dd7
    I: 402dda
    I: 402ddd (flow 403b30)
      Successors: 403b30
  BB: 40395d in func 402120 with 7 insts
    I: 40395d
    I: 403960
    I: 403964
    I: 403967
    I: 40396d (flow 401a00)
    I: 403972
    I: 403979 (flow 403b30)
      Successors: 403b30
  BB: 402360 in func 402120 with 3 insts
    I: 402360
    I: 402363
    I: 402368 (flow 4039ef)
      Successors: 40236e, 4039ef
  BB: 402561 in func 402120 with 3 insts
    I: 402561
    I: 402564
    I: 402569 (flow 403606)
      Successors: 403606, 40256f
  BB: 402762 in func 402120 with 3 insts
    I: 402762
    I: 402765
    I: 40276a (flow 403203)
      Successors: 402770, 403203
  BB: 403169 in func 402120 with 7 insts
    I: 403169
    I: 40316c
    I: 403171
    I: 403176
    I: 403179
    I: 40317c
    I: 40317f (flow 403b30)
      Successors: 403b30
  BB: 402f6a in func 402120 with 55 insts
    I: 402f6a
    I: 402f6e
    I: 402f71 (disp 4124d0)
    I: 402f79
    I: 402f7d
    I: 402f7f
    I: 402f83
    I: 402f85
    I: 402f87
    I: 402f8d
    I: 402f90
    I: 402f96
    I: 402f9a
    I: 402f9c
    I: 402f9e (disp 414bf0)
    I: 402fa5 (imm 419a2c)
    I: 402fac
    I: 402fae (imm 419a3c)
    I: 402fb5
    I: 402fb7
    I: 402fb9
    I: 402fbf
    I: 402fc2
    I: 402fc8
    I: 402fcb
    I: 402fce
    I: 402fd1
    I: 402fd5
    I: 402fd8
    I: 402fdc
    I: 402fdf
    I: 402fe1
    I: 402fe4
    I: 402fe8
    I: 402fea
    I: 402fed
    I: 402fef
    I: 402ff2
    I: 402ff5
    I: 402ff8
    I: 402ffc
    I: 402fff
    I: 403002
    I: 403005
    I: 403008
    I: 40300b
    I: 40300d
    I: 403010
    I: 403012
    I: 403014
    I: 403019
    I: 40301e
    I: 403021
    I: 403024
    I: 403027 (flow 403b30)
      Successors: 403b30
  BB: 40236e in func 402120 with 1 insts
    I: 40236e (flow 402373)
      Successors: 402373
  BB: 40216f in func 402120 with 4 insts
    I: 40216f
    I: 402172
    I: 402175
    I: 40217a (flow 4035fa)
      Successors: 402180, 4035fa
  BB: 40256f in func 402120 with 1 insts
    I: 40256f (flow 402574)
      Successors: 402574
  BB: 402770 in func 402120 with 1 insts
    I: 402770 (flow 402775)
      Successors: 402775
  BB: 402373 in func 402120 with 3 insts
    I: 402373
    I: 402376
    I: 40237b (flow 403a96)
      Successors: 402381, 403a96
  BB: 402574 in func 402120 with 3 insts
    I: 402574
    I: 402577
    I: 40257c (flow 402c4a)
      Successors: 402582, 402c4a
  BB: 402775 in func 402120 with 3 insts
    I: 402775
    I: 402778
    I: 40277d (flow 402ea9)
      Successors: 402ea9, 402783
  BB: 40337a in func 402120 with 31 insts
    I: 40337a
    I: 40337e
    I: 403380
    I: 403384
    I: 403386
    I: 403389
    I: 40338b
    I: 40338e (imm 419a2c)
    I: 403395
    I: 403397 (imm 419a3c)
    I: 40339e
    I: 4033a0
    I: 4033a2
    I: 4033a8
    I: 4033ab
    I: 4033b1
    I: 4033b4
    I: 4033b7
    I: 4033ba
    I: 4033bd
    I: 4033c0
    I: 4033c3
    I: 4033c5
    I: 4033c7
    I: 4033c9
    I: 4033cb
    I: 4033d0
    I: 4033d5
    I: 4033d8
    I: 4033db
    I: 4033de (flow 403b30)
      Successors: 403b30
  BB: 40357b in func 402120 with 40 insts
    I: 40357b (imm 419a2c)
    I: 403582
    I: 403584 (imm 419a3c)
    I: 40358b
    I: 40358d
    I: 40358f
    I: 403592
    I: 403594
    I: 403596
    I: 403599
    I: 40359c
    I: 40359f
    I: 4035a3
    I: 4035a6
    I: 4035aa
    I: 4035ad
    I: 4035af
    I: 4035b2
    I: 4035b6
    I: 4035b8
    I: 4035bb
    I: 4035bd
    I: 4035c0
    I: 4035c3
    I: 4035c6
    I: 4035ca
    I: 4035cd
    I: 4035d0
    I: 4035d3
    I: 4035d6
    I: 4035d9
    I: 4035db
    I: 4035de
    I: 4035e0
    I: 4035e2
    I: 4035e7
    I: 4035ec
    I: 4035ef
    I: 4035f2
    I: 4035f5 (flow 403b30)
      Successors: 403b30
  BB: 40397e in func 402120 with 6 insts
    I: 40397e (flow 401150)
    I: 403983
    I: 403985
    I: 403989
    I: 40398b
    I: 403992 (flow 403b30)
      Successors: 403b30
  BB: 402180 in func 402120 with 1 insts
    I: 402180 (flow 402185)
      Successors: 402185
  BB: 402381 in func 402120 with 1 insts
    I: 402381 (flow 402386)
      Successors: 402386
  BB: 402582 in func 402120 with 1 insts
    I: 402582 (flow 402587)
      Successors: 402587
  BB: 402783 in func 402120 with 1 insts
    I: 402783 (flow 402788)
      Successors: 402788
  BB: 403184 in func 402120 with 4 insts
    I: 403184
    I: 403188
    I: 40318e
    I: 403195 (flow 403b30)
      Successors: 403b30
  BB: 402185 in func 402120 with 3 insts
    I: 402185
    I: 402188
    I: 40218d (flow 403800)
      Successors: 403800, 402193
  BB: 402386 in func 402120 with 3 insts
    I: 402386
    I: 402389
    I: 40238e (flow 4036fa)
      Successors: 4036fa, 402394
  BB: 402587 in func 402120 with 3 insts
    I: 402587
    I: 40258a
    I: 40258f (flow 403956)
      Successors: 402595, 403956
  BB: 402788 in func 402120 with 1 insts
    I: 402788 (flow 403b30)
      Successors: 403b30
  BB: 402b89 in func 402120 with 32 insts
    I: 402b89
    I: 402b8d
    I: 402b8f
    I: 402b91
    I: 402b94
    I: 402b96 (flow 401440)
    I: 402b9b
    I: 402ba0 (flow 419a48)
    I: 402ba5 (imm 419a2c)
    I: 402bac
    I: 402bae (imm 419a3c)
    I: 402bb5
    I: 402bb7
    I: 402bb9
    I: 402bbc
    I: 402bbe
    I: 402bc0
    I: 402bc3
    I: 402bc6
    I: 402bc9
    I: 402bcc
    I: 402bcf
    I: 402bd2
    I: 402bd4
    I: 402bd6
    I: 402bd8
    I: 402bda
    I: 402bdf
    I: 402be4
    I: 402be7
    I: 402bea
    I: 402bed (flow 403b30)
      Successors: 403b30
  BB: 40278d in func 402120 with 12 insts
    I: 40278d
    I: 402790
    I: 402793
    I: 402795
    I: 402797
    I: 402799
    I: 40279b
    I: 4027a0
    I: 4027a5
    I: 4027a8
    I: 4027ab
    I: 4027ae (flow 403b30)
      Successors: 403b30
  BB: 402193 in func 402120 with 1 insts
    I: 402193 (flow 402198)
      Successors: 402198
  BB: 402394 in func 402120 with 1 insts
    I: 402394 (flow 402399)
      Successors: 402399
  BB: 402595 in func 402120 with 1 insts
    I: 402595 (flow 40259a)
      Successors: 40259a
  BB: 403797 in func 402120 with 31 insts
    I: 403797
    I: 40379b
    I: 40379d
    I: 4037a1
    I: 4037a3
    I: 4037a6
    I: 4037a8
    I: 4037ab (imm 419a2c)
    I: 4037b2
    I: 4037b4 (imm 419a3c)
    I: 4037bb
    I: 4037bd
    I: 4037bf
    I: 4037c5
    I: 4037c8
    I: 4037ce
    I: 4037d1
    I: 4037d4
    I: 4037d7
    I: 4037da
    I: 4037dd
    I: 4037e0
    I: 4037e2
    I: 4037e4
    I: 4037e6
    I: 4037e8
    I: 4037ed
    I: 4037f2
    I: 4037f5
    I: 4037f8
    I: 4037fb (flow 403b30)
      Successors: 403b30
  BB: 402198 in func 402120 with 3 insts
    I: 402198
    I: 40219b
    I: 4021a0 (flow 403797)
      Successors: 4021a6, 403797
  BB: 402399 in func 402120 with 3 insts
    I: 402399
    I: 40239c
    I: 4023a1 (flow 402f6a)
      Successors: 402f6a, 4023a7
  BB: 40259a in func 402120 with 3 insts
    I: 40259a
    I: 40259d
    I: 4025a2 (flow 4029c3)
      Successors: 4025a8, 4029c3
  BB: 40319a in func 402120 with 9 insts
    I: 40319a
    I: 40319e
    I: 4031a0
    I: 4031a4
    I: 4031a9
    I: 4031ae
    I: 4031b0
    I: 4031b3
    I: 4031b6 (flow 403b30)
      Successors: 403b30
  BB: 403997 in func 402120 with 3 insts
    I: 403997
    I: 40399b
    I: 4039a2 (flow 403b30)
      Successors: 403b30
  BB: 4021a6 in func 402120 with 1 insts
    I: 4021a6 (flow 4021ab)
      Successors: 4021ab
  BB: 4023a7 in func 402120 with 1 insts
    I: 4023a7 (flow 4023ac)
      Successors: 4023ac
  BB: 4025a8 in func 402120 with 1 insts
    I: 4025a8 (flow 4025ad)
      Successors: 4025ad
  BB: 4039a7 in func 402120 with 10 insts
    I: 4039a7
    I: 4039ab
    I: 4039ad
    I: 4039af
    I: 4039b2
    I: 4039b4 (flow 401440)
    I: 4039b9
    I: 4039be (flow 419a48)
    I: 4039c3
    I: 4039ca (flow 403b30)
      Successors: 403b30
  BB: 4021ab in func 402120 with 3 insts
    I: 4021ab
    I: 4021ae
    I: 4021b3 (flow 403ae2)
      Successors: 4021b9, 403ae2
  BB: 4023ac in func 402120 with 3 insts
    I: 4023ac
    I: 4023af
    I: 4023b4 (flow 402eb5)
      Successors: 4023ba, 402eb5
  BB: 4025ad in func 402120 with 3 insts
    I: 4025ad
    I: 4025b0
    I: 4025b5 (flow 4036d3)
      Successors: 4025bb, 4036d3
  BB: 4027b3 in func 402120 with 69 insts
    I: 4027b3
    I: 4027b6
    I: 4027ba
    I: 4027bd
    I: 4027c0
    I: 4027c4
    I: 4027c7
    I: 4027cb
    I: 4027ce
    I: 4027d2
    I: 4027d5
    I: 4027d9
    I: 4027dc
    I: 4027e0
    I: 4027e3
    I: 4027e7
    I: 4027ea
    I: 4027ee
    I: 4027f1
    I: 4027f5
    I: 4027f8
    I: 4027fc
    I: 4027ff
    I: 402803
    I: 402806
    I: 40280a
    I: 40280d
    I: 402811
    I: 402817 (flow 401a00)
    I: 40281c (imm 419a2c)
    I: 402823
    I: 402825 (imm 419a3c)
    I: 40282c
    I: 40282e
    I: 402830
    I: 402833
    I: 402835
    I: 402837
    I: 40283a
    I: 40283d
    I: 402840
    I: 402844
    I: 402847
    I: 40284b
    I: 40284e
    I: 402850
    I: 402853
    I: 402857
    I: 402859
    I: 40285c
    I: 40285e
    I: 402861
    I: 402864
    I: 402867
    I: 40286b
    I: 40286e
    I: 402871
    I: 402874
    I: 402877
    I: 40287a
    I: 40287c
    I: 40287f
    I: 402881
    I: 402883
    I: 402888
    I: 40288d
    I: 402890
    I: 402893
    I: 402896 (flow 403b30)
      Successors: 403b30
  BB: 4021b9 in func 402120 with 1 insts
    I: 4021b9 (flow 4021be)
      Successors: 4021be
  BB: 4023ba in func 402120 with 1 insts
    I: 4023ba (flow 4023bf)
      Successors: 4023bf
  BB: 4025bb in func 402120 with 1 insts
    I: 4025bb (flow 4025c0)
      Successors: 4025c0
  BB: 4031bb in func 402120 with 17 insts
    I: 4031bb
    I: 4031bf
    I: 4031c2 (disp 414bf0)
    I: 4031c9
    I: 4031cd
    I: 4031d0 (disp 414bf0)
    I: 4031d7
    I: 4031dd
    I: 4031df
    I: 4031e5
    I: 4031e9
    I: 4031eb
    I: 4031f0
    I: 4031f5
    I: 4031f8
    I: 4031fb
    I: 4031fe (flow 403b30)
      Successors: 403b30
  BB: 4021be in func 402120 with 3 insts
    I: 4021be
    I: 4021c1
    I: 4021c6 (flow 403710)
      Successors: 403710, 4021cc
  BB: 4023bf in func 402120 with 3 insts
    I: 4023bf
    I: 4023c2
    I: 4023c7 (flow 4036bb)
      Successors: 4036bb, 4023cd
  BB: 4025c0 in func 402120 with 3 insts
    I: 4025c0
    I: 4025c3
    I: 4025c8 (flow 40387a)
      Successors: 40387a, 4025ce
  BB: 4029c3 in func 402120 with 7 insts
    I: 4029c3
    I: 4029c6
    I: 4029cb
    I: 4029d0
    I: 4029d3
    I: 4029d6
    I: 4029d9 (flow 403b30)
      Successors: 403b30
  BB: 4021cc in func 402120 with 1 insts
    I: 4021cc (flow 4021d1)
      Successors: 4021d1
  BB: 4023cd in func 402120 with 1 insts
    I: 4023cd (flow 4023d2)
      Successors: 4023d2
  BB: 4025ce in func 402120 with 1 insts
    I: 4025ce (flow 4025d3)
      Successors: 4025d3
  BB: 4039cf in func 402120 with 6 insts
    I: 4039cf
    I: 4039d3
    I: 4039d6 (disp 406110)
    I: 4039de (flow 419a48)
    I: 4039e3
    I: 4039ea (flow 403b30)
      Successors: 403b30
  BB: 4021d1 in func 402120 with 3 insts
    I: 4021d1
    I: 4021d4
    I: 4021d9 (flow 402de2)
      Successors: 402de2, 4021df
  BB: 4023d2 in func 402120 with 3 insts
    I: 4023d2
    I: 4023d5
    I: 4023da (flow 40386e)
      Successors: 4023e0, 40386e
  BB: 4025d3 in func 402120 with 3 insts
    I: 4025d3
    I: 4025d6
    I: 4025db (flow 403b15)
      Successors: 4025e1, 403b15
  BB: 4029de in func 402120 with 13 insts
    I: 4029de
    I: 4029e2
    I: 4029e4
    I: 4029e7
    I: 4029eb
    I: 4029ed
    I: 4029f1
    I: 4029f4
    I: 4029f9
    I: 4029fe (disp 406130)
    I: 402a06
    I: 402a09
    I: 402a0c (flow 403b30)
      Successors: 403b30
  BB: 4021df in func 402120 with 1 insts
    I: 4021df (flow 4021e4)
      Successors: 4021e4
  BB: 4023e0 in func 402120 with 1 insts
    I: 4023e0 (flow 4023e5)
      Successors: 4023e5
  BB: 4025e1 in func 402120 with 1 insts
    I: 4025e1 (flow 4025e6)
      Successors: 4025e6
  BB: 402de2 in func 402120 with 52 insts
    I: 402de2 (imm 40d690)
    I: 402dec
    I: 402dee
    I: 402df3 (flow 419a58)
    I: 402df8 (imm 4124d0)
    I: 402e02
    I: 402e04
    I: 402e09 (flow 419a58)
    I: 402e0e
    I: 402e12
    I: 402e18
    I: 402e1c
    I: 402e22 (imm 419a2c)
    I: 402e29
    I: 402e2b (imm 419a3c)
    I: 402e32
    I: 402e34
    I: 402e36
    I: 402e3c
    I: 402e3f
    I: 402e45
    I: 402e48
    I: 402e4b
    I: 402e4e
    I: 402e52
    I: 402e55
    I: 402e59
    I: 402e5c
    I: 402e5e
    I: 402e61
    I: 402e65
    I: 402e67
    I: 402e6a
    I: 402e6c
    I: 402e6f
    I: 402e72
    I: 402e75
    I: 402e79
    I: 402e7c
    I: 402e7f
    I: 402e82
    I: 402e85
    I: 402e88
    I: 402e8a
    I: 402e8d
    I: 402e8f
    I: 402e91
    I: 402e96
    I: 402e9b
    I: 402e9e
    I: 402ea1
    I: 402ea4 (flow 403b30)
      Successors: 403b30
  BB: 4033e3 in func 402120 with 7 insts
    I: 4033e3
    I: 4033e6
    I: 4033eb
    I: 4033f0
    I: 4033f3
    I: 4033f6
    I: 4033f9 (flow 403b30)
      Successors: 403b30
  BB: 4021e4 in func 402120 with 3 insts
    I: 4021e4
    I: 4021e7
    I: 4021ec (flow 403477)
      Successors: 4021f2, 403477
  BB: 4023e5 in func 402120 with 3 insts
    I: 4023e5
    I: 4023e8
    I: 4023ed (flow 40395d)
      Successors: 4023f3, 40395d
  BB: 4025e6 in func 402120 with 3 insts
    I: 4025e6
    I: 4025e9
    I: 4025ee (flow 402d4f)
      Successors: 4025f4, 402d4f
  BB: 4039ef in func 402120 with 14 insts
    I: 4039ef (imm 40d690)
    I: 4039f9
    I: 4039fb
    I: 403a00 (flow 419a58)
    I: 403a05 (imm 4124d0)
    I: 403a0f
    I: 403a11
    I: 403a16 (flow 419a58)
    I: 403a1b
    I: 403a1f
    I: 403a25
    I: 403a29
    I: 403a2f
    I: 403a36 (flow 403b30)
      Successors: 403b30
  BB: 4021f2 in func 402120 with 1 insts
    I: 4021f2 (flow 4021f7)
      Successors: 4021f7
  BB: 4023f3 in func 402120 with 1 insts
    I: 4023f3 (flow 4023f8)
      Successors: 4023f8
  BB: 4025f4 in func 402120 with 1 insts
    I: 4025f4 (flow 4025f9)
      Successors: 4025f9
  BB: 402bf2 in func 402120 with 2 insts
    I: 402bf2
    I: 402bf9 (flow 403b30)
      Successors: 403b30
  BB: 4021f7 in func 402120 with 3 insts
    I: 4021f7
    I: 4021fa
    I: 4021ff (flow 40342a)
      Successors: 40342a, 402205
  BB: 4023f8 in func 402120 with 3 insts
    I: 4023f8
    I: 4023fb
    I: 402400 (flow 402d5b)
      Successors: 402d5b, 402406
  BB: 4025f9 in func 402120 with 3 insts
    I: 4025f9
    I: 4025fc
    I: 402601 (flow 403063)
      Successors: 403063, 402607
  BB: 4035fa in func 402120 with 2 insts
    I: 4035fa
    I: 403601 (flow 403b30)
      Successors: 403b30
  BB: 4033fe in func 402120 with 11 insts
    I: 4033fe
    I: 403402
    I: 403404
    I: 403408
    I: 40340a
    I: 403410
    I: 403412
    I: 403418
    I: 40341c
    I: 40341e
    I: 403425 (flow 403b30)
      Successors: 403b30
Recovering .term_proc at 403b38
  Analysing subroutine .term_proc at 403b38
    Block head at 00403b45 is not code.
  Subroutine .term_proc at 403b38 has 1 blocks
  BB: 403b38 in func 403b38 with 4 insts
    I: 403b38
    I: 403b3c
    I: 403b40
    I: 403b44
      No successors
Global Variable None
WARNING: Global constructor and destructor sections are adjacent!
Recovering region LOAD [400000, 400500) in segment LOAD
  8-byte reference at 400018 to 401060 (start)
  8-byte reference at 4000f8 to 401000 (.init_proc)
  8-byte reference at 400130 to 404000 ()
  8-byte reference at 400168 to 405de8 ()
  8-byte reference at 400280 to 404004 ()
  8-byte reference at 4002f0 to 405de8 ()
Recovering region .init [401000, 40101b) in segment .init
Recovering region LOAD [40101b, 401020) in segment LOAD
Recovering region .plt [401020, 401060) in segment .plt
  4-byte reference at 40102c to 401f0f ()
Recovering region .text [401060, 403b35) in segment .text
Recovering region LOAD [403b35, 403b38) in segment LOAD
Recovering region .fini [403b38, 403b45) in segment .fini
Recovering region .rodata [404000, 404004) in segment .rodata
Recovering region .eh_frame_hdr [404004, 404048) in segment .eh_frame_hdr
Recovering region .eh_frame [404048, 404144) in segment .eh_frame
Recovering region LOAD [404144, 404188) in segment LOAD
Recovering region .init_array [405de8, 405df8) in segment .init_array
  8-byte reference at 405de8 to 401140 ()
  8-byte reference at 405df0 to 401110 ()
Recovering region LOAD [405df8, 405fd8) in segment LOAD
Recovering region .got [405fd8, 405fe8) in segment .got
  8-byte reference at 405fd8 to 419a50 (__libc_start_main)
  8-byte reference at 405fe0 to 419a68 (__gmon_start__)
Recovering region .got.plt [405fe8, 406018) in segment .got.plt
  8-byte reference at 406000 to 419a48 (putchar)
  8-byte reference at 406008 to 419a58 (memset)
  8-byte reference at 406010 to 419a60 (getchar)
Recovering region LOAD [406018, 406020) in segment LOAD
Recovering region .data [406020, 4060f0) in segment .data
Recovering region .bss [4060f0, 419a48) in segment .bss
Recovering extern function putchar at 401030
Recovering extern function memset at 401040
Recovering extern function getchar at 401050
Recovering extern function putchar at 419a48
Recovering extern function __libc_start_main at 419a50
Recovering extern function memset at 419a58
Recovering extern function getchar at 419a60
Recovering extern function __gmon_start__ at 419a68
Recovered 11 functions.
Saving to: /home/ubuntu/capstone_project/result/pipeline_20260629_141746/s634430882_fla_bcf_instsub.cfg
Done analysis!
