Debugging is enabled.
Loading Standard Definitions file: /home/ubuntu/capstone_project/dependency/mcsema/mcsema/lib/python3/site-packages/mcsema_disass-3.1.3.8-py3.8.egg/mcsema_disass/defs/linux.txt
Using Batch mode.
Starting analysis
Recovering module s635635196_fla_bcf.elf
Found main at 401140
Looking for instructions in segment .init
  Default block heads for function 401000 with loose bounds [401000, 40101b)
    block [401000, 401014)
    block [401014, 401016)
    block [401016, 40101b)
    chunk [401000, 40101b)
Looking for instructions in segment .plt
  Default block heads for function 401020 with loose bounds [401020, 40102c)
    block [401020, 40102c)
    chunk [401020, 40102c)
  Default block heads for function 401030 with loose bounds [401030, 401036)
    block [401030, 401036)
    chunk [401030, 401036)
  Default block heads for function 401040 with loose bounds [401040, 401046)
    block [401040, 401046)
    chunk [401040, 401046)
Looking for instructions in segment .text
  Default block heads for function 401050 with loose bounds [401050, 401076)
    block [401050, 401076)
    chunk [401050, 401076)
  Default block heads for function 401090 with loose bounds [401090, 4010b1)
    block [401090, 40109d)
    block [40109d, 4010a7)
    block [4010a7, 4010ae)
    block [4010b0, 4010b1)
    chunk [401090, 4010b1)
  Default block heads for function 401100 with loose bounds [401100, 401121)
    block [401100, 40110d)
    block [40110d, 40111f)
    block [401120, 401121)
    chunk [401100, 401121)
  Default block heads for function 401130 with loose bounds [401130, 401136)
    block [401130, 401136)
    chunk [401130, 401136)
    chunk [4010c0, 4010f1)
  Default block heads for function 401140 with loose bounds [401140, 4041c8)
    block [401140, 40115c)
    block [40115c, 401173)
    block [401173, 401178)
    block [401178, 401189)
    block [401189, 40118e)
    block [40118e, 40119f)
    block [40119f, 4011a4)
    block [4011a4, 4011b5)
    block [4011b5, 4011ba)
    block [4011ba, 4011cb)
    block [4011cb, 4011d0)
    block [4011d0, 4011e1)
    block [4011e1, 4011e6)
    block [4011e6, 4011f7)
    block [4011f7, 4011fc)
    block [4011fc, 40120d)
    block [40120d, 401212)
    block [401212, 401223)
    block [401223, 401228)
    block [401228, 401239)
    block [401239, 40123e)
    block [40123e, 40124f)
    block [40124f, 401254)
    block [401254, 401265)
    block [401265, 40126a)
    block [40126a, 40127b)
    block [40127b, 401280)
    block [401280, 401291)
    block [401291, 401296)
    block [401296, 4012a7)
    block [4012a7, 4012ac)
    block [4012ac, 4012bd)
    block [4012bd, 4012c2)
    block [4012c2, 4012d3)
    block [4012d3, 4012d8)
    block [4012d8, 4012e9)
    block [4012e9, 4012ee)
    block [4012ee, 4012ff)
    block [4012ff, 401304)
    block [401304, 401315)
    block [401315, 40131a)
    block [40131a, 40132b)
    block [40132b, 401330)
    block [401330, 401341)
    block [401341, 401346)
    block [401346, 401357)
    block [401357, 40135c)
    block [40135c, 40136d)
    block [40136d, 401372)
    block [401372, 401383)
    block [401383, 401388)
    block [401388, 401399)
    block [401399, 40139e)
    block [40139e, 4013af)
    block [4013af, 4013b4)
    block [4013b4, 4013c5)
    block [4013c5, 4013ca)
    block [4013ca, 4013db)
    block [4013db, 4013e0)
    block [4013e0, 4013f1)
    block [4013f1, 4013f6)
    block [4013f6, 401407)
    block [401407, 40140c)
    block [40140c, 40141d)
    block [40141d, 401422)
    block [401422, 401433)
    block [401433, 401438)
    block [401438, 401449)
    block [401449, 40144e)
    block [40144e, 40145f)
    block [40145f, 401464)
    block [401464, 401475)
    block [401475, 40147a)
    block [40147a, 40148b)
    block [40148b, 401490)
    block [401490, 4014a1)
    block [4014a1, 4014a6)
    block [4014a6, 4014b7)
    block [4014b7, 4014bc)
    block [4014bc, 4014cd)
    block [4014cd, 4014d2)
    block [4014d2, 4014e3)
    block [4014e3, 4014e8)
    block [4014e8, 4014f9)
    block [4014f9, 4014fe)
    block [4014fe, 40150f)
    block [40150f, 401514)
    block [401514, 401525)
    block [401525, 40152a)
    block [40152a, 40153b)
    block [40153b, 401540)
    block [401540, 401551)
    block [401551, 401556)
    block [401556, 401567)
    block [401567, 40156c)
    block [40156c, 40157d)
    block [40157d, 401582)
    block [401582, 401593)
    block [401593, 401598)
    block [401598, 4015a9)
    block [4015a9, 4015ae)
    block [4015ae, 4015bf)
    block [4015bf, 4015c4)
    block [4015c4, 4015d5)
    block [4015d5, 4015da)
    block [4015da, 4015eb)
    block [4015eb, 4015f0)
    block [4015f0, 401601)
    block [401601, 401606)
    block [401606, 401617)
    block [401617, 40161c)
    block [40161c, 40162d)
    block [40162d, 401632)
    block [401632, 401643)
    block [401643, 401648)
    block [401648, 401659)
    block [401659, 40165e)
    block [40165e, 40166f)
    block [40166f, 401674)
    block [401674, 401685)
    block [401685, 40168a)
    block [40168a, 40169b)
    block [40169b, 4016a0)
    block [4016a0, 4016b1)
    block [4016b1, 4016b6)
    block [4016b6, 4016c7)
    block [4016c7, 4016cc)
    block [4016cc, 4016dd)
    block [4016dd, 4016e2)
    block [4016e2, 4016f3)
    block [4016f3, 4016f8)
    block [4016f8, 401709)
    block [401709, 40170e)
    block [40170e, 40171f)
    block [40171f, 401724)
    block [401724, 401735)
    block [401735, 40173a)
    block [40173a, 40174b)
    block [40174b, 401750)
    block [401750, 401761)
    block [401761, 401766)
    block [401766, 401777)
    block [401777, 40177c)
    block [40177c, 40178d)
    block [40178d, 401792)
    block [401792, 4017a3)
    block [4017a3, 4017a8)
    block [4017a8, 4017b9)
    block [4017b9, 4017be)
    block [4017be, 4017cf)
    block [4017cf, 4017d4)
    block [4017d4, 4017e5)
    block [4017e5, 4017ea)
    block [4017ea, 4017fb)
    block [4017fb, 401800)
    block [401800, 401811)
    block [401811, 401816)
    block [401816, 401827)
    block [401827, 40182c)
    block [40182c, 40183d)
    block [40183d, 401842)
    block [401842, 401853)
    block [401853, 401858)
    block [401858, 401869)
    block [401869, 40186e)
    block [40186e, 40187f)
    block [40187f, 401884)
    block [401884, 401895)
    block [401895, 40189a)
    block [40189a, 4018ab)
    block [4018ab, 4018b0)
    block [4018b0, 4018c1)
    block [4018c1, 4018c6)
    block [4018c6, 4018d7)
    block [4018d7, 4018dc)
    block [4018dc, 4018ed)
    block [4018ed, 4018f2)
    block [4018f2, 401903)
    block [401903, 401908)
    block [401908, 401919)
    block [401919, 40191e)
    block [40191e, 40192f)
    block [40192f, 401934)
    block [401934, 401945)
    block [401945, 40194a)
    block [40194a, 40195b)
    block [40195b, 401960)
    block [401960, 401971)
    block [401971, 401976)
    block [401976, 401987)
    block [401987, 40198c)
    block [40198c, 40199d)
    block [40199d, 4019a2)
    block [4019a2, 4019b3)
    block [4019b3, 4019b8)
    block [4019b8, 4019c9)
    block [4019c9, 4019ce)
    block [4019ce, 4019df)
    block [4019df, 4019e4)
    block [4019e4, 4019f5)
    block [4019f5, 4019fa)
    block [4019fa, 401a0b)
    block [401a0b, 401a10)
    block [401a10, 401a21)
    block [401a21, 401a26)
    block [401a26, 401a37)
    block [401a37, 401a3c)
    block [401a3c, 401a4d)
    block [401a4d, 401a52)
    block [401a52, 401a63)
    block [401a63, 401a68)
    block [401a68, 401a79)
    block [401a79, 401a7e)
    block [401a7e, 401a8f)
    block [401a8f, 401a94)
    block [401a94, 401aa5)
    block [401aa5, 401aaa)
    block [401aaa, 401abb)
    block [401abb, 401ac0)
    block [401ac0, 401ad1)
    block [401ad1, 401ad6)
    block [401ad6, 401ae7)
    block [401ae7, 401aec)
    block [401aec, 401afd)
    block [401afd, 401b02)
    block [401b02, 401b13)
    block [401b13, 401b18)
    block [401b18, 401b29)
    block [401b29, 401b2e)
    block [401b2e, 401b3f)
    block [401b3f, 401b44)
    block [401b44, 401b55)
    block [401b55, 401b5a)
    block [401b5a, 401b6b)
    block [401b6b, 401b70)
    block [401b70, 401b81)
    block [401b81, 401b86)
    block [401b86, 401b97)
    block [401b97, 401b9c)
    block [401b9c, 401bad)
    block [401bad, 401bb2)
    block [401bb2, 401bc3)
    block [401bc3, 401bc8)
    block [401bc8, 401bd9)
    block [401bd9, 401bde)
    block [401bde, 401bef)
    block [401bef, 401bf4)
    block [401bf4, 401c05)
    block [401c05, 401c0a)
    block [401c0a, 401c1b)
    block [401c1b, 401c20)
    block [401c20, 401c31)
    block [401c31, 401c36)
    block [401c36, 401c47)
    block [401c47, 401c4c)
    block [401c4c, 401c5d)
    block [401c5d, 401c62)
    block [401c62, 401c73)
    block [401c73, 401c78)
    block [401c78, 401c89)
    block [401c89, 401c8e)
    block [401c8e, 401c9f)
    block [401c9f, 401ca4)
    block [401ca4, 401cb5)
    block [401cb5, 401cba)
    block [401cba, 401ccb)
    block [401ccb, 401cd0)
    block [401cd0, 401ce1)
    block [401ce1, 401ce6)
    block [401ce6, 401cf7)
    block [401cf7, 401cfc)
    block [401cfc, 401d0d)
    block [401d0d, 401d12)
    block [401d12, 401d23)
    block [401d23, 401d28)
    block [401d28, 401d39)
    block [401d39, 401d3e)
    block [401d3e, 401d4f)
    block [401d4f, 401d54)
    block [401d54, 401d65)
    block [401d65, 401d6a)
    block [401d6a, 401d7b)
    block [401d7b, 401d80)
    block [401d80, 401d91)
    block [401d91, 401d96)
    block [401d96, 401da7)
    block [401da7, 401dac)
    block [401dac, 401dbd)
    block [401dbd, 401dc2)
    block [401dc2, 401dd3)
    block [401dd3, 401dd8)
    block [401dd8, 401de9)
    block [401de9, 401dee)
    block [401dee, 401dff)
    block [401dff, 401e04)
    block [401e04, 401e15)
    block [401e15, 401e1a)
    block [401e1a, 401e2b)
    block [401e2b, 401e30)
    block [401e30, 401e41)
    block [401e41, 401e46)
    block [401e46, 401e57)
    block [401e57, 401e5c)
    block [401e5c, 401e6d)
    block [401e6d, 401e72)
    block [401e72, 401e83)
    block [401e83, 401e88)
    block [401e88, 401e99)
    block [401e99, 401e9e)
    block [401e9e, 401eaf)
    block [401eaf, 401eb4)
    block [401eb4, 401ec5)
    block [401ec5, 401eca)
    block [401eca, 401edb)
    block [401edb, 401ee0)
    block [401ee0, 401ef1)
    block [401ef1, 401ef6)
    block [401ef6, 401f07)
    block [401f07, 401f0c)
    block [401f0c, 401f1d)
    block [401f1d, 401f22)
    block [401f22, 401f33)
    block [401f33, 401f38)
    block [401f38, 401f49)
    block [401f49, 401f4e)
    block [401f4e, 401f5f)
    block [401f5f, 401f64)
    block [401f64, 401f75)
    block [401f75, 401f7a)
    block [401f7a, 401f8b)
    block [401f8b, 401f90)
    block [401f90, 401fa1)
    block [401fa1, 401fa6)
    block [401fa6, 401fb7)
    block [401fb7, 401fbc)
    block [401fbc, 401fcd)
    block [401fcd, 401fd2)
    block [401fd2, 401fe3)
    block [401fe3, 401fe8)
    block [401fe8, 401ff9)
    block [401ff9, 401ffe)
    block [401ffe, 40200f)
    block [40200f, 402014)
    block [402014, 402025)
    block [402025, 40202a)
    block [40202a, 40203b)
    block [40203b, 402040)
    block [402040, 402051)
    block [402051, 402056)
    block [402056, 402067)
    block [402067, 40206c)
    block [40206c, 40207d)
    block [40207d, 402082)
    block [402082, 402093)
    block [402093, 402098)
    block [402098, 4020a9)
    block [4020a9, 4020ae)
    block [4020ae, 4020bf)
    block [4020bf, 4020c4)
    block [4020c4, 4020d5)
    block [4020d5, 4020da)
    block [4020da, 4020eb)
    block [4020eb, 4020f0)
    block [4020f0, 402101)
    block [402101, 402106)
    block [402106, 40210b)
    block [40210b, 402140)
    block [402140, 402163)
    block [402163, 4021a9)
    block [4021a9, 402209)
    block [402209, 402227)
    block [402227, 402256)
    block [402256, 40229c)
    block [40229c, 4022fc)
    block [4022fc, 40231a)
    block [40231a, 402348)
    block [402348, 40238e)
    block [40238e, 4023f4)
    block [4023f4, 402403)
    block [402403, 402432)
    block [402432, 402441)
    block [402441, 402487)
    block [402487, 4024e7)
    block [4024e7, 402505)
    block [402505, 402533)
    block [402533, 402562)
    block [402562, 402590)
    block [402590, 4025d6)
    block [4025d6, 40263c)
    block [40263c, 40264b)
    block [40264b, 402691)
    block [402691, 4026f5)
    block [4026f5, 402704)
    block [402704, 40274a)
    block [40274a, 402790)
    block [402790, 40279f)
    block [40279f, 4027ae)
    block [4027ae, 4027d8)
    block [4027d8, 402806)
    block [402806, 40284c)
    block [40284c, 4028b0)
    block [4028b0, 4028bf)
    block [4028bf, 4028ed)
    block [4028ed, 40291c)
    block [40291c, 40294a)
    block [40294a, 402990)
    block [402990, 4029f6)
    block [4029f6, 402a05)
    block [402a05, 402a32)
    block [402a32, 402a78)
    block [402a78, 402abe)
    block [402abe, 402acd)
    block [402acd, 402b13)
    block [402b13, 402b59)
    block [402b59, 402b68)
    block [402b68, 402b77)
    block [402b77, 402bbd)
    block [402bbd, 402c1d)
    block [402c1d, 402c3b)
    block [402c3b, 402c69)
    block [402c69, 402c96)
    block [402c96, 402cdc)
    block [402cdc, 402d40)
    block [402d40, 402d5e)
    block [402d5e, 402d8b)
    block [402d8b, 402db9)
    block [402db9, 402de8)
    block [402de8, 402e2e)
    block [402e2e, 402e92)
    block [402e92, 402eb0)
    block [402eb0, 402edf)
    block [402edf, 402f25)
    block [402f25, 402f89)
    block [402f89, 402f98)
    block [402f98, 402fa7)
    block [402fa7, 402fb6)
    block [402fb6, 402ffc)
    block [402ffc, 403042)
    block [403042, 403051)
    block [403051, 403060)
    block [403060, 4030a6)
    block [4030a6, 403106)
    block [403106, 403124)
    block [403124, 40316a)
    block [40316a, 4031ce)
    block [4031ce, 4031ec)
    block [4031ec, 403219)
    block [403219, 403247)
    block [403247, 40328d)
    block [40328d, 4032f1)
    block [4032f1, 403300)
    block [403300, 40332e)
    block [40332e, 40335b)
    block [40335b, 4033a1)
    block [4033a1, 403405)
    block [403405, 403423)
    block [403423, 403452)
    block [403452, 403498)
    block [403498, 4034fc)
    block [4034fc, 40351a)
    block [40351a, 403549)
    block [403549, 403576)
    block [403576, 403585)
    block [403585, 4035cb)
    block [4035cb, 403611)
    block [403611, 403620)
    block [403620, 40362f)
    block [40362f, 40363e)
    block [40363e, 40364d)
    block [40364d, 403677)
    block [403677, 4036a5)
    block [4036a5, 4036eb)
    block [4036eb, 40374f)
    block [40374f, 40375e)
    block [40375e, 4037a4)
    block [4037a4, 403808)
    block [403808, 403826)
    block [403826, 403853)
    block [403853, 403881)
    block [403881, 4038ae)
    block [4038ae, 4038f4)
    block [4038f4, 403958)
    block [403958, 403976)
    block [403976, 4039a3)
    block [4039a3, 4039d1)
    block [4039d1, 403a00)
    block [403a00, 403a46)
    block [403a46, 403aaa)
    block [403aaa, 403ac8)
    block [403ac8, 403af7)
    block [403af7, 403b3d)
    block [403b3d, 403ba1)
    block [403ba1, 403bb0)
    block [403bb0, 403bbf)
    block [403bbf, 403bce)
    block [403bce, 403bdd)
    block [403bdd, 403bec)
    block [403bec, 403c32)
    block [403c32, 403c78)
    block [403c78, 403c87)
    block [403c87, 403c96)
    block [403c96, 403cdc)
    block [403cdc, 403d22)
    block [403d22, 403d31)
    block [403d31, 403d40)
    block [403d40, 403d4f)
    block [403d4f, 403d5e)
    block [403d5e, 403d6d)
    block [403d6d, 403d7c)
    block [403d7c, 403d8b)
    block [403d8b, 403dd1)
    block [403dd1, 403e17)
    block [403e17, 403e26)
    block [403e26, 403e4c)
    block [403e4c, 403e92)
    block [403e92, 403ed8)
    block [403ed8, 403ee3)
    block [403ee3, 403ef2)
    block [403ef2, 403f01)
    block [403f01, 403f30)
    block [403f30, 403f3f)
    block [403f3f, 403f6e)
    block [403f6e, 403f9b)
    block [403f9b, 403faa)
    block [403faa, 403fd7)
    block [403fd7, 404006)
    block [404006, 404015)
    block [404015, 404024)
    block [404024, 404033)
    block [404033, 404042)
    block [404042, 404051)
    block [404051, 40407e)
    block [40407e, 40408d)
    block [40408d, 40409c)
    block [40409c, 4040ab)
    block [4040ab, 4040d8)
    block [4040d8, 4040e7)
    block [4040e7, 4040f6)
    block [4040f6, 404105)
    block [404105, 404132)
    block [404132, 404141)
    block [404141, 404150)
    block [404150, 40415f)
    block [40415f, 40418c)
    block [40418c, 40419b)
    block [40419b, 4041aa)
    block [4041aa, 4041b9)
    block [4041b9, 4041c3)
    block [4041c3, 4041c8)
    chunk [401140, 4041c8)
Looking for instructions in segment .fini
  Default block heads for function 4041c8 with loose bounds [4041c8, 4041d5)
    block [4041c8, 4041d5)
    chunk [4041c8, 4041d5)
Looking for strings in segment .rodata [405000, 40500b)
  Found string b'%d\n' of length 4 at 405007, jumping to 40500b
Looking for strings in segment .eh_frame_hdr [40500c, 405038)
Looking for strings in segment .eh_frame [405038, 4050c8)
Looking for strings in segment .init_array [406de8, 406df0)
Looking for strings in segment .fini_array [406df0, 406df8)
Looking for strings in segment .got [406fd8, 406fe8)
Looking for strings in segment .got.plt [406fe8, 407010)
Looking for strings in segment .data [407010, 407020)
Looking for strings in segment .bss [407020, 407030)
Looking for strings in segment extern [407030, 407050)
Looking for cross-references in segment .init [401000, 40101b)
Looking for cross-references in segment .plt [401020, 401050)
  Stopping scan at 40102c
Looking for cross-references in segment .text [401050, 4041c8)
  Stopping scan at 40107c
  Stopping scan at 40108c
  Stopping scan at ffffffffffffffff
  Stopping scan at 4010bc
  Stopping scan at 4010fc
  Stopping scan at ffffffffffffffff
  Stopping scan at 40112c
  Stopping scan at 40113c
Looking for cross-references in segment .fini [4041c8, 4041d5)
Looking for cross-references in segment .rodata [405000, 40500b)
  Stopping scan at 405008
Looking for cross-references in segment .eh_frame_hdr [40500c, 405038)
  Stopping scan at 405034
Looking for cross-references in segment .eh_frame [405038, 4050c8)
  Stopping scan at 4050c4
Looking for cross-references in segment .init_array [406de8, 406df0)
  Adding qword reference from 406de8 to 401130
  Stopping scan at 406de8
Looking for cross-references in segment .fini_array [406df0, 406df8)
  Adding qword reference from 406df0 to 401100
  Stopping scan at 406df0
Looking for cross-references in segment .got [406fd8, 406fe8)
  Adding qword reference from 406fd8 to 407030
  Adding qword reference from 406fe0 to 407048
  Stopping scan at 406fe0
Looking for cross-references in segment .got.plt [406fe8, 407010)
  Adding qword reference from 407000 to 407038
  Adding qword reference from 407008 to 407040
  Stopping scan at 407008
Looking for cross-references in segment .data [407010, 407020)
  Stopping scan at 40701c
Looking for cross-references in segment .bss [407020, 407030)
  Stopping scan at 40702c
Looking for cross-references in segment extern [407030, 407050)
  Stopping scan at 40704c
Looking for thunks
  Found thunk for printf targeting 407038 at 401030
  Found thunk for __isoc99_scanf targeting 407040 at 401040
Looking for external symbols
  Function at 401030 is the external function printf
  Function at 401040 is the external function __isoc99_scanf
  Function at 407030 is the external function __libc_start_main
  Function at 407038 is the external function printf
  Function at 407040 is the external function __isoc99_scanf
  Function at 407048 is the external function __gmon_start__
Looking for entrypoints
Recovering .init_proc at 401000
  Analysing subroutine .init_proc at 401000
    Block head at 0040101b is not code.
  Subroutine .init_proc at 401000 has 3 blocks
  BB: 401000 in func 401000 with 5 insts
    Referenced by data
    I: 401000
    I: 401004
    I: 401008 (mem 406fe0)
    I: 40100f
    I: 401012 (flow 401016)
      Successors: 401014, 401016
  BB: 401014 in func 401000 with 1 insts
    I: 401014
      Successors: 401016
  BB: 401016 in func 401000 with 2 insts
    I: 401016
    I: 40101a
      No successors
Recovering 401020
  Analysing subroutine sub_401020 at 401020
  WARNING: No table entries for indirect jump at 401026; Adding next_ea 40102c as successor.
  Subroutine sub_401020 at 401020 has 2 blocks
  WARNING: No table entries for indirect jump at 401026; Adding next_ea 40102c as successor.
  BB: 401020 in func 401020 with 2 insts
    I: 401020 (mem 406ff0)
    I: 401026 (mem 406ff8)
      Successors: 40102c
  BB: 40102c in func 401020 with 1 insts
    I: 40102c
      No successors
Recovering start at 401050
  Analysing subroutine start at 401050
  Subroutine start at 401050 has 3 blocks
  BB: 401050 in func 401050 with 13 insts
    Referenced by data
    I: 401050
    I: 401054
    I: 401056
    I: 401059
    I: 40105a
    I: 40105d
    I: 401061
    I: 401062
    I: 401063
    I: 401066
    I: 401068 (imm 401140)
    I: 40106f (mem 406fd8)
    I: 401075
      No successors
  BB: 401085 in func 401050 with 2 insts
    I: 401085
    I: 40108f
      No successors
  BB: 401076 in func 401050 with 3 insts
    I: 401076
    I: 401080
    I: 401084
      No successors
Recovering 401090
  Analysing subroutine sub_401090 at 401090
  WARNING: No table entries for indirect jump at 4010ac; Adding next_ea 4010ae as successor.
  WARNING: No table entries for indirect jump at 4010ee; Adding next_ea 4010f0 as successor.
  Subroutine sub_401090 at 401090 has 11 blocks
  BB: 4010c0 in func 401090 with 8 insts
    I: 4010c0 (imm 407020)
    I: 4010c5 (imm 407020)
    I: 4010cc
    I: 4010cf
    I: 4010d3
    I: 4010d7
    I: 4010da
    I: 4010dd (flow 4010f0)
      Successors: 4010f0, 4010df
  WARNING: No table entries for indirect jump at 4010ac; Adding next_ea 4010ae as successor.
  BB: 4010a7 in func 401090 with 2 insts
    I: 4010a7 (imm 407020)
    I: 4010ac
      Successors: 4010ae
  WARNING: No table entries for indirect jump at 4010ee; Adding next_ea 4010f0 as successor.
  BB: 4010e9 in func 401090 with 2 insts
    I: 4010e9 (imm 407020)
    I: 4010ee
      Successors: 4010f0
  BB: 4010ae in func 401090 with 1 insts
    I: 4010ae
      Successors: 4010b0
  BB: 401090 in func 401090 with 3 insts
    I: 401090 (imm 407020)
    I: 401095 (imm 407020)
    I: 40109b (flow 4010b0)
      Successors: 4010b0, 40109d
  BB: 4010b0 in func 401090 with 1 insts
    I: 4010b0
      No successors
  BB: 4010b1 in func 401090 with 2 insts
    I: 4010b1
    I: 4010b5
      Successors: 4010c0
  BB: 4010f0 in func 401090 with 1 insts
    I: 4010f0
      No successors
  BB: 4010f1 in func 401090 with 2 insts
    I: 4010f1
    I: 4010f5
      No successors
  BB: 40109d in func 401090 with 3 insts
    I: 40109d
    I: 4010a2
    I: 4010a5 (flow 4010b0)
      Successors: 4010b0, 4010a7
  BB: 4010df in func 401090 with 3 insts
    I: 4010df
    I: 4010e4
    I: 4010e7 (flow 4010f0)
      Successors: 4010f0, 4010e9
Recovering 401100
  Analysing subroutine sub_401100 at 401100
  Subroutine sub_401100 at 401100 has 5 blocks
  BB: 401100 in func 401100 with 3 insts
    Referenced by data
    I: 401100
    I: 401104 (mem 407020)
    I: 40110b (flow 401120)
      Successors: 401120, 40110d
  BB: 401121 in func 401100 with 2 insts
    I: 401121
    I: 401125
      No successors
  BB: 401120 in func 401100 with 1 insts
    I: 401120
      No successors
  BB: 40110d in func 401100 with 6 insts
    I: 40110d
    I: 40110e
    I: 401111 (flow 401090)
    I: 401116 (mem 407020)
    I: 40111d
    I: 40111e
      No successors
  BB: 40111f in func 401100 with 1 insts
    I: 40111f
      Successors: 401120
Recovering 401130
  Analysing subroutine sub_401130 at 401130
  WARNING: No table entries for indirect jump at 4010ee; Adding next_ea 4010f0 as successor.
  Subroutine sub_401130 at 401130 has 6 blocks
  BB: 4010c0 in func 401130 with 8 insts
    I: 4010c0 (imm 407020)
    I: 4010c5 (imm 407020)
    I: 4010cc
    I: 4010cf
    I: 4010d3
    I: 4010d7
    I: 4010da
    I: 4010dd (flow 4010f0)
      Successors: 4010f0, 4010df
  WARNING: No table entries for indirect jump at 4010ee; Adding next_ea 4010f0 as successor.
  BB: 4010e9 in func 401130 with 2 insts
    I: 4010e9 (imm 407020)
    I: 4010ee
      Successors: 4010f0
  BB: 401130 in func 401130 with 2 insts
    Referenced by data
    I: 401130
    I: 401134 (flow 4010c0)
      Successors: 4010c0
  BB: 4010f0 in func 401130 with 1 insts
    I: 4010f0
      No successors
  BB: 401136 in func 401130 with 1 insts
    I: 401136
      No successors
  BB: 4010df in func 401130 with 3 insts
    I: 4010df
    I: 4010e4
    I: 4010e7 (flow 4010f0)
      Successors: 4010f0, 4010e9
Recovering main at 401140
  Analysing subroutine main at 401140
  Subroutine main at 401140 has 549 blocks
  BB: 401800 in func 401140 with 3 insts
    I: 401800
    I: 401806
    I: 40180b (flow 402abe)
      Successors: 401811, 402abe
  BB: 402806 in func 401140 with 19 insts
    I: 402806 (imm 407024)
    I: 40280d
    I: 40280f (imm 407028)
    I: 402816
    I: 402818
    I: 40281a
    I: 40281d
    I: 402820
    I: 402823
    I: 402826
    I: 402829
    I: 40282c
    I: 40282f
    I: 402831
    I: 402836
    I: 40283b
    I: 40283e
    I: 402841
    I: 402847 (flow 4041c3)
      Successors: 4041c3
  BB: 404006 in func 401140 with 2 insts
    I: 404006
    I: 404010 (flow 4041c3)
      Successors: 4041c3
  BB: 403808 in func 401140 with 7 insts
    I: 403808
    I: 40380b
    I: 403810
    I: 403815
    I: 403818
    I: 40381b
    I: 403821 (flow 4041c3)
      Successors: 4041c3
  BB: 40200f in func 401140 with 1 insts
    I: 40200f (flow 402014)
      Successors: 402014
  BB: 401811 in func 401140 with 1 insts
    I: 401811 (flow 401816)
      Successors: 401816
  BB: 402014 in func 401140 with 3 insts
    I: 402014
    I: 40201a
    I: 40201f (flow 40279f)
      Successors: 402025, 40279f
  BB: 404015 in func 401140 with 2 insts
    I: 404015
    I: 40401f (flow 4041c3)
      Successors: 4041c3
  BB: 401816 in func 401140 with 3 insts
    I: 401816
    I: 40181c
    I: 401821 (flow 402f98)
      Successors: 402f98, 401827
  BB: 404024 in func 401140 with 2 insts
    I: 404024
    I: 40402e (flow 4041c3)
      Successors: 4041c3
  BB: 402025 in func 401140 with 1 insts
    I: 402025 (flow 40202a)
      Successors: 40202a
  BB: 403826 in func 401140 with 8 insts
    I: 403826
    I: 40382c
    I: 40382f
    I: 403835
    I: 40383b
    I: 40383e
    I: 403844
    I: 40384e (flow 4041c3)
      Successors: 4041c3
  BB: 401827 in func 401140 with 1 insts
    I: 401827 (flow 40182c)
      Successors: 40182c
  BB: 40202a in func 401140 with 3 insts
    I: 40202a
    I: 402030
    I: 402035 (flow 402a32)
      Successors: 402a32, 40203b
  BB: 40182c in func 401140 with 3 insts
    I: 40182c
    I: 401832
    I: 401837 (flow 403f3f)
      Successors: 40183d, 403f3f
  BB: 404033 in func 401140 with 2 insts
    I: 404033
    I: 40403d (flow 4041c3)
      Successors: 4041c3
  BB: 40203b in func 401140 with 1 insts
    I: 40203b (flow 402040)
      Successors: 402040
  BB: 40183d in func 401140 with 1 insts
    I: 40183d (flow 401842)
      Successors: 401842
  BB: 402040 in func 401140 with 3 insts
    I: 402040
    I: 402046
    I: 40204b (flow 404024)
      Successors: 402051, 404024
  BB: 401842 in func 401140 with 3 insts
    I: 401842
    I: 401848
    I: 40184d (flow 4027d8)
      Successors: 4027d8, 401853
  BB: 403042 in func 401140 with 2 insts
    I: 403042
    I: 40304c (flow 4041c3)
      Successors: 4041c3
  BB: 404042 in func 401140 with 2 insts
    I: 404042
    I: 40404c (flow 4041c3)
      Successors: 4041c3
  BB: 40284c in func 401140 with 25 insts
    I: 40284c
    I: 402852
    I: 402855
    I: 40285b
    I: 402861
    I: 402864
    I: 40286a (imm 407024)
    I: 402871
    I: 402873 (imm 407028)
    I: 40287a
    I: 40287c
    I: 40287e
    I: 402881
    I: 402884
    I: 402887
    I: 40288a
    I: 40288d
    I: 402890
    I: 402893
    I: 402895
    I: 40289a
    I: 40289f
    I: 4028a2
    I: 4028a5
    I: 4028ab (flow 4041c3)
      Successors: 4041c3
  BB: 402051 in func 401140 with 1 insts
    I: 402051 (flow 402056)
      Successors: 402056
  BB: 403051 in func 401140 with 2 insts
    I: 403051
    I: 40305b (flow 4041c3)
      Successors: 4041c3
  BB: 401853 in func 401140 with 1 insts
    I: 401853 (flow 401858)
      Successors: 401858
  BB: 403853 in func 401140 with 10 insts
    I: 403853
    I: 403859
    I: 40385c
    I: 40385e
    I: 403866
    I: 40386b
    I: 403870
    I: 403873
    I: 403876
    I: 40387c (flow 4041c3)
      Successors: 4041c3
  BB: 404051 in func 401140 with 8 insts
    I: 404051
    I: 404057
    I: 40405a
    I: 404060
    I: 404066
    I: 404069
    I: 40406f
    I: 404079 (flow 4041c3)
      Successors: 4041c3
  BB: 402056 in func 401140 with 3 insts
    I: 402056
    I: 40205c
    I: 402061 (flow 4027ae)
      Successors: 4027ae, 402067
  BB: 401858 in func 401140 with 3 insts
    I: 401858
    I: 40185e
    I: 401863 (flow 403cdc)
      Successors: 401869, 403cdc
  BB: 403060 in func 401140 with 19 insts
    I: 403060 (imm 407024)
    I: 403067
    I: 403069 (imm 407028)
    I: 403070
    I: 403072
    I: 403074
    I: 403077
    I: 40307a
    I: 40307d
    I: 403080
    I: 403083
    I: 403086
    I: 403089
    I: 40308b
    I: 403090
    I: 403095
    I: 403098
    I: 40309b
    I: 4030a1 (flow 4041c3)
      Successors: 4041c3
  BB: 402067 in func 401140 with 1 insts
    I: 402067 (flow 40206c)
      Successors: 40206c
  BB: 401869 in func 401140 with 1 insts
    I: 401869 (flow 40186e)
      Successors: 40186e
  BB: 40206c in func 401140 with 3 insts
    I: 40206c
    I: 402072
    I: 402077 (flow 403881)
      Successors: 403881, 40207d
  BB: 40186e in func 401140 with 3 insts
    I: 40186e
    I: 401874
    I: 401879 (flow 402acd)
      Successors: 402acd, 40187f
  BB: 40207d in func 401140 with 1 insts
    I: 40207d (flow 402082)
      Successors: 402082
  BB: 40407e in func 401140 with 2 insts
    I: 40407e
    I: 404088 (flow 4041c3)
      Successors: 4041c3
  BB: 40187f in func 401140 with 1 insts
    I: 40187f (flow 401884)
      Successors: 401884
  BB: 403881 in func 401140 with 8 insts
    I: 403881
    I: 403887
    I: 40388a
    I: 403890
    I: 403896
    I: 403899
    I: 40389f
    I: 4038a9 (flow 4041c3)
      Successors: 4041c3
  BB: 402082 in func 401140 with 3 insts
    I: 402082
    I: 402088
    I: 40208d (flow 403620)
      Successors: 403620, 402093
  BB: 401884 in func 401140 with 3 insts
    I: 401884
    I: 40188a
    I: 40188f (flow 4030a6)
      Successors: 401895, 4030a6
  BB: 40408d in func 401140 with 2 insts
    I: 40408d
    I: 404097 (flow 4041c3)
      Successors: 4041c3
  BB: 402093 in func 401140 with 1 insts
    I: 402093 (flow 402098)
      Successors: 402098
  BB: 401895 in func 401140 with 1 insts
    I: 401895 (flow 40189a)
      Successors: 40189a
  BB: 402098 in func 401140 with 3 insts
    I: 402098
    I: 40209e
    I: 4020a3 (flow 404042)
      Successors: 4020a9, 404042
  BB: 40189a in func 401140 with 3 insts
    I: 40189a
    I: 4018a0
    I: 4018a5 (flow 403bbf)
      Successors: 4018ab, 403bbf
  BB: 40409c in func 401140 with 2 insts
    I: 40409c
    I: 4040a6 (flow 4041c3)
      Successors: 4041c3
  BB: 4030a6 in func 401140 with 25 insts
    I: 4030a6
    I: 4030ad
    I: 4030b5
    I: 4030b8
    I: 4030bb
    I: 4030bd
    I: 4030c0 (imm 407024)
    I: 4030c7
    I: 4030c9 (imm 407028)
    I: 4030d0
    I: 4030d2
    I: 4030d4
    I: 4030d7
    I: 4030da
    I: 4030dd
    I: 4030e0
    I: 4030e3
    I: 4030e6
    I: 4030e9
    I: 4030eb
    I: 4030f0
    I: 4030f5
    I: 4030f8
    I: 4030fb
    I: 403101 (flow 4041c3)
      Successors: 4041c3
  BB: 4020a9 in func 401140 with 1 insts
    I: 4020a9 (flow 4020ae)
      Successors: 4020ae
  BB: 4018ab in func 401140 with 1 insts
    I: 4018ab (flow 4018b0)
      Successors: 4018b0
  BB: 4040ab in func 401140 with 8 insts
    I: 4040ab
    I: 4040b1
    I: 4040b4
    I: 4040ba
    I: 4040c0
    I: 4040c3
    I: 4040c9
    I: 4040d3 (flow 4041c3)
      Successors: 4041c3
  BB: 4020ae in func 401140 with 3 insts
    I: 4020ae
    I: 4020b4
    I: 4020b9 (flow 403247)
      Successors: 403247, 4020bf
  BB: 4038ae in func 401140 with 19 insts
    I: 4038ae (imm 407024)
    I: 4038b5
    I: 4038b7 (imm 407028)
    I: 4038be
    I: 4038c0
    I: 4038c2
    I: 4038c5
    I: 4038c8
    I: 4038cb
    I: 4038ce
    I: 4038d1
    I: 4038d4
    I: 4038d7
    I: 4038d9
    I: 4038de
    I: 4038e3
    I: 4038e6
    I: 4038e9
    I: 4038ef (flow 4041c3)
      Successors: 4041c3
  BB: 4018b0 in func 401140 with 3 insts
    I: 4018b0
    I: 4018b6
    I: 4018bb (flow 4038f4)
      Successors: 4018c1, 4038f4
  BB: 4028b0 in func 401140 with 2 insts
    I: 4028b0
    I: 4028ba (flow 4041c3)
      Successors: 4041c3
  BB: 4020bf in func 401140 with 1 insts
    I: 4020bf (flow 4020c4)
      Successors: 4020c4
  BB: 4028bf in func 401140 with 10 insts
    I: 4028bf
    I: 4028c5
    I: 4028c8
    I: 4028ca
    I: 4028d2
    I: 4028d7
    I: 4028dc
    I: 4028df
    I: 4028e2
    I: 4028e8 (flow 4041c3)
      Successors: 4041c3
  BB: 4018c1 in func 401140 with 1 insts
    I: 4018c1 (flow 4018c6)
      Successors: 4018c6
  BB: 4020c4 in func 401140 with 3 insts
    I: 4020c4
    I: 4020ca
    I: 4020cf (flow 402b77)
      Successors: 4020d5, 402b77
  BB: 4018c6 in func 401140 with 3 insts
    I: 4018c6
    I: 4018cc
    I: 4018d1 (flow 4038ae)
      Successors: 4038ae, 4018d7
  BB: 4020d5 in func 401140 with 1 insts
    I: 4020d5 (flow 4020da)
      Successors: 4020da
  BB: 4018d7 in func 401140 with 1 insts
    I: 4018d7 (flow 4018dc)
      Successors: 4018dc
  BB: 4040d8 in func 401140 with 2 insts
    I: 4040d8
    I: 4040e2 (flow 4041c3)
      Successors: 4041c3
  BB: 4020da in func 401140 with 3 insts
    I: 4020da
    I: 4020e0
    I: 4020e5 (flow 402140)
      Successors: 402140, 4020eb
  BB: 4018dc in func 401140 with 3 insts
    I: 4018dc
    I: 4018e2
    I: 4018e7 (flow 402c1d)
      Successors: 402c1d, 4018ed
  BB: 4040e7 in func 401140 with 2 insts
    I: 4040e7
    I: 4040f1 (flow 4041c3)
      Successors: 4041c3
  BB: 4020eb in func 401140 with 1 insts
    I: 4020eb (flow 4020f0)
      Successors: 4020f0
  BB: 4018ed in func 401140 with 1 insts
    I: 4018ed (flow 4018f2)
      Successors: 4018f2
  BB: 4028ed in func 401140 with 8 insts
    I: 4028ed
    I: 4028f3
    I: 4028f8
    I: 4028fe
    I: 402904
    I: 402907
    I: 40290d
    I: 402917 (flow 4041c3)
      Successors: 4041c3
  BB: 4020f0 in func 401140 with 3 insts
    I: 4020f0
    I: 4020f6
    I: 4020fb (flow 4031ce)
      Successors: 402101, 4031ce
  BB: 4018f2 in func 401140 with 3 insts
    I: 4018f2
    I: 4018f8
    I: 4018fd (flow 402d8b)
      Successors: 401903, 402d8b
  BB: 4038f4 in func 401140 with 27 insts
    I: 4038f4
    I: 4038fa
    I: 4038fd
    I: 4038ff
    I: 403907
    I: 40390a
    I: 40390d
    I: 40390f
    I: 403912 (imm 407024)
    I: 403919
    I: 40391b (imm 407028)
    I: 403922
    I: 403924
    I: 403926
    I: 403929
    I: 40392c
    I: 40392f
    I: 403932
    I: 403935
    I: 403938
    I: 40393b
    I: 40393d
    I: 403942
    I: 403947
    I: 40394a
    I: 40394d
    I: 403953 (flow 4041c3)
      Successors: 4041c3
  BB: 4040f6 in func 401140 with 2 insts
    I: 4040f6
    I: 404100 (flow 4041c3)
      Successors: 4041c3
  BB: 402101 in func 401140 with 1 insts
    I: 402101 (flow 402106)
      Successors: 402106
  BB: 401903 in func 401140 with 1 insts
    I: 401903 (flow 401908)
      Successors: 401908
  BB: 404105 in func 401140 with 8 insts
    I: 404105
    I: 40410b
    I: 40410e
    I: 404114
    I: 40411a
    I: 40411d
    I: 404123
    I: 40412d (flow 4041c3)
      Successors: 4041c3
  BB: 402106 in func 401140 with 1 insts
    I: 402106 (flow 4041c3)
      Successors: 4041c3
  BB: 403106 in func 401140 with 7 insts
    I: 403106
    I: 403109
    I: 40310e
    I: 403113
    I: 403116
    I: 403119
    I: 40311f (flow 4041c3)
      Successors: 4041c3
  BB: 401908 in func 401140 with 3 insts
    I: 401908
    I: 40190e
    I: 401913 (flow 403fd7)
      Successors: 401919, 403fd7
  BB: 40210b in func 401140 with 11 insts
    I: 40210b
    I: 402112 (imm 405004)
    I: 40211c
    I: 40211e (flow 407040)
    I: 402123
    I: 402125
    I: 40212a
    I: 40212f
    I: 402132
    I: 402135
    I: 40213b (flow 4041c3)
      Successors: 4041c3
  BB: 401919 in func 401140 with 1 insts
    I: 401919 (flow 40191e)
      Successors: 40191e
  BB: 40291c in func 401140 with 10 insts
    I: 40291c
    I: 402922
    I: 402925
    I: 402927
    I: 40292f
    I: 402934
    I: 402939
    I: 40293c
    I: 40293f
    I: 402945 (flow 4041c3)
      Successors: 4041c3
  BB: 40191e in func 401140 with 3 insts
    I: 40191e
    I: 401924
    I: 401929 (flow 4039d1)
      Successors: 4039d1, 40192f
  BB: 403124 in func 401140 with 19 insts
    I: 403124 (imm 407024)
    I: 40312b
    I: 40312d (imm 407028)
    I: 403134
    I: 403136
    I: 403138
    I: 40313b
    I: 40313e
    I: 403141
    I: 403144
    I: 403147
    I: 40314a
    I: 40314d
    I: 40314f
    I: 403154
    I: 403159
    I: 40315c
    I: 40315f
    I: 403165 (flow 4041c3)
      Successors: 4041c3
  BB: 40192f in func 401140 with 1 insts
    I: 40192f (flow 401934)
      Successors: 401934
  BB: 404132 in func 401140 with 2 insts
    I: 404132
    I: 40413c (flow 4041c3)
      Successors: 4041c3
  BB: 401934 in func 401140 with 3 insts
    I: 401934
    I: 40193a
    I: 40193f (flow 403e4c)
      Successors: 403e4c, 401945
  BB: 401140 in func 401140 with 5 insts
    Referenced by data
    I: 401140
    I: 401141
    I: 401144
    I: 40114b
    I: 401152
      Successors: 40115c
  BB: 402140 in func 401140 with 4 insts
    I: 402140
    I: 40214a
    I: 402154
    I: 40215e (flow 4041c3)
      Successors: 4041c3
  BB: 404141 in func 401140 with 2 insts
    I: 404141
    I: 40414b (flow 4041c3)
      Successors: 4041c3
  BB: 401945 in func 401140 with 1 insts
    I: 401945 (flow 40194a)
      Successors: 40194a
  BB: 40194a in func 401140 with 3 insts
    I: 40194a
    I: 401950
    I: 401955 (flow 4040e7)
      Successors: 40195b, 4040e7
  BB: 40294a in func 401140 with 19 insts
    I: 40294a (imm 407024)
    I: 402951
    I: 402953 (imm 407028)
    I: 40295a
    I: 40295c
    I: 40295e
    I: 402961
    I: 402964
    I: 402967
    I: 40296a
    I: 40296d
    I: 402970
    I: 402973
    I: 402975
    I: 40297a
    I: 40297f
    I: 402982
    I: 402985
    I: 40298b (flow 4041c3)
      Successors: 4041c3
  BB: 404150 in func 401140 with 2 insts
    I: 404150
    I: 40415a (flow 4041c3)
      Successors: 4041c3
  BB: 403958 in func 401140 with 7 insts
    I: 403958
    I: 40395b
    I: 403960
    I: 403965
    I: 403968
    I: 40396b
    I: 403971 (flow 4041c3)
      Successors: 4041c3
  BB: 40195b in func 401140 with 1 insts
    I: 40195b (flow 401960)
      Successors: 401960
  BB: 40115c in func 401140 with 4 insts
    I: 40115c
    I: 401162
    I: 401168
    I: 40116d (flow 4040d8)
      Successors: 4040d8, 401173
  BB: 40415f in func 401140 with 8 insts
    I: 40415f
    I: 404165
    I: 404168
    I: 40416e
    I: 404174
    I: 404177
    I: 40417d
    I: 404187 (flow 4041c3)
      Successors: 4041c3
  BB: 401960 in func 401140 with 3 insts
    I: 401960
    I: 401966
    I: 40196b (flow 40419b)
      Successors: 401971, 40419b
  BB: 402163 in func 401140 with 19 insts
    I: 402163 (imm 407024)
    I: 40216a
    I: 40216c (imm 407028)
    I: 402173
    I: 402175
    I: 402177
    I: 40217a
    I: 40217d
    I: 402180
    I: 402183
    I: 402186
    I: 402189
    I: 40218c
    I: 40218e
    I: 402193
    I: 402198
    I: 40219b
    I: 40219e
    I: 4021a4 (flow 4041c3)
      Successors: 4041c3
  BB: 40316a in func 401140 with 27 insts
    I: 40316a
    I: 403170
    I: 403173
    I: 403175
    I: 40317d
    I: 403180
    I: 403183
    I: 403185
    I: 403188 (imm 407024)
    I: 40318f
    I: 403191 (imm 407028)
    I: 403198
    I: 40319a
    I: 40319c
    I: 40319f
    I: 4031a2
    I: 4031a5
    I: 4031a8
    I: 4031ab
    I: 4031ae
    I: 4031b1
    I: 4031b3
    I: 4031b8
    I: 4031bd
    I: 4031c0
    I: 4031c3
    I: 4031c9 (flow 4041c3)
      Successors: 4041c3
  BB: 401971 in func 401140 with 1 insts
    I: 401971 (flow 401976)
      Successors: 401976
  BB: 401173 in func 401140 with 1 insts
    I: 401173 (flow 401178)
      Successors: 401178
  BB: 401976 in func 401140 with 3 insts
    I: 401976
    I: 40197c
    I: 401981 (flow 403e92)
      Successors: 403e92, 401987
  BB: 403976 in func 401140 with 8 insts
    I: 403976
    I: 40397c
    I: 40397f
    I: 403985
    I: 40398b
    I: 40398e
    I: 403994
    I: 40399e (flow 4041c3)
      Successors: 4041c3
  BB: 401178 in func 401140 with 3 insts
    I: 401178
    I: 40117e
    I: 401183 (flow 403958)
      Successors: 403958, 401189
  BB: 401987 in func 401140 with 1 insts
    I: 401987 (flow 40198c)
      Successors: 40198c
  BB: 401189 in func 401140 with 1 insts
    I: 401189 (flow 40118e)
      Successors: 40118e
  BB: 40198c in func 401140 with 3 insts
    I: 40198c
    I: 401992
    I: 401997 (flow 402e2e)
      Successors: 40199d, 402e2e
  BB: 40418c in func 401140 with 2 insts
    I: 40418c
    I: 404196 (flow 4041c3)
      Successors: 4041c3
  BB: 40118e in func 401140 with 3 insts
    I: 40118e
    I: 401194
    I: 401199 (flow 403051)
      Successors: 403051, 40119f
  BB: 402990 in func 401140 with 25 insts
    I: 402990
    I: 402996
    I: 40299b
    I: 4029a1
    I: 4029a7
    I: 4029aa
    I: 4029b0 (imm 407024)
    I: 4029b7
    I: 4029b9 (imm 407028)
    I: 4029c0
    I: 4029c2
    I: 4029c4
    I: 4029c7
    I: 4029ca
    I: 4029cd
    I: 4029d0
    I: 4029d3
    I: 4029d6
    I: 4029d9
    I: 4029db
    I: 4029e0
    I: 4029e5
    I: 4029e8
    I: 4029eb
    I: 4029f1 (flow 4041c3)
      Successors: 4041c3
  BB: 40419b in func 401140 with 2 insts
    I: 40419b
    I: 4041a5 (flow 4041c3)
      Successors: 4041c3
  BB: 40199d in func 401140 with 1 insts
    I: 40199d (flow 4019a2)
      Successors: 4019a2
  BB: 40119f in func 401140 with 1 insts
    I: 40119f (flow 4011a4)
      Successors: 4011a4
  BB: 4019a2 in func 401140 with 3 insts
    I: 4019a2
    I: 4019a8
    I: 4019ad (flow 402704)
      Successors: 4019b3, 402704
  BB: 4039a3 in func 401140 with 10 insts
    I: 4039a3
    I: 4039a9
    I: 4039ac
    I: 4039ae
    I: 4039b6
    I: 4039bb
    I: 4039c0
    I: 4039c3
    I: 4039c6
    I: 4039cc (flow 4041c3)
      Successors: 4041c3
  BB: 4011a4 in func 401140 with 3 insts
    I: 4011a4
    I: 4011aa
    I: 4011af (flow 404033)
      Successors: 404033, 4011b5
  BB: 4021a9 in func 401140 with 25 insts
    I: 4021a9
    I: 4021b0
    I: 4021b8
    I: 4021bb
    I: 4021be
    I: 4021c0
    I: 4021c3 (imm 407024)
    I: 4021ca
    I: 4021cc (imm 407028)
    I: 4021d3
    I: 4021d5
    I: 4021d7
    I: 4021da
    I: 4021dd
    I: 4021e0
    I: 4021e3
    I: 4021e6
    I: 4021e9
    I: 4021ec
    I: 4021ee
    I: 4021f3
    I: 4021f8
    I: 4021fb
    I: 4021fe
    I: 402204 (flow 4041c3)
      Successors: 4041c3
  BB: 4041aa in func 401140 with 2 insts
    I: 4041aa
    I: 4041b4 (flow 4041c3)
      Successors: 4041c3
  BB: 4019b3 in func 401140 with 1 insts
    I: 4019b3 (flow 4019b8)
      Successors: 4019b8
  BB: 4011b5 in func 401140 with 1 insts
    I: 4011b5 (flow 4011ba)
      Successors: 4011ba
  BB: 4019b8 in func 401140 with 3 insts
    I: 4019b8
    I: 4019be
    I: 4019c3 (flow 40316a)
      Successors: 4019c9, 40316a
  BB: 4041b9 in func 401140 with 1 insts
    I: 4041b9
      Successors: 4041c3
  BB: 4011ba in func 401140 with 3 insts
    I: 4011ba
    I: 4011c0
    I: 4011c5 (flow 4033a1)
      Successors: 4033a1, 4011cb
  BB: 4041c3 in func 401140 with 1 insts
    I: 4041c3 (flow 40115c)
      Successors: 40115c
  BB: 4019c9 in func 401140 with 1 insts
    I: 4019c9 (flow 4019ce)
      Successors: 4019ce
  BB: 4011cb in func 401140 with 1 insts
    I: 4011cb (flow 4011d0)
      Successors: 4011d0
  BB: 4019ce in func 401140 with 3 insts
    I: 4019ce
    I: 4019d4
    I: 4019d9 (flow 402cdc)
      Successors: 402cdc, 4019df
  BB: 4031ce in func 401140 with 7 insts
    I: 4031ce
    I: 4031d1
    I: 4031d6
    I: 4031db
    I: 4031de
    I: 4031e1
    I: 4031e7 (flow 4041c3)
      Successors: 4041c3
  BB: 4011d0 in func 401140 with 3 insts
    I: 4011d0
    I: 4011d6
    I: 4011db (flow 4026f5)
      Successors: 4011e1, 4026f5
  BB: 4039d1 in func 401140 with 8 insts
    I: 4039d1
    I: 4039d7
    I: 4039dc
    I: 4039e2
    I: 4039e8
    I: 4039eb
    I: 4039f1
    I: 4039fb (flow 4041c3)
      Successors: 4041c3
  BB: 4019df in func 401140 with 1 insts
    I: 4019df (flow 4019e4)
      Successors: 4019e4
  BB: 4011e1 in func 401140 with 1 insts
    I: 4011e1 (flow 4011e6)
      Successors: 4011e6
  BB: 4019e4 in func 401140 with 3 insts
    I: 4019e4
    I: 4019ea
    I: 4019ef (flow 40264b)
      Successors: 40264b, 4019f5
  BB: 4011e6 in func 401140 with 3 insts
    I: 4011e6
    I: 4011ec
    I: 4011f1 (flow 404015)
      Successors: 404015, 4011f7
  BB: 4031ec in func 401140 with 8 insts
    I: 4031ec
    I: 4031f2
    I: 4031f5
    I: 4031fb
    I: 403201
    I: 403204
    I: 40320a
    I: 403214 (flow 4041c3)
      Successors: 4041c3
  BB: 4019f5 in func 401140 with 1 insts
    I: 4019f5 (flow 4019fa)
      Successors: 4019fa
  BB: 4029f6 in func 401140 with 2 insts
    I: 4029f6
    I: 402a00 (flow 4041c3)
      Successors: 4041c3
  BB: 4011f7 in func 401140 with 1 insts
    I: 4011f7 (flow 4011fc)
      Successors: 4011fc
  BB: 4019fa in func 401140 with 3 insts
    I: 4019fa
    I: 401a00
    I: 401a05 (flow 40374f)
      Successors: 401a0b, 40374f
  BB: 4011fc in func 401140 with 3 insts
    I: 4011fc
    I: 401202
    I: 401207 (flow 403124)
      Successors: 403124, 40120d
  BB: 403a00 in func 401140 with 19 insts
    I: 403a00 (imm 407024)
    I: 403a07
    I: 403a09 (imm 407028)
    I: 403a10
    I: 403a12
    I: 403a14
    I: 403a17
    I: 403a1a
    I: 403a1d
    I: 403a20
    I: 403a23
    I: 403a26
    I: 403a29
    I: 403a2b
    I: 403a30
    I: 403a35
    I: 403a38
    I: 403a3b
    I: 403a41 (flow 4041c3)
      Successors: 4041c3
  BB: 402a05 in func 401140 with 8 insts
    I: 402a05
    I: 402a0b
    I: 402a0e
    I: 402a14
    I: 402a1a
    I: 402a1d
    I: 402a23
    I: 402a2d (flow 4041c3)
      Successors: 4041c3
  BB: 402209 in func 401140 with 7 insts
    I: 402209
    I: 40220c
    I: 402211
    I: 402216
    I: 402219
    I: 40221c
    I: 402222 (flow 4041c3)
      Successors: 4041c3
  BB: 401a0b in func 401140 with 1 insts
    I: 401a0b (flow 401a10)
      Successors: 401a10
  BB: 40120d in func 401140 with 1 insts
    I: 40120d (flow 401212)
      Successors: 401212
  BB: 401a10 in func 401140 with 3 insts
    I: 401a10
    I: 401a16
    I: 401a1b (flow 403c78)
      Successors: 403c78, 401a21
  BB: 401212 in func 401140 with 3 insts
    I: 401212
    I: 401218
    I: 40121d (flow 402505)
      Successors: 401223, 402505
  BB: 403219 in func 401140 with 10 insts
    I: 403219
    I: 40321f
    I: 403222
    I: 403224
    I: 40322c
    I: 403231
    I: 403236
    I: 403239
    I: 40323c
    I: 403242 (flow 4041c3)
      Successors: 4041c3
  BB: 401a21 in func 401140 with 1 insts
    I: 401a21 (flow 401a26)
      Successors: 401a26
  BB: 401223 in func 401140 with 1 insts
    I: 401223 (flow 401228)
      Successors: 401228
  BB: 401a26 in func 401140 with 3 insts
    I: 401a26
    I: 401a2c
    I: 401a31 (flow 403060)
      Successors: 403060, 401a37
  BB: 402227 in func 401140 with 8 insts
    I: 402227
    I: 40222d
    I: 402232
    I: 402238
    I: 40223e
    I: 402241
    I: 402247
    I: 402251 (flow 4041c3)
      Successors: 4041c3
  BB: 401228 in func 401140 with 3 insts
    I: 401228
    I: 40122e
    I: 401233 (flow 403576)
      Successors: 401239, 403576
  BB: 402a32 in func 401140 with 19 insts
    I: 402a32 (imm 407024)
    I: 402a39
    I: 402a3b (imm 407028)
    I: 402a42
    I: 402a44
    I: 402a46
    I: 402a49
    I: 402a4c
    I: 402a4f
    I: 402a52
    I: 402a55
    I: 402a58
    I: 402a5b
    I: 402a5d
    I: 402a62
    I: 402a67
    I: 402a6a
    I: 402a6d
    I: 402a73 (flow 4041c3)
      Successors: 4041c3
  BB: 401a37 in func 401140 with 1 insts
    I: 401a37 (flow 401a3c)
      Successors: 401a3c
  BB: 401239 in func 401140 with 1 insts
    I: 401239 (flow 40123e)
      Successors: 40123e
  BB: 401a3c in func 401140 with 3 insts
    I: 401a3c
    I: 401a42
    I: 401a47 (flow 403d22)
      Successors: 403d22, 401a4d
  BB: 40123e in func 401140 with 3 insts
    I: 40123e
    I: 401244
    I: 401249 (flow 40375e)
      Successors: 40375e, 40124f
  BB: 403a46 in func 401140 with 27 insts
    I: 403a46
    I: 403a4c
    I: 403a4f
    I: 403a51
    I: 403a59
    I: 403a5c
    I: 403a5f
    I: 403a61
    I: 403a64 (imm 407024)
    I: 403a6b
    I: 403a6d (imm 407028)
    I: 403a74
    I: 403a76
    I: 403a78
    I: 403a7b
    I: 403a7e
    I: 403a81
    I: 403a84
    I: 403a87
    I: 403a8a
    I: 403a8d
    I: 403a8f
    I: 403a94
    I: 403a99
    I: 403a9c
    I: 403a9f
    I: 403aa5 (flow 4041c3)
      Successors: 4041c3
  BB: 403247 in func 401140 with 19 insts
    I: 403247 (imm 407024)
    I: 40324e
    I: 403250 (imm 407028)
    I: 403257
    I: 403259
    I: 40325b
    I: 40325e
    I: 403261
    I: 403264
    I: 403267
    I: 40326a
    I: 40326d
    I: 403270
    I: 403272
    I: 403277
    I: 40327c
    I: 40327f
    I: 403282
    I: 403288 (flow 4041c3)
      Successors: 4041c3
  BB: 401a4d in func 401140 with 1 insts
    I: 401a4d (flow 401a52)
      Successors: 401a52
  BB: 40124f in func 401140 with 1 insts
    I: 40124f (flow 401254)
      Successors: 401254
  BB: 401a52 in func 401140 with 3 insts
    I: 401a52
    I: 401a58
    I: 401a5d (flow 402eb0)
      Successors: 402eb0, 401a63
  BB: 401254 in func 401140 with 3 insts
    I: 401254
    I: 40125a
    I: 40125f (flow 402a78)
      Successors: 402a78, 401265
  BB: 402256 in func 401140 with 19 insts
    I: 402256 (imm 407024)
    I: 40225d
    I: 40225f (imm 407028)
    I: 402266
    I: 402268
    I: 40226a
    I: 40226d
    I: 402270
    I: 402273
    I: 402276
    I: 402279
    I: 40227c
    I: 40227f
    I: 402281
    I: 402286
    I: 40228b
    I: 40228e
    I: 402291
    I: 402297 (flow 4041c3)
      Successors: 4041c3
  BB: 401a63 in func 401140 with 1 insts
    I: 401a63 (flow 401a68)
      Successors: 401a68
  BB: 401265 in func 401140 with 1 insts
    I: 401265 (flow 40126a)
      Successors: 40126a
  BB: 401a68 in func 401140 with 3 insts
    I: 401a68
    I: 401a6e
    I: 401a73 (flow 403826)
      Successors: 401a79, 403826
  BB: 40126a in func 401140 with 3 insts
    I: 40126a
    I: 401270
    I: 401275 (flow 403bec)
      Successors: 40127b, 403bec
  BB: 402a78 in func 401140 with 19 insts
    I: 402a78 (imm 407024)
    I: 402a7f
    I: 402a81 (imm 407028)
    I: 402a88
    I: 402a8a
    I: 402a8c
    I: 402a8f
    I: 402a92
    I: 402a95
    I: 402a98
    I: 402a9b
    I: 402a9e
    I: 402aa1
    I: 402aa3
    I: 402aa8
    I: 402aad
    I: 402ab0
    I: 402ab3
    I: 402ab9 (flow 4041c3)
      Successors: 4041c3
  BB: 401a79 in func 401140 with 1 insts
    I: 401a79 (flow 401a7e)
      Successors: 401a7e
  BB: 40127b in func 401140 with 1 insts
    I: 40127b (flow 401280)
      Successors: 401280
  BB: 401a7e in func 401140 with 3 insts
    I: 401a7e
    I: 401a84
    I: 401a89 (flow 403677)
      Successors: 403677, 401a8f
  BB: 401280 in func 401140 with 3 insts
    I: 401280
    I: 401286
    I: 40128b (flow 404051)
      Successors: 404051, 401291
  BB: 40328d in func 401140 with 25 insts
    I: 40328d
    I: 403293
    I: 403296
    I: 40329c
    I: 4032a2
    I: 4032a5
    I: 4032ab (imm 407024)
    I: 4032b2
    I: 4032b4 (imm 407028)
    I: 4032bb
    I: 4032bd
    I: 4032bf
    I: 4032c2
    I: 4032c5
    I: 4032c8
    I: 4032cb
    I: 4032ce
    I: 4032d1
    I: 4032d4
    I: 4032d6
    I: 4032db
    I: 4032e0
    I: 4032e3
    I: 4032e6
    I: 4032ec (flow 4041c3)
      Successors: 4041c3
  BB: 401a8f in func 401140 with 1 insts
    I: 401a8f (flow 401a94)
      Successors: 401a94
  BB: 401291 in func 401140 with 1 insts
    I: 401291 (flow 401296)
      Successors: 401296
  BB: 401a94 in func 401140 with 3 insts
    I: 401a94
    I: 401a9a
    I: 401a9f (flow 403faa)
      Successors: 403faa, 401aa5
  BB: 401296 in func 401140 with 3 insts
    I: 401296
    I: 40129c
    I: 4012a1 (flow 403c87)
      Successors: 403c87, 4012a7
  BB: 40229c in func 401140 with 25 insts
    I: 40229c
    I: 4022a3
    I: 4022ab
    I: 4022ae
    I: 4022b1
    I: 4022b3
    I: 4022b6 (imm 407024)
    I: 4022bd
    I: 4022bf (imm 407028)
    I: 4022c6
    I: 4022c8
    I: 4022ca
    I: 4022cd
    I: 4022d0
    I: 4022d3
    I: 4022d6
    I: 4022d9
    I: 4022dc
    I: 4022df
    I: 4022e1
    I: 4022e6
    I: 4022eb
    I: 4022ee
    I: 4022f1
    I: 4022f7 (flow 4041c3)
      Successors: 4041c3
  BB: 401aa5 in func 401140 with 1 insts
    I: 401aa5 (flow 401aaa)
      Successors: 401aaa
  BB: 4012a7 in func 401140 with 1 insts
    I: 4012a7 (flow 4012ac)
      Successors: 4012ac
  BB: 401aaa in func 401140 with 3 insts
    I: 401aaa
    I: 401ab0
    I: 401ab5 (flow 403423)
      Successors: 403423, 401abb
  BB: 403aaa in func 401140 with 7 insts
    I: 403aaa
    I: 403aad
    I: 403ab2
    I: 403ab7
    I: 403aba
    I: 403abd
    I: 403ac3 (flow 4041c3)
      Successors: 4041c3
  BB: 4012ac in func 401140 with 3 insts
    I: 4012ac
    I: 4012b2
    I: 4012b7 (flow 402562)
      Successors: 402562, 4012bd
  BB: 401abb in func 401140 with 1 insts
    I: 401abb (flow 401ac0)
      Successors: 401ac0
  BB: 4012bd in func 401140 with 1 insts
    I: 4012bd (flow 4012c2)
      Successors: 4012c2
  BB: 402abe in func 401140 with 2 insts
    I: 402abe
    I: 402ac8 (flow 4041c3)
      Successors: 4041c3
  BB: 401ac0 in func 401140 with 3 insts
    I: 401ac0
    I: 401ac6
    I: 401acb (flow 40294a)
      Successors: 401ad1, 40294a
  BB: 4012c2 in func 401140 with 3 insts
    I: 4012c2
    I: 4012c8
    I: 4012cd (flow 4029f6)
      Successors: 4012d3, 4029f6
  BB: 403ac8 in func 401140 with 8 insts
    I: 403ac8
    I: 403ace
    I: 403ad3
    I: 403ad9
    I: 403adf
    I: 403ae2
    I: 403ae8
    I: 403af2 (flow 4041c3)
      Successors: 4041c3
  BB: 402acd in func 401140 with 19 insts
    I: 402acd (imm 407024)
    I: 402ad4
    I: 402ad6 (imm 407028)
    I: 402add
    I: 402adf
    I: 402ae1
    I: 402ae4
    I: 402ae7
    I: 402aea
    I: 402aed
    I: 402af0
    I: 402af3
    I: 402af6
    I: 402af8
    I: 402afd
    I: 402b02
    I: 402b05
    I: 402b08
    I: 402b0e (flow 4041c3)
      Successors: 4041c3
  BB: 401ad1 in func 401140 with 1 insts
    I: 401ad1 (flow 401ad6)
      Successors: 401ad6
  BB: 4012d3 in func 401140 with 1 insts
    I: 4012d3 (flow 4012d8)
      Successors: 4012d8
  BB: 401ad6 in func 401140 with 3 insts
    I: 401ad6
    I: 401adc
    I: 401ae1 (flow 4028ed)
      Successors: 4028ed, 401ae7
  BB: 4012d8 in func 401140 with 3 insts
    I: 4012d8
    I: 4012de
    I: 4012e3 (flow 403e26)
      Successors: 4012e9, 403e26
  BB: 401ae7 in func 401140 with 1 insts
    I: 401ae7 (flow 401aec)
      Successors: 401aec
  BB: 4012e9 in func 401140 with 1 insts
    I: 4012e9 (flow 4012ee)
      Successors: 4012ee
  BB: 401aec in func 401140 with 3 insts
    I: 401aec
    I: 401af2
    I: 401af7 (flow 4035cb)
      Successors: 4035cb, 401afd
  BB: 4012ee in func 401140 with 3 insts
    I: 4012ee
    I: 4012f4
    I: 4012f9 (flow 4040f6)
      Successors: 4040f6, 4012ff
  BB: 4032f1 in func 401140 with 2 insts
    I: 4032f1
    I: 4032fb (flow 4041c3)
      Successors: 4041c3
  BB: 403af7 in func 401140 with 19 insts
    I: 403af7 (imm 407024)
    I: 403afe
    I: 403b00 (imm 407028)
    I: 403b07
    I: 403b09
    I: 403b0b
    I: 403b0e
    I: 403b11
    I: 403b14
    I: 403b17
    I: 403b1a
    I: 403b1d
    I: 403b20
    I: 403b22
    I: 403b27
    I: 403b2c
    I: 403b2f
    I: 403b32
    I: 403b38 (flow 4041c3)
      Successors: 4041c3
  BB: 4022fc in func 401140 with 7 insts
    I: 4022fc
    I: 4022ff
    I: 402304
    I: 402309
    I: 40230c
    I: 40230f
    I: 402315 (flow 4041c3)
      Successors: 4041c3
  BB: 401afd in func 401140 with 1 insts
    I: 401afd (flow 401b02)
      Successors: 401b02
  BB: 4012ff in func 401140 with 1 insts
    I: 4012ff (flow 401304)
      Successors: 401304
  BB: 403300 in func 401140 with 10 insts
    I: 403300
    I: 403306
    I: 403309
    I: 40330b
    I: 403313
    I: 403318
    I: 40331d
    I: 403320
    I: 403323
    I: 403329 (flow 4041c3)
      Successors: 4041c3
  BB: 401b02 in func 401140 with 3 insts
    I: 401b02
    I: 401b08
    I: 401b0d (flow 4041aa)
      Successors: 4041aa, 401b13
  BB: 401304 in func 401140 with 3 insts
    I: 401304
    I: 40130a
    I: 40130f (flow 404141)
      Successors: 404141, 401315
  BB: 401b13 in func 401140 with 1 insts
    I: 401b13 (flow 401b18)
      Successors: 401b18
  BB: 402b13 in func 401140 with 19 insts
    I: 402b13 (imm 407024)
    I: 402b1a
    I: 402b1c (imm 407028)
    I: 402b23
    I: 402b25
    I: 402b27
    I: 402b2a
    I: 402b2d
    I: 402b30
    I: 402b33
    I: 402b36
    I: 402b39
    I: 402b3c
    I: 402b3e
    I: 402b43
    I: 402b48
    I: 402b4b
    I: 402b4e
    I: 402b54 (flow 4041c3)
      Successors: 4041c3
  BB: 401315 in func 401140 with 1 insts
    I: 401315 (flow 40131a)
      Successors: 40131a
  BB: 401b18 in func 401140 with 3 insts
    I: 401b18
    I: 401b1e
    I: 401b23 (flow 402b13)
      Successors: 401b29, 402b13
  BB: 40131a in func 401140 with 3 insts
    I: 40131a
    I: 401320
    I: 401325 (flow 403c96)
      Successors: 40132b, 403c96
  BB: 40231a in func 401140 with 10 insts
    I: 40231a
    I: 402320
    I: 402323
    I: 402325
    I: 40232d
    I: 402332
    I: 402337
    I: 40233a
    I: 40233d
    I: 402343 (flow 4041c3)
      Successors: 4041c3
  BB: 401b29 in func 401140 with 1 insts
    I: 401b29 (flow 401b2e)
      Successors: 401b2e
  BB: 40132b in func 401140 with 1 insts
    I: 40132b (flow 401330)
      Successors: 401330
  BB: 401b2e in func 401140 with 3 insts
    I: 401b2e
    I: 401b34
    I: 401b39 (flow 403498)
      Successors: 403498, 401b3f
  BB: 40332e in func 401140 with 8 insts
    I: 40332e
    I: 403334
    I: 403337
    I: 40333d
    I: 403343
    I: 403346
    I: 40334c
    I: 403356 (flow 4041c3)
      Successors: 4041c3
  BB: 401330 in func 401140 with 3 insts
    I: 401330
    I: 401336
    I: 40133b (flow 402d40)
      Successors: 402d40, 401341
  BB: 403b3d in func 401140 with 25 insts
    I: 403b3d
    I: 403b43
    I: 403b46
    I: 403b4c
    I: 403b52
    I: 403b55
    I: 403b5b (imm 407024)
    I: 403b62
    I: 403b64 (imm 407028)
    I: 403b6b
    I: 403b6d
    I: 403b6f
    I: 403b72
    I: 403b75
    I: 403b78
    I: 403b7b
    I: 403b7e
    I: 403b81
    I: 403b84
    I: 403b86
    I: 403b8b
    I: 403b90
    I: 403b93
    I: 403b96
    I: 403b9c (flow 4041c3)
      Successors: 4041c3
  BB: 401b3f in func 401140 with 1 insts
    I: 401b3f (flow 401b44)
      Successors: 401b44
  BB: 401341 in func 401140 with 1 insts
    I: 401341 (flow 401346)
      Successors: 401346
  BB: 401b44 in func 401140 with 3 insts
    I: 401b44
    I: 401b4a
    I: 401b4f (flow 404150)
      Successors: 404150, 401b55
  BB: 401346 in func 401140 with 3 insts
    I: 401346
    I: 40134c
    I: 401351 (flow 403a46)
      Successors: 403a46, 401357
  BB: 402348 in func 401140 with 19 insts
    I: 402348 (imm 407024)
    I: 40234f
    I: 402351 (imm 407028)
    I: 402358
    I: 40235a
    I: 40235c
    I: 40235f
    I: 402362
    I: 402365
    I: 402368
    I: 40236b
    I: 40236e
    I: 402371
    I: 402373
    I: 402378
    I: 40237d
    I: 402380
    I: 402383
    I: 402389 (flow 4041c3)
      Successors: 4041c3
  BB: 401b55 in func 401140 with 1 insts
    I: 401b55 (flow 401b5a)
      Successors: 401b5a
  BB: 401357 in func 401140 with 1 insts
    I: 401357 (flow 40135c)
      Successors: 40135c
  BB: 402b59 in func 401140 with 2 insts
    I: 402b59
    I: 402b63 (flow 4041c3)
      Successors: 4041c3
  BB: 401b5a in func 401140 with 3 insts
    I: 401b5a
    I: 401b60
    I: 401b65 (flow 40263c)
      Successors: 401b6b, 40263c
  BB: 40335b in func 401140 with 19 insts
    I: 40335b (imm 407024)
    I: 403362
    I: 403364 (imm 407028)
    I: 40336b
    I: 40336d
    I: 40336f
    I: 403372
    I: 403375
    I: 403378
    I: 40337b
    I: 40337e
    I: 403381
    I: 403384
    I: 403386
    I: 40338b
    I: 403390
    I: 403393
    I: 403396
    I: 40339c (flow 4041c3)
      Successors: 4041c3
  BB: 40135c in func 401140 with 3 insts
    I: 40135c
    I: 401362
    I: 401367 (flow 4036eb)
      Successors: 4036eb, 40136d
  BB: 402b68 in func 401140 with 2 insts
    I: 402b68
    I: 402b72 (flow 4041c3)
      Successors: 4041c3
  BB: 401b6b in func 401140 with 1 insts
    I: 401b6b (flow 401b70)
      Successors: 401b70
  BB: 40136d in func 401140 with 1 insts
    I: 40136d (flow 401372)
      Successors: 401372
  BB: 401b70 in func 401140 with 3 insts
    I: 401b70
    I: 401b76
    I: 401b7b (flow 402f25)
      Successors: 401b81, 402f25
  BB: 401372 in func 401140 with 3 insts
    I: 401372
    I: 401378
    I: 40137d (flow 4023f4)
      Successors: 401383, 4023f4
  BB: 402b77 in func 401140 with 19 insts
    I: 402b77 (imm 407024)
    I: 402b7e
    I: 402b80 (imm 407028)
    I: 402b87
    I: 402b89
    I: 402b8b
    I: 402b8e
    I: 402b91
    I: 402b94
    I: 402b97
    I: 402b9a
    I: 402b9d
    I: 402ba0
    I: 402ba2
    I: 402ba7
    I: 402bac
    I: 402baf
    I: 402bb2
    I: 402bb8 (flow 4041c3)
      Successors: 4041c3
  BB: 401b81 in func 401140 with 1 insts
    I: 401b81 (flow 401b86)
      Successors: 401b86
  BB: 401383 in func 401140 with 1 insts
    I: 401383 (flow 401388)
      Successors: 401388
  BB: 401b86 in func 401140 with 3 insts
    I: 401b86
    I: 401b8c
    I: 401b91 (flow 40274a)
      Successors: 40274a, 401b97
  BB: 401388 in func 401140 with 3 insts
    I: 401388
    I: 40138e
    I: 401393 (flow 402de8)
      Successors: 402de8, 401399
  BB: 40238e in func 401140 with 25 insts
    I: 40238e
    I: 402394
    I: 402399
    I: 40239f
    I: 4023a5
    I: 4023a8
    I: 4023ae (imm 407024)
    I: 4023b5
    I: 4023b7 (imm 407028)
    I: 4023be
    I: 4023c0
    I: 4023c2
    I: 4023c5
    I: 4023c8
    I: 4023cb
    I: 4023ce
    I: 4023d1
    I: 4023d4
    I: 4023d7
    I: 4023d9
    I: 4023de
    I: 4023e3
    I: 4023e6
    I: 4023e9
    I: 4023ef (flow 4041c3)
      Successors: 4041c3
  BB: 401b97 in func 401140 with 1 insts
    I: 401b97 (flow 401b9c)
      Successors: 401b9c
  BB: 401399 in func 401140 with 1 insts
    I: 401399 (flow 40139e)
      Successors: 40139e
  BB: 401b9c in func 401140 with 3 insts
    I: 401b9c
    I: 401ba2
    I: 401ba7 (flow 402432)
      Successors: 402432, 401bad
  BB: 40139e in func 401140 with 3 insts
    I: 40139e
    I: 4013a4
    I: 4013a9 (flow 40291c)
      Successors: 40291c, 4013af
  BB: 4033a1 in func 401140 with 27 insts
    I: 4033a1
    I: 4033a7
    I: 4033aa
    I: 4033ac
    I: 4033b4
    I: 4033b7
    I: 4033ba
    I: 4033bc
    I: 4033bf (imm 407024)
    I: 4033c6
    I: 4033c8 (imm 407028)
    I: 4033cf
    I: 4033d1
    I: 4033d3
    I: 4033d6
    I: 4033d9
    I: 4033dc
    I: 4033df
    I: 4033e2
    I: 4033e5
    I: 4033e8
    I: 4033ea
    I: 4033ef
    I: 4033f4
    I: 4033f7
    I: 4033fa
    I: 403400 (flow 4041c3)
      Successors: 4041c3
  BB: 403ba1 in func 401140 with 2 insts
    I: 403ba1
    I: 403bab (flow 4041c3)
      Successors: 4041c3
  BB: 401bad in func 401140 with 1 insts
    I: 401bad (flow 401bb2)
      Successors: 401bb2
  BB: 4013af in func 401140 with 1 insts
    I: 4013af (flow 4013b4)
      Successors: 4013b4
  BB: 403bb0 in func 401140 with 2 insts
    I: 403bb0
    I: 403bba (flow 4041c3)
      Successors: 4041c3
  BB: 401bb2 in func 401140 with 3 insts
    I: 401bb2
    I: 401bb8
    I: 401bbd (flow 403f6e)
      Successors: 401bc3, 403f6e
  BB: 4013b4 in func 401140 with 3 insts
    I: 4013b4
    I: 4013ba
    I: 4013bf (flow 402403)
      Successors: 402403, 4013c5
  BB: 402bbd in func 401140 with 25 insts
    I: 402bbd
    I: 402bc4
    I: 402bcc
    I: 402bcf
    I: 402bd2
    I: 402bd4
    I: 402bd7 (imm 407024)
    I: 402bde
    I: 402be0 (imm 407028)
    I: 402be7
    I: 402be9
    I: 402beb
    I: 402bee
    I: 402bf1
    I: 402bf4
    I: 402bf7
    I: 402bfa
    I: 402bfd
    I: 402c00
    I: 402c02
    I: 402c07
    I: 402c0c
    I: 402c0f
    I: 402c12
    I: 402c18 (flow 4041c3)
      Successors: 4041c3
  BB: 403bbf in func 401140 with 2 insts
    I: 403bbf
    I: 403bc9 (flow 4041c3)
      Successors: 4041c3
  BB: 401bc3 in func 401140 with 1 insts
    I: 401bc3 (flow 401bc8)
      Successors: 401bc8
  BB: 4013c5 in func 401140 with 1 insts
    I: 4013c5 (flow 4013ca)
      Successors: 4013ca
  BB: 401bc8 in func 401140 with 3 insts
    I: 401bc8
    I: 401bce
    I: 401bd3 (flow 403452)
      Successors: 401bd9, 403452
  BB: 4013ca in func 401140 with 3 insts
    I: 4013ca
    I: 4013d0
    I: 4013d5 (flow 4040ab)
      Successors: 4013db, 4040ab
  BB: 403bce in func 401140 with 2 insts
    I: 403bce
    I: 403bd8 (flow 4041c3)
      Successors: 4041c3
  BB: 401bd9 in func 401140 with 1 insts
    I: 401bd9 (flow 401bde)
      Successors: 401bde
  BB: 4013db in func 401140 with 1 insts
    I: 4013db (flow 4013e0)
      Successors: 4013e0
  BB: 403bdd in func 401140 with 2 insts
    I: 403bdd
    I: 403be7 (flow 4041c3)
      Successors: 4041c3
  BB: 401bde in func 401140 with 3 insts
    I: 401bde
    I: 401be4
    I: 401be9 (flow 403d40)
      Successors: 403d40, 401bef
  BB: 4013e0 in func 401140 with 3 insts
    I: 4013e0
    I: 4013e6
    I: 4013eb (flow 403042)
      Successors: 4013f1, 403042
  BB: 403bec in func 401140 with 19 insts
    I: 403bec (imm 407024)
    I: 403bf3
    I: 403bf5 (imm 407028)
    I: 403bfc
    I: 403bfe
    I: 403c00
    I: 403c03
    I: 403c06
    I: 403c09
    I: 403c0c
    I: 403c0f
    I: 403c12
    I: 403c15
    I: 403c17
    I: 403c1c
    I: 403c21
    I: 403c24
    I: 403c27
    I: 403c2d (flow 4041c3)
      Successors: 4041c3
  BB: 401bef in func 401140 with 1 insts
    I: 401bef (flow 401bf4)
      Successors: 401bf4
  BB: 4013f1 in func 401140 with 1 insts
    I: 4013f1 (flow 4013f6)
      Successors: 4013f6
  BB: 401bf4 in func 401140 with 3 insts
    I: 401bf4
    I: 401bfa
    I: 401bff (flow 402533)
      Successors: 402533, 401c05
  BB: 4023f4 in func 401140 with 2 insts
    I: 4023f4
    I: 4023fe (flow 4041c3)
      Successors: 4041c3
  BB: 4013f6 in func 401140 with 3 insts
    I: 4013f6
    I: 4013fc
    I: 401401 (flow 402c96)
      Successors: 402c96, 401407
  BB: 402403 in func 401140 with 8 insts
    I: 402403
    I: 402409
    I: 40240e
    I: 402414
    I: 40241a
    I: 40241d
    I: 402423
    I: 40242d (flow 4041c3)
      Successors: 4041c3
  BB: 401c05 in func 401140 with 1 insts
    I: 401c05 (flow 401c0a)
      Successors: 401c0a
  BB: 403405 in func 401140 with 7 insts
    I: 403405
    I: 403408
    I: 40340d
    I: 403412
    I: 403415
    I: 403418
    I: 40341e (flow 4041c3)
      Successors: 4041c3
  BB: 401407 in func 401140 with 1 insts
    I: 401407 (flow 40140c)
      Successors: 40140c
  BB: 401c0a in func 401140 with 3 insts
    I: 401c0a
    I: 401c10
    I: 401c15 (flow 40351a)
      Successors: 40351a, 401c1b
  BB: 40140c in func 401140 with 3 insts
    I: 40140c
    I: 401412
    I: 401417 (flow 403d6d)
      Successors: 403d6d, 40141d
  BB: 401c1b in func 401140 with 1 insts
    I: 401c1b (flow 401c20)
      Successors: 401c20
  BB: 40141d in func 401140 with 1 insts
    I: 40141d (flow 401422)
      Successors: 401422
  BB: 402c1d in func 401140 with 7 insts
    I: 402c1d
    I: 402c20
    I: 402c25
    I: 402c2a
    I: 402c2d
    I: 402c30
    I: 402c36 (flow 4041c3)
      Successors: 4041c3
  BB: 401c20 in func 401140 with 3 insts
    I: 401c20
    I: 401c26
    I: 401c2b (flow 402fb6)
      Successors: 401c31, 402fb6
  BB: 401422 in func 401140 with 3 insts
    I: 401422
    I: 401428
    I: 40142d (flow 4041b9)
      Successors: 4041b9, 401433
  BB: 403423 in func 401140 with 8 insts
    I: 403423
    I: 403429
    I: 40342e
    I: 403434
    I: 40343a
    I: 40343d
    I: 403443
    I: 40344d (flow 4041c3)
      Successors: 4041c3
  BB: 401c31 in func 401140 with 1 insts
    I: 401c31 (flow 401c36)
      Successors: 401c36
  BB: 402432 in func 401140 with 2 insts
    I: 402432
    I: 40243c (flow 4041c3)
      Successors: 4041c3
  BB: 401433 in func 401140 with 1 insts
    I: 401433 (flow 401438)
      Successors: 401438
  BB: 403c32 in func 401140 with 19 insts
    I: 403c32 (imm 407024)
    I: 403c39
    I: 403c3b (imm 407028)
    I: 403c42
    I: 403c44
    I: 403c46
    I: 403c49
    I: 403c4c
    I: 403c4f
    I: 403c52
    I: 403c55
    I: 403c58
    I: 403c5b
    I: 403c5d
    I: 403c62
    I: 403c67
    I: 403c6a
    I: 403c6d
    I: 403c73 (flow 4041c3)
      Successors: 4041c3
  BB: 401c36 in func 401140 with 3 insts
    I: 401c36
    I: 401c3c
    I: 401c41 (flow 40362f)
      Successors: 40362f, 401c47
  BB: 401438 in func 401140 with 3 insts
    I: 401438
    I: 40143e
    I: 401443 (flow 403f01)
      Successors: 401449, 403f01
  BB: 402c3b in func 401140 with 10 insts
    I: 402c3b
    I: 402c41
    I: 402c44
    I: 402c46
    I: 402c4e
    I: 402c53
    I: 402c58
    I: 402c5b
    I: 402c5e
    I: 402c64 (flow 4041c3)
      Successors: 4041c3
  BB: 402441 in func 401140 with 19 insts
    I: 402441 (imm 407024)
    I: 402448
    I: 40244a (imm 407028)
    I: 402451
    I: 402453
    I: 402455
    I: 402458
    I: 40245b
    I: 40245e
    I: 402461
    I: 402464
    I: 402467
    I: 40246a
    I: 40246c
    I: 402471
    I: 402476
    I: 402479
    I: 40247c
    I: 402482 (flow 4041c3)
      Successors: 4041c3
  BB: 401c47 in func 401140 with 1 insts
    I: 401c47 (flow 401c4c)
      Successors: 401c4c
  BB: 401449 in func 401140 with 1 insts
    I: 401449 (flow 40144e)
      Successors: 40144e
  BB: 401c4c in func 401140 with 3 insts
    I: 401c4c
    I: 401c52
    I: 401c57 (flow 403e17)
      Successors: 401c5d, 403e17
  BB: 40144e in func 401140 with 3 insts
    I: 40144e
    I: 401454
    I: 401459 (flow 403976)
      Successors: 403976, 40145f
  BB: 403452 in func 401140 with 19 insts
    I: 403452 (imm 407024)
    I: 403459
    I: 40345b (imm 407028)
    I: 403462
    I: 403464
    I: 403466
    I: 403469
    I: 40346c
    I: 40346f
    I: 403472
    I: 403475
    I: 403478
    I: 40347b
    I: 40347d
    I: 403482
    I: 403487
    I: 40348a
    I: 40348d
    I: 403493 (flow 4041c3)
      Successors: 4041c3
  BB: 401c5d in func 401140 with 1 insts
    I: 401c5d (flow 401c62)
      Successors: 401c62
  BB: 40145f in func 401140 with 1 insts
    I: 40145f (flow 401464)
      Successors: 401464
  BB: 401c62 in func 401140 with 3 insts
    I: 401c62
    I: 401c68
    I: 401c6d (flow 4037a4)
      Successors: 401c73, 4037a4
  BB: 401464 in func 401140 with 3 insts
    I: 401464
    I: 40146a
    I: 40146f (flow 40332e)
      Successors: 401475, 40332e
  BB: 402c69 in func 401140 with 8 insts
    I: 402c69
    I: 402c6f
    I: 402c72
    I: 402c78
    I: 402c7e
    I: 402c81
    I: 402c87
    I: 402c91 (flow 4041c3)
      Successors: 4041c3
  BB: 401c73 in func 401140 with 1 insts
    I: 401c73 (flow 401c78)
      Successors: 401c78
  BB: 401475 in func 401140 with 1 insts
    I: 401475 (flow 40147a)
      Successors: 40147a
  BB: 401c78 in func 401140 with 3 insts
    I: 401c78
    I: 401c7e
    I: 401c83 (flow 40238e)
      Successors: 401c89, 40238e
  BB: 403c78 in func 401140 with 2 insts
    I: 403c78
    I: 403c82 (flow 4041c3)
      Successors: 4041c3
  BB: 40147a in func 401140 with 3 insts
    I: 40147a
    I: 401480
    I: 401485 (flow 40415f)
      Successors: 40148b, 40415f
  BB: 402487 in func 401140 with 25 insts
    I: 402487
    I: 40248e
    I: 402496
    I: 402499
    I: 40249c
    I: 40249e
    I: 4024a1 (imm 407024)
    I: 4024a8
    I: 4024aa (imm 407028)
    I: 4024b1
    I: 4024b3
    I: 4024b5
    I: 4024b8
    I: 4024bb
    I: 4024be
    I: 4024c1
    I: 4024c4
    I: 4024c7
    I: 4024ca
    I: 4024cc
    I: 4024d1
    I: 4024d6
    I: 4024d9
    I: 4024dc
    I: 4024e2 (flow 4041c3)
      Successors: 4041c3
  BB: 403c87 in func 401140 with 2 insts
    I: 403c87
    I: 403c91 (flow 4041c3)
      Successors: 4041c3
  BB: 401c89 in func 401140 with 1 insts
    I: 401c89 (flow 401c8e)
      Successors: 401c8e
  BB: 40148b in func 401140 with 1 insts
    I: 40148b (flow 401490)
      Successors: 401490
  BB: 401c8e in func 401140 with 3 insts
    I: 401c8e
    I: 401c94
    I: 401c99 (flow 403d31)
      Successors: 403d31, 401c9f
  BB: 401490 in func 401140 with 3 insts
    I: 401490
    I: 401496
    I: 40149b (flow 402790)
      Successors: 402790, 4014a1
  BB: 402c96 in func 401140 with 19 insts
    I: 402c96 (imm 407024)
    I: 402c9d
    I: 402c9f (imm 407028)
    I: 402ca6
    I: 402ca8
    I: 402caa
    I: 402cad
    I: 402cb0
    I: 402cb3
    I: 402cb6
    I: 402cb9
    I: 402cbc
    I: 402cbf
    I: 402cc1
    I: 402cc6
    I: 402ccb
    I: 402cce
    I: 402cd1
    I: 402cd7 (flow 4041c3)
      Successors: 4041c3
  BB: 403c96 in func 401140 with 19 insts
    I: 403c96 (imm 407024)
    I: 403c9d
    I: 403c9f (imm 407028)
    I: 403ca6
    I: 403ca8
    I: 403caa
    I: 403cad
    I: 403cb0
    I: 403cb3
    I: 403cb6
    I: 403cb9
    I: 403cbc
    I: 403cbf
    I: 403cc1
    I: 403cc6
    I: 403ccb
    I: 403cce
    I: 403cd1
    I: 403cd7 (flow 4041c3)
      Successors: 4041c3
  BB: 403498 in func 401140 with 27 insts
    I: 403498
    I: 40349e
    I: 4034a1
    I: 4034a3
    I: 4034ab
    I: 4034ae
    I: 4034b1
    I: 4034b3
    I: 4034b6 (imm 407024)
    I: 4034bd
    I: 4034bf (imm 407028)
    I: 4034c6
    I: 4034c8
    I: 4034ca
    I: 4034cd
    I: 4034d0
    I: 4034d3
    I: 4034d6
    I: 4034d9
    I: 4034dc
    I: 4034df
    I: 4034e1
    I: 4034e6
    I: 4034eb
    I: 4034ee
    I: 4034f1
    I: 4034f7 (flow 4041c3)
      Successors: 4041c3
  BB: 401c9f in func 401140 with 1 insts
    I: 401c9f (flow 401ca4)
      Successors: 401ca4
  BB: 4014a1 in func 401140 with 1 insts
    I: 4014a1 (flow 4014a6)
      Successors: 4014a6
  BB: 401ca4 in func 401140 with 3 insts
    I: 401ca4
    I: 401caa
    I: 401caf (flow 403d4f)
      Successors: 401cb5, 403d4f
  BB: 4014a6 in func 401140 with 3 insts
    I: 4014a6
    I: 4014ac
    I: 4014b1 (flow 4021a9)
      Successors: 4021a9, 4014b7
  BB: 401cb5 in func 401140 with 1 insts
    I: 401cb5 (flow 401cba)
      Successors: 401cba
  BB: 4014b7 in func 401140 with 1 insts
    I: 4014b7 (flow 4014bc)
      Successors: 4014bc
  BB: 401cba in func 401140 with 3 insts
    I: 401cba
    I: 401cc0
    I: 401cc5 (flow 403549)
      Successors: 403549, 401ccb
  BB: 4014bc in func 401140 with 3 insts
    I: 4014bc
    I: 4014c2
    I: 4014c7 (flow 402806)
      Successors: 4014cd, 402806
  BB: 401ccb in func 401140 with 1 insts
    I: 401ccb (flow 401cd0)
      Successors: 401cd0
  BB: 4014cd in func 401140 with 1 insts
    I: 4014cd (flow 4014d2)
      Successors: 4014d2
  BB: 401cd0 in func 401140 with 3 insts
    I: 401cd0
    I: 401cd6
    I: 401cdb (flow 40408d)
      Successors: 401ce1, 40408d
  BB: 4014d2 in func 401140 with 3 insts
    I: 4014d2
    I: 4014d8
    I: 4014dd (flow 403219)
      Successors: 403219, 4014e3
  BB: 402cdc in func 401140 with 27 insts
    I: 402cdc
    I: 402ce2
    I: 402ce5
    I: 402ce7
    I: 402cef
    I: 402cf2
    I: 402cf5
    I: 402cf7
    I: 402cfa (imm 407024)
    I: 402d01
    I: 402d03 (imm 407028)
    I: 402d0a
    I: 402d0c
    I: 402d0e
    I: 402d11
    I: 402d14
    I: 402d17
    I: 402d1a
    I: 402d1d
    I: 402d20
    I: 402d23
    I: 402d25
    I: 402d2a
    I: 402d2f
    I: 402d32
    I: 402d35
    I: 402d3b (flow 4041c3)
      Successors: 4041c3
  BB: 403cdc in func 401140 with 19 insts
    I: 403cdc (imm 407024)
    I: 403ce3
    I: 403ce5 (imm 407028)
    I: 403cec
    I: 403cee
    I: 403cf0
    I: 403cf3
    I: 403cf6
    I: 403cf9
    I: 403cfc
    I: 403cff
    I: 403d02
    I: 403d05
    I: 403d07
    I: 403d0c
    I: 403d11
    I: 403d14
    I: 403d17
    I: 403d1d (flow 4041c3)
      Successors: 4041c3
  BB: 401ce1 in func 401140 with 1 insts
    I: 401ce1 (flow 401ce6)
      Successors: 401ce6
  BB: 4014e3 in func 401140 with 1 insts
    I: 4014e3 (flow 4014e8)
      Successors: 4014e8
  BB: 401ce6 in func 401140 with 3 insts
    I: 401ce6
    I: 401cec
    I: 401cf1 (flow 403611)
      Successors: 403611, 401cf7
  BB: 4024e7 in func 401140 with 7 insts
    I: 4024e7
    I: 4024ea
    I: 4024ef
    I: 4024f4
    I: 4024f7
    I: 4024fa
    I: 402500 (flow 4041c3)
      Successors: 4041c3
  BB: 4014e8 in func 401140 with 3 insts
    I: 4014e8
    I: 4014ee
    I: 4014f3 (flow 403808)
      Successors: 403808, 4014f9
  BB: 401cf7 in func 401140 with 1 insts
    I: 401cf7 (flow 401cfc)
      Successors: 401cfc
  BB: 4014f9 in func 401140 with 1 insts
    I: 4014f9 (flow 4014fe)
      Successors: 4014fe
  BB: 401cfc in func 401140 with 3 insts
    I: 401cfc
    I: 401d02
    I: 401d07 (flow 402ffc)
      Successors: 402ffc, 401d0d
  BB: 4034fc in func 401140 with 7 insts
    I: 4034fc
    I: 4034ff
    I: 403504
    I: 403509
    I: 40350c
    I: 40350f
    I: 403515 (flow 4041c3)
      Successors: 4041c3
  BB: 4014fe in func 401140 with 3 insts
    I: 4014fe
    I: 401504
    I: 401509 (flow 403585)
      Successors: 403585, 40150f
  BB: 402505 in func 401140 with 10 insts
    I: 402505
    I: 40250b
    I: 40250e
    I: 402510
    I: 402518
    I: 40251d
    I: 402522
    I: 402525
    I: 402528
    I: 40252e (flow 4041c3)
      Successors: 4041c3
  BB: 401d0d in func 401140 with 1 insts
    I: 401d0d (flow 401d12)
      Successors: 401d12
  BB: 40150f in func 401140 with 1 insts
    I: 40150f (flow 401514)
      Successors: 401514
  BB: 401d12 in func 401140 with 3 insts
    I: 401d12
    I: 401d18
    I: 401d1d (flow 40231a)
      Successors: 40231a, 401d23
  BB: 401514 in func 401140 with 3 insts
    I: 401514
    I: 40151a
    I: 40151f (flow 402fa7)
      Successors: 401525, 402fa7
  BB: 40351a in func 401140 with 8 insts
    I: 40351a
    I: 403520
    I: 403525
    I: 40352b
    I: 403531
    I: 403534
    I: 40353a
    I: 403544 (flow 4041c3)
      Successors: 4041c3
  BB: 403d22 in func 401140 with 2 insts
    I: 403d22
    I: 403d2c (flow 4041c3)
      Successors: 4041c3
  BB: 401d23 in func 401140 with 1 insts
    I: 401d23 (flow 401d28)
      Successors: 401d28
  BB: 401525 in func 401140 with 1 insts
    I: 401525 (flow 40152a)
      Successors: 40152a
  BB: 401d28 in func 401140 with 3 insts
    I: 401d28
    I: 401d2e
    I: 401d33 (flow 40284c)
      Successors: 401d39, 40284c
  BB: 40152a in func 401140 with 3 insts
    I: 40152a
    I: 401530
    I: 401535 (flow 402590)
      Successors: 402590, 40153b
  BB: 403d31 in func 401140 with 2 insts
    I: 403d31
    I: 403d3b (flow 4041c3)
      Successors: 4041c3
  BB: 402533 in func 401140 with 8 insts
    I: 402533
    I: 402539
    I: 40253e
    I: 402544
    I: 40254a
    I: 40254d
    I: 402553
    I: 40255d (flow 4041c3)
      Successors: 4041c3
  BB: 401d39 in func 401140 with 1 insts
    I: 401d39 (flow 401d3e)
      Successors: 401d3e
  BB: 40153b in func 401140 with 1 insts
    I: 40153b (flow 401540)
      Successors: 401540
  BB: 401d3e in func 401140 with 3 insts
    I: 401d3e
    I: 401d44
    I: 401d49 (flow 402348)
      Successors: 402348, 401d4f
  BB: 401540 in func 401140 with 3 insts
    I: 401540
    I: 401546
    I: 40154b (flow 403d8b)
      Successors: 401551, 403d8b
  BB: 402d40 in func 401140 with 7 insts
    I: 402d40
    I: 402d43
    I: 402d48
    I: 402d4d
    I: 402d50
    I: 402d53
    I: 402d59 (flow 4041c3)
      Successors: 4041c3
  BB: 403d40 in func 401140 with 2 insts
    I: 403d40
    I: 403d4a (flow 4041c3)
      Successors: 4041c3
  BB: 403549 in func 401140 with 8 insts
    I: 403549
    I: 40354f
    I: 403552
    I: 403558
    I: 40355e
    I: 403561
    I: 403567
    I: 403571 (flow 4041c3)
      Successors: 4041c3
  BB: 401d4f in func 401140 with 1 insts
    I: 401d4f (flow 401d54)
      Successors: 401d54
  BB: 403d4f in func 401140 with 2 insts
    I: 403d4f
    I: 403d59 (flow 4041c3)
      Successors: 4041c3
  BB: 401551 in func 401140 with 1 insts
    I: 401551 (flow 401556)
      Successors: 401556
  BB: 401d54 in func 401140 with 3 insts
    I: 401d54
    I: 401d5a
    I: 401d5f (flow 404105)
      Successors: 404105, 401d65
  BB: 401556 in func 401140 with 3 insts
    I: 401556
    I: 40155c
    I: 401561 (flow 404132)
      Successors: 404132, 401567
  BB: 402d5e in func 401140 with 8 insts
    I: 402d5e
    I: 402d64
    I: 402d67
    I: 402d6d
    I: 402d73
    I: 402d76
    I: 402d7c
    I: 402d86 (flow 4041c3)
      Successors: 4041c3
  BB: 403d5e in func 401140 with 2 insts
    I: 403d5e
    I: 403d68 (flow 4041c3)
      Successors: 4041c3
  BB: 402562 in func 401140 with 10 insts
    I: 402562
    I: 402568
    I: 40256b
    I: 40256d
    I: 402575
    I: 40257a
    I: 40257f
    I: 402582
    I: 402585
    I: 40258b (flow 4041c3)
      Successors: 4041c3
  BB: 401d65 in func 401140 with 1 insts
    I: 401d65 (flow 401d6a)
      Successors: 401d6a
  BB: 401567 in func 401140 with 1 insts
    I: 401567 (flow 40156c)
      Successors: 40156c
  BB: 401d6a in func 401140 with 3 insts
    I: 401d6a
    I: 401d70
    I: 401d75 (flow 402edf)
      Successors: 401d7b, 402edf
  BB: 40156c in func 401140 with 3 insts
    I: 40156c
    I: 401572
    I: 401577 (flow 402a05)
      Successors: 402a05, 40157d
  BB: 403d6d in func 401140 with 2 insts
    I: 403d6d
    I: 403d77 (flow 4041c3)
      Successors: 4041c3
  BB: 403576 in func 401140 with 2 insts
    I: 403576
    I: 403580 (flow 4041c3)
      Successors: 4041c3
  BB: 401d7b in func 401140 with 1 insts
    I: 401d7b (flow 401d80)
      Successors: 401d80
  BB: 403d7c in func 401140 with 2 insts
    I: 403d7c
    I: 403d86 (flow 4041c3)
      Successors: 4041c3
  BB: 40157d in func 401140 with 1 insts
    I: 40157d (flow 401582)
      Successors: 401582
  BB: 401d80 in func 401140 with 3 insts
    I: 401d80
    I: 401d86
    I: 401d8b (flow 40328d)
      Successors: 401d91, 40328d
  BB: 401582 in func 401140 with 3 insts
    I: 401582
    I: 401588
    I: 40158d (flow 402487)
      Successors: 401593, 402487
  BB: 403585 in func 401140 with 19 insts
    I: 403585 (imm 407024)
    I: 40358c
    I: 40358e (imm 407028)
    I: 403595
    I: 403597
    I: 403599
    I: 40359c
    I: 40359f
    I: 4035a2
    I: 4035a5
    I: 4035a8
    I: 4035ab
    I: 4035ae
    I: 4035b0
    I: 4035b5
    I: 4035ba
    I: 4035bd
    I: 4035c0
    I: 4035c6 (flow 4041c3)
      Successors: 4041c3
  BB: 402d8b in func 401140 with 10 insts
    I: 402d8b
    I: 402d91
    I: 402d94
    I: 402d96
    I: 402d9e
    I: 402da3
    I: 402da8
    I: 402dab
    I: 402dae
    I: 402db4 (flow 4041c3)
      Successors: 4041c3
  BB: 403d8b in func 401140 with 19 insts
    I: 403d8b (imm 407024)
    I: 403d92
    I: 403d94 (imm 407028)
    I: 403d9b
    I: 403d9d
    I: 403d9f
    I: 403da2
    I: 403da5
    I: 403da8
    I: 403dab
    I: 403dae
    I: 403db1
    I: 403db4
    I: 403db6
    I: 403dbb
    I: 403dc0
    I: 403dc3
    I: 403dc6
    I: 403dcc (flow 4041c3)
      Successors: 4041c3
  BB: 402590 in func 401140 with 19 insts
    I: 402590 (imm 407024)
    I: 402597
    I: 402599 (imm 407028)
    I: 4025a0
    I: 4025a2
    I: 4025a4
    I: 4025a7
    I: 4025aa
    I: 4025ad
    I: 4025b0
    I: 4025b3
    I: 4025b6
    I: 4025b9
    I: 4025bb
    I: 4025c0
    I: 4025c5
    I: 4025c8
    I: 4025cb
    I: 4025d1 (flow 4041c3)
      Successors: 4041c3
  BB: 401d91 in func 401140 with 1 insts
    I: 401d91 (flow 401d96)
      Successors: 401d96
  BB: 401593 in func 401140 with 1 insts
    I: 401593 (flow 401598)
      Successors: 401598
  BB: 401d96 in func 401140 with 3 insts
    I: 401d96
    I: 401d9c
    I: 401da1 (flow 4025d6)
      Successors: 4025d6, 401da7
  BB: 401598 in func 401140 with 3 insts
    I: 401598
    I: 40159e
    I: 4015a3 (flow 403ef2)
      Successors: 4015a9, 403ef2
  BB: 401da7 in func 401140 with 1 insts
    I: 401da7 (flow 401dac)
      Successors: 401dac
  BB: 4015a9 in func 401140 with 1 insts
    I: 4015a9 (flow 4015ae)
      Successors: 4015ae
  BB: 401dac in func 401140 with 3 insts
    I: 401dac
    I: 401db2
    I: 401db7 (flow 403aaa)
      Successors: 403aaa, 401dbd
  BB: 4015ae in func 401140 with 3 insts
    I: 4015ae
    I: 4015b4
    I: 4015b9 (flow 403c32)
      Successors: 403c32, 4015bf
  BB: 402db9 in func 401140 with 8 insts
    I: 402db9
    I: 402dbf
    I: 402dc4
    I: 402dca
    I: 402dd0
    I: 402dd3
    I: 402dd9
    I: 402de3 (flow 4041c3)
      Successors: 4041c3
  BB: 401dbd in func 401140 with 1 insts
    I: 401dbd (flow 401dc2)
      Successors: 401dc2
  BB: 4015bf in func 401140 with 1 insts
    I: 4015bf (flow 4015c4)
      Successors: 4015c4
  BB: 401dc2 in func 401140 with 3 insts
    I: 401dc2
    I: 401dc8
    I: 401dcd (flow 403f9b)
      Successors: 401dd3, 403f9b
  BB: 4015c4 in func 401140 with 3 insts
    I: 4015c4
    I: 4015ca
    I: 4015cf (flow 402b68)
      Successors: 402b68, 4015d5
  BB: 4035cb in func 401140 with 19 insts
    I: 4035cb (imm 407024)
    I: 4035d2
    I: 4035d4 (imm 407028)
    I: 4035db
    I: 4035dd
    I: 4035df
    I: 4035e2
    I: 4035e5
    I: 4035e8
    I: 4035eb
    I: 4035ee
    I: 4035f1
    I: 4035f4
    I: 4035f6
    I: 4035fb
    I: 403600
    I: 403603
    I: 403606
    I: 40360c (flow 4041c3)
      Successors: 4041c3
  BB: 403dd1 in func 401140 with 19 insts
    I: 403dd1 (imm 407024)
    I: 403dd8
    I: 403dda (imm 407028)
    I: 403de1
    I: 403de3
    I: 403de5
    I: 403de8
    I: 403deb
    I: 403dee
    I: 403df1
    I: 403df4
    I: 403df7
    I: 403dfa
    I: 403dfc
    I: 403e01
    I: 403e06
    I: 403e09
    I: 403e0c
    I: 403e12 (flow 4041c3)
      Successors: 4041c3
  BB: 401dd3 in func 401140 with 1 insts
    I: 401dd3 (flow 401dd8)
      Successors: 401dd8
  BB: 4015d5 in func 401140 with 1 insts
    I: 4015d5 (flow 4015da)
      Successors: 4015da
  BB: 4025d6 in func 401140 with 25 insts
    I: 4025d6
    I: 4025dc
    I: 4025e1
    I: 4025e7
    I: 4025ed
    I: 4025f0
    I: 4025f6 (imm 407024)
    I: 4025fd
    I: 4025ff (imm 407028)
    I: 402606
    I: 402608
    I: 40260a
    I: 40260d
    I: 402610
    I: 402613
    I: 402616
    I: 402619
    I: 40261c
    I: 40261f
    I: 402621
    I: 402626
    I: 40262b
    I: 40262e
    I: 402631
    I: 402637 (flow 4041c3)
      Successors: 4041c3
  BB: 401dd8 in func 401140 with 3 insts
    I: 401dd8
    I: 401dde
    I: 401de3 (flow 403bce)
      Successors: 401de9, 403bce
  BB: 4015da in func 401140 with 3 insts
    I: 4015da
    I: 4015e0
    I: 4015e5 (flow 403ee3)
      Successors: 4015eb, 403ee3
  BB: 402de8 in func 401140 with 19 insts
    I: 402de8 (imm 407024)
    I: 402def
    I: 402df1 (imm 407028)
    I: 402df8
    I: 402dfa
    I: 402dfc
    I: 402dff
    I: 402e02
    I: 402e05
    I: 402e08
    I: 402e0b
    I: 402e0e
    I: 402e11
    I: 402e13
    I: 402e18
    I: 402e1d
    I: 402e20
    I: 402e23
    I: 402e29 (flow 4041c3)
      Successors: 4041c3
  BB: 401de9 in func 401140 with 1 insts
    I: 401de9 (flow 401dee)
      Successors: 401dee
  BB: 4015eb in func 401140 with 1 insts
    I: 4015eb (flow 4015f0)
      Successors: 4015f0
  BB: 401dee in func 401140 with 3 insts
    I: 401dee
    I: 401df4
    I: 401df9 (flow 403b3d)
      Successors: 403b3d, 401dff
  BB: 4015f0 in func 401140 with 3 insts
    I: 4015f0
    I: 4015f6
    I: 4015fb (flow 40409c)
      Successors: 401601, 40409c
  BB: 401dff in func 401140 with 1 insts
    I: 401dff (flow 401e04)
      Successors: 401e04
  BB: 401601 in func 401140 with 1 insts
    I: 401601 (flow 401606)
      Successors: 401606
  BB: 401e04 in func 401140 with 3 insts
    I: 401e04
    I: 401e0a
    I: 401e0f (flow 40363e)
      Successors: 401e15, 40363e
  BB: 401606 in func 401140 with 3 insts
    I: 401606
    I: 40160c
    I: 401611 (flow 403853)
      Successors: 403853, 401617
  BB: 403611 in func 401140 with 2 insts
    I: 403611
    I: 40361b (flow 4041c3)
      Successors: 4041c3
  BB: 401e15 in func 401140 with 1 insts
    I: 401e15 (flow 401e1a)
      Successors: 401e1a
  BB: 401617 in func 401140 with 1 insts
    I: 401617 (flow 40161c)
      Successors: 40161c
  BB: 403e17 in func 401140 with 2 insts
    I: 403e17
    I: 403e21 (flow 4041c3)
      Successors: 4041c3
  BB: 401e1a in func 401140 with 3 insts
    I: 401e1a
    I: 401e20
    I: 401e25 (flow 402209)
      Successors: 402209, 401e2b
  BB: 40161c in func 401140 with 3 insts
    I: 40161c
    I: 401622
    I: 401627 (flow 403bdd)
      Successors: 403bdd, 40162d
  BB: 403620 in func 401140 with 2 insts
    I: 403620
    I: 40362a (flow 4041c3)
      Successors: 4041c3
  BB: 403e26 in func 401140 with 6 insts
    I: 403e26
    I: 403e2c (imm 405007)
    I: 403e36
    I: 403e38 (flow 407038)
    I: 403e3d
    I: 403e47 (flow 4041c3)
      Successors: 4041c3
  BB: 401e2b in func 401140 with 1 insts
    I: 401e2b (flow 401e30)
      Successors: 401e30
  BB: 40162d in func 401140 with 1 insts
    I: 40162d (flow 401632)
      Successors: 401632
  BB: 402e2e in func 401140 with 27 insts
    I: 402e2e
    I: 402e34
    I: 402e37
    I: 402e39
    I: 402e41
    I: 402e44
    I: 402e47
    I: 402e49
    I: 402e4c (imm 407024)
    I: 402e53
    I: 402e55 (imm 407028)
    I: 402e5c
    I: 402e5e
    I: 402e60
    I: 402e63
    I: 402e66
    I: 402e69
    I: 402e6c
    I: 402e6f
    I: 402e72
    I: 402e75
    I: 402e77
    I: 402e7c
    I: 402e81
    I: 402e84
    I: 402e87
    I: 402e8d (flow 4041c3)
      Successors: 4041c3
  BB: 40362f in func 401140 with 2 insts
    I: 40362f
    I: 403639 (flow 4041c3)
      Successors: 4041c3
  BB: 401e30 in func 401140 with 3 insts
    I: 401e30
    I: 401e36
    I: 401e3b (flow 403a00)
      Successors: 403a00, 401e41
  BB: 401632 in func 401140 with 3 insts
    I: 401632
    I: 401638
    I: 40163d (flow 4039a3)
      Successors: 401643, 4039a3
  BB: 40263c in func 401140 with 2 insts
    I: 40263c
    I: 402646 (flow 4041c3)
      Successors: 4041c3
  BB: 40363e in func 401140 with 2 insts
    I: 40363e
    I: 403648 (flow 4041c3)
      Successors: 4041c3
  BB: 401e41 in func 401140 with 1 insts
    I: 401e41 (flow 401e46)
      Successors: 401e46
  BB: 401643 in func 401140 with 1 insts
    I: 401643 (flow 401648)
      Successors: 401648
  BB: 401e46 in func 401140 with 3 insts
    I: 401e46
    I: 401e4c
    I: 401e51 (flow 40364d)
      Successors: 40364d, 401e57
  BB: 401648 in func 401140 with 3 insts
    I: 401648
    I: 40164e
    I: 401653 (flow 404006)
      Successors: 401659, 404006
  BB: 40264b in func 401140 with 19 insts
    I: 40264b (imm 407024)
    I: 402652
    I: 402654 (imm 407028)
    I: 40265b
    I: 40265d
    I: 40265f
    I: 402662
    I: 402665
    I: 402668
    I: 40266b
    I: 40266e
    I: 402671
    I: 402674
    I: 402676
    I: 40267b
    I: 402680
    I: 402683
    I: 402686
    I: 40268c (flow 4041c3)
      Successors: 4041c3
  BB: 403e4c in func 401140 with 19 insts
    I: 403e4c (imm 407024)
    I: 403e53
    I: 403e55 (imm 407028)
    I: 403e5c
    I: 403e5e
    I: 403e60
    I: 403e63
    I: 403e66
    I: 403e69
    I: 403e6c
    I: 403e6f
    I: 403e72
    I: 403e75
    I: 403e77
    I: 403e7c
    I: 403e81
    I: 403e84
    I: 403e87
    I: 403e8d (flow 4041c3)
      Successors: 4041c3
  BB: 40364d in func 401140 with 8 insts
    I: 40364d
    I: 403654
    I: 40365c
    I: 403661
    I: 403666
    I: 403669
    I: 40366c
    I: 403672 (flow 4041c3)
      Successors: 4041c3
  BB: 401e57 in func 401140 with 1 insts
    I: 401e57 (flow 401e5c)
      Successors: 401e5c
  BB: 401659 in func 401140 with 1 insts
    I: 401659 (flow 40165e)
      Successors: 40165e
  BB: 401e5c in func 401140 with 3 insts
    I: 401e5c
    I: 401e62
    I: 401e67 (flow 4022fc)
      Successors: 4022fc, 401e6d
  BB: 40165e in func 401140 with 3 insts
    I: 40165e
    I: 401664
    I: 401669 (flow 40210b)
      Successors: 40210b, 40166f
  BB: 401e6d in func 401140 with 1 insts
    I: 401e6d (flow 401e72)
      Successors: 401e72
  BB: 40166f in func 401140 with 1 insts
    I: 40166f (flow 401674)
      Successors: 401674
  BB: 401e72 in func 401140 with 3 insts
    I: 401e72
    I: 401e78
    I: 401e7d (flow 402d5e)
      Successors: 401e83, 402d5e
  BB: 401674 in func 401140 with 3 insts
    I: 401674
    I: 40167a
    I: 40167f (flow 40418c)
      Successors: 40418c, 401685
  BB: 403677 in func 401140 with 10 insts
    I: 403677
    I: 40367d
    I: 403680
    I: 403682
    I: 40368a
    I: 40368f
    I: 403694
    I: 403697
    I: 40369a
    I: 4036a0 (flow 4041c3)
      Successors: 4041c3
  BB: 401e83 in func 401140 with 1 insts
    I: 401e83 (flow 401e88)
      Successors: 401e88
  BB: 401685 in func 401140 with 1 insts
    I: 401685 (flow 40168a)
      Successors: 40168a
  BB: 401e88 in func 401140 with 3 insts
    I: 401e88
    I: 401e8e
    I: 401e93 (flow 402c69)
      Successors: 401e99, 402c69
  BB: 40168a in func 401140 with 3 insts
    I: 40168a
    I: 401690
    I: 401695 (flow 403ac8)
      Successors: 403ac8, 40169b
  BB: 402691 in func 401140 with 25 insts
    I: 402691
    I: 402697
    I: 40269a
    I: 4026a0
    I: 4026a6
    I: 4026a9
    I: 4026af (imm 407024)
    I: 4026b6
    I: 4026b8 (imm 407028)
    I: 4026bf
    I: 4026c1
    I: 4026c3
    I: 4026c6
    I: 4026c9
    I: 4026cc
    I: 4026cf
    I: 4026d2
    I: 4026d5
    I: 4026d8
    I: 4026da
    I: 4026df
    I: 4026e4
    I: 4026e7
    I: 4026ea
    I: 4026f0 (flow 4041c3)
      Successors: 4041c3
  BB: 402e92 in func 401140 with 7 insts
    I: 402e92
    I: 402e95
    I: 402e9a
    I: 402e9f
    I: 402ea2
    I: 402ea5
    I: 402eab (flow 4041c3)
      Successors: 4041c3
  BB: 403e92 in func 401140 with 19 insts
    I: 403e92 (imm 407024)
    I: 403e99
    I: 403e9b (imm 407028)
    I: 403ea2
    I: 403ea4
    I: 403ea6
    I: 403ea9
    I: 403eac
    I: 403eaf
    I: 403eb2
    I: 403eb5
    I: 403eb8
    I: 403ebb
    I: 403ebd
    I: 403ec2
    I: 403ec7
    I: 403eca
    I: 403ecd
    I: 403ed3 (flow 4041c3)
      Successors: 4041c3
  BB: 401e99 in func 401140 with 1 insts
    I: 401e99 (flow 401e9e)
      Successors: 401e9e
  BB: 40169b in func 401140 with 1 insts
    I: 40169b (flow 4016a0)
      Successors: 4016a0
  BB: 401e9e in func 401140 with 3 insts
    I: 401e9e
    I: 401ea4
    I: 401ea9 (flow 40407e)
      Successors: 40407e, 401eaf
  BB: 4016a0 in func 401140 with 3 insts
    I: 4016a0
    I: 4016a6
    I: 4016ab (flow 403af7)
      Successors: 4016b1, 403af7
  BB: 4036a5 in func 401140 with 19 insts
    I: 4036a5 (imm 407024)
    I: 4036ac
    I: 4036ae (imm 407028)
    I: 4036b5
    I: 4036b7
    I: 4036b9
    I: 4036bc
    I: 4036bf
    I: 4036c2
    I: 4036c5
    I: 4036c8
    I: 4036cb
    I: 4036ce
    I: 4036d0
    I: 4036d5
    I: 4036da
    I: 4036dd
    I: 4036e0
    I: 4036e6 (flow 4041c3)
      Successors: 4041c3
  BB: 401eaf in func 401140 with 1 insts
    I: 401eaf (flow 401eb4)
      Successors: 401eb4
  BB: 402eb0 in func 401140 with 8 insts
    I: 402eb0
    I: 402eb6
    I: 402ebb
    I: 402ec1
    I: 402ec7
    I: 402eca
    I: 402ed0
    I: 402eda (flow 4041c3)
      Successors: 4041c3
  BB: 4016b1 in func 401140 with 1 insts
    I: 4016b1 (flow 4016b6)
      Successors: 4016b6
  BB: 401eb4 in func 401140 with 3 insts
    I: 401eb4
    I: 401eba
    I: 401ebf (flow 402e92)
      Successors: 402e92, 401ec5
  BB: 4016b6 in func 401140 with 3 insts
    I: 4016b6
    I: 4016bc
    I: 4016c1 (flow 402163)
      Successors: 402163, 4016c7
  BB: 401ec5 in func 401140 with 1 insts
    I: 401ec5 (flow 401eca)
      Successors: 401eca
  BB: 4016c7 in func 401140 with 1 insts
    I: 4016c7 (flow 4016cc)
      Successors: 4016cc
  BB: 401eca in func 401140 with 3 insts
    I: 401eca
    I: 401ed0
    I: 401ed5 (flow 402db9)
      Successors: 402db9, 401edb
  BB: 4016cc in func 401140 with 3 insts
    I: 4016cc
    I: 4016d2
    I: 4016d7 (flow 403d7c)
      Successors: 403d7c, 4016dd
  BB: 403ed8 in func 401140 with 4 insts
    I: 403ed8
    I: 403eda
    I: 403ee1
    I: 403ee2
      No successors
  BB: 401edb in func 401140 with 1 insts
    I: 401edb (flow 401ee0)
      Successors: 401ee0
  BB: 4016dd in func 401140 with 1 insts
    I: 4016dd (flow 4016e2)
      Successors: 4016e2
  BB: 402edf in func 401140 with 19 insts
    I: 402edf (imm 407024)
    I: 402ee6
    I: 402ee8 (imm 407028)
    I: 402eef
    I: 402ef1
    I: 402ef3
    I: 402ef6
    I: 402ef9
    I: 402efc
    I: 402eff
    I: 402f02
    I: 402f05
    I: 402f08
    I: 402f0a
    I: 402f0f
    I: 402f14
    I: 402f17
    I: 402f1a
    I: 402f20 (flow 4041c3)
      Successors: 4041c3
  BB: 401ee0 in func 401140 with 3 insts
    I: 401ee0
    I: 401ee6
    I: 401eeb (flow 403d5e)
      Successors: 401ef1, 403d5e
  BB: 4016e2 in func 401140 with 3 insts
    I: 4016e2
    I: 4016e8
    I: 4016ed (flow 402f89)
      Successors: 402f89, 4016f3
  BB: 403ee3 in func 401140 with 2 insts
    I: 403ee3
    I: 403eed (flow 4041c3)
      Successors: 4041c3
  BB: 4036eb in func 401140 with 25 insts
    I: 4036eb
    I: 4036f1
    I: 4036f4
    I: 4036fa
    I: 403700
    I: 403703
    I: 403709 (imm 407024)
    I: 403710
    I: 403712 (imm 407028)
    I: 403719
    I: 40371b
    I: 40371d
    I: 403720
    I: 403723
    I: 403726
    I: 403729
    I: 40372c
    I: 40372f
    I: 403732
    I: 403734
    I: 403739
    I: 40373e
    I: 403741
    I: 403744
    I: 40374a (flow 4041c3)
      Successors: 4041c3
  BB: 401ef1 in func 401140 with 1 insts
    I: 401ef1 (flow 401ef6)
      Successors: 401ef6
  BB: 403ef2 in func 401140 with 2 insts
    I: 403ef2
    I: 403efc (flow 4041c3)
      Successors: 4041c3
  BB: 4016f3 in func 401140 with 1 insts
    I: 4016f3 (flow 4016f8)
      Successors: 4016f8
  BB: 4026f5 in func 401140 with 2 insts
    I: 4026f5
    I: 4026ff (flow 4041c3)
      Successors: 4041c3
  BB: 401ef6 in func 401140 with 3 insts
    I: 401ef6
    I: 401efc
    I: 401f01 (flow 4028b0)
      Successors: 4028b0, 401f07
  BB: 4016f8 in func 401140 with 3 insts
    I: 4016f8
    I: 4016fe
    I: 401703 (flow 402227)
      Successors: 401709, 402227
  BB: 403f01 in func 401140 with 8 insts
    I: 403f01
    I: 403f07
    I: 403f0c
    I: 403f12
    I: 403f18
    I: 403f1b
    I: 403f21
    I: 403f2b (flow 4041c3)
      Successors: 4041c3
  BB: 402704 in func 401140 with 19 insts
    I: 402704 (imm 407024)
    I: 40270b
    I: 40270d (imm 407028)
    I: 402714
    I: 402716
    I: 402718
    I: 40271b
    I: 40271e
    I: 402721
    I: 402724
    I: 402727
    I: 40272a
    I: 40272d
    I: 40272f
    I: 402734
    I: 402739
    I: 40273c
    I: 40273f
    I: 402745 (flow 4041c3)
      Successors: 4041c3
  BB: 401f07 in func 401140 with 1 insts
    I: 401f07 (flow 401f0c)
      Successors: 401f0c
  BB: 401709 in func 401140 with 1 insts
    I: 401709 (flow 40170e)
      Successors: 40170e
  BB: 401f0c in func 401140 with 3 insts
    I: 401f0c
    I: 401f12
    I: 401f17 (flow 403bb0)
      Successors: 403bb0, 401f1d
  BB: 40170e in func 401140 with 3 insts
    I: 40170e
    I: 401714
    I: 401719 (flow 4024e7)
      Successors: 4024e7, 40171f
  BB: 401f1d in func 401140 with 1 insts
    I: 401f1d (flow 401f22)
      Successors: 401f22
  BB: 40171f in func 401140 with 1 insts
    I: 40171f (flow 401724)
      Successors: 401724
  BB: 401f22 in func 401140 with 3 insts
    I: 401f22
    I: 401f28
    I: 401f2d (flow 403ed8)
      Successors: 403ed8, 401f33
  BB: 401724 in func 401140 with 3 insts
    I: 401724
    I: 40172a
    I: 40172f (flow 403ba1)
      Successors: 403ba1, 401735
  BB: 402f25 in func 401140 with 25 insts
    I: 402f25
    I: 402f2b
    I: 402f2e
    I: 402f34
    I: 402f3a
    I: 402f3d
    I: 402f43 (imm 407024)
    I: 402f4a
    I: 402f4c (imm 407028)
    I: 402f53
    I: 402f55
    I: 402f57
    I: 402f5a
    I: 402f5d
    I: 402f60
    I: 402f63
    I: 402f66
    I: 402f69
    I: 402f6c
    I: 402f6e
    I: 402f73
    I: 402f78
    I: 402f7b
    I: 402f7e
    I: 402f84 (flow 4041c3)
      Successors: 4041c3
  BB: 403f30 in func 401140 with 2 insts
    I: 403f30
    I: 403f3a (flow 4041c3)
      Successors: 4041c3
  BB: 401f33 in func 401140 with 1 insts
    I: 401f33 (flow 401f38)
      Successors: 401f38
  BB: 401735 in func 401140 with 1 insts
    I: 401735 (flow 40173a)
      Successors: 40173a
  BB: 401f38 in func 401140 with 3 insts
    I: 401f38
    I: 401f3e
    I: 401f43 (flow 4028bf)
      Successors: 401f49, 4028bf
  BB: 40173a in func 401140 with 3 insts
    I: 40173a
    I: 401740
    I: 401745 (flow 4036a5)
      Successors: 40174b, 4036a5
  BB: 403f3f in func 401140 with 8 insts
    I: 403f3f
    I: 403f45
    I: 403f4a
    I: 403f50
    I: 403f56
    I: 403f59
    I: 403f5f
    I: 403f69 (flow 4041c3)
      Successors: 4041c3
  BB: 401f49 in func 401140 with 1 insts
    I: 401f49 (flow 401f4e)
      Successors: 401f4e
  BB: 40274a in func 401140 with 19 insts
    I: 40274a (imm 407024)
    I: 402751
    I: 402753 (imm 407028)
    I: 40275a
    I: 40275c
    I: 40275e
    I: 402761
    I: 402764
    I: 402767
    I: 40276a
    I: 40276d
    I: 402770
    I: 402773
    I: 402775
    I: 40277a
    I: 40277f
    I: 402782
    I: 402785
    I: 40278b (flow 4041c3)
      Successors: 4041c3
  BB: 40174b in func 401140 with 1 insts
    I: 40174b (flow 401750)
      Successors: 401750
  BB: 401f4e in func 401140 with 3 insts
    I: 401f4e
    I: 401f54
    I: 401f59 (flow 403106)
      Successors: 403106, 401f5f
  BB: 40374f in func 401140 with 2 insts
    I: 40374f
    I: 403759 (flow 4041c3)
      Successors: 4041c3
  BB: 401750 in func 401140 with 3 insts
    I: 401750
    I: 401756
    I: 40175b (flow 402691)
      Successors: 401761, 402691
  BB: 40375e in func 401140 with 19 insts
    I: 40375e (imm 407024)
    I: 403765
    I: 403767 (imm 407028)
    I: 40376e
    I: 403770
    I: 403772
    I: 403775
    I: 403778
    I: 40377b
    I: 40377e
    I: 403781
    I: 403784
    I: 403787
    I: 403789
    I: 40378e
    I: 403793
    I: 403796
    I: 403799
    I: 40379f (flow 4041c3)
      Successors: 4041c3
  BB: 401f5f in func 401140 with 1 insts
    I: 401f5f (flow 401f64)
      Successors: 401f64
  BB: 401761 in func 401140 with 1 insts
    I: 401761 (flow 401766)
      Successors: 401766
  BB: 401f64 in func 401140 with 3 insts
    I: 401f64
    I: 401f6a
    I: 401f6f (flow 402b59)
      Successors: 402b59, 401f75
  BB: 401766 in func 401140 with 3 insts
    I: 401766
    I: 40176c
    I: 401771 (flow 402990)
      Successors: 402990, 401777
  BB: 403f6e in func 401140 with 8 insts
    I: 403f6e
    I: 403f74
    I: 403f77
    I: 403f7d
    I: 403f83
    I: 403f86
    I: 403f8c
    I: 403f96 (flow 4041c3)
      Successors: 4041c3
  BB: 401f75 in func 401140 with 1 insts
    I: 401f75 (flow 401f7a)
      Successors: 401f7a
  BB: 401777 in func 401140 with 1 insts
    I: 401777 (flow 40177c)
      Successors: 40177c
  BB: 401f7a in func 401140 with 3 insts
    I: 401f7a
    I: 401f80
    I: 401f85 (flow 402441)
      Successors: 402441, 401f8b
  BB: 40177c in func 401140 with 3 insts
    I: 40177c
    I: 401782
    I: 401787 (flow 40229c)
      Successors: 40229c, 40178d
  BB: 402f89 in func 401140 with 2 insts
    I: 402f89
    I: 402f93 (flow 4041c3)
      Successors: 4041c3
  BB: 401f8b in func 401140 with 1 insts
    I: 401f8b (flow 401f90)
      Successors: 401f90
  BB: 40178d in func 401140 with 1 insts
    I: 40178d (flow 401792)
      Successors: 401792
  BB: 401f90 in func 401140 with 3 insts
    I: 401f90
    I: 401f96
    I: 401f9b (flow 403f30)
      Successors: 403f30, 401fa1
  BB: 402790 in func 401140 with 2 insts
    I: 402790
    I: 40279a (flow 4041c3)
      Successors: 4041c3
  BB: 401792 in func 401140 with 3 insts
    I: 401792
    I: 401798
    I: 40179d (flow 402bbd)
      Successors: 4017a3, 402bbd
  BB: 402f98 in func 401140 with 2 insts
    I: 402f98
    I: 402fa2 (flow 4041c3)
      Successors: 4041c3
  BB: 403f9b in func 401140 with 2 insts
    I: 403f9b
    I: 403fa5 (flow 4041c3)
      Successors: 4041c3
  BB: 40279f in func 401140 with 2 insts
    I: 40279f
    I: 4027a9 (flow 4041c3)
      Successors: 4041c3
  BB: 401fa1 in func 401140 with 1 insts
    I: 401fa1 (flow 401fa6)
      Successors: 401fa6
  BB: 4017a3 in func 401140 with 1 insts
    I: 4017a3 (flow 4017a8)
      Successors: 4017a8
  BB: 4037a4 in func 401140 with 27 insts
    I: 4037a4
    I: 4037aa
    I: 4037ad
    I: 4037af
    I: 4037b7
    I: 4037ba
    I: 4037bd
    I: 4037bf
    I: 4037c2 (imm 407024)
    I: 4037c9
    I: 4037cb (imm 407028)
    I: 4037d2
    I: 4037d4
    I: 4037d6
    I: 4037d9
    I: 4037dc
    I: 4037df
    I: 4037e2
    I: 4037e5
    I: 4037e8
    I: 4037eb
    I: 4037ed
    I: 4037f2
    I: 4037f7
    I: 4037fa
    I: 4037fd
    I: 403803 (flow 4041c3)
      Successors: 4041c3
  BB: 401fa6 in func 401140 with 3 insts
    I: 401fa6
    I: 401fac
    I: 401fb1 (flow 4034fc)
      Successors: 4034fc, 401fb7
  BB: 402fa7 in func 401140 with 2 insts
    I: 402fa7
    I: 402fb1 (flow 4041c3)
      Successors: 4041c3
  BB: 4017a8 in func 401140 with 3 insts
    I: 4017a8
    I: 4017ae
    I: 4017b3 (flow 402256)
      Successors: 4017b9, 402256
  BB: 403faa in func 401140 with 8 insts
    I: 403faa
    I: 403fb0
    I: 403fb3
    I: 403fb9
    I: 403fbf
    I: 403fc2
    I: 403fc8
    I: 403fd2 (flow 4041c3)
      Successors: 4041c3
  BB: 4027ae in func 401140 with 8 insts
    I: 4027ae
    I: 4027b5
    I: 4027bd
    I: 4027c2
    I: 4027c7
    I: 4027ca
    I: 4027cd
    I: 4027d3 (flow 4041c3)
      Successors: 4041c3
  BB: 402fb6 in func 401140 with 19 insts
    I: 402fb6 (imm 407024)
    I: 402fbd
    I: 402fbf (imm 407028)
    I: 402fc6
    I: 402fc8
    I: 402fca
    I: 402fcd
    I: 402fd0
    I: 402fd3
    I: 402fd6
    I: 402fd9
    I: 402fdc
    I: 402fdf
    I: 402fe1
    I: 402fe6
    I: 402feb
    I: 402fee
    I: 402ff1
    I: 402ff7 (flow 4041c3)
      Successors: 4041c3
  BB: 401fb7 in func 401140 with 1 insts
    I: 401fb7 (flow 401fbc)
      Successors: 401fbc
  BB: 4017b9 in func 401140 with 1 insts
    I: 4017b9 (flow 4017be)
      Successors: 4017be
  BB: 401fbc in func 401140 with 3 insts
    I: 401fbc
    I: 401fc2
    I: 401fc7 (flow 4031ec)
      Successors: 4031ec, 401fcd
  BB: 4017be in func 401140 with 3 insts
    I: 4017be
    I: 4017c4
    I: 4017c9 (flow 403405)
      Successors: 403405, 4017cf
  BB: 401fcd in func 401140 with 1 insts
    I: 401fcd (flow 401fd2)
      Successors: 401fd2
  BB: 4017cf in func 401140 with 1 insts
    I: 4017cf (flow 4017d4)
      Successors: 4017d4
  BB: 401fd2 in func 401140 with 3 insts
    I: 401fd2
    I: 401fd8
    I: 401fdd (flow 403dd1)
      Successors: 403dd1, 401fe3
  BB: 4017d4 in func 401140 with 3 insts
    I: 4017d4
    I: 4017da
    I: 4017df (flow 40335b)
      Successors: 40335b, 4017e5
  BB: 403fd7 in func 401140 with 8 insts
    I: 403fd7
    I: 403fdd
    I: 403fe2
    I: 403fe8
    I: 403fee
    I: 403ff1
    I: 403ff7
    I: 404001 (flow 4041c3)
      Successors: 4041c3
  BB: 4027d8 in func 401140 with 10 insts
    I: 4027d8
    I: 4027de
    I: 4027e1
    I: 4027e3
    I: 4027eb
    I: 4027f0
    I: 4027f5
    I: 4027f8
    I: 4027fb
    I: 402801 (flow 4041c3)
      Successors: 4041c3
  BB: 401fe3 in func 401140 with 1 insts
    I: 401fe3 (flow 401fe8)
      Successors: 401fe8
  BB: 4017e5 in func 401140 with 1 insts
    I: 4017e5 (flow 4017ea)
      Successors: 4017ea
  BB: 401fe8 in func 401140 with 3 insts
    I: 401fe8
    I: 401fee
    I: 401ff3 (flow 402c3b)
      Successors: 401ff9, 402c3b
  BB: 4017ea in func 401140 with 3 insts
    I: 4017ea
    I: 4017f0
    I: 4017f5 (flow 4032f1)
      Successors: 4032f1, 4017fb
  BB: 401ff9 in func 401140 with 1 insts
    I: 401ff9 (flow 401ffe)
      Successors: 401ffe
  BB: 4017fb in func 401140 with 1 insts
    I: 4017fb (flow 401800)
      Successors: 401800
  BB: 402ffc in func 401140 with 19 insts
    I: 402ffc (imm 407024)
    I: 403003
    I: 403005 (imm 407028)
    I: 40300c
    I: 40300e
    I: 403010
    I: 403013
    I: 403016
    I: 403019
    I: 40301c
    I: 40301f
    I: 403022
    I: 403025
    I: 403027
    I: 40302c
    I: 403031
    I: 403034
    I: 403037
    I: 40303d (flow 4041c3)
      Successors: 4041c3
  BB: 401ffe in func 401140 with 3 insts
    I: 401ffe
    I: 402004
    I: 402009 (flow 403300)
      Successors: 403300, 40200f
Recovering .term_proc at 4041c8
  Analysing subroutine .term_proc at 4041c8
    Block head at 004041d5 is not code.
  Subroutine .term_proc at 4041c8 has 1 blocks
  BB: 4041c8 in func 4041c8 with 4 insts
    I: 4041c8
    I: 4041cc
    I: 4041d0
    I: 4041d4
      No successors
Global Variable None
WARNING: Global constructor and destructor sections are adjacent!
Recovering region LOAD [400000, 4004e8) in segment LOAD
  8-byte reference at 400018 to 401050 (start)
  8-byte reference at 4000f8 to 401000 (.init_proc)
  8-byte reference at 400130 to 405000 ()
  8-byte reference at 400168 to 406de8 ()
  8-byte reference at 400280 to 40500c ()
  8-byte reference at 4002f0 to 406de8 ()
Recovering region .init [401000, 40101b) in segment .init
Recovering region LOAD [40101b, 401020) in segment LOAD
Recovering region .plt [401020, 401050) in segment .plt
Recovering region .text [401050, 4041c8) in segment .text
Recovering region .fini [4041c8, 4041d5) in segment .fini
Recovering region .rodata [405000, 40500b) in segment .rodata
  Variable format at 405007
Recovering region LOAD [40500b, 40500c) in segment LOAD
Recovering region .eh_frame_hdr [40500c, 405038) in segment .eh_frame_hdr
Recovering region .eh_frame [405038, 4050c8) in segment .eh_frame
Recovering region LOAD [4050c8, 405108) in segment LOAD
Recovering region .init_array [406de8, 406df8) in segment .init_array
  8-byte reference at 406de8 to 401130 ()
  8-byte reference at 406df0 to 401100 ()
Recovering region LOAD [406df8, 406fd8) in segment LOAD
Recovering region .got [406fd8, 406fe8) in segment .got
  8-byte reference at 406fd8 to 407030 (__libc_start_main)
  8-byte reference at 406fe0 to 407048 (__gmon_start__)
Recovering region .got.plt [406fe8, 407010) in segment .got.plt
  8-byte reference at 407000 to 407038 (printf)
  8-byte reference at 407008 to 407040 (__isoc99_scanf)
Recovering region .data [407010, 407020) in segment .data
Recovering region .bss [407020, 407030) in segment .bss
Recovering extern function printf at 401030
Recovering extern function __isoc99_scanf at 401040
Recovering extern function __libc_start_main at 407030
Recovering extern function printf at 407038
Recovering extern function __isoc99_scanf at 407040
Recovering extern function __gmon_start__ at 407048
Recovered 8 functions.
Saving to: /home/ubuntu/capstone_project/result/pipeline_20260629_141746/s635635196_fla_bcf.cfg
Done analysis!
