Debugging is enabled.
Loading Standard Definitions file: /home/ubuntu/capstone_project/dependency/mcsema/mcsema/lib/python3/site-packages/mcsema_disass-3.1.3.8-py3.8.egg/mcsema_disass/defs/linux.txt
Using Batch mode.
Starting analysis
Recovering module s635635196_fla_bcf_instsub.elf
Found main at 401140
Looking for instructions in segment .init
  Default block heads for function 401000 with loose bounds [401000, 40101b)
    block [401000, 401014)
    block [401014, 401016)
    block [401016, 40101b)
    chunk [401000, 40101b)
Looking for instructions in segment .plt
  Default block heads for function 401020 with loose bounds [401020, 40102c)
    block [401020, 40102c)
    chunk [401020, 40102c)
  Default block heads for function 401030 with loose bounds [401030, 401036)
    block [401030, 401036)
    chunk [401030, 401036)
  Default block heads for function 401040 with loose bounds [401040, 401046)
    block [401040, 401046)
    chunk [401040, 401046)
Looking for instructions in segment .text
  Default block heads for function 401050 with loose bounds [401050, 401076)
    block [401050, 401076)
    chunk [401050, 401076)
  Default block heads for function 401090 with loose bounds [401090, 4010b1)
    block [401090, 40109d)
    block [40109d, 4010a7)
    block [4010a7, 4010ae)
    block [4010b0, 4010b1)
    chunk [401090, 4010b1)
  Default block heads for function 401100 with loose bounds [401100, 401121)
    block [401100, 40110d)
    block [40110d, 40111f)
    block [401120, 401121)
    chunk [401100, 401121)
  Default block heads for function 401130 with loose bounds [401130, 401136)
    block [401130, 401136)
    chunk [401130, 401136)
    chunk [4010c0, 4010f1)
  Default block heads for function 401140 with loose bounds [401140, 404789)
    block [401140, 40115c)
    block [40115c, 401173)
    block [401173, 401178)
    block [401178, 401189)
    block [401189, 40118e)
    block [40118e, 40119f)
    block [40119f, 4011a4)
    block [4011a4, 4011b5)
    block [4011b5, 4011ba)
    block [4011ba, 4011cb)
    block [4011cb, 4011d0)
    block [4011d0, 4011e1)
    block [4011e1, 4011e6)
    block [4011e6, 4011f7)
    block [4011f7, 4011fc)
    block [4011fc, 40120d)
    block [40120d, 401212)
    block [401212, 401223)
    block [401223, 401228)
    block [401228, 401239)
    block [401239, 40123e)
    block [40123e, 40124f)
    block [40124f, 401254)
    block [401254, 401265)
    block [401265, 40126a)
    block [40126a, 40127b)
    block [40127b, 401280)
    block [401280, 401291)
    block [401291, 401296)
    block [401296, 4012a7)
    block [4012a7, 4012ac)
    block [4012ac, 4012bd)
    block [4012bd, 4012c2)
    block [4012c2, 4012d3)
    block [4012d3, 4012d8)
    block [4012d8, 4012e9)
    block [4012e9, 4012ee)
    block [4012ee, 4012ff)
    block [4012ff, 401304)
    block [401304, 401315)
    block [401315, 40131a)
    block [40131a, 40132b)
    block [40132b, 401330)
    block [401330, 401341)
    block [401341, 401346)
    block [401346, 401357)
    block [401357, 40135c)
    block [40135c, 40136d)
    block [40136d, 401372)
    block [401372, 401383)
    block [401383, 401388)
    block [401388, 401399)
    block [401399, 40139e)
    block [40139e, 4013af)
    block [4013af, 4013b4)
    block [4013b4, 4013c5)
    block [4013c5, 4013ca)
    block [4013ca, 4013db)
    block [4013db, 4013e0)
    block [4013e0, 4013f1)
    block [4013f1, 4013f6)
    block [4013f6, 401407)
    block [401407, 40140c)
    block [40140c, 40141d)
    block [40141d, 401422)
    block [401422, 401433)
    block [401433, 401438)
    block [401438, 401449)
    block [401449, 40144e)
    block [40144e, 40145f)
    block [40145f, 401464)
    block [401464, 401475)
    block [401475, 40147a)
    block [40147a, 40148b)
    block [40148b, 401490)
    block [401490, 4014a1)
    block [4014a1, 4014a6)
    block [4014a6, 4014b7)
    block [4014b7, 4014bc)
    block [4014bc, 4014cd)
    block [4014cd, 4014d2)
    block [4014d2, 4014e3)
    block [4014e3, 4014e8)
    block [4014e8, 4014f9)
    block [4014f9, 4014fe)
    block [4014fe, 40150f)
    block [40150f, 401514)
    block [401514, 401525)
    block [401525, 40152a)
    block [40152a, 40153b)
    block [40153b, 401540)
    block [401540, 401551)
    block [401551, 401556)
    block [401556, 401567)
    block [401567, 40156c)
    block [40156c, 40157d)
    block [40157d, 401582)
    block [401582, 401593)
    block [401593, 401598)
    block [401598, 4015a9)
    block [4015a9, 4015ae)
    block [4015ae, 4015bf)
    block [4015bf, 4015c4)
    block [4015c4, 4015d5)
    block [4015d5, 4015da)
    block [4015da, 4015eb)
    block [4015eb, 4015f0)
    block [4015f0, 401601)
    block [401601, 401606)
    block [401606, 401617)
    block [401617, 40161c)
    block [40161c, 40162d)
    block [40162d, 401632)
    block [401632, 401643)
    block [401643, 401648)
    block [401648, 401659)
    block [401659, 40165e)
    block [40165e, 40166f)
    block [40166f, 401674)
    block [401674, 401685)
    block [401685, 40168a)
    block [40168a, 40169b)
    block [40169b, 4016a0)
    block [4016a0, 4016b1)
    block [4016b1, 4016b6)
    block [4016b6, 4016c7)
    block [4016c7, 4016cc)
    block [4016cc, 4016dd)
    block [4016dd, 4016e2)
    block [4016e2, 4016f3)
    block [4016f3, 4016f8)
    block [4016f8, 401709)
    block [401709, 40170e)
    block [40170e, 40171f)
    block [40171f, 401724)
    block [401724, 401735)
    block [401735, 40173a)
    block [40173a, 40174b)
    block [40174b, 401750)
    block [401750, 401761)
    block [401761, 401766)
    block [401766, 401777)
    block [401777, 40177c)
    block [40177c, 40178d)
    block [40178d, 401792)
    block [401792, 4017a3)
    block [4017a3, 4017a8)
    block [4017a8, 4017b9)
    block [4017b9, 4017be)
    block [4017be, 4017cf)
    block [4017cf, 4017d4)
    block [4017d4, 4017e5)
    block [4017e5, 4017ea)
    block [4017ea, 4017fb)
    block [4017fb, 401800)
    block [401800, 401811)
    block [401811, 401816)
    block [401816, 401827)
    block [401827, 40182c)
    block [40182c, 40183d)
    block [40183d, 401842)
    block [401842, 401853)
    block [401853, 401858)
    block [401858, 401869)
    block [401869, 40186e)
    block [40186e, 40187f)
    block [40187f, 401884)
    block [401884, 401895)
    block [401895, 40189a)
    block [40189a, 4018ab)
    block [4018ab, 4018b0)
    block [4018b0, 4018c1)
    block [4018c1, 4018c6)
    block [4018c6, 4018d7)
    block [4018d7, 4018dc)
    block [4018dc, 4018ed)
    block [4018ed, 4018f2)
    block [4018f2, 401903)
    block [401903, 401908)
    block [401908, 401919)
    block [401919, 40191e)
    block [40191e, 40192f)
    block [40192f, 401934)
    block [401934, 401945)
    block [401945, 40194a)
    block [40194a, 40195b)
    block [40195b, 401960)
    block [401960, 401971)
    block [401971, 401976)
    block [401976, 401987)
    block [401987, 40198c)
    block [40198c, 40199d)
    block [40199d, 4019a2)
    block [4019a2, 4019b3)
    block [4019b3, 4019b8)
    block [4019b8, 4019c9)
    block [4019c9, 4019ce)
    block [4019ce, 4019df)
    block [4019df, 4019e4)
    block [4019e4, 4019f5)
    block [4019f5, 4019fa)
    block [4019fa, 401a0b)
    block [401a0b, 401a10)
    block [401a10, 401a21)
    block [401a21, 401a26)
    block [401a26, 401a37)
    block [401a37, 401a3c)
    block [401a3c, 401a4d)
    block [401a4d, 401a52)
    block [401a52, 401a63)
    block [401a63, 401a68)
    block [401a68, 401a79)
    block [401a79, 401a7e)
    block [401a7e, 401a8f)
    block [401a8f, 401a94)
    block [401a94, 401aa5)
    block [401aa5, 401aaa)
    block [401aaa, 401abb)
    block [401abb, 401ac0)
    block [401ac0, 401ad1)
    block [401ad1, 401ad6)
    block [401ad6, 401ae7)
    block [401ae7, 401aec)
    block [401aec, 401afd)
    block [401afd, 401b02)
    block [401b02, 401b13)
    block [401b13, 401b18)
    block [401b18, 401b29)
    block [401b29, 401b2e)
    block [401b2e, 401b3f)
    block [401b3f, 401b44)
    block [401b44, 401b55)
    block [401b55, 401b5a)
    block [401b5a, 401b6b)
    block [401b6b, 401b70)
    block [401b70, 401b81)
    block [401b81, 401b86)
    block [401b86, 401b97)
    block [401b97, 401b9c)
    block [401b9c, 401bad)
    block [401bad, 401bb2)
    block [401bb2, 401bc3)
    block [401bc3, 401bc8)
    block [401bc8, 401bd9)
    block [401bd9, 401bde)
    block [401bde, 401bef)
    block [401bef, 401bf4)
    block [401bf4, 401c05)
    block [401c05, 401c0a)
    block [401c0a, 401c1b)
    block [401c1b, 401c20)
    block [401c20, 401c31)
    block [401c31, 401c36)
    block [401c36, 401c47)
    block [401c47, 401c4c)
    block [401c4c, 401c5d)
    block [401c5d, 401c62)
    block [401c62, 401c73)
    block [401c73, 401c78)
    block [401c78, 401c89)
    block [401c89, 401c8e)
    block [401c8e, 401c9f)
    block [401c9f, 401ca4)
    block [401ca4, 401cb5)
    block [401cb5, 401cba)
    block [401cba, 401ccb)
    block [401ccb, 401cd0)
    block [401cd0, 401ce1)
    block [401ce1, 401ce6)
    block [401ce6, 401cf7)
    block [401cf7, 401cfc)
    block [401cfc, 401d0d)
    block [401d0d, 401d12)
    block [401d12, 401d23)
    block [401d23, 401d28)
    block [401d28, 401d39)
    block [401d39, 401d3e)
    block [401d3e, 401d4f)
    block [401d4f, 401d54)
    block [401d54, 401d65)
    block [401d65, 401d6a)
    block [401d6a, 401d7b)
    block [401d7b, 401d80)
    block [401d80, 401d91)
    block [401d91, 401d96)
    block [401d96, 401da7)
    block [401da7, 401dac)
    block [401dac, 401dbd)
    block [401dbd, 401dc2)
    block [401dc2, 401dd3)
    block [401dd3, 401dd8)
    block [401dd8, 401de9)
    block [401de9, 401dee)
    block [401dee, 401dff)
    block [401dff, 401e04)
    block [401e04, 401e15)
    block [401e15, 401e1a)
    block [401e1a, 401e2b)
    block [401e2b, 401e30)
    block [401e30, 401e41)
    block [401e41, 401e46)
    block [401e46, 401e57)
    block [401e57, 401e5c)
    block [401e5c, 401e6d)
    block [401e6d, 401e72)
    block [401e72, 401e83)
    block [401e83, 401e88)
    block [401e88, 401e99)
    block [401e99, 401e9e)
    block [401e9e, 401eaf)
    block [401eaf, 401eb4)
    block [401eb4, 401ec5)
    block [401ec5, 401eca)
    block [401eca, 401edb)
    block [401edb, 401ee0)
    block [401ee0, 401ef1)
    block [401ef1, 401ef6)
    block [401ef6, 401f07)
    block [401f07, 401f0c)
    block [401f0c, 401f1d)
    block [401f1d, 401f22)
    block [401f22, 401f33)
    block [401f33, 401f38)
    block [401f38, 401f49)
    block [401f49, 401f4e)
    block [401f4e, 401f5f)
    block [401f5f, 401f64)
    block [401f64, 401f75)
    block [401f75, 401f7a)
    block [401f7a, 401f7f)
    block [401f7f, 401fb4)
    block [401fb4, 401fd7)
    block [401fd7, 402059)
    block [402059, 4020fd)
    block [4020fd, 40211b)
    block [40211b, 40215e)
    block [40215e, 4021e0)
    block [4021e0, 402252)
    block [402252, 402270)
    block [402270, 4022aa)
    block [4022aa, 4022ed)
    block [4022ed, 402330)
    block [402330, 40233f)
    block [40233f, 402369)
    block [402369, 40239b)
    block [40239b, 4023de)
    block [4023de, 402410)
    block [402410, 402453)
    block [402453, 402490)
    block [402490, 40249f)
    block [40249f, 4024ae)
    block [4024ae, 4024d8)
    block [4024d8, 40250a)
    block [40250a, 402594)
    block [402594, 402618)
    block [402618, 402627)
    block [402627, 40265f)
    block [40265f, 40269f)
    block [40269f, 4026d7)
    block [4026d7, 402715)
    block [402715, 402758)
    block [402758, 402767)
    block [402767, 4027f1)
    block [4027f1, 402849)
    block [402849, 402858)
    block [402858, 402867)
    block [402867, 402891)
    block [402891, 4028c9)
    block [4028c9, 4028fe)
    block [4028fe, 402936)
    block [402936, 402971)
    block [402971, 4029ab)
    block [4029ab, 4029e8)
    block [4029e8, 402a22)
    block [402a22, 402a67)
    block [402a67, 402aa2)
    block [402aa2, 402ab1)
    block [402ab1, 402ac0)
    block [402ac0, 402b42)
    block [402b42, 402b92)
    block [402b92, 402ba1)
    block [402ba1, 402bb0)
    block [402bb0, 402bda)
    block [402bda, 402c12)
    block [402c12, 402c9c)
    block [402c9c, 402d52)
    block [402d52, 402d61)
    block [402d61, 402d99)
    block [402d99, 402dda)
    block [402dda, 402e5c)
    block [402e5c, 402edc)
    block [402edc, 402efa)
    block [402efa, 402f3b)
    block [402f3b, 402f73)
    block [402f73, 402fb1)
    block [402fb1, 40303b)
    block [40303b, 4030b3)
    block [4030b3, 4030d1)
    block [4030d1, 403111)
    block [403111, 40314c)
    block [40314c, 4031d6)
    block [4031d6, 40322e)
    block [40322e, 40323d)
    block [40323d, 40328d)
    block [40328d, 4032e5)
    block [4032e5, 4032f4)
    block [4032f4, 403303)
    block [403303, 40338d)
    block [40338d, 4033e5)
    block [4033e5, 4033f4)
    block [4033f4, 403476)
    block [403476, 4034c6)
    block [4034c6, 4034d5)
    block [4034d5, 4034ff)
    block [4034ff, 403589)
    block [403589, 403633)
    block [403633, 403651)
    block [403651, 40368c)
    block [40368c, 4036c6)
    block [4036c6, 403709)
    block [403709, 40378b)
    block [40378b, 40383d)
    block [40383d, 40385b)
    block [40385b, 4038dd)
    block [4038dd, 403961)
    block [403961, 403970)
    block [403970, 4039a8)
    block [4039a8, 4039e3)
    block [4039e3, 403a1b)
    block [403a1b, 403a59)
    block [403a59, 403ab1)
    block [403ab1, 403b5d)
    block [403b5d, 403b7b)
    block [403b7b, 403bbb)
    block [403bbb, 403bfe)
    block [403bfe, 403c88)
    block [403c88, 403d0a)
    block [403d0a, 403d19)
    block [403d19, 403d28)
    block [403d28, 403db2)
    block [403db2, 403e02)
    block [403e02, 403e11)
    block [403e11, 403e93)
    block [403e93, 403eeb)
    block [403eeb, 403efa)
    block [403efa, 403f09)
    block [403f09, 403f18)
    block [403f18, 403f70)
    block [403f70, 403fc8)
    block [403fc8, 403fd7)
    block [403fd7, 403fe6)
    block [403fe6, 403ff5)
    block [403ff5, 404004)
    block [404004, 404086)
    block [404086, 404110)
    block [404110, 40411f)
    block [40411f, 4041a9)
    block [4041a9, 40422b)
    block [40422b, 40423a)
    block [40423a, 4042c4)
    block [4042c4, 40434e)
    block [40434e, 40435d)
    block [40435d, 4043b5)
    block [4043b5, 40443f)
    block [40443f, 40444e)
    block [40444e, 4044d8)
    block [4044d8, 404547)
    block [404547, 404556)
    block [404556, 404561)
    block [404561, 404570)
    block [404570, 40457f)
    block [40457f, 4045c0)
    block [4045c0, 4045cf)
    block [4045cf, 4045de)
    block [4045de, 404621)
    block [404621, 404630)
    block [404630, 40463f)
    block [40463f, 40464e)
    block [40464e, 40465d)
    block [40465d, 40466c)
    block [40466c, 40467b)
    block [40467b, 40468a)
    block [40468a, 404699)
    block [404699, 4046dc)
    block [4046dc, 4046eb)
    block [4046eb, 4046fa)
    block [4046fa, 404709)
    block [404709, 404718)
    block [404718, 404727)
    block [404727, 404736)
    block [404736, 404745)
    block [404745, 404754)
    block [404754, 404763)
    block [404763, 404784)
    block [404784, 404789)
    chunk [401140, 404789)
Looking for instructions in segment .fini
  Default block heads for function 40478c with loose bounds [40478c, 404799)
    block [40478c, 404799)
    chunk [40478c, 404799)
Looking for strings in segment .rodata [405000, 40500b)
  Found string b'%d\n' of length 4 at 405007, jumping to 40500b
Looking for strings in segment .eh_frame_hdr [40500c, 405038)
Looking for strings in segment .eh_frame [405038, 4050c8)
Looking for strings in segment .init_array [406de8, 406df0)
Looking for strings in segment .fini_array [406df0, 406df8)
Looking for strings in segment .got [406fd8, 406fe8)
Looking for strings in segment .got.plt [406fe8, 407010)
Looking for strings in segment .data [407010, 407020)
Looking for strings in segment .bss [407020, 407030)
Looking for strings in segment extern [407030, 407050)
Looking for cross-references in segment .init [401000, 40101b)
Looking for cross-references in segment .plt [401020, 401050)
  Stopping scan at 40102c
Looking for cross-references in segment .text [401050, 404789)
  Stopping scan at 40107c
  Stopping scan at 40108c
  Stopping scan at ffffffffffffffff
  Stopping scan at 4010bc
  Stopping scan at 4010fc
  Stopping scan at ffffffffffffffff
  Stopping scan at 40112c
  Stopping scan at 40113c
Looking for cross-references in segment .fini [40478c, 404799)
Looking for cross-references in segment .rodata [405000, 40500b)
  Stopping scan at 405008
Looking for cross-references in segment .eh_frame_hdr [40500c, 405038)
  Stopping scan at 405034
Looking for cross-references in segment .eh_frame [405038, 4050c8)
  Stopping scan at 4050c4
Looking for cross-references in segment .init_array [406de8, 406df0)
  Adding qword reference from 406de8 to 401130
  Stopping scan at 406de8
Looking for cross-references in segment .fini_array [406df0, 406df8)
  Adding qword reference from 406df0 to 401100
  Stopping scan at 406df0
Looking for cross-references in segment .got [406fd8, 406fe8)
  Adding qword reference from 406fd8 to 407030
  Adding qword reference from 406fe0 to 407048
  Stopping scan at 406fe0
Looking for cross-references in segment .got.plt [406fe8, 407010)
  Adding qword reference from 407000 to 407038
  Adding qword reference from 407008 to 407040
  Stopping scan at 407008
Looking for cross-references in segment .data [407010, 407020)
  Stopping scan at 40701c
Looking for cross-references in segment .bss [407020, 407030)
  Stopping scan at 40702c
Looking for cross-references in segment extern [407030, 407050)
  Stopping scan at 40704c
Looking for thunks
  Found thunk for printf targeting 407038 at 401030
  Found thunk for __isoc99_scanf targeting 407040 at 401040
Looking for external symbols
  Function at 401030 is the external function printf
  Function at 401040 is the external function __isoc99_scanf
  Function at 407030 is the external function __libc_start_main
  Function at 407038 is the external function printf
  Function at 407040 is the external function __isoc99_scanf
  Function at 407048 is the external function __gmon_start__
Looking for entrypoints
Recovering .init_proc at 401000
  Analysing subroutine .init_proc at 401000
    Block head at 0040101b is not code.
  Subroutine .init_proc at 401000 has 3 blocks
  BB: 401000 in func 401000 with 5 insts
    Referenced by data
    I: 401000
    I: 401004
    I: 401008 (mem 406fe0)
    I: 40100f
    I: 401012 (flow 401016)
      Successors: 401014, 401016
  BB: 401014 in func 401000 with 1 insts
    I: 401014
      Successors: 401016
  BB: 401016 in func 401000 with 2 insts
    I: 401016
    I: 40101a
      No successors
Recovering 401020
  Analysing subroutine sub_401020 at 401020
  WARNING: No table entries for indirect jump at 401026; Adding next_ea 40102c as successor.
  Subroutine sub_401020 at 401020 has 2 blocks
  WARNING: No table entries for indirect jump at 401026; Adding next_ea 40102c as successor.
  BB: 401020 in func 401020 with 2 insts
    I: 401020 (mem 406ff0)
    I: 401026 (mem 406ff8)
      Successors: 40102c
  BB: 40102c in func 401020 with 1 insts
    I: 40102c
      No successors
Recovering start at 401050
  Analysing subroutine start at 401050
  Subroutine start at 401050 has 3 blocks
  BB: 401050 in func 401050 with 13 insts
    Referenced by data
    I: 401050
    I: 401054
    I: 401056
    I: 401059
    I: 40105a
    I: 40105d
    I: 401061
    I: 401062
    I: 401063
    I: 401066
    I: 401068 (imm 401140)
    I: 40106f (mem 406fd8)
    I: 401075
      No successors
  BB: 401085 in func 401050 with 2 insts
    I: 401085
    I: 40108f
      No successors
  BB: 401076 in func 401050 with 3 insts
    I: 401076
    I: 401080
    I: 401084
      No successors
Recovering 401090
  Analysing subroutine sub_401090 at 401090
  WARNING: No table entries for indirect jump at 4010ac; Adding next_ea 4010ae as successor.
  WARNING: No table entries for indirect jump at 4010ee; Adding next_ea 4010f0 as successor.
  Subroutine sub_401090 at 401090 has 11 blocks
  BB: 4010c0 in func 401090 with 8 insts
    I: 4010c0 (imm 407020)
    I: 4010c5 (imm 407020)
    I: 4010cc
    I: 4010cf
    I: 4010d3
    I: 4010d7
    I: 4010da
    I: 4010dd (flow 4010f0)
      Successors: 4010f0, 4010df
  WARNING: No table entries for indirect jump at 4010ac; Adding next_ea 4010ae as successor.
  BB: 4010a7 in func 401090 with 2 insts
    I: 4010a7 (imm 407020)
    I: 4010ac
      Successors: 4010ae
  WARNING: No table entries for indirect jump at 4010ee; Adding next_ea 4010f0 as successor.
  BB: 4010e9 in func 401090 with 2 insts
    I: 4010e9 (imm 407020)
    I: 4010ee
      Successors: 4010f0
  BB: 4010ae in func 401090 with 1 insts
    I: 4010ae
      Successors: 4010b0
  BB: 401090 in func 401090 with 3 insts
    I: 401090 (imm 407020)
    I: 401095 (imm 407020)
    I: 40109b (flow 4010b0)
      Successors: 4010b0, 40109d
  BB: 4010b0 in func 401090 with 1 insts
    I: 4010b0
      No successors
  BB: 4010b1 in func 401090 with 2 insts
    I: 4010b1
    I: 4010b5
      Successors: 4010c0
  BB: 4010f0 in func 401090 with 1 insts
    I: 4010f0
      No successors
  BB: 4010f1 in func 401090 with 2 insts
    I: 4010f1
    I: 4010f5
      No successors
  BB: 40109d in func 401090 with 3 insts
    I: 40109d
    I: 4010a2
    I: 4010a5 (flow 4010b0)
      Successors: 4010b0, 4010a7
  BB: 4010df in func 401090 with 3 insts
    I: 4010df
    I: 4010e4
    I: 4010e7 (flow 4010f0)
      Successors: 4010f0, 4010e9
Recovering 401100
  Analysing subroutine sub_401100 at 401100
  Subroutine sub_401100 at 401100 has 5 blocks
  BB: 401100 in func 401100 with 3 insts
    Referenced by data
    I: 401100
    I: 401104 (mem 407020)
    I: 40110b (flow 401120)
      Successors: 401120, 40110d
  BB: 401121 in func 401100 with 2 insts
    I: 401121
    I: 401125
      No successors
  BB: 401120 in func 401100 with 1 insts
    I: 401120
      No successors
  BB: 40110d in func 401100 with 6 insts
    I: 40110d
    I: 40110e
    I: 401111 (flow 401090)
    I: 401116 (mem 407020)
    I: 40111d
    I: 40111e
      No successors
  BB: 40111f in func 401100 with 1 insts
    I: 40111f
      Successors: 401120
Recovering 401130
  Analysing subroutine sub_401130 at 401130
  WARNING: No table entries for indirect jump at 4010ee; Adding next_ea 4010f0 as successor.
  Subroutine sub_401130 at 401130 has 6 blocks
  BB: 4010c0 in func 401130 with 8 insts
    I: 4010c0 (imm 407020)
    I: 4010c5 (imm 407020)
    I: 4010cc
    I: 4010cf
    I: 4010d3
    I: 4010d7
    I: 4010da
    I: 4010dd (flow 4010f0)
      Successors: 4010f0, 4010df
  WARNING: No table entries for indirect jump at 4010ee; Adding next_ea 4010f0 as successor.
  BB: 4010e9 in func 401130 with 2 insts
    I: 4010e9 (imm 407020)
    I: 4010ee
      Successors: 4010f0
  BB: 401130 in func 401130 with 2 insts
    Referenced by data
    I: 401130
    I: 401134 (flow 4010c0)
      Successors: 4010c0
  BB: 4010f0 in func 401130 with 1 insts
    I: 4010f0
      No successors
  BB: 401136 in func 401130 with 1 insts
    I: 401136
      No successors
  BB: 4010df in func 401130 with 3 insts
    I: 4010df
    I: 4010e4
    I: 4010e7 (flow 4010f0)
      Successors: 4010f0, 4010e9
Recovering main at 401140
  Analysing subroutine main at 401140
    Block head at 00404789 is not code.
  Subroutine main at 401140 has 495 blocks
  BB: 401800 in func 401140 with 3 insts
    I: 401800
    I: 401806
    I: 40180b (flow 40422b)
      Successors: 401811, 40422b
  BB: 404004 in func 401140 with 40 insts
    I: 404004 (imm 407024)
    I: 40400b
    I: 40400d (imm 407028)
    I: 404014
    I: 404016
    I: 404018
    I: 40401b
    I: 40401d
    I: 40401f
    I: 404022
    I: 404025
    I: 404028
    I: 40402c
    I: 40402f
    I: 404033
    I: 404036
    I: 404038
    I: 40403b
    I: 40403f
    I: 404041
    I: 404044
    I: 404046
    I: 404049
    I: 40404c
    I: 40404f
    I: 404053
    I: 404056
    I: 404059
    I: 40405c
    I: 40405f
    I: 404062
    I: 404064
    I: 404067
    I: 404069
    I: 40406b
    I: 404070
    I: 404075
    I: 404078
    I: 40407b
    I: 404081 (flow 404784)
      Successors: 404784
  BB: 401811 in func 401140 with 1 insts
    I: 401811 (flow 401816)
      Successors: 401816
  BB: 401816 in func 401140 with 3 insts
    I: 401816
    I: 40181c
    I: 401821 (flow 403111)
      Successors: 403111, 401827
  BB: 401827 in func 401140 with 1 insts
    I: 401827 (flow 40182c)
      Successors: 40182c
  BB: 40182c in func 401140 with 3 insts
    I: 40182c
    I: 401832
    I: 401837 (flow 4030d1)
      Successors: 4030d1, 40183d
  BB: 40303b in func 401140 with 34 insts
    I: 40303b
    I: 403041
    I: 403046
    I: 403049
    I: 40304e
    I: 403050
    I: 403058
    I: 40305b
    I: 40305e
    I: 403060
    I: 403063 (imm 407024)
    I: 40306a
    I: 40306c (imm 407028)
    I: 403073
    I: 403075
    I: 403077
    I: 40307a
    I: 40307c
    I: 40307e
    I: 403081
    I: 403084
    I: 403087
    I: 40308a
    I: 40308d
    I: 403090
    I: 403092
    I: 403094
    I: 403096
    I: 403098
    I: 40309d
    I: 4030a2
    I: 4030a5
    I: 4030a8
    I: 4030ae (flow 404784)
      Successors: 404784
  BB: 40383d in func 401140 with 7 insts
    I: 40383d
    I: 403840
    I: 403845
    I: 40384a
    I: 40384d
    I: 403850
    I: 403856 (flow 404784)
      Successors: 404784
  BB: 40183d in func 401140 with 1 insts
    I: 40183d (flow 401842)
      Successors: 401842
  BB: 401842 in func 401140 with 3 insts
    I: 401842
    I: 401848
    I: 40184d (flow 402dda)
      Successors: 402dda, 401853
  BB: 402849 in func 401140 with 2 insts
    I: 402849
    I: 402853 (flow 404784)
      Successors: 404784
  BB: 401853 in func 401140 with 1 insts
    I: 401853 (flow 401858)
      Successors: 401858
  BB: 402858 in func 401140 with 2 insts
    I: 402858
    I: 402862 (flow 404784)
      Successors: 404784
  BB: 401858 in func 401140 with 3 insts
    I: 401858
    I: 40185e
    I: 401863 (flow 402891)
      Successors: 401869, 402891
  BB: 402059 in func 401140 with 46 insts
    I: 402059
    I: 402060
    I: 402068
    I: 40206b
    I: 40206e
    I: 402070
    I: 402073 (imm 407024)
    I: 40207a
    I: 40207c (imm 407028)
    I: 402083
    I: 402085
    I: 402087
    I: 40208d
    I: 402090
    I: 402096
    I: 402099
    I: 40209c
    I: 40209f
    I: 4020a3
    I: 4020a6
    I: 4020aa
    I: 4020ad
    I: 4020af
    I: 4020b2
    I: 4020b6
    I: 4020b8
    I: 4020bb
    I: 4020bd
    I: 4020c0
    I: 4020c3
    I: 4020c6
    I: 4020ca
    I: 4020cd
    I: 4020d0
    I: 4020d3
    I: 4020d6
    I: 4020d9
    I: 4020db
    I: 4020de
    I: 4020e0
    I: 4020e2
    I: 4020e7
    I: 4020ec
    I: 4020ef
    I: 4020f2
    I: 4020f8 (flow 404784)
      Successors: 404784
  BB: 40385b in func 401140 with 40 insts
    I: 40385b (imm 407024)
    I: 403862
    I: 403864 (imm 407028)
    I: 40386b
    I: 40386d
    I: 40386f
    I: 403872
    I: 403874
    I: 403876
    I: 403879
    I: 40387c
    I: 40387f
    I: 403883
    I: 403886
    I: 40388a
    I: 40388d
    I: 40388f
    I: 403892
    I: 403896
    I: 403898
    I: 40389b
    I: 40389d
    I: 4038a0
    I: 4038a3
    I: 4038a6
    I: 4038aa
    I: 4038ad
    I: 4038b0
    I: 4038b3
    I: 4038b6
    I: 4038b9
    I: 4038bb
    I: 4038be
    I: 4038c0
    I: 4038c2
    I: 4038c7
    I: 4038cc
    I: 4038cf
    I: 4038d2
    I: 4038d8 (flow 404784)
      Successors: 404784
  BB: 402867 in func 401140 with 8 insts
    I: 402867
    I: 40286e
    I: 402876
    I: 40287b
    I: 402880
    I: 402883
    I: 402886
    I: 40288c (flow 404784)
      Successors: 404784
  BB: 401869 in func 401140 with 1 insts
    I: 401869 (flow 40186e)
      Successors: 40186e
  BB: 40186e in func 401140 with 3 insts
    I: 40186e
    I: 401874
    I: 401879 (flow 403a59)
      Successors: 403a59, 40187f
  BB: 40187f in func 401140 with 1 insts
    I: 40187f (flow 401884)
      Successors: 401884
  BB: 401884 in func 401140 with 3 insts
    I: 401884
    I: 40188a
    I: 40188f (flow 4045de)
      Successors: 401895, 4045de
  BB: 404086 in func 401140 with 40 insts
    I: 404086 (imm 407024)
    I: 40408d
    I: 40408f (imm 407028)
    I: 404096
    I: 404098
    I: 40409a
    I: 4040a0
    I: 4040a3
    I: 4040a9
    I: 4040ac
    I: 4040af
    I: 4040b2
    I: 4040b6
    I: 4040b9
    I: 4040bd
    I: 4040c0
    I: 4040c2
    I: 4040c5
    I: 4040c9
    I: 4040cb
    I: 4040ce
    I: 4040d0
    I: 4040d3
    I: 4040d6
    I: 4040d9
    I: 4040dd
    I: 4040e0
    I: 4040e3
    I: 4040e6
    I: 4040e9
    I: 4040ec
    I: 4040ee
    I: 4040f1
    I: 4040f3
    I: 4040f5
    I: 4040fa
    I: 4040ff
    I: 404102
    I: 404105
    I: 40410b (flow 404784)
      Successors: 404784
  BB: 402891 in func 401140 with 12 insts
    I: 402891
    I: 402897
    I: 40289c
    I: 40289f
    I: 4028a4
    I: 4028a6
    I: 4028ae
    I: 4028b3
    I: 4028b8
    I: 4028bb
    I: 4028be
    I: 4028c4 (flow 404784)
      Successors: 404784
  BB: 401895 in func 401140 with 1 insts
    I: 401895 (flow 40189a)
      Successors: 40189a
  BB: 40189a in func 401140 with 3 insts
    I: 40189a
    I: 4018a0
    I: 4018a5 (flow 404561)
      Successors: 404561, 4018ab
  BB: 4018ab in func 401140 with 1 insts
    I: 4018ab (flow 4018b0)
      Successors: 4018b0
  BB: 4018b0 in func 401140 with 3 insts
    I: 4018b0
    I: 4018b6
    I: 4018bb (flow 40249f)
      Successors: 4018c1, 40249f
  BB: 4030b3 in func 401140 with 7 insts
    I: 4030b3
    I: 4030b6
    I: 4030bb
    I: 4030c0
    I: 4030c3
    I: 4030c6
    I: 4030cc (flow 404784)
      Successors: 404784
  BB: 4018c1 in func 401140 with 1 insts
    I: 4018c1 (flow 4018c6)
      Successors: 4018c6
  BB: 4018c6 in func 401140 with 3 insts
    I: 4018c6
    I: 4018cc
    I: 4018d1 (flow 402aa2)
      Successors: 402aa2, 4018d7
  BB: 4028c9 in func 401140 with 12 insts
    I: 4028c9
    I: 4028cf
    I: 4028d1
    I: 4028d4
    I: 4028d6
    I: 4028dc
    I: 4028e2
    I: 4028e4
    I: 4028e7
    I: 4028e9
    I: 4028ef
    I: 4028f9 (flow 404784)
      Successors: 404784
  BB: 4030d1 in func 401140 with 16 insts
    I: 4030d1
    I: 4030d7
    I: 4030d9
    I: 4030df
    I: 4030e1
    I: 4030e7
    I: 4030ed
    I: 4030ef
    I: 4030f1
    I: 4030f3
    I: 4030f6
    I: 4030f8
    I: 4030fa
    I: 4030fc
    I: 403102
    I: 40310c (flow 404784)
      Successors: 404784
  BB: 4018d7 in func 401140 with 1 insts
    I: 4018d7 (flow 4018dc)
      Successors: 4018dc
  BB: 4018dc in func 401140 with 3 insts
    I: 4018dc
    I: 4018e2
    I: 4018e7 (flow 403633)
      Successors: 403633, 4018ed
  BB: 4038dd in func 401140 with 38 insts
    I: 4038dd
    I: 4038e3
    I: 4038e8
    I: 4038eb
    I: 4038f0
    I: 4038f6
    I: 4038fc
    I: 4038fe
    I: 403900
    I: 403902
    I: 403905
    I: 403907
    I: 403909
    I: 40390b
    I: 403911 (imm 407024)
    I: 403918
    I: 40391a (imm 407028)
    I: 403921
    I: 403923
    I: 403925
    I: 403928
    I: 40392a
    I: 40392c
    I: 40392f
    I: 403932
    I: 403935
    I: 403938
    I: 40393b
    I: 40393e
    I: 403940
    I: 403942
    I: 403944
    I: 403946
    I: 40394b
    I: 403950
    I: 403953
    I: 403956
    I: 40395c (flow 404784)
      Successors: 404784
  BB: 4018ed in func 401140 with 1 insts
    I: 4018ed (flow 4018f2)
      Successors: 4018f2
  BB: 4018f2 in func 401140 with 3 insts
    I: 4018f2
    I: 4018f8
    I: 4018fd (flow 404727)
      Successors: 401903, 404727
  BB: 4020fd in func 401140 with 7 insts
    I: 4020fd
    I: 402100
    I: 402105
    I: 40210a
    I: 40210d
    I: 402110
    I: 402116 (flow 404784)
      Successors: 404784
  BB: 4028fe in func 401140 with 12 insts
    I: 4028fe
    I: 402904
    I: 402909
    I: 40290c
    I: 402911
    I: 402913
    I: 40291b
    I: 402920
    I: 402925
    I: 402928
    I: 40292b
    I: 402931 (flow 404784)
      Successors: 404784
  BB: 401903 in func 401140 with 1 insts
    I: 401903 (flow 401908)
      Successors: 401908
  BB: 401908 in func 401140 with 3 insts
    I: 401908
    I: 40190e
    I: 401913 (flow 404004)
      Successors: 401919, 404004
  BB: 404110 in func 401140 with 2 insts
    I: 404110
    I: 40411a (flow 404784)
      Successors: 404784
  BB: 403111 in func 401140 with 12 insts
    I: 403111
    I: 403117
    I: 403119
    I: 40311c
    I: 40311e
    I: 403124
    I: 40312a
    I: 40312f
    I: 403132
    I: 403137
    I: 40313d
    I: 403147 (flow 404784)
      Successors: 404784
  BB: 401919 in func 401140 with 1 insts
    I: 401919 (flow 40191e)
      Successors: 40191e
  BB: 40211b in func 401140 with 12 insts
    I: 40211b
    I: 402121
    I: 402126
    I: 40212b
    I: 402130
    I: 402136
    I: 40213c
    I: 402141
    I: 402144
    I: 402149
    I: 40214f
    I: 402159 (flow 404784)
      Successors: 404784
  BB: 40191e in func 401140 with 3 insts
    I: 40191e
    I: 401924
    I: 401929 (flow 40463f)
      Successors: 40463f, 40192f
  BB: 40411f in func 401140 with 40 insts
    I: 40411f (imm 407024)
    I: 404126
    I: 404128 (imm 407028)
    I: 40412f
    I: 404131
    I: 404133
    I: 404139
    I: 40413c
    I: 404142
    I: 404145
    I: 404148
    I: 40414b
    I: 40414f
    I: 404152
    I: 404156
    I: 404159
    I: 40415b
    I: 40415e
    I: 404162
    I: 404164
    I: 404167
    I: 404169
    I: 40416c
    I: 40416f
    I: 404172
    I: 404176
    I: 404179
    I: 40417c
    I: 40417f
    I: 404182
    I: 404185
    I: 404187
    I: 40418a
    I: 40418c
    I: 40418e
    I: 404193
    I: 404198
    I: 40419b
    I: 40419e
    I: 4041a4 (flow 404784)
      Successors: 404784
  BB: 40192f in func 401140 with 1 insts
    I: 40192f (flow 401934)
      Successors: 401934
  BB: 401934 in func 401140 with 3 insts
    I: 401934
    I: 40193a
    I: 40193f (flow 404570)
      Successors: 404570, 401945
  BB: 402936 in func 401140 with 12 insts
    I: 402936
    I: 40293c
    I: 402941
    I: 402944
    I: 402949
    I: 40294f
    I: 402955
    I: 402957
    I: 40295a
    I: 40295c
    I: 402962
    I: 40296c (flow 404784)
      Successors: 404784
  BB: 401140 in func 401140 with 5 insts
    Referenced by data
    I: 401140
    I: 401141
    I: 401144
    I: 40114b
    I: 401152
      Successors: 40115c
  BB: 401945 in func 401140 with 1 insts
    I: 401945 (flow 40194a)
      Successors: 40194a
  BB: 40194a in func 401140 with 3 insts
    I: 40194a
    I: 401950
    I: 401955 (flow 403fc8)
      Successors: 403fc8, 40195b
  BB: 40314c in func 401140 with 40 insts
    I: 40314c (imm 407024)
    I: 403153
    I: 403155 (imm 407028)
    I: 40315c
    I: 40315e
    I: 403160
    I: 403166
    I: 403169
    I: 40316f
    I: 403172
    I: 403175
    I: 403178
    I: 40317c
    I: 40317f
    I: 403183
    I: 403186
    I: 403188
    I: 40318b
    I: 40318f
    I: 403191
    I: 403194
    I: 403196
    I: 403199
    I: 40319c
    I: 40319f
    I: 4031a3
    I: 4031a6
    I: 4031a9
    I: 4031ac
    I: 4031af
    I: 4031b2
    I: 4031b4
    I: 4031b7
    I: 4031b9
    I: 4031bb
    I: 4031c0
    I: 4031c5
    I: 4031c8
    I: 4031cb
    I: 4031d1 (flow 404784)
      Successors: 404784
  BB: 40195b in func 401140 with 1 insts
    I: 40195b (flow 401960)
      Successors: 401960
  BB: 40115c in func 401140 with 4 insts
    I: 40115c
    I: 401162
    I: 401168
    I: 40116d (flow 402b42)
      Successors: 402b42, 401173
  BB: 40215e in func 401140 with 40 insts
    I: 40215e (imm 407024)
    I: 402165
    I: 402167 (imm 407028)
    I: 40216e
    I: 402170
    I: 402172
    I: 402175
    I: 402177
    I: 402179
    I: 40217c
    I: 40217f
    I: 402182
    I: 402186
    I: 402189
    I: 40218d
    I: 402190
    I: 402192
    I: 402195
    I: 402199
    I: 40219b
    I: 40219e
    I: 4021a0
    I: 4021a3
    I: 4021a6
    I: 4021a9
    I: 4021ad
    I: 4021b0
    I: 4021b3
    I: 4021b6
    I: 4021b9
    I: 4021bc
    I: 4021be
    I: 4021c1
    I: 4021c3
    I: 4021c5
    I: 4021ca
    I: 4021cf
    I: 4021d2
    I: 4021d5
    I: 4021db (flow 404784)
      Successors: 404784
  BB: 401960 in func 401140 with 3 insts
    I: 401960
    I: 401966
    I: 40196b (flow 402858)
      Successors: 402858, 401971
  BB: 403961 in func 401140 with 2 insts
    I: 403961
    I: 40396b (flow 404784)
      Successors: 404784
  BB: 403970 in func 401140 with 12 insts
    I: 403970
    I: 403976
    I: 40397b
    I: 40397e
    I: 403983
    I: 403985
    I: 40398d
    I: 403992
    I: 403997
    I: 40399a
    I: 40399d
    I: 4039a3 (flow 404784)
      Successors: 404784
  BB: 401971 in func 401140 with 1 insts
    I: 401971 (flow 401976)
      Successors: 401976
  BB: 402971 in func 401140 with 16 insts
    I: 402971
    I: 402977
    I: 402979
    I: 40297b
    I: 40297d
    I: 402980
    I: 402982
    I: 402984
    I: 402986
    I: 402988
    I: 402990
    I: 402995
    I: 40299a
    I: 40299d
    I: 4029a0
    I: 4029a6 (flow 404784)
      Successors: 404784
  BB: 401173 in func 401140 with 1 insts
    I: 401173 (flow 401178)
      Successors: 401178
  BB: 401976 in func 401140 with 3 insts
    I: 401976
    I: 40197c
    I: 401981 (flow 403f09)
      Successors: 403f09, 401987
  BB: 401178 in func 401140 with 3 insts
    I: 401178
    I: 40117e
    I: 401183 (flow 404547)
      Successors: 401189, 404547
  BB: 401987 in func 401140 with 1 insts
    I: 401987 (flow 40198c)
      Successors: 40198c
  BB: 401189 in func 401140 with 1 insts
    I: 401189 (flow 40118e)
      Successors: 40118e
  BB: 40198c in func 401140 with 3 insts
    I: 40198c
    I: 401992
    I: 401997 (flow 403476)
      Successors: 40199d, 403476
  BB: 40118e in func 401140 with 3 insts
    I: 40118e
    I: 401194
    I: 401199 (flow 40322e)
      Successors: 40322e, 40119f
  BB: 40199d in func 401140 with 1 insts
    I: 40199d (flow 4019a2)
      Successors: 4019a2
  BB: 40119f in func 401140 with 1 insts
    I: 40119f (flow 4011a4)
      Successors: 4011a4
  BB: 4019a2 in func 401140 with 3 insts
    I: 4019a2
    I: 4019a8
    I: 4019ad (flow 402867)
      Successors: 4019b3, 402867
  BB: 4011a4 in func 401140 with 3 insts
    I: 4011a4
    I: 4011aa
    I: 4011af (flow 403ff5)
      Successors: 403ff5, 4011b5
  BB: 4039a8 in func 401140 with 12 insts
    I: 4039a8
    I: 4039ae
    I: 4039b3
    I: 4039b6
    I: 4039bb
    I: 4039c1
    I: 4039c7
    I: 4039c9
    I: 4039cc
    I: 4039ce
    I: 4039d4
    I: 4039de (flow 404784)
      Successors: 404784
  BB: 4041a9 in func 401140 with 40 insts
    I: 4041a9 (imm 407024)
    I: 4041b0
    I: 4041b2 (imm 407028)
    I: 4041b9
    I: 4041bb
    I: 4041bd
    I: 4041c0
    I: 4041c2
    I: 4041c4
    I: 4041c7
    I: 4041ca
    I: 4041cd
    I: 4041d1
    I: 4041d4
    I: 4041d8
    I: 4041db
    I: 4041dd
    I: 4041e0
    I: 4041e4
    I: 4041e6
    I: 4041e9
    I: 4041eb
    I: 4041ee
    I: 4041f1
    I: 4041f4
    I: 4041f8
    I: 4041fb
    I: 4041fe
    I: 404201
    I: 404204
    I: 404207
    I: 404209
    I: 40420c
    I: 40420e
    I: 404210
    I: 404215
    I: 40421a
    I: 40421d
    I: 404220
    I: 404226 (flow 404784)
      Successors: 404784
  BB: 4029ab in func 401140 with 12 insts
    I: 4029ab
    I: 4029b1
    I: 4029b6
    I: 4029bb
    I: 4029c0
    I: 4029c6
    I: 4029cc
    I: 4029ce
    I: 4029d1
    I: 4029d3
    I: 4029d9
    I: 4029e3 (flow 404784)
      Successors: 404784
  BB: 4019b3 in func 401140 with 1 insts
    I: 4019b3 (flow 4019b8)
      Successors: 4019b8
  BB: 4011b5 in func 401140 with 1 insts
    I: 4011b5 (flow 4011ba)
      Successors: 4011ba
  BB: 4019b8 in func 401140 with 3 insts
    I: 4019b8
    I: 4019be
    I: 4019c3 (flow 404621)
      Successors: 4019c9, 404621
  BB: 4011ba in func 401140 with 3 insts
    I: 4011ba
    I: 4011c0
    I: 4011c5 (flow 4023de)
      Successors: 4011cb, 4023de
  BB: 4019c9 in func 401140 with 1 insts
    I: 4019c9 (flow 4019ce)
      Successors: 4019ce
  BB: 4011cb in func 401140 with 1 insts
    I: 4011cb (flow 4011d0)
      Successors: 4011d0
  BB: 4019ce in func 401140 with 3 insts
    I: 4019ce
    I: 4019d4
    I: 4019d9 (flow 404718)
      Successors: 404718, 4019df
  BB: 4011d0 in func 401140 with 3 insts
    I: 4011d0
    I: 4011d6
    I: 4011db (flow 403b7b)
      Successors: 4011e1, 403b7b
  BB: 4031d6 in func 401140 with 24 insts
    I: 4031d6 (imm 407024)
    I: 4031dd
    I: 4031df (imm 407028)
    I: 4031e6
    I: 4031e8
    I: 4031ea
    I: 4031f0
    I: 4031f3
    I: 4031f9
    I: 4031fc
    I: 4031ff
    I: 403202
    I: 403205
    I: 403208
    I: 40320b
    I: 40320d
    I: 40320f
    I: 403211
    I: 403213
    I: 403218
    I: 40321d
    I: 403220
    I: 403223
    I: 403229 (flow 404784)
      Successors: 404784
  BB: 4019df in func 401140 with 1 insts
    I: 4019df (flow 4019e4)
      Successors: 4019e4
  BB: 4021e0 in func 401140 with 30 insts
    I: 4021e0
    I: 4021e7
    I: 4021ef
    I: 4021f2
    I: 4021f5
    I: 4021f7
    I: 4021fa (imm 407024)
    I: 402201
    I: 402203 (imm 407028)
    I: 40220a
    I: 40220c
    I: 40220e
    I: 402214
    I: 402217
    I: 40221d
    I: 402220
    I: 402223
    I: 402226
    I: 402229
    I: 40222c
    I: 40222f
    I: 402231
    I: 402233
    I: 402235
    I: 402237
    I: 40223c
    I: 402241
    I: 402244
    I: 402247
    I: 40224d (flow 404784)
      Successors: 404784
  BB: 4011e1 in func 401140 with 1 insts
    I: 4011e1 (flow 4011e6)
      Successors: 4011e6
  BB: 4039e3 in func 401140 with 12 insts
    I: 4039e3
    I: 4039e9
    I: 4039ee
    I: 4039f1
    I: 4039f6
    I: 4039f8
    I: 403a00
    I: 403a05
    I: 403a0a
    I: 403a0d
    I: 403a10
    I: 403a16 (flow 404784)
      Successors: 404784
  BB: 4019e4 in func 401140 with 3 insts
    I: 4019e4
    I: 4019ea
    I: 4019ef (flow 40328d)
      Successors: 4019f5, 40328d
  BB: 4011e6 in func 401140 with 3 insts
    I: 4011e6
    I: 4011ec
    I: 4011f1 (flow 4034ff)
      Successors: 4034ff, 4011f7
  BB: 4029e8 in func 401140 with 16 insts
    I: 4029e8
    I: 4029ee
    I: 4029f0
    I: 4029f2
    I: 4029f4
    I: 4029f7
    I: 4029f9
    I: 4029fb
    I: 4029fd
    I: 4029ff
    I: 402a07
    I: 402a0c
    I: 402a11
    I: 402a14
    I: 402a17
    I: 402a1d (flow 404784)
      Successors: 404784
  BB: 4019f5 in func 401140 with 1 insts
    I: 4019f5 (flow 4019fa)
      Successors: 4019fa
  BB: 4011f7 in func 401140 with 1 insts
    I: 4011f7 (flow 4011fc)
      Successors: 4011fc
  BB: 4019fa in func 401140 with 3 insts
    I: 4019fa
    I: 401a00
    I: 401a05 (flow 403fe6)
      Successors: 401a0b, 403fe6
  BB: 4011fc in func 401140 with 3 insts
    I: 4011fc
    I: 401202
    I: 401207 (flow 4029e8)
      Successors: 4029e8, 40120d
  BB: 401a0b in func 401140 with 1 insts
    I: 401a0b (flow 401a10)
      Successors: 401a10
  BB: 40120d in func 401140 with 1 insts
    I: 40120d (flow 401212)
      Successors: 401212
  BB: 401a10 in func 401140 with 3 insts
    I: 401a10
    I: 401a16
    I: 401a1b (flow 402edc)
      Successors: 401a21, 402edc
  BB: 401212 in func 401140 with 3 insts
    I: 401212
    I: 401218
    I: 40121d (flow 40465d)
      Successors: 401223, 40465d
  BB: 403a1b in func 401140 with 12 insts
    I: 403a1b
    I: 403a21
    I: 403a23
    I: 403a29
    I: 403a2b
    I: 403a31
    I: 403a37
    I: 403a3c
    I: 403a3f
    I: 403a44
    I: 403a4a
    I: 403a54 (flow 404784)
      Successors: 404784
  BB: 401a21 in func 401140 with 1 insts
    I: 401a21 (flow 401a26)
      Successors: 401a26
  BB: 402a22 in func 401140 with 16 insts
    I: 402a22
    I: 402a28
    I: 402a2a
    I: 402a2c
    I: 402a2e
    I: 402a33
    I: 402a35
    I: 402a37
    I: 402a39
    I: 402a3f
    I: 402a45
    I: 402a4a
    I: 402a4d
    I: 402a52
    I: 402a58
    I: 402a62 (flow 404784)
      Successors: 404784
  BB: 401223 in func 401140 with 1 insts
    I: 401223 (flow 401228)
      Successors: 401228
  BB: 401a26 in func 401140 with 3 insts
    I: 401a26
    I: 401a2c
    I: 401a31 (flow 404709)
      Successors: 404709, 401a37
  BB: 401228 in func 401140 with 3 insts
    I: 401228
    I: 40122e
    I: 401233 (flow 403efa)
      Successors: 401239, 403efa
  BB: 40422b in func 401140 with 2 insts
    I: 40422b
    I: 404235 (flow 404784)
      Successors: 404784
  BB: 40322e in func 401140 with 2 insts
    I: 40322e
    I: 403238 (flow 404784)
      Successors: 404784
  BB: 401a37 in func 401140 with 1 insts
    I: 401a37 (flow 401a3c)
      Successors: 401a3c
  BB: 401239 in func 401140 with 1 insts
    I: 401239 (flow 40123e)
      Successors: 40123e
  BB: 40423a in func 401140 with 40 insts
    I: 40423a (imm 407024)
    I: 404241
    I: 404243 (imm 407028)
    I: 40424a
    I: 40424c
    I: 40424e
    I: 404254
    I: 404257
    I: 40425d
    I: 404260
    I: 404263
    I: 404266
    I: 40426a
    I: 40426d
    I: 404271
    I: 404274
    I: 404276
    I: 404279
    I: 40427d
    I: 40427f
    I: 404282
    I: 404284
    I: 404287
    I: 40428a
    I: 40428d
    I: 404291
    I: 404294
    I: 404297
    I: 40429a
    I: 40429d
    I: 4042a0
    I: 4042a2
    I: 4042a5
    I: 4042a7
    I: 4042a9
    I: 4042ae
    I: 4042b3
    I: 4042b6
    I: 4042b9
    I: 4042bf (flow 404784)
      Successors: 404784
  BB: 401a3c in func 401140 with 3 insts
    I: 401a3c
    I: 401a42
    I: 401a47 (flow 402767)
      Successors: 401a4d, 402767
  BB: 40323d in func 401140 with 24 insts
    I: 40323d (imm 407024)
    I: 403244
    I: 403246 (imm 407028)
    I: 40324d
    I: 40324f
    I: 403251
    I: 403254
    I: 403256
    I: 403258
    I: 40325b
    I: 40325e
    I: 403261
    I: 403264
    I: 403267
    I: 40326a
    I: 40326c
    I: 40326e
    I: 403270
    I: 403272
    I: 403277
    I: 40327c
    I: 40327f
    I: 403282
    I: 403288 (flow 404784)
      Successors: 404784
  BB: 40123e in func 401140 with 3 insts
    I: 40123e
    I: 401244
    I: 401249 (flow 402ba1)
      Successors: 402ba1, 40124f
  BB: 401a4d in func 401140 with 1 insts
    I: 401a4d (flow 401a52)
      Successors: 401a52
  BB: 40124f in func 401140 with 1 insts
    I: 40124f (flow 401254)
      Successors: 401254
  BB: 401a52 in func 401140 with 3 insts
    I: 401a52
    I: 401a58
    I: 401a5d (flow 403f70)
      Successors: 403f70, 401a63
  BB: 402252 in func 401140 with 7 insts
    I: 402252
    I: 402255
    I: 40225a
    I: 40225f
    I: 402262
    I: 402265
    I: 40226b (flow 404784)
      Successors: 404784
  BB: 401254 in func 401140 with 3 insts
    I: 401254
    I: 40125a
    I: 40125f (flow 4027f1)
      Successors: 4027f1, 401265
  BB: 403a59 in func 401140 with 24 insts
    I: 403a59 (imm 407024)
    I: 403a60
    I: 403a62 (imm 407028)
    I: 403a69
    I: 403a6b
    I: 403a6d
    I: 403a73
    I: 403a76
    I: 403a7c
    I: 403a7f
    I: 403a82
    I: 403a85
    I: 403a88
    I: 403a8b
    I: 403a8e
    I: 403a90
    I: 403a92
    I: 403a94
    I: 403a96
    I: 403a9b
    I: 403aa0
    I: 403aa3
    I: 403aa6
    I: 403aac (flow 404784)
      Successors: 404784
  BB: 401a63 in func 401140 with 1 insts
    I: 401a63 (flow 401a68)
      Successors: 401a68
  BB: 401265 in func 401140 with 1 insts
    I: 401265 (flow 40126a)
      Successors: 40126a
  BB: 402a67 in func 401140 with 12 insts
    I: 402a67
    I: 402a6d
    I: 402a6f
    I: 402a72
    I: 402a74
    I: 402a7a
    I: 402a80
    I: 402a85
    I: 402a88
    I: 402a8d
    I: 402a93
    I: 402a9d (flow 404784)
      Successors: 404784
  BB: 401a68 in func 401140 with 3 insts
    I: 401a68
    I: 401a6e
    I: 401a73 (flow 402849)
      Successors: 402849, 401a79
  BB: 40126a in func 401140 with 3 insts
    I: 40126a
    I: 401270
    I: 401275 (flow 403651)
      Successors: 403651, 40127b
  BB: 402270 in func 401140 with 16 insts
    I: 402270
    I: 402276
    I: 402278
    I: 40227a
    I: 40227c
    I: 40227f
    I: 402281
    I: 402283
    I: 402285
    I: 402287
    I: 40228f
    I: 402294
    I: 402299
    I: 40229c
    I: 40229f
    I: 4022a5 (flow 404784)
      Successors: 404784
  BB: 401a79 in func 401140 with 1 insts
    I: 401a79 (flow 401a7e)
      Successors: 401a7e
  BB: 40127b in func 401140 with 1 insts
    I: 40127b (flow 401280)
      Successors: 401280
  BB: 401a7e in func 401140 with 3 insts
    I: 401a7e
    I: 401a84
    I: 401a89 (flow 402594)
      Successors: 402594, 401a8f
  BB: 401280 in func 401140 with 3 insts
    I: 401280
    I: 401286
    I: 40128b (flow 404754)
      Successors: 401291, 404754
  BB: 40328d in func 401140 with 24 insts
    I: 40328d (imm 407024)
    I: 403294
    I: 403296 (imm 407028)
    I: 40329d
    I: 40329f
    I: 4032a1
    I: 4032a7
    I: 4032aa
    I: 4032b0
    I: 4032b3
    I: 4032b6
    I: 4032b9
    I: 4032bc
    I: 4032bf
    I: 4032c2
    I: 4032c4
    I: 4032c6
    I: 4032c8
    I: 4032ca
    I: 4032cf
    I: 4032d4
    I: 4032d7
    I: 4032da
    I: 4032e0 (flow 404784)
      Successors: 404784
  BB: 401a8f in func 401140 with 1 insts
    I: 401a8f (flow 401a94)
      Successors: 401a94
  BB: 401291 in func 401140 with 1 insts
    I: 401291 (flow 401296)
      Successors: 401296
  BB: 401a94 in func 401140 with 3 insts
    I: 401a94
    I: 401a9a
    I: 401a9f (flow 40250a)
      Successors: 40250a, 401aa5
  BB: 401296 in func 401140 with 3 insts
    I: 401296
    I: 40129c
    I: 4012a1 (flow 402b92)
      Successors: 402b92, 4012a7
  BB: 402aa2 in func 401140 with 2 insts
    I: 402aa2
    I: 402aac (flow 404784)
      Successors: 404784
  BB: 401aa5 in func 401140 with 1 insts
    I: 401aa5 (flow 401aaa)
      Successors: 401aaa
  BB: 4012a7 in func 401140 with 1 insts
    I: 4012a7 (flow 4012ac)
      Successors: 4012ac
  BB: 401aaa in func 401140 with 3 insts
    I: 401aaa
    I: 401ab0
    I: 401ab5 (flow 4021e0)
      Successors: 4021e0, 401abb
  BB: 4022aa in func 401140 with 12 insts
    I: 4022aa
    I: 4022b0
    I: 4022b5
    I: 4022ba
    I: 4022bf
    I: 4022c5
    I: 4022cb
    I: 4022d0
    I: 4022d3
    I: 4022d8
    I: 4022de
    I: 4022e8 (flow 404784)
      Successors: 404784
  BB: 4012ac in func 401140 with 3 insts
    I: 4012ac
    I: 4012b2
    I: 4012b7 (flow 402971)
      Successors: 402971, 4012bd
  BB: 402ab1 in func 401140 with 2 insts
    I: 402ab1
    I: 402abb (flow 404784)
      Successors: 404784
  BB: 403ab1 in func 401140 with 54 insts
    I: 403ab1
    I: 403ab7
    I: 403ab9
    I: 403abb
    I: 403abd
    I: 403ac0
    I: 403ac2
    I: 403ac4
    I: 403ac6
    I: 403ac8
    I: 403ad0
    I: 403ad3
    I: 403ad6
    I: 403ad8
    I: 403adb (imm 407024)
    I: 403ae2
    I: 403ae4 (imm 407028)
    I: 403aeb
    I: 403aed
    I: 403aef
    I: 403af2
    I: 403af4
    I: 403af6
    I: 403af9
    I: 403afc
    I: 403aff
    I: 403b03
    I: 403b06
    I: 403b0a
    I: 403b0d
    I: 403b0f
    I: 403b12
    I: 403b16
    I: 403b18
    I: 403b1b
    I: 403b1d
    I: 403b20
    I: 403b23
    I: 403b26
    I: 403b2a
    I: 403b2d
    I: 403b30
    I: 403b33
    I: 403b36
    I: 403b39
    I: 403b3b
    I: 403b3e
    I: 403b40
    I: 403b42
    I: 403b47
    I: 403b4c
    I: 403b4f
    I: 403b52
    I: 403b58 (flow 404784)
      Successors: 404784
  BB: 401abb in func 401140 with 1 insts
    I: 401abb (flow 401ac0)
      Successors: 401ac0
  BB: 4012bd in func 401140 with 1 insts
    I: 4012bd (flow 4012c2)
      Successors: 4012c2
  BB: 401ac0 in func 401140 with 3 insts
    I: 401ac0
    I: 401ac6
    I: 401acb (flow 40466c)
      Successors: 401ad1, 40466c
  BB: 402ac0 in func 401140 with 40 insts
    I: 402ac0 (imm 407024)
    I: 402ac7
    I: 402ac9 (imm 407028)
    I: 402ad0
    I: 402ad2
    I: 402ad4
    I: 402ad7
    I: 402ad9
    I: 402adb
    I: 402ade
    I: 402ae1
    I: 402ae4
    I: 402ae8
    I: 402aeb
    I: 402aef
    I: 402af2
    I: 402af4
    I: 402af7
    I: 402afb
    I: 402afd
    I: 402b00
    I: 402b02
    I: 402b05
    I: 402b08
    I: 402b0b
    I: 402b0f
    I: 402b12
    I: 402b15
    I: 402b18
    I: 402b1b
    I: 402b1e
    I: 402b20
    I: 402b23
    I: 402b25
    I: 402b27
    I: 402b2c
    I: 402b31
    I: 402b34
    I: 402b37
    I: 402b3d (flow 404784)
      Successors: 404784
  BB: 4012c2 in func 401140 with 3 insts
    I: 4012c2
    I: 4012c8
    I: 4012cd (flow 4034d5)
      Successors: 4012d3, 4034d5
  BB: 4042c4 in func 401140 with 40 insts
    I: 4042c4 (imm 407024)
    I: 4042cb
    I: 4042cd (imm 407028)
    I: 4042d4
    I: 4042d6
    I: 4042d8
    I: 4042de
    I: 4042e1
    I: 4042e7
    I: 4042ea
    I: 4042ed
    I: 4042f0
    I: 4042f4
    I: 4042f7
    I: 4042fb
    I: 4042fe
    I: 404300
    I: 404303
    I: 404307
    I: 404309
    I: 40430c
    I: 40430e
    I: 404311
    I: 404314
    I: 404317
    I: 40431b
    I: 40431e
    I: 404321
    I: 404324
    I: 404327
    I: 40432a
    I: 40432c
    I: 40432f
    I: 404331
    I: 404333
    I: 404338
    I: 40433d
    I: 404340
    I: 404343
    I: 404349 (flow 404784)
      Successors: 404784
  BB: 401ad1 in func 401140 with 1 insts
    I: 401ad1 (flow 401ad6)
      Successors: 401ad6
  BB: 4012d3 in func 401140 with 1 insts
    I: 4012d3 (flow 4012d8)
      Successors: 4012d8
  BB: 401ad6 in func 401140 with 3 insts
    I: 401ad6
    I: 401adc
    I: 401ae1 (flow 403970)
      Successors: 403970, 401ae7
  BB: 4012d8 in func 401140 with 3 insts
    I: 4012d8
    I: 4012de
    I: 4012e3 (flow 4042c4)
      Successors: 4012e9, 4042c4
  BB: 4032e5 in func 401140 with 2 insts
    I: 4032e5
    I: 4032ef (flow 404784)
      Successors: 404784
  BB: 401ae7 in func 401140 with 1 insts
    I: 401ae7 (flow 401aec)
      Successors: 401aec
  BB: 4012e9 in func 401140 with 1 insts
    I: 4012e9 (flow 4012ee)
      Successors: 4012ee
  BB: 401aec in func 401140 with 3 insts
    I: 401aec
    I: 401af2
    I: 401af7 (flow 40338d)
      Successors: 401afd, 40338d
  BB: 4022ed in func 401140 with 12 insts
    I: 4022ed
    I: 4022f3
    I: 4022f8
    I: 4022fd
    I: 402302
    I: 402308
    I: 40230e
    I: 402313
    I: 402316
    I: 40231b
    I: 402321
    I: 40232b (flow 404784)
      Successors: 404784
  BB: 4012ee in func 401140 with 3 insts
    I: 4012ee
    I: 4012f4
    I: 4012f9 (flow 402410)
      Successors: 402410, 4012ff
  BB: 4032f4 in func 401140 with 2 insts
    I: 4032f4
    I: 4032fe (flow 404784)
      Successors: 404784
  BB: 401afd in func 401140 with 1 insts
    I: 401afd (flow 401b02)
      Successors: 401b02
  BB: 4012ff in func 401140 with 1 insts
    I: 4012ff (flow 401304)
      Successors: 401304
  BB: 401b02 in func 401140 with 3 insts
    I: 401b02
    I: 401b08
    I: 401b0d (flow 403bfe)
      Successors: 401b13, 403bfe
  BB: 403303 in func 401140 with 40 insts
    I: 403303 (imm 407024)
    I: 40330a
    I: 40330c (imm 407028)
    I: 403313
    I: 403315
    I: 403317
    I: 40331d
    I: 403320
    I: 403326
    I: 403329
    I: 40332c
    I: 40332f
    I: 403333
    I: 403336
    I: 40333a
    I: 40333d
    I: 40333f
    I: 403342
    I: 403346
    I: 403348
    I: 40334b
    I: 40334d
    I: 403350
    I: 403353
    I: 403356
    I: 40335a
    I: 40335d
    I: 403360
    I: 403363
    I: 403366
    I: 403369
    I: 40336b
    I: 40336e
    I: 403370
    I: 403372
    I: 403377
    I: 40337c
    I: 40337f
    I: 403382
    I: 403388 (flow 404784)
      Successors: 404784
  BB: 401304 in func 401140 with 3 insts
    I: 401304
    I: 40130a
    I: 40130f (flow 402059)
      Successors: 402059, 401315
  BB: 401b13 in func 401140 with 1 insts
    I: 401b13 (flow 401b18)
      Successors: 401b18
  BB: 401315 in func 401140 with 1 insts
    I: 401315 (flow 40131a)
      Successors: 40131a
  BB: 401b18 in func 401140 with 3 insts
    I: 401b18
    I: 401b1e
    I: 401b23 (flow 404110)
      Successors: 404110, 401b29
  BB: 40131a in func 401140 with 3 insts
    I: 40131a
    I: 401320
    I: 401325 (flow 404745)
      Successors: 40132b, 404745
  BB: 401b29 in func 401140 with 1 insts
    I: 401b29 (flow 401b2e)
      Successors: 401b2e
  BB: 40132b in func 401140 with 1 insts
    I: 40132b (flow 401330)
      Successors: 401330
  BB: 401b2e in func 401140 with 3 insts
    I: 401b2e
    I: 401b34
    I: 401b39 (flow 40233f)
      Successors: 40233f, 401b3f
  BB: 401330 in func 401140 with 3 insts
    I: 401330
    I: 401336
    I: 40133b (flow 4026d7)
      Successors: 401341, 4026d7
  BB: 402330 in func 401140 with 2 insts
    I: 402330
    I: 40233a (flow 404784)
      Successors: 404784
  BB: 401b3f in func 401140 with 1 insts
    I: 401b3f (flow 401b44)
      Successors: 401b44
  BB: 40233f in func 401140 with 8 insts
    I: 40233f
    I: 402346
    I: 40234e
    I: 402353
    I: 402358
    I: 40235b
    I: 40235e
    I: 402364 (flow 404784)
      Successors: 404784
  BB: 401341 in func 401140 with 1 insts
    I: 401341 (flow 401346)
      Successors: 401346
  BB: 402b42 in func 401140 with 24 insts
    I: 402b42 (imm 407024)
    I: 402b49
    I: 402b4b (imm 407028)
    I: 402b52
    I: 402b54
    I: 402b56
    I: 402b59
    I: 402b5b
    I: 402b5d
    I: 402b60
    I: 402b63
    I: 402b66
    I: 402b69
    I: 402b6c
    I: 402b6f
    I: 402b71
    I: 402b73
    I: 402b75
    I: 402b77
    I: 402b7c
    I: 402b81
    I: 402b84
    I: 402b87
    I: 402b8d (flow 404784)
      Successors: 404784
  BB: 401b44 in func 401140 with 3 insts
    I: 401b44
    I: 401b4a
    I: 401b4f (flow 4043b5)
      Successors: 401b55, 4043b5
  BB: 401346 in func 401140 with 3 insts
    I: 401346
    I: 40134c
    I: 401351 (flow 4028c9)
      Successors: 4028c9, 401357
  BB: 40434e in func 401140 with 2 insts
    I: 40434e
    I: 404358 (flow 404784)
      Successors: 404784
  BB: 401b55 in func 401140 with 1 insts
    I: 401b55 (flow 401b5a)
      Successors: 401b5a
  BB: 401357 in func 401140 with 1 insts
    I: 401357 (flow 40135c)
      Successors: 40135c
  BB: 401b5a in func 401140 with 3 insts
    I: 401b5a
    I: 401b60
    I: 401b65 (flow 402c12)
      Successors: 402c12, 401b6b
  BB: 40135c in func 401140 with 3 insts
    I: 40135c
    I: 401362
    I: 401367 (flow 4039a8)
      Successors: 4039a8, 40136d
  BB: 403b5d in func 401140 with 7 insts
    I: 403b5d
    I: 403b60
    I: 403b65
    I: 403b6a
    I: 403b6d
    I: 403b70
    I: 403b76 (flow 404784)
      Successors: 404784
  BB: 40435d in func 401140 with 24 insts
    I: 40435d (imm 407024)
    I: 404364
    I: 404366 (imm 407028)
    I: 40436d
    I: 40436f
    I: 404371
    I: 404377
    I: 40437a
    I: 404380
    I: 404383
    I: 404386
    I: 404389
    I: 40438c
    I: 40438f
    I: 404392
    I: 404394
    I: 404396
    I: 404398
    I: 40439a
    I: 40439f
    I: 4043a4
    I: 4043a7
    I: 4043aa
    I: 4043b0 (flow 404784)
      Successors: 404784
  BB: 402369 in func 401140 with 12 insts
    I: 402369
    I: 40236f
    I: 402371
    I: 402374
    I: 402376
    I: 402378
    I: 402380
    I: 402385
    I: 40238a
    I: 40238d
    I: 402390
    I: 402396 (flow 404784)
      Successors: 404784
  BB: 401b6b in func 401140 with 1 insts
    I: 401b6b (flow 401b70)
      Successors: 401b70
  BB: 40136d in func 401140 with 1 insts
    I: 40136d (flow 401372)
      Successors: 401372
  BB: 401b70 in func 401140 with 3 insts
    I: 401b70
    I: 401b76
    I: 401b7b (flow 40383d)
      Successors: 401b81, 40383d
  BB: 401372 in func 401140 with 3 insts
    I: 401372
    I: 401378
    I: 40137d (flow 40323d)
      Successors: 401383, 40323d
  BB: 403b7b in func 401140 with 16 insts
    I: 403b7b
    I: 403b81
    I: 403b83
    I: 403b89
    I: 403b8b
    I: 403b91
    I: 403b97
    I: 403b99
    I: 403b9b
    I: 403b9d
    I: 403ba0
    I: 403ba2
    I: 403ba4
    I: 403ba6
    I: 403bac
    I: 403bb6 (flow 404784)
      Successors: 404784
  BB: 401b81 in func 401140 with 1 insts
    I: 401b81 (flow 401b86)
      Successors: 401b86
  BB: 401383 in func 401140 with 1 insts
    I: 401383 (flow 401388)
      Successors: 401388
  BB: 401b86 in func 401140 with 3 insts
    I: 401b86
    I: 401b8c
    I: 401b91 (flow 4046fa)
      Successors: 4046fa, 401b97
  BB: 401388 in func 401140 with 3 insts
    I: 401388
    I: 40138e
    I: 401393 (flow 40434e)
      Successors: 401399, 40434e
  BB: 40338d in func 401140 with 24 insts
    I: 40338d (imm 407024)
    I: 403394
    I: 403396 (imm 407028)
    I: 40339d
    I: 40339f
    I: 4033a1
    I: 4033a7
    I: 4033aa
    I: 4033b0
    I: 4033b3
    I: 4033b6
    I: 4033b9
    I: 4033bc
    I: 4033bf
    I: 4033c2
    I: 4033c4
    I: 4033c6
    I: 4033c8
    I: 4033ca
    I: 4033cf
    I: 4033d4
    I: 4033d7
    I: 4033da
    I: 4033e0 (flow 404784)
      Successors: 404784
  BB: 402b92 in func 401140 with 2 insts
    I: 402b92
    I: 402b9c (flow 404784)
      Successors: 404784
  BB: 401b97 in func 401140 with 1 insts
    I: 401b97 (flow 401b9c)
      Successors: 401b9c
  BB: 401399 in func 401140 with 1 insts
    I: 401399 (flow 40139e)
      Successors: 40139e
  BB: 40239b in func 401140 with 12 insts
    I: 40239b
    I: 4023a1
    I: 4023a6
    I: 4023ab
    I: 4023b0
    I: 4023b6
    I: 4023bc
    I: 4023c1
    I: 4023c4
    I: 4023c9
    I: 4023cf
    I: 4023d9 (flow 404784)
      Successors: 404784
  BB: 401b9c in func 401140 with 3 insts
    I: 401b9c
    I: 401ba2
    I: 401ba7 (flow 4044d8)
      Successors: 4044d8, 401bad
  BB: 40139e in func 401140 with 3 insts
    I: 40139e
    I: 4013a4
    I: 4013a9 (flow 40411f)
      Successors: 40411f, 4013af
  BB: 402ba1 in func 401140 with 2 insts
    I: 402ba1
    I: 402bab (flow 404784)
      Successors: 404784
  BB: 401bad in func 401140 with 1 insts
    I: 401bad (flow 401bb2)
      Successors: 401bb2
  BB: 4013af in func 401140 with 1 insts
    I: 4013af (flow 4013b4)
      Successors: 4013b4
  BB: 402bb0 in func 401140 with 8 insts
    I: 402bb0
    I: 402bb7
    I: 402bbf
    I: 402bc4
    I: 402bc9
    I: 402bcc
    I: 402bcf
    I: 402bd5 (flow 404784)
      Successors: 404784
  BB: 401bb2 in func 401140 with 3 insts
    I: 401bb2
    I: 401bb8
    I: 401bbd (flow 402d99)
      Successors: 402d99, 401bc3
  BB: 4013b4 in func 401140 with 3 insts
    I: 4013b4
    I: 4013ba
    I: 4013bf (flow 403589)
      Successors: 403589, 4013c5
  BB: 4043b5 in func 401140 with 40 insts
    I: 4043b5 (imm 407024)
    I: 4043bc
    I: 4043be (imm 407028)
    I: 4043c5
    I: 4043c7
    I: 4043c9
    I: 4043cf
    I: 4043d2
    I: 4043d8
    I: 4043db
    I: 4043de
    I: 4043e1
    I: 4043e5
    I: 4043e8
    I: 4043ec
    I: 4043ef
    I: 4043f1
    I: 4043f4
    I: 4043f8
    I: 4043fa
    I: 4043fd
    I: 4043ff
    I: 404402
    I: 404405
    I: 404408
    I: 40440c
    I: 40440f
    I: 404412
    I: 404415
    I: 404418
    I: 40441b
    I: 40441d
    I: 404420
    I: 404422
    I: 404424
    I: 404429
    I: 40442e
    I: 404431
    I: 404434
    I: 40443a (flow 404784)
      Successors: 404784
  BB: 403bbb in func 401140 with 16 insts
    I: 403bbb
    I: 403bc1
    I: 403bc3
    I: 403bc5
    I: 403bc7
    I: 403bca
    I: 403bcc
    I: 403bce
    I: 403bd0
    I: 403bd6
    I: 403bdc
    I: 403be1
    I: 403be4
    I: 403be9
    I: 403bef
    I: 403bf9 (flow 404784)
      Successors: 404784
  BB: 401bc3 in func 401140 with 1 insts
    I: 401bc3 (flow 401bc8)
      Successors: 401bc8
  BB: 4013c5 in func 401140 with 1 insts
    I: 4013c5 (flow 4013ca)
      Successors: 4013ca
  BB: 401bc8 in func 401140 with 3 insts
    I: 401bc8
    I: 401bce
    I: 401bd3 (flow 404630)
      Successors: 404630, 401bd9
  BB: 4013ca in func 401140 with 3 insts
    I: 4013ca
    I: 4013d0
    I: 4013d5 (flow 402936)
      Successors: 4013db, 402936
  BB: 401bd9 in func 401140 with 1 insts
    I: 401bd9 (flow 401bde)
      Successors: 401bde
  BB: 402bda in func 401140 with 12 insts
    I: 402bda
    I: 402be0
    I: 402be5
    I: 402be8
    I: 402bed
    I: 402bef
    I: 402bf7
    I: 402bfc
    I: 402c01
    I: 402c04
    I: 402c07
    I: 402c0d (flow 404784)
      Successors: 404784
  BB: 4013db in func 401140 with 1 insts
    I: 4013db (flow 4013e0)
      Successors: 4013e0
  BB: 401bde in func 401140 with 3 insts
    I: 401bde
    I: 401be4
    I: 401be9 (flow 402d52)
      Successors: 402d52, 401bef
  BB: 4023de in func 401140 with 12 insts
    I: 4023de
    I: 4023e4
    I: 4023e6
    I: 4023e9
    I: 4023eb
    I: 4023ed
    I: 4023f5
    I: 4023fa
    I: 4023ff
    I: 402402
    I: 402405
    I: 40240b (flow 404784)
      Successors: 404784
  BB: 4013e0 in func 401140 with 3 insts
    I: 4013e0
    I: 4013e6
    I: 4013eb (flow 40211b)
      Successors: 4013f1, 40211b
  BB: 4033e5 in func 401140 with 2 insts
    I: 4033e5
    I: 4033ef (flow 404784)
      Successors: 404784
  BB: 401bef in func 401140 with 1 insts
    I: 401bef (flow 401bf4)
      Successors: 401bf4
  BB: 4013f1 in func 401140 with 1 insts
    I: 4013f1 (flow 4013f6)
      Successors: 4013f6
  BB: 401bf4 in func 401140 with 3 insts
    I: 401bf4
    I: 401bfa
    I: 401bff (flow 4038dd)
      Successors: 4038dd, 401c05
  BB: 4033f4 in func 401140 with 40 insts
    I: 4033f4 (imm 407024)
    I: 4033fb
    I: 4033fd (imm 407028)
    I: 403404
    I: 403406
    I: 403408
    I: 40340b
    I: 40340d
    I: 40340f
    I: 403412
    I: 403415
    I: 403418
    I: 40341c
    I: 40341f
    I: 403423
    I: 403426
    I: 403428
    I: 40342b
    I: 40342f
    I: 403431
    I: 403434
    I: 403436
    I: 403439
    I: 40343c
    I: 40343f
    I: 403443
    I: 403446
    I: 403449
    I: 40344c
    I: 40344f
    I: 403452
    I: 403454
    I: 403457
    I: 403459
    I: 40345b
    I: 403460
    I: 403465
    I: 403468
    I: 40346b
    I: 403471 (flow 404784)
      Successors: 404784
  BB: 4013f6 in func 401140 with 3 insts
    I: 4013f6
    I: 4013fc
    I: 401401 (flow 4020fd)
      Successors: 4020fd, 401407
  BB: 403bfe in func 401140 with 40 insts
    I: 403bfe (imm 407024)
    I: 403c05
    I: 403c07 (imm 407028)
    I: 403c0e
    I: 403c10
    I: 403c12
    I: 403c18
    I: 403c1b
    I: 403c21
    I: 403c24
    I: 403c27
    I: 403c2a
    I: 403c2e
    I: 403c31
    I: 403c35
    I: 403c38
    I: 403c3a
    I: 403c3d
    I: 403c41
    I: 403c43
    I: 403c46
    I: 403c48
    I: 403c4b
    I: 403c4e
    I: 403c51
    I: 403c55
    I: 403c58
    I: 403c5b
    I: 403c5e
    I: 403c61
    I: 403c64
    I: 403c66
    I: 403c69
    I: 403c6b
    I: 403c6d
    I: 403c72
    I: 403c77
    I: 403c7a
    I: 403c7d
    I: 403c83 (flow 404784)
      Successors: 404784
  BB: 401c05 in func 401140 with 1 insts
    I: 401c05 (flow 401c0a)
      Successors: 401c0a
  BB: 401407 in func 401140 with 1 insts
    I: 401407 (flow 40140c)
      Successors: 40140c
  BB: 401c0a in func 401140 with 3 insts
    I: 401c0a
    I: 401c10
    I: 401c15 (flow 401fd7)
      Successors: 401c1b, 401fd7
  BB: 40140c in func 401140 with 3 insts
    I: 40140c
    I: 401412
    I: 401417 (flow 4022aa)
      Successors: 4022aa, 40141d
  BB: 402410 in func 401140 with 12 insts
    I: 402410
    I: 402416
    I: 40241b
    I: 402420
    I: 402425
    I: 40242b
    I: 402431
    I: 402436
    I: 402439
    I: 40243e
    I: 402444
    I: 40244e (flow 404784)
      Successors: 404784
  BB: 402c12 in func 401140 with 40 insts
    I: 402c12 (imm 407024)
    I: 402c19
    I: 402c1b (imm 407028)
    I: 402c22
    I: 402c24
    I: 402c26
    I: 402c2c
    I: 402c2f
    I: 402c35
    I: 402c38
    I: 402c3b
    I: 402c3e
    I: 402c42
    I: 402c45
    I: 402c49
    I: 402c4c
    I: 402c4e
    I: 402c51
    I: 402c55
    I: 402c57
    I: 402c5a
    I: 402c5c
    I: 402c5f
    I: 402c62
    I: 402c65
    I: 402c69
    I: 402c6c
    I: 402c6f
    I: 402c72
    I: 402c75
    I: 402c78
    I: 402c7a
    I: 402c7d
    I: 402c7f
    I: 402c81
    I: 402c86
    I: 402c8b
    I: 402c8e
    I: 402c91
    I: 402c97 (flow 404784)
      Successors: 404784
  BB: 401c1b in func 401140 with 1 insts
    I: 401c1b (flow 401c20)
      Successors: 401c20
  BB: 40141d in func 401140 with 1 insts
    I: 40141d (flow 401422)
      Successors: 401422
  BB: 401c20 in func 401140 with 3 insts
    I: 401c20
    I: 401c26
    I: 401c2b (flow 402f3b)
      Successors: 401c31, 402f3b
  BB: 401422 in func 401140 with 3 insts
    I: 401422
    I: 401428
    I: 40142d (flow 403db2)
      Successors: 403db2, 401433
  BB: 401c31 in func 401140 with 1 insts
    I: 401c31 (flow 401c36)
      Successors: 401c36
  BB: 401433 in func 401140 with 1 insts
    I: 401433 (flow 401438)
      Successors: 401438
  BB: 401c36 in func 401140 with 3 insts
    I: 401c36
    I: 401c3c
    I: 401c41 (flow 403e02)
      Successors: 403e02, 401c47
  BB: 401438 in func 401140 with 3 insts
    I: 401438
    I: 40143e
    I: 401443 (flow 4036c6)
      Successors: 401449, 4036c6
  BB: 40443f in func 401140 with 2 insts
    I: 40443f
    I: 404449 (flow 404784)
      Successors: 404784
  BB: 401c47 in func 401140 with 1 insts
    I: 401c47 (flow 401c4c)
      Successors: 401c4c
  BB: 401449 in func 401140 with 1 insts
    I: 401449 (flow 40144e)
      Successors: 40144e
  BB: 401c4c in func 401140 with 3 insts
    I: 401c4c
    I: 401c52
    I: 401c57 (flow 40239b)
      Successors: 40239b, 401c5d
  BB: 40144e in func 401140 with 3 insts
    I: 40144e
    I: 401454
    I: 401459 (flow 402a67)
      Successors: 402a67, 40145f
  BB: 40444e in func 401140 with 40 insts
    I: 40444e (imm 407024)
    I: 404455
    I: 404457 (imm 407028)
    I: 40445e
    I: 404460
    I: 404462
    I: 404468
    I: 40446b
    I: 404471
    I: 404474
    I: 404477
    I: 40447a
    I: 40447e
    I: 404481
    I: 404485
    I: 404488
    I: 40448a
    I: 40448d
    I: 404491
    I: 404493
    I: 404496
    I: 404498
    I: 40449b
    I: 40449e
    I: 4044a1
    I: 4044a5
    I: 4044a8
    I: 4044ab
    I: 4044ae
    I: 4044b1
    I: 4044b4
    I: 4044b6
    I: 4044b9
    I: 4044bb
    I: 4044bd
    I: 4044c2
    I: 4044c7
    I: 4044ca
    I: 4044cd
    I: 4044d3 (flow 404784)
      Successors: 404784
  BB: 402453 in func 401140 with 16 insts
    I: 402453
    I: 402459
    I: 40245b
    I: 40245e
    I: 402460
    I: 402466
    I: 40246c
    I: 40246e
    I: 402470
    I: 402472
    I: 402475
    I: 402477
    I: 402479
    I: 40247b
    I: 402481
    I: 40248b (flow 404784)
      Successors: 404784
  BB: 401c5d in func 401140 with 1 insts
    I: 401c5d (flow 401c62)
      Successors: 401c62
  BB: 40145f in func 401140 with 1 insts
    I: 40145f (flow 401464)
      Successors: 401464
  BB: 401c62 in func 401140 with 3 insts
    I: 401c62
    I: 401c68
    I: 401c6d (flow 4024ae)
      Successors: 401c73, 4024ae
  BB: 401464 in func 401140 with 3 insts
    I: 401464
    I: 40146a
    I: 40146f (flow 402ac0)
      Successors: 402ac0, 401475
  BB: 401c73 in func 401140 with 1 insts
    I: 401c73 (flow 401c78)
      Successors: 401c78
  BB: 401475 in func 401140 with 1 insts
    I: 401475 (flow 40147a)
      Successors: 40147a
  BB: 403476 in func 401140 with 24 insts
    I: 403476 (imm 407024)
    I: 40347d
    I: 40347f (imm 407028)
    I: 403486
    I: 403488
    I: 40348a
    I: 40348d
    I: 40348f
    I: 403491
    I: 403494
    I: 403497
    I: 40349a
    I: 40349d
    I: 4034a0
    I: 4034a3
    I: 4034a5
    I: 4034a7
    I: 4034a9
    I: 4034ab
    I: 4034b0
    I: 4034b5
    I: 4034b8
    I: 4034bb
    I: 4034c1 (flow 404784)
      Successors: 404784
  BB: 401c78 in func 401140 with 3 insts
    I: 401c78
    I: 401c7e
    I: 401c83 (flow 402efa)
      Successors: 401c89, 402efa
  BB: 40147a in func 401140 with 3 insts
    I: 40147a
    I: 401480
    I: 401485 (flow 40435d)
      Successors: 40148b, 40435d
  BB: 403c88 in func 401140 with 40 insts
    I: 403c88 (imm 407024)
    I: 403c8f
    I: 403c91 (imm 407028)
    I: 403c98
    I: 403c9a
    I: 403c9c
    I: 403c9f
    I: 403ca1
    I: 403ca3
    I: 403ca6
    I: 403ca9
    I: 403cac
    I: 403cb0
    I: 403cb3
    I: 403cb7
    I: 403cba
    I: 403cbc
    I: 403cbf
    I: 403cc3
    I: 403cc5
    I: 403cc8
    I: 403cca
    I: 403ccd
    I: 403cd0
    I: 403cd3
    I: 403cd7
    I: 403cda
    I: 403cdd
    I: 403ce0
    I: 403ce3
    I: 403ce6
    I: 403ce8
    I: 403ceb
    I: 403ced
    I: 403cef
    I: 403cf4
    I: 403cf9
    I: 403cfc
    I: 403cff
    I: 403d05 (flow 404784)
      Successors: 404784
  BB: 401c89 in func 401140 with 1 insts
    I: 401c89 (flow 401c8e)
      Successors: 401c8e
  BB: 40148b in func 401140 with 1 insts
    I: 40148b (flow 401490)
      Successors: 401490
  BB: 401c8e in func 401140 with 3 insts
    I: 401c8e
    I: 401c94
    I: 401c99 (flow 403e93)
      Successors: 403e93, 401c9f
  BB: 401490 in func 401140 with 3 insts
    I: 401490
    I: 401496
    I: 40149b (flow 4028fe)
      Successors: 4014a1, 4028fe
  BB: 402490 in func 401140 with 2 insts
    I: 402490
    I: 40249a (flow 404784)
      Successors: 404784
  BB: 402c9c in func 401140 with 54 insts
    I: 402c9c
    I: 402ca2
    I: 402ca7
    I: 402caa
    I: 402caf
    I: 402cb5
    I: 402cbb
    I: 402cbd
    I: 402cbf
    I: 402cc1
    I: 402cc4
    I: 402cc6
    I: 402cc8
    I: 402cca
    I: 402cd0 (imm 407024)
    I: 402cd7
    I: 402cd9 (imm 407028)
    I: 402ce0
    I: 402ce2
    I: 402ce4
    I: 402ce7
    I: 402ce9
    I: 402ceb
    I: 402cee
    I: 402cf1
    I: 402cf4
    I: 402cf8
    I: 402cfb
    I: 402cff
    I: 402d02
    I: 402d04
    I: 402d07
    I: 402d0b
    I: 402d0d
    I: 402d10
    I: 402d12
    I: 402d15
    I: 402d18
    I: 402d1b
    I: 402d1f
    I: 402d22
    I: 402d25
    I: 402d28
    I: 402d2b
    I: 402d2e
    I: 402d30
    I: 402d33
    I: 402d35
    I: 402d37
    I: 402d3c
    I: 402d41
    I: 402d44
    I: 402d47
    I: 402d4d (flow 404784)
      Successors: 404784
  BB: 401c9f in func 401140 with 1 insts
    I: 401c9f (flow 401ca4)
      Successors: 401ca4
  BB: 40249f in func 401140 with 2 insts
    I: 40249f
    I: 4024a9 (flow 404784)
      Successors: 404784
  BB: 4014a1 in func 401140 with 1 insts
    I: 4014a1 (flow 4014a6)
      Successors: 4014a6
  BB: 401ca4 in func 401140 with 3 insts
    I: 401ca4
    I: 401caa
    I: 401caf (flow 402627)
      Successors: 401cb5, 402627
  BB: 4014a6 in func 401140 with 3 insts
    I: 4014a6
    I: 4014ac
    I: 4014b1 (flow 404763)
      Successors: 404763, 4014b7
  BB: 4024ae in func 401140 with 8 insts
    I: 4024ae
    I: 4024b5
    I: 4024bd
    I: 4024c2
    I: 4024c7
    I: 4024ca
    I: 4024cd
    I: 4024d3 (flow 404784)
      Successors: 404784
  BB: 401cb5 in func 401140 with 1 insts
    I: 401cb5 (flow 401cba)
      Successors: 401cba
  BB: 4014b7 in func 401140 with 1 insts
    I: 4014b7 (flow 4014bc)
      Successors: 4014bc
  BB: 401cba in func 401140 with 3 insts
    I: 401cba
    I: 401cc0
    I: 401cc5 (flow 401f7f)
      Successors: 401ccb, 401f7f
  BB: 4014bc in func 401140 with 3 insts
    I: 4014bc
    I: 4014c2
    I: 4014c7 (flow 4033f4)
      Successors: 4033f4, 4014cd
  BB: 4034c6 in func 401140 with 2 insts
    I: 4034c6
    I: 4034d0 (flow 404784)
      Successors: 404784
  BB: 401ccb in func 401140 with 1 insts
    I: 401ccb (flow 401cd0)
      Successors: 401cd0
  BB: 4014cd in func 401140 with 1 insts
    I: 4014cd (flow 4014d2)
      Successors: 4014d2
  BB: 401cd0 in func 401140 with 3 insts
    I: 401cd0
    I: 401cd6
    I: 401cdb (flow 40314c)
      Successors: 401ce1, 40314c
  BB: 4014d2 in func 401140 with 3 insts
    I: 4014d2
    I: 4014d8
    I: 4014dd (flow 402bda)
      Successors: 402bda, 4014e3
  BB: 4034d5 in func 401140 with 8 insts
    I: 4034d5
    I: 4034dc
    I: 4034e4
    I: 4034e9
    I: 4034ee
    I: 4034f1
    I: 4034f4
    I: 4034fa (flow 404784)
      Successors: 404784
  BB: 4024d8 in func 401140 with 12 insts
    I: 4024d8
    I: 4024de
    I: 4024e0
    I: 4024e3
    I: 4024e5
    I: 4024e7
    I: 4024ef
    I: 4024f4
    I: 4024f9
    I: 4024fc
    I: 4024ff
    I: 402505 (flow 404784)
      Successors: 404784
  BB: 4044d8 in func 401140 with 28 insts
    I: 4044d8
    I: 4044de (imm 405007)
    I: 4044e8
    I: 4044ea (flow 407038)
    I: 4044ef (imm 407024)
    I: 4044f6
    I: 4044f8 (imm 407028)
    I: 4044ff
    I: 404501
    I: 404503
    I: 404509
    I: 40450c
    I: 404512
    I: 404515
    I: 404518
    I: 40451b
    I: 40451e
    I: 404521
    I: 404524
    I: 404526
    I: 404528
    I: 40452a
    I: 40452c
    I: 404531
    I: 404536
    I: 404539
    I: 40453c
    I: 404542 (flow 404784)
      Successors: 404784
  BB: 401ce1 in func 401140 with 1 insts
    I: 401ce1 (flow 401ce6)
      Successors: 401ce6
  BB: 4014e3 in func 401140 with 1 insts
    I: 4014e3 (flow 4014e8)
      Successors: 4014e8
  BB: 401ce6 in func 401140 with 3 insts
    I: 401ce6
    I: 401cec
    I: 401cf1 (flow 40464e)
      Successors: 40464e, 401cf7
  BB: 4014e8 in func 401140 with 3 insts
    I: 4014e8
    I: 4014ee
    I: 4014f3 (flow 4045c0)
      Successors: 4045c0, 4014f9
  BB: 401cf7 in func 401140 with 1 insts
    I: 401cf7 (flow 401cfc)
      Successors: 401cfc
  BB: 4014f9 in func 401140 with 1 insts
    I: 4014f9 (flow 4014fe)
      Successors: 4014fe
  BB: 401cfc in func 401140 with 3 insts
    I: 401cfc
    I: 401d02
    I: 401d07 (flow 404086)
      Successors: 401d0d, 404086
  BB: 4014fe in func 401140 with 3 insts
    I: 4014fe
    I: 401504
    I: 401509 (flow 40467b)
      Successors: 40467b, 40150f
  BB: 4034ff in func 401140 with 40 insts
    I: 4034ff (imm 407024)
    I: 403506
    I: 403508 (imm 407028)
    I: 40350f
    I: 403511
    I: 403513
    I: 403519
    I: 40351c
    I: 403522
    I: 403525
    I: 403528
    I: 40352b
    I: 40352f
    I: 403532
    I: 403536
    I: 403539
    I: 40353b
    I: 40353e
    I: 403542
    I: 403544
    I: 403547
    I: 403549
    I: 40354c
    I: 40354f
    I: 403552
    I: 403556
    I: 403559
    I: 40355c
    I: 40355f
    I: 403562
    I: 403565
    I: 403567
    I: 40356a
    I: 40356c
    I: 40356e
    I: 403573
    I: 403578
    I: 40357b
    I: 40357e
    I: 403584 (flow 404784)
      Successors: 404784
  BB: 40250a in func 401140 with 40 insts
    I: 40250a (imm 407024)
    I: 402511
    I: 402513 (imm 407028)
    I: 40251a
    I: 40251c
    I: 40251e
    I: 402524
    I: 402527
    I: 40252d
    I: 402530
    I: 402533
    I: 402536
    I: 40253a
    I: 40253d
    I: 402541
    I: 402544
    I: 402546
    I: 402549
    I: 40254d
    I: 40254f
    I: 402552
    I: 402554
    I: 402557
    I: 40255a
    I: 40255d
    I: 402561
    I: 402564
    I: 402567
    I: 40256a
    I: 40256d
    I: 402570
    I: 402572
    I: 402575
    I: 402577
    I: 402579
    I: 40257e
    I: 402583
    I: 402586
    I: 402589
    I: 40258f (flow 404784)
      Successors: 404784
  BB: 403d0a in func 401140 with 2 insts
    I: 403d0a
    I: 403d14 (flow 404784)
      Successors: 404784
  BB: 401d0d in func 401140 with 1 insts
    I: 401d0d (flow 401d12)
      Successors: 401d12
  BB: 40150f in func 401140 with 1 insts
    I: 40150f (flow 401514)
      Successors: 401514
  BB: 401d12 in func 401140 with 3 insts
    I: 401d12
    I: 401d18
    I: 401d1d (flow 401fb4)
      Successors: 401d23, 401fb4
  BB: 401514 in func 401140 with 3 insts
    I: 401514
    I: 40151a
    I: 40151f (flow 402fb1)
      Successors: 402fb1, 401525
  BB: 403d19 in func 401140 with 2 insts
    I: 403d19
    I: 403d23 (flow 404784)
      Successors: 404784
  BB: 401d23 in func 401140 with 1 insts
    I: 401d23 (flow 401d28)
      Successors: 401d28
  BB: 401525 in func 401140 with 1 insts
    I: 401525 (flow 40152a)
      Successors: 40152a
  BB: 401d28 in func 401140 with 3 insts
    I: 401d28
    I: 401d2e
    I: 401d33 (flow 402c9c)
      Successors: 401d39, 402c9c
  BB: 403d28 in func 401140 with 40 insts
    I: 403d28 (imm 407024)
    I: 403d2f
    I: 403d31 (imm 407028)
    I: 403d38
    I: 403d3a
    I: 403d3c
    I: 403d42
    I: 403d45
    I: 403d4b
    I: 403d4e
    I: 403d51
    I: 403d54
    I: 403d58
    I: 403d5b
    I: 403d5f
    I: 403d62
    I: 403d64
    I: 403d67
    I: 403d6b
    I: 403d6d
    I: 403d70
    I: 403d72
    I: 403d75
    I: 403d78
    I: 403d7b
    I: 403d7f
    I: 403d82
    I: 403d85
    I: 403d88
    I: 403d8b
    I: 403d8e
    I: 403d90
    I: 403d93
    I: 403d95
    I: 403d97
    I: 403d9c
    I: 403da1
    I: 403da4
    I: 403da7
    I: 403dad (flow 404784)
      Successors: 404784
  BB: 40152a in func 401140 with 3 insts
    I: 40152a
    I: 401530
    I: 401535 (flow 4039e3)
      Successors: 40153b, 4039e3
  BB: 401d39 in func 401140 with 1 insts
    I: 401d39 (flow 401d3e)
      Successors: 401d3e
  BB: 40153b in func 401140 with 1 insts
    I: 40153b (flow 401540)
      Successors: 401540
  BB: 401d3e in func 401140 with 3 insts
    I: 401d3e
    I: 401d44
    I: 401d49 (flow 403eeb)
      Successors: 403eeb, 401d4f
  BB: 401540 in func 401140 with 3 insts
    I: 401540
    I: 401546
    I: 40154b (flow 40269f)
      Successors: 401551, 40269f
  BB: 404547 in func 401140 with 2 insts
    I: 404547
    I: 404551 (flow 404784)
      Successors: 404784
  BB: 401d4f in func 401140 with 1 insts
    I: 401d4f (flow 401d54)
      Successors: 401d54
  BB: 401551 in func 401140 with 1 insts
    I: 401551 (flow 401556)
      Successors: 401556
  BB: 402d52 in func 401140 with 2 insts
    I: 402d52
    I: 402d5c (flow 404784)
      Successors: 404784
  BB: 401d54 in func 401140 with 3 insts
    I: 401d54
    I: 401d5a
    I: 401d5f (flow 4031d6)
      Successors: 401d65, 4031d6
  BB: 401556 in func 401140 with 3 insts
    I: 401556
    I: 40155c
    I: 401561 (flow 403d19)
      Successors: 403d19, 401567
  BB: 404556 in func 401140 with 4 insts
    I: 404556
    I: 404558
    I: 40455f
    I: 404560
      No successors
  BB: 402d61 in func 401140 with 12 insts
    I: 402d61
    I: 402d67
    I: 402d6c
    I: 402d6f
    I: 402d74
    I: 402d76
    I: 402d7e
    I: 402d83
    I: 402d88
    I: 402d8b
    I: 402d8e
    I: 402d94 (flow 404784)
      Successors: 404784
  BB: 404561 in func 401140 with 2 insts
    I: 404561
    I: 40456b (flow 404784)
      Successors: 404784
  BB: 401d65 in func 401140 with 1 insts
    I: 401d65 (flow 401d6a)
      Successors: 401d6a
  BB: 401567 in func 401140 with 1 insts
    I: 401567 (flow 40156c)
      Successors: 40156c
  BB: 401d6a in func 401140 with 3 insts
    I: 401d6a
    I: 401d70
    I: 401d75 (flow 40443f)
      Successors: 401d7b, 40443f
  BB: 40156c in func 401140 with 3 insts
    I: 40156c
    I: 401572
    I: 401577 (flow 402d61)
      Successors: 402d61, 40157d
  BB: 404570 in func 401140 with 2 insts
    I: 404570
    I: 40457a (flow 404784)
      Successors: 404784
  BB: 401d7b in func 401140 with 1 insts
    I: 401d7b (flow 401d80)
      Successors: 401d80
  BB: 40157d in func 401140 with 1 insts
    I: 40157d (flow 401582)
      Successors: 401582
  BB: 40457f in func 401140 with 12 insts
    I: 40457f
    I: 404585
    I: 40458a
    I: 40458d
    I: 404592
    I: 404598
    I: 40459e
    I: 4045a3
    I: 4045a6
    I: 4045ab
    I: 4045b1
    I: 4045bb (flow 404784)
      Successors: 404784
  BB: 401d80 in func 401140 with 3 insts
    I: 401d80
    I: 401d86
    I: 401d8b (flow 402a22)
      Successors: 401d91, 402a22
  BB: 401582 in func 401140 with 3 insts
    I: 401582
    I: 401588
    I: 40158d (flow 4041a9)
      Successors: 4041a9, 401593
  BB: 403589 in func 401140 with 50 insts
    I: 403589
    I: 40358f
    I: 403594
    I: 403597
    I: 40359c
    I: 40359e
    I: 4035a6
    I: 4035a9
    I: 4035ac
    I: 4035ae
    I: 4035b1 (imm 407024)
    I: 4035b8
    I: 4035ba (imm 407028)
    I: 4035c1
    I: 4035c3
    I: 4035c5
    I: 4035c8
    I: 4035ca
    I: 4035cc
    I: 4035cf
    I: 4035d2
    I: 4035d5
    I: 4035d9
    I: 4035dc
    I: 4035e0
    I: 4035e3
    I: 4035e5
    I: 4035e8
    I: 4035ec
    I: 4035ee
    I: 4035f1
    I: 4035f3
    I: 4035f6
    I: 4035f9
    I: 4035fc
    I: 403600
    I: 403603
    I: 403606
    I: 403609
    I: 40360c
    I: 40360f
    I: 403611
    I: 403614
    I: 403616
    I: 403618
    I: 40361d
    I: 403622
    I: 403625
    I: 403628
    I: 40362e (flow 404784)
      Successors: 404784
  BB: 401d91 in func 401140 with 1 insts
    I: 401d91 (flow 401d96)
      Successors: 401d96
  BB: 401593 in func 401140 with 1 insts
    I: 401593 (flow 401598)
      Successors: 401598
  BB: 402594 in func 401140 with 38 insts
    I: 402594
    I: 40259a
    I: 40259f
    I: 4025a2
    I: 4025a7
    I: 4025ad
    I: 4025b3
    I: 4025b5
    I: 4025b7
    I: 4025b9
    I: 4025bc
    I: 4025be
    I: 4025c0
    I: 4025c2
    I: 4025c8 (imm 407024)
    I: 4025cf
    I: 4025d1 (imm 407028)
    I: 4025d8
    I: 4025da
    I: 4025dc
    I: 4025df
    I: 4025e1
    I: 4025e3
    I: 4025e6
    I: 4025e9
    I: 4025ec
    I: 4025ef
    I: 4025f2
    I: 4025f5
    I: 4025f7
    I: 4025f9
    I: 4025fb
    I: 4025fd
    I: 402602
    I: 402607
    I: 40260a
    I: 40260d
    I: 402613 (flow 404784)
      Successors: 404784
  BB: 401d96 in func 401140 with 3 insts
    I: 401d96
    I: 401d9c
    I: 401da1 (flow 402618)
      Successors: 402618, 401da7
  BB: 401598 in func 401140 with 3 insts
    I: 401598
    I: 40159e
    I: 4015a3 (flow 40378b)
      Successors: 4015a9, 40378b
  BB: 402d99 in func 401140 with 12 insts
    I: 402d99
    I: 402d9f
    I: 402da4
    I: 402da7
    I: 402dac
    I: 402db2
    I: 402db8
    I: 402dbd
    I: 402dc0
    I: 402dc5
    I: 402dcb
    I: 402dd5 (flow 404784)
      Successors: 404784
  BB: 401da7 in func 401140 with 1 insts
    I: 401da7 (flow 401dac)
      Successors: 401dac
  BB: 4015a9 in func 401140 with 1 insts
    I: 4015a9 (flow 4015ae)
      Successors: 4015ae
  BB: 401dac in func 401140 with 3 insts
    I: 401dac
    I: 401db2
    I: 401db7 (flow 4029ab)
      Successors: 4029ab, 401dbd
  BB: 4015ae in func 401140 with 3 insts
    I: 4015ae
    I: 4015b4
    I: 4015b9 (flow 402330)
      Successors: 402330, 4015bf
  BB: 403db2 in func 401140 with 24 insts
    I: 403db2 (imm 407024)
    I: 403db9
    I: 403dbb (imm 407028)
    I: 403dc2
    I: 403dc4
    I: 403dc6
    I: 403dc9
    I: 403dcb
    I: 403dcd
    I: 403dd0
    I: 403dd3
    I: 403dd6
    I: 403dd9
    I: 403ddc
    I: 403ddf
    I: 403de1
    I: 403de3
    I: 403de5
    I: 403de7
    I: 403dec
    I: 403df1
    I: 403df4
    I: 403df7
    I: 403dfd (flow 404784)
      Successors: 404784
  BB: 401dbd in func 401140 with 1 insts
    I: 401dbd (flow 401dc2)
      Successors: 401dc2
  BB: 4015bf in func 401140 with 1 insts
    I: 4015bf (flow 4015c4)
      Successors: 4015c4
  BB: 4045c0 in func 401140 with 2 insts
    I: 4045c0
    I: 4045ca (flow 404784)
      Successors: 404784
  BB: 401dc2 in func 401140 with 3 insts
    I: 401dc2
    I: 401dc8
    I: 401dcd (flow 4032f4)
      Successors: 401dd3, 4032f4
  BB: 4015c4 in func 401140 with 3 insts
    I: 4015c4
    I: 4015ca
    I: 4015cf (flow 402715)
      Successors: 402715, 4015d5
  BB: 4045cf in func 401140 with 2 insts
    I: 4045cf
    I: 4045d9 (flow 404784)
      Successors: 404784
  BB: 401dd3 in func 401140 with 1 insts
    I: 401dd3 (flow 401dd8)
      Successors: 401dd8
  BB: 4015d5 in func 401140 with 1 insts
    I: 4015d5 (flow 4015da)
      Successors: 4015da
  BB: 401dd8 in func 401140 with 3 insts
    I: 401dd8
    I: 401dde
    I: 401de3 (flow 40303b)
      Successors: 401de9, 40303b
  BB: 4015da in func 401140 with 3 insts
    I: 4015da
    I: 4015e0
    I: 4015e5 (flow 403d28)
      Successors: 403d28, 4015eb
  BB: 402dda in func 401140 with 40 insts
    I: 402dda (imm 407024)
    I: 402de1
    I: 402de3 (imm 407028)
    I: 402dea
    I: 402dec
    I: 402dee
    I: 402df1
    I: 402df3
    I: 402df5
    I: 402df8
    I: 402dfb
    I: 402dfe
    I: 402e02
    I: 402e05
    I: 402e09
    I: 402e0c
    I: 402e0e
    I: 402e11
    I: 402e15
    I: 402e17
    I: 402e1a
    I: 402e1c
    I: 402e1f
    I: 402e22
    I: 402e25
    I: 402e29
    I: 402e2c
    I: 402e2f
    I: 402e32
    I: 402e35
    I: 402e38
    I: 402e3a
    I: 402e3d
    I: 402e3f
    I: 402e41
    I: 402e46
    I: 402e4b
    I: 402e4e
    I: 402e51
    I: 402e57 (flow 404784)
      Successors: 404784
  BB: 4045de in func 401140 with 16 insts
    I: 4045de
    I: 4045e4
    I: 4045e9
    I: 4045ec
    I: 4045f1
    I: 4045f7
    I: 4045fd
    I: 4045ff
    I: 404601
    I: 404603
    I: 404606
    I: 404608
    I: 40460a
    I: 40460c
    I: 404612
    I: 40461c (flow 404784)
      Successors: 404784
  BB: 401de9 in func 401140 with 1 insts
    I: 401de9 (flow 401dee)
      Successors: 401dee
  BB: 4015eb in func 401140 with 1 insts
    I: 4015eb (flow 4015f0)
      Successors: 4015f0
  BB: 401dee in func 401140 with 3 insts
    I: 401dee
    I: 401df4
    I: 401df9 (flow 40468a)
      Successors: 40468a, 401dff
  BB: 4015f0 in func 401140 with 3 insts
    I: 4015f0
    I: 4015f6
    I: 4015fb (flow 402758)
      Successors: 402758, 401601
  BB: 401dff in func 401140 with 1 insts
    I: 401dff (flow 401e04)
      Successors: 401e04
  BB: 401601 in func 401140 with 1 insts
    I: 401601 (flow 401606)
      Successors: 401606
  BB: 403e02 in func 401140 with 2 insts
    I: 403e02
    I: 403e0c (flow 404784)
      Successors: 404784
  BB: 401e04 in func 401140 with 3 insts
    I: 401e04
    I: 401e0a
    I: 401e0f (flow 402453)
      Successors: 402453, 401e15
  BB: 401606 in func 401140 with 3 insts
    I: 401606
    I: 40160c
    I: 401611 (flow 404736)
      Successors: 404736, 401617
  BB: 403e11 in func 401140 with 40 insts
    I: 403e11 (imm 407024)
    I: 403e18
    I: 403e1a (imm 407028)
    I: 403e21
    I: 403e23
    I: 403e25
    I: 403e28
    I: 403e2a
    I: 403e2c
    I: 403e2f
    I: 403e32
    I: 403e35
    I: 403e39
    I: 403e3c
    I: 403e40
    I: 403e43
    I: 403e45
    I: 403e48
    I: 403e4c
    I: 403e4e
    I: 403e51
    I: 403e53
    I: 403e56
    I: 403e59
    I: 403e5c
    I: 403e60
    I: 403e63
    I: 403e66
    I: 403e69
    I: 403e6c
    I: 403e6f
    I: 403e71
    I: 403e74
    I: 403e76
    I: 403e78
    I: 403e7d
    I: 403e82
    I: 403e85
    I: 403e88
    I: 403e8e (flow 404784)
      Successors: 404784
  BB: 401e15 in func 401140 with 1 insts
    I: 401e15 (flow 401e1a)
      Successors: 401e1a
  BB: 401617 in func 401140 with 1 insts
    I: 401617 (flow 40161c)
      Successors: 40161c
  BB: 402618 in func 401140 with 2 insts
    I: 402618
    I: 402622 (flow 404784)
      Successors: 404784
  BB: 401e1a in func 401140 with 3 insts
    I: 401e1a
    I: 401e20
    I: 401e25 (flow 403ab1)
      Successors: 403ab1, 401e2b
  BB: 40161c in func 401140 with 3 insts
    I: 40161c
    I: 401622
    I: 401627 (flow 403303)
      Successors: 403303, 40162d
  BB: 404621 in func 401140 with 2 insts
    I: 404621
    I: 40462b (flow 404784)
      Successors: 404784
  BB: 402627 in func 401140 with 12 insts
    I: 402627
    I: 40262d
    I: 402632
    I: 402635
    I: 40263a
    I: 40263c
    I: 402644
    I: 402649
    I: 40264e
    I: 402651
    I: 402654
    I: 40265a (flow 404784)
      Successors: 404784
  BB: 401e2b in func 401140 with 1 insts
    I: 401e2b (flow 401e30)
      Successors: 401e30
  BB: 40162d in func 401140 with 1 insts
    I: 40162d (flow 401632)
      Successors: 401632
  BB: 401e30 in func 401140 with 3 insts
    I: 401e30
    I: 401e36
    I: 401e3b (flow 4046eb)
      Successors: 401e41, 4046eb
  BB: 404630 in func 401140 with 2 insts
    I: 404630
    I: 40463a (flow 404784)
      Successors: 404784
  BB: 401632 in func 401140 with 3 insts
    I: 401632
    I: 401638
    I: 40163d (flow 40423a)
      Successors: 40423a, 401643
  BB: 403633 in func 401140 with 7 insts
    I: 403633
    I: 403636
    I: 40363b
    I: 403640
    I: 403643
    I: 403646
    I: 40364c (flow 404784)
      Successors: 404784
  BB: 40463f in func 401140 with 2 insts
    I: 40463f
    I: 404649 (flow 404784)
      Successors: 404784
  BB: 401e41 in func 401140 with 1 insts
    I: 401e41 (flow 401e46)
      Successors: 401e46
  BB: 401643 in func 401140 with 1 insts
    I: 401643 (flow 401648)
      Successors: 401648
  BB: 401e46 in func 401140 with 3 insts
    I: 401e46
    I: 401e4c
    I: 401e51 (flow 403bbb)
      Successors: 403bbb, 401e57
  BB: 401648 in func 401140 with 3 insts
    I: 401648
    I: 40164e
    I: 401653 (flow 40265f)
      Successors: 401659, 40265f
  BB: 40464e in func 401140 with 2 insts
    I: 40464e
    I: 404658 (flow 404784)
      Successors: 404784
  BB: 403651 in func 401140 with 12 insts
    I: 403651
    I: 403657
    I: 40365c
    I: 40365f
    I: 403664
    I: 40366a
    I: 403670
    I: 403672
    I: 403675
    I: 403677
    I: 40367d
    I: 403687 (flow 404784)
      Successors: 404784
  BB: 401e57 in func 401140 with 1 insts
    I: 401e57 (flow 401e5c)
      Successors: 401e5c
  BB: 401659 in func 401140 with 1 insts
    I: 401659 (flow 40165e)
      Successors: 40165e
  BB: 401e5c in func 401140 with 3 insts
    I: 401e5c
    I: 401e62
    I: 401e67 (flow 403709)
      Successors: 403709, 401e6d
  BB: 402e5c in func 401140 with 34 insts
    I: 402e5c
    I: 402e62
    I: 402e67
    I: 402e6a
    I: 402e6f
    I: 402e71
    I: 402e79
    I: 402e7c
    I: 402e7f
    I: 402e81
    I: 402e84 (imm 407024)
    I: 402e8b
    I: 402e8d (imm 407028)
    I: 402e94
    I: 402e96
    I: 402e98
    I: 402e9e
    I: 402ea1
    I: 402ea7
    I: 402eaa
    I: 402ead
    I: 402eb0
    I: 402eb3
    I: 402eb6
    I: 402eb9
    I: 402ebb
    I: 402ebd
    I: 402ebf
    I: 402ec1
    I: 402ec6
    I: 402ecb
    I: 402ece
    I: 402ed1
    I: 402ed7 (flow 404784)
      Successors: 404784
  BB: 40165e in func 401140 with 3 insts
    I: 40165e
    I: 401664
    I: 401669 (flow 403a1b)
      Successors: 403a1b, 40166f
  BB: 40265f in func 401140 with 16 insts
    I: 40265f
    I: 402665
    I: 402667
    I: 40266d
    I: 40266f
    I: 402675
    I: 40267b
    I: 40267d
    I: 40267f
    I: 402681
    I: 402684
    I: 402686
    I: 402688
    I: 40268a
    I: 402690
    I: 40269a (flow 404784)
      Successors: 404784
  BB: 40465d in func 401140 with 2 insts
    I: 40465d
    I: 404667 (flow 404784)
      Successors: 404784
  BB: 40466c in func 401140 with 2 insts
    I: 40466c
    I: 404676 (flow 404784)
      Successors: 404784
  BB: 401e6d in func 401140 with 1 insts
    I: 401e6d (flow 401e72)
      Successors: 401e72
  BB: 40166f in func 401140 with 1 insts
    I: 40166f (flow 401674)
      Successors: 401674
  BB: 401e72 in func 401140 with 3 insts
    I: 401e72
    I: 401e78
    I: 401e7d (flow 402e5c)
      Successors: 401e83, 402e5c
  BB: 401674 in func 401140 with 3 insts
    I: 401674
    I: 40167a
    I: 40167f (flow 40215e)
      Successors: 401685, 40215e
  BB: 40467b in func 401140 with 2 insts
    I: 40467b
    I: 404685 (flow 404784)
      Successors: 404784
  BB: 401e83 in func 401140 with 1 insts
    I: 401e83 (flow 401e88)
      Successors: 401e88
  BB: 401685 in func 401140 with 1 insts
    I: 401685 (flow 40168a)
      Successors: 40168a
  BB: 401e88 in func 401140 with 3 insts
    I: 401e88
    I: 401e8e
    I: 401e93 (flow 402369)
      Successors: 401e99, 402369
  BB: 40168a in func 401140 with 3 insts
    I: 40168a
    I: 401690
    I: 401695 (flow 404556)
      Successors: 40169b, 404556
  BB: 40468a in func 401140 with 2 insts
    I: 40468a
    I: 404694 (flow 404784)
      Successors: 404784
  BB: 40368c in func 401140 with 16 insts
    I: 40368c
    I: 403692
    I: 403694
    I: 403696
    I: 403698
    I: 40369b
    I: 40369d
    I: 40369f
    I: 4036a1
    I: 4036a3
    I: 4036ab
    I: 4036b0
    I: 4036b5
    I: 4036b8
    I: 4036bb
    I: 4036c1 (flow 404784)
      Successors: 404784
  BB: 403e93 in func 401140 with 24 insts
    I: 403e93 (imm 407024)
    I: 403e9a
    I: 403e9c (imm 407028)
    I: 403ea3
    I: 403ea5
    I: 403ea7
    I: 403ead
    I: 403eb0
    I: 403eb6
    I: 403eb9
    I: 403ebc
    I: 403ebf
    I: 403ec2
    I: 403ec5
    I: 403ec8
    I: 403eca
    I: 403ecc
    I: 403ece
    I: 403ed0
    I: 403ed5
    I: 403eda
    I: 403edd
    I: 403ee0
    I: 403ee6 (flow 404784)
      Successors: 404784
  BB: 401e99 in func 401140 with 1 insts
    I: 401e99 (flow 401e9e)
      Successors: 401e9e
  BB: 404699 in func 401140 with 16 insts
    I: 404699
    I: 40469f
    I: 4046a1
    I: 4046a3
    I: 4046a5
    I: 4046a8
    I: 4046aa
    I: 4046ac
    I: 4046ae
    I: 4046b4
    I: 4046ba
    I: 4046bf
    I: 4046c2
    I: 4046c7
    I: 4046cd
    I: 4046d7 (flow 404784)
      Successors: 404784
  BB: 40169b in func 401140 with 1 insts
    I: 40169b (flow 4016a0)
      Successors: 4016a0
  BB: 401e9e in func 401140 with 3 insts
    I: 401e9e
    I: 401ea4
    I: 401ea9 (flow 40444e)
      Successors: 40444e, 401eaf
  BB: 40269f in func 401140 with 12 insts
    I: 40269f
    I: 4026a5
    I: 4026aa
    I: 4026ad
    I: 4026b2
    I: 4026b4
    I: 4026bc
    I: 4026c1
    I: 4026c6
    I: 4026c9
    I: 4026cc
    I: 4026d2 (flow 404784)
      Successors: 404784
  BB: 4016a0 in func 401140 with 3 insts
    I: 4016a0
    I: 4016a6
    I: 4016ab (flow 4033e5)
      Successors: 4016b1, 4033e5
  BB: 401eaf in func 401140 with 1 insts
    I: 401eaf (flow 401eb4)
      Successors: 401eb4
  BB: 4016b1 in func 401140 with 1 insts
    I: 4016b1 (flow 4016b6)
      Successors: 4016b6
  BB: 401eb4 in func 401140 with 3 insts
    I: 401eb4
    I: 401eba
    I: 401ebf (flow 403f18)
      Successors: 403f18, 401ec5
  BB: 4016b6 in func 401140 with 3 insts
    I: 4016b6
    I: 4016bc
    I: 4016c1 (flow 40385b)
      Successors: 40385b, 4016c7
  BB: 401ec5 in func 401140 with 1 insts
    I: 401ec5 (flow 401eca)
      Successors: 401eca
  BB: 4036c6 in func 401140 with 16 insts
    I: 4036c6
    I: 4036cc
    I: 4036d1
    I: 4036d4
    I: 4036d9
    I: 4036df
    I: 4036e5
    I: 4036e7
    I: 4036e9
    I: 4036eb
    I: 4036ee
    I: 4036f0
    I: 4036f2
    I: 4036f4
    I: 4036fa
    I: 403704 (flow 404784)
      Successors: 404784
  BB: 4016c7 in func 401140 with 1 insts
    I: 4016c7 (flow 4016cc)
      Successors: 4016cc
  BB: 401eca in func 401140 with 3 insts
    I: 401eca
    I: 401ed0
    I: 401ed5 (flow 4024d8)
      Successors: 4024d8, 401edb
  BB: 4016cc in func 401140 with 3 insts
    I: 4016cc
    I: 4016d2
    I: 4016d7 (flow 404699)
      Successors: 404699, 4016dd
  BB: 4026d7 in func 401140 with 12 insts
    I: 4026d7
    I: 4026dd
    I: 4026df
    I: 4026e5
    I: 4026e7
    I: 4026ed
    I: 4026f3
    I: 4026f8
    I: 4026fb
    I: 402700
    I: 402706
    I: 402710 (flow 404784)
      Successors: 404784
  BB: 401edb in func 401140 with 1 insts
    I: 401edb (flow 401ee0)
      Successors: 401ee0
  BB: 402edc in func 401140 with 7 insts
    I: 402edc
    I: 402edf
    I: 402ee4
    I: 402ee9
    I: 402eec
    I: 402eef
    I: 402ef5 (flow 404784)
      Successors: 404784
  BB: 4016dd in func 401140 with 1 insts
    I: 4016dd (flow 4016e2)
      Successors: 4016e2
  BB: 4046dc in func 401140 with 2 insts
    I: 4046dc
    I: 4046e6 (flow 404784)
      Successors: 404784
  BB: 401ee0 in func 401140 with 3 insts
    I: 401ee0
    I: 401ee6
    I: 401eeb (flow 4045cf)
      Successors: 401ef1, 4045cf
  BB: 4016e2 in func 401140 with 3 insts
    I: 4016e2
    I: 4016e8
    I: 4016ed (flow 402ab1)
      Successors: 402ab1, 4016f3
  BB: 403eeb in func 401140 with 2 insts
    I: 403eeb
    I: 403ef5 (flow 404784)
      Successors: 404784
  BB: 4046eb in func 401140 with 2 insts
    I: 4046eb
    I: 4046f5 (flow 404784)
      Successors: 404784
  BB: 401ef1 in func 401140 with 1 insts
    I: 401ef1 (flow 401ef6)
      Successors: 401ef6
  BB: 4016f3 in func 401140 with 1 insts
    I: 4016f3 (flow 4016f8)
      Successors: 4016f8
  BB: 401ef6 in func 401140 with 3 insts
    I: 401ef6
    I: 401efc
    I: 401f01 (flow 40457f)
      Successors: 40457f, 401f07
  BB: 4016f8 in func 401140 with 3 insts
    I: 4016f8
    I: 4016fe
    I: 401703 (flow 403d0a)
      Successors: 401709, 403d0a
  BB: 402efa in func 401140 with 12 insts
    I: 402efa
    I: 402f00
    I: 402f05
    I: 402f08
    I: 402f0d
    I: 402f13
    I: 402f19
    I: 402f1e
    I: 402f21
    I: 402f26
    I: 402f2c
    I: 402f36 (flow 404784)
      Successors: 404784
  BB: 403efa in func 401140 with 2 insts
    I: 403efa
    I: 403f04 (flow 404784)
      Successors: 404784
  BB: 4046fa in func 401140 with 2 insts
    I: 4046fa
    I: 404704 (flow 404784)
      Successors: 404784
  BB: 401f07 in func 401140 with 1 insts
    I: 401f07 (flow 401f0c)
      Successors: 401f0c
  BB: 401709 in func 401140 with 1 insts
    I: 401709 (flow 40170e)
      Successors: 40170e
  BB: 403709 in func 401140 with 40 insts
    I: 403709 (imm 407024)
    I: 403710
    I: 403712 (imm 407028)
    I: 403719
    I: 40371b
    I: 40371d
    I: 403720
    I: 403722
    I: 403724
    I: 403727
    I: 40372a
    I: 40372d
    I: 403731
    I: 403734
    I: 403738
    I: 40373b
    I: 40373d
    I: 403740
    I: 403744
    I: 403746
    I: 403749
    I: 40374b
    I: 40374e
    I: 403751
    I: 403754
    I: 403758
    I: 40375b
    I: 40375e
    I: 403761
    I: 403764
    I: 403767
    I: 403769
    I: 40376c
    I: 40376e
    I: 403770
    I: 403775
    I: 40377a
    I: 40377d
    I: 403780
    I: 403786 (flow 404784)
      Successors: 404784
  BB: 403f09 in func 401140 with 2 insts
    I: 403f09
    I: 403f13 (flow 404784)
      Successors: 404784
  BB: 401f0c in func 401140 with 3 insts
    I: 401f0c
    I: 401f12
    I: 401f17 (flow 402270)
      Successors: 402270, 401f1d
  BB: 404709 in func 401140 with 2 insts
    I: 404709
    I: 404713 (flow 404784)
      Successors: 404784
  BB: 40170e in func 401140 with 3 insts
    I: 40170e
    I: 401714
    I: 401719 (flow 4032e5)
      Successors: 4032e5, 40171f
  BB: 402715 in func 401140 with 16 insts
    I: 402715
    I: 40271b
    I: 402720
    I: 402723
    I: 402728
    I: 40272e
    I: 402734
    I: 402736
    I: 402738
    I: 40273a
    I: 40273d
    I: 40273f
    I: 402741
    I: 402743
    I: 402749
    I: 402753 (flow 404784)
      Successors: 404784
  BB: 403f18 in func 401140 with 24 insts
    I: 403f18 (imm 407024)
    I: 403f1f
    I: 403f21 (imm 407028)
    I: 403f28
    I: 403f2a
    I: 403f2c
    I: 403f32
    I: 403f35
    I: 403f3b
    I: 403f3e
    I: 403f41
    I: 403f44
    I: 403f47
    I: 403f4a
    I: 403f4d
    I: 403f4f
    I: 403f51
    I: 403f53
    I: 403f55
    I: 403f5a
    I: 403f5f
    I: 403f62
    I: 403f65
    I: 403f6b (flow 404784)
      Successors: 404784
  BB: 404718 in func 401140 with 2 insts
    I: 404718
    I: 404722 (flow 404784)
      Successors: 404784
  BB: 401f1d in func 401140 with 1 insts
    I: 401f1d (flow 401f22)
      Successors: 401f22
  BB: 40171f in func 401140 with 1 insts
    I: 40171f (flow 401724)
      Successors: 401724
  BB: 401f22 in func 401140 with 3 insts
    I: 401f22
    I: 401f28
    I: 401f2d (flow 40368c)
      Successors: 401f33, 40368c
  BB: 401724 in func 401140 with 3 insts
    I: 401724
    I: 40172a
    I: 40172f (flow 403961)
      Successors: 403961, 401735
  BB: 404727 in func 401140 with 2 insts
    I: 404727
    I: 404731 (flow 404784)
      Successors: 404784
  BB: 401f33 in func 401140 with 1 insts
    I: 401f33 (flow 401f38)
      Successors: 401f38
  BB: 401735 in func 401140 with 1 insts
    I: 401735 (flow 40173a)
      Successors: 40173a
  BB: 404736 in func 401140 with 2 insts
    I: 404736
    I: 404740 (flow 404784)
      Successors: 404784
  BB: 401f38 in func 401140 with 3 insts
    I: 401f38
    I: 401f3e
    I: 401f43 (flow 4046dc)
      Successors: 401f49, 4046dc
  BB: 40173a in func 401140 with 3 insts
    I: 40173a
    I: 401740
    I: 401745 (flow 4030b3)
      Successors: 40174b, 4030b3
  BB: 402f3b in func 401140 with 12 insts
    I: 402f3b
    I: 402f41
    I: 402f46
    I: 402f49
    I: 402f4e
    I: 402f50
    I: 402f58
    I: 402f5d
    I: 402f62
    I: 402f65
    I: 402f68
    I: 402f6e (flow 404784)
      Successors: 404784
  BB: 404745 in func 401140 with 2 insts
    I: 404745
    I: 40474f (flow 404784)
      Successors: 404784
  BB: 401f49 in func 401140 with 1 insts
    I: 401f49 (flow 401f4e)
      Successors: 401f4e
  BB: 40174b in func 401140 with 1 insts
    I: 40174b (flow 401750)
      Successors: 401750
  BB: 401f4e in func 401140 with 3 insts
    I: 401f4e
    I: 401f54
    I: 401f59 (flow 402bb0)
      Successors: 402bb0, 401f5f
  BB: 401750 in func 401140 with 3 insts
    I: 401750
    I: 401756
    I: 40175b (flow 402f73)
      Successors: 401761, 402f73
  BB: 404754 in func 401140 with 2 insts
    I: 404754
    I: 40475e (flow 404784)
      Successors: 404784
  BB: 402758 in func 401140 with 2 insts
    I: 402758
    I: 402762 (flow 404784)
      Successors: 404784
  BB: 401f5f in func 401140 with 1 insts
    I: 401f5f (flow 401f64)
      Successors: 401f64
  BB: 401761 in func 401140 with 1 insts
    I: 401761 (flow 401766)
      Successors: 401766
  BB: 404763 in func 401140 with 5 insts
    I: 404763
    I: 404769 (imm 405007)
    I: 404773
    I: 404775 (flow 407038)
    I: 40477a
      Successors: 404784
  BB: 401f64 in func 401140 with 3 insts
    I: 401f64
    I: 401f6a
    I: 401f6f (flow 402490)
      Successors: 402490, 401f75
  BB: 401766 in func 401140 with 3 insts
    I: 401766
    I: 40176c
    I: 401771 (flow 4034c6)
      Successors: 4034c6, 401777
  BB: 402767 in func 401140 with 40 insts
    I: 402767 (imm 407024)
    I: 40276e
    I: 402770 (imm 407028)
    I: 402777
    I: 402779
    I: 40277b
    I: 402781
    I: 402784
    I: 40278a
    I: 40278d
    I: 402790
    I: 402793
    I: 402797
    I: 40279a
    I: 40279e
    I: 4027a1
    I: 4027a3
    I: 4027a6
    I: 4027aa
    I: 4027ac
    I: 4027af
    I: 4027b1
    I: 4027b4
    I: 4027b7
    I: 4027ba
    I: 4027be
    I: 4027c1
    I: 4027c4
    I: 4027c7
    I: 4027ca
    I: 4027cd
    I: 4027cf
    I: 4027d2
    I: 4027d4
    I: 4027d6
    I: 4027db
    I: 4027e0
    I: 4027e3
    I: 4027e6
    I: 4027ec (flow 404784)
      Successors: 404784
  BB: 403f70 in func 401140 with 24 insts
    I: 403f70 (imm 407024)
    I: 403f77
    I: 403f79 (imm 407028)
    I: 403f80
    I: 403f82
    I: 403f84
    I: 403f8a
    I: 403f8d
    I: 403f93
    I: 403f96
    I: 403f99
    I: 403f9c
    I: 403f9f
    I: 403fa2
    I: 403fa5
    I: 403fa7
    I: 403fa9
    I: 403fab
    I: 403fad
    I: 403fb2
    I: 403fb7
    I: 403fba
    I: 403fbd
    I: 403fc3 (flow 404784)
      Successors: 404784
  BB: 402f73 in func 401140 with 12 insts
    I: 402f73
    I: 402f79
    I: 402f7b
    I: 402f81
    I: 402f83
    I: 402f89
    I: 402f8f
    I: 402f94
    I: 402f97
    I: 402f9c
    I: 402fa2
    I: 402fac (flow 404784)
      Successors: 404784
  BB: 401f75 in func 401140 with 1 insts
    I: 401f75 (flow 401f7a)
      Successors: 401f7a
  BB: 401777 in func 401140 with 1 insts
    I: 401777 (flow 40177c)
      Successors: 40177c
  BB: 401f7a in func 401140 with 1 insts
    I: 401f7a (flow 404784)
      Successors: 404784
  BB: 40177c in func 401140 with 3 insts
    I: 40177c
    I: 401782
    I: 401787 (flow 403fd7)
      Successors: 40178d, 403fd7
  BB: 401f7f in func 401140 with 11 insts
    I: 401f7f
    I: 401f86 (imm 405004)
    I: 401f90
    I: 401f92 (flow 407040)
    I: 401f97
    I: 401f99
    I: 401f9e
    I: 401fa3
    I: 401fa6
    I: 401fa9
    I: 401faf (flow 404784)
      Successors: 404784
  BB: 404784 in func 401140 with 1 insts
    I: 404784 (flow 40115c)
      Successors: 40115c
  BB: 40378b in func 401140 with 50 insts
    I: 40378b
    I: 403791
    I: 403796
    I: 403799
    I: 40379e
    I: 4037a0
    I: 4037a8
    I: 4037ab
    I: 4037ae
    I: 4037b0
    I: 4037b3 (imm 407024)
    I: 4037ba
    I: 4037bc (imm 407028)
    I: 4037c3
    I: 4037c5
    I: 4037c7
    I: 4037cd
    I: 4037d0
    I: 4037d6
    I: 4037d9
    I: 4037dc
    I: 4037df
    I: 4037e3
    I: 4037e6
    I: 4037ea
    I: 4037ed
    I: 4037ef
    I: 4037f2
    I: 4037f6
    I: 4037f8
    I: 4037fb
    I: 4037fd
    I: 403800
    I: 403803
    I: 403806
    I: 40380a
    I: 40380d
    I: 403810
    I: 403813
    I: 403816
    I: 403819
    I: 40381b
    I: 40381e
    I: 403820
    I: 403822
    I: 403827
    I: 40382c
    I: 40382f
    I: 403832
    I: 403838 (flow 404784)
      Successors: 404784
  BB: 40178d in func 401140 with 1 insts
    I: 40178d (flow 401792)
      Successors: 401792
  BB: 401792 in func 401140 with 3 insts
    I: 401792
    I: 401798
    I: 40179d (flow 4022ed)
      Successors: 4017a3, 4022ed
  BB: 4017a3 in func 401140 with 1 insts
    I: 4017a3 (flow 4017a8)
      Successors: 4017a8
  BB: 4017a8 in func 401140 with 3 insts
    I: 4017a8
    I: 4017ae
    I: 4017b3 (flow 402252)
      Successors: 4017b9, 402252
  BB: 402fb1 in func 401140 with 40 insts
    I: 402fb1 (imm 407024)
    I: 402fb8
    I: 402fba (imm 407028)
    I: 402fc1
    I: 402fc3
    I: 402fc5
    I: 402fcb
    I: 402fce
    I: 402fd4
    I: 402fd7
    I: 402fda
    I: 402fdd
    I: 402fe1
    I: 402fe4
    I: 402fe8
    I: 402feb
    I: 402fed
    I: 402ff0
    I: 402ff4
    I: 402ff6
    I: 402ff9
    I: 402ffb
    I: 402ffe
    I: 403001
    I: 403004
    I: 403008
    I: 40300b
    I: 40300e
    I: 403011
    I: 403014
    I: 403017
    I: 403019
    I: 40301c
    I: 40301e
    I: 403020
    I: 403025
    I: 40302a
    I: 40302d
    I: 403030
    I: 403036 (flow 404784)
      Successors: 404784
  BB: 401fb4 in func 401140 with 4 insts
    I: 401fb4
    I: 401fbe
    I: 401fc8
    I: 401fd2 (flow 404784)
      Successors: 404784
  BB: 4017b9 in func 401140 with 1 insts
    I: 4017b9 (flow 4017be)
      Successors: 4017be
  BB: 4017be in func 401140 with 3 insts
    I: 4017be
    I: 4017c4
    I: 4017c9 (flow 403b5d)
      Successors: 403b5d, 4017cf
  BB: 403fc8 in func 401140 with 2 insts
    I: 403fc8
    I: 403fd2 (flow 404784)
      Successors: 404784
  BB: 4017cf in func 401140 with 1 insts
    I: 4017cf (flow 4017d4)
      Successors: 4017d4
  BB: 4017d4 in func 401140 with 3 insts
    I: 4017d4
    I: 4017da
    I: 4017df (flow 403c88)
      Successors: 403c88, 4017e5
  BB: 401fd7 in func 401140 with 40 insts
    I: 401fd7 (imm 407024)
    I: 401fde
    I: 401fe0 (imm 407028)
    I: 401fe7
    I: 401fe9
    I: 401feb
    I: 401fee
    I: 401ff0
    I: 401ff2
    I: 401ff5
    I: 401ff8
    I: 401ffb
    I: 401fff
    I: 402002
    I: 402006
    I: 402009
    I: 40200b
    I: 40200e
    I: 402012
    I: 402014
    I: 402017
    I: 402019
    I: 40201c
    I: 40201f
    I: 402022
    I: 402026
    I: 402029
    I: 40202c
    I: 40202f
    I: 402032
    I: 402035
    I: 402037
    I: 40203a
    I: 40203c
    I: 40203e
    I: 402043
    I: 402048
    I: 40204b
    I: 40204e
    I: 402054 (flow 404784)
      Successors: 404784
  BB: 403fd7 in func 401140 with 2 insts
    I: 403fd7
    I: 403fe1 (flow 404784)
      Successors: 404784
  BB: 4017e5 in func 401140 with 1 insts
    I: 4017e5 (flow 4017ea)
      Successors: 4017ea
  BB: 403fe6 in func 401140 with 2 insts
    I: 403fe6
    I: 403ff0 (flow 404784)
      Successors: 404784
  BB: 4017ea in func 401140 with 3 insts
    I: 4017ea
    I: 4017f0
    I: 4017f5 (flow 403e11)
      Successors: 403e11, 4017fb
  BB: 4027f1 in func 401140 with 24 insts
    I: 4027f1 (imm 407024)
    I: 4027f8
    I: 4027fa (imm 407028)
    I: 402801
    I: 402803
    I: 402805
    I: 40280b
    I: 40280e
    I: 402814
    I: 402817
    I: 40281a
    I: 40281d
    I: 402820
    I: 402823
    I: 402826
    I: 402828
    I: 40282a
    I: 40282c
    I: 40282e
    I: 402833
    I: 402838
    I: 40283b
    I: 40283e
    I: 402844 (flow 404784)
      Successors: 404784
  BB: 403ff5 in func 401140 with 2 insts
    I: 403ff5
    I: 403fff (flow 404784)
      Successors: 404784
  BB: 4017fb in func 401140 with 1 insts
    I: 4017fb (flow 401800)
      Successors: 401800
Recovering .term_proc at 40478c
  Analysing subroutine .term_proc at 40478c
    Block head at 00404799 is not code.
  Subroutine .term_proc at 40478c has 1 blocks
  BB: 40478c in func 40478c with 4 insts
    I: 40478c
    I: 404790
    I: 404794
    I: 404798
      No successors
Global Variable None
WARNING: Global constructor and destructor sections are adjacent!
Recovering region LOAD [400000, 4004e8) in segment LOAD
  8-byte reference at 400018 to 401050 (start)
  8-byte reference at 4000f8 to 401000 (.init_proc)
  8-byte reference at 400130 to 405000 ()
  8-byte reference at 400168 to 406de8 ()
  8-byte reference at 400280 to 40500c ()
  8-byte reference at 4002f0 to 406de8 ()
Recovering region .init [401000, 40101b) in segment .init
Recovering region LOAD [40101b, 401020) in segment LOAD
Recovering region .plt [401020, 401050) in segment .plt
Recovering region .text [401050, 404789) in segment .text
Recovering region LOAD [404789, 40478c) in segment LOAD
Recovering region .fini [40478c, 404799) in segment .fini
Recovering region .rodata [405000, 40500b) in segment .rodata
  Variable format at 405007
Recovering region LOAD [40500b, 40500c) in segment LOAD
Recovering region .eh_frame_hdr [40500c, 405038) in segment .eh_frame_hdr
Recovering region .eh_frame [405038, 4050c8) in segment .eh_frame
Recovering region LOAD [4050c8, 405108) in segment LOAD
Recovering region .init_array [406de8, 406df8) in segment .init_array
  8-byte reference at 406de8 to 401130 ()
  8-byte reference at 406df0 to 401100 ()
Recovering region LOAD [406df8, 406fd8) in segment LOAD
Recovering region .got [406fd8, 406fe8) in segment .got
  8-byte reference at 406fd8 to 407030 (__libc_start_main)
  8-byte reference at 406fe0 to 407048 (__gmon_start__)
Recovering region .got.plt [406fe8, 407010) in segment .got.plt
  8-byte reference at 407000 to 407038 (printf)
  8-byte reference at 407008 to 407040 (__isoc99_scanf)
Recovering region .data [407010, 407020) in segment .data
Recovering region .bss [407020, 407030) in segment .bss
Recovering extern function printf at 401030
Recovering extern function __isoc99_scanf at 401040
Recovering extern function __libc_start_main at 407030
Recovering extern function printf at 407038
Recovering extern function __isoc99_scanf at 407040
Recovering extern function __gmon_start__ at 407048
Recovered 8 functions.
Saving to: /home/ubuntu/capstone_project/result/pipeline_20260629_141746/s635635196_fla_bcf_instsub.cfg
Done analysis!
