Debugging is enabled.
Loading Standard Definitions file: /home/ubuntu/capstone_project/dependency/mcsema/mcsema/lib/python3/site-packages/mcsema_disass-3.1.3.8-py3.8.egg/mcsema_disass/defs/linux.txt
Using Batch mode.
Starting analysis
Recovering module s958104051_fla_bcf_instsub.elf
Found main at 403090
Looking for instructions in segment .init
  Default block heads for function 401000 with loose bounds [401000, 40101b)
    block [401000, 401014)
    block [401014, 401016)
    block [401016, 40101b)
    chunk [401000, 40101b)
Looking for instructions in segment .plt
  Default block heads for function 401020 with loose bounds [401020, 40102c)
    block [401020, 40102c)
    chunk [401020, 40102c)
  Default block heads for function 401030 with loose bounds [401030, 401036)
    block [401030, 401036)
    chunk [401030, 401036)
  Default block heads for function 401040 with loose bounds [401040, 401046)
    block [401040, 401046)
    chunk [401040, 401046)
Looking for instructions in segment .text
  Default block heads for function 401050 with loose bounds [401050, 401076)
    block [401050, 401076)
    chunk [401050, 401076)
  Default block heads for function 401090 with loose bounds [401090, 4010b1)
    block [401090, 40109d)
    block [40109d, 4010a7)
    block [4010a7, 4010ae)
    block [4010b0, 4010b1)
    chunk [401090, 4010b1)
  Default block heads for function 401100 with loose bounds [401100, 401121)
    block [401100, 40110d)
    block [40110d, 40111f)
    block [401120, 401121)
    chunk [401100, 401121)
  Default block heads for function 401130 with loose bounds [401130, 401136)
    block [401130, 401136)
    chunk [401130, 401136)
    chunk [4010c0, 4010f1)
  Default block heads for function 401140 with loose bounds [401140, 401427)
    block [401140, 401152)
    block [401152, 401163)
    block [401163, 401168)
    block [401168, 401176)
    block [401176, 40117b)
    block [40117b, 401189)
    block [401189, 40118e)
    block [40118e, 40119c)
    block [40119c, 4011a1)
    block [4011a1, 4011af)
    block [4011af, 4011b4)
    block [4011b4, 4011c2)
    block [4011c2, 4011c7)
    block [4011c7, 4011d5)
    block [4011d5, 4011da)
    block [4011da, 4011e8)
    block [4011e8, 4011ed)
    block [4011ed, 4011fb)
    block [4011fb, 401200)
    block [401200, 40120e)
    block [40120e, 401213)
    block [401213, 401221)
    block [401221, 401226)
    block [401226, 40122b)
    block [40122b, 401244)
    block [401244, 4012cb)
    block [4012cb, 401351)
    block [401351, 40135d)
    block [40135d, 401376)
    block [401376, 4013c8)
    block [4013c8, 4013e7)
    block [4013e7, 4013f3)
    block [4013f3, 401412)
    block [401412, 401414)
    block [401414, 401422)
    block [401422, 401427)
    chunk [401140, 401427)
  Default block heads for function 401430 with loose bounds [401430, 4014ea)
    block [401430, 4014ea)
    chunk [401430, 4014ea)
  Default block heads for function 4014f0 with loose bounds [4014f0, 402445)
    block [4014f0, 401545)
    block [401545, 401556)
    block [401556, 40155b)
    block [40155b, 401569)
    block [401569, 40156e)
    block [40156e, 40157c)
    block [40157c, 401581)
    block [401581, 40158f)
    block [40158f, 401594)
    block [401594, 4015a2)
    block [4015a2, 4015a7)
    block [4015a7, 4015b5)
    block [4015b5, 4015ba)
    block [4015ba, 4015c8)
    block [4015c8, 4015cd)
    block [4015cd, 4015db)
    block [4015db, 4015e0)
    block [4015e0, 4015ee)
    block [4015ee, 4015f3)
    block [4015f3, 401601)
    block [401601, 401606)
    block [401606, 401614)
    block [401614, 401619)
    block [401619, 401627)
    block [401627, 40162c)
    block [40162c, 40163a)
    block [40163a, 40163f)
    block [40163f, 40164d)
    block [40164d, 401652)
    block [401652, 401660)
    block [401660, 401665)
    block [401665, 401673)
    block [401673, 401678)
    block [401678, 401686)
    block [401686, 40168b)
    block [40168b, 401699)
    block [401699, 40169e)
    block [40169e, 4016ac)
    block [4016ac, 4016b1)
    block [4016b1, 4016bf)
    block [4016bf, 4016c4)
    block [4016c4, 4016d2)
    block [4016d2, 4016d7)
    block [4016d7, 4016e5)
    block [4016e5, 4016ea)
    block [4016ea, 4016f8)
    block [4016f8, 4016fd)
    block [4016fd, 40170b)
    block [40170b, 401710)
    block [401710, 40171e)
    block [40171e, 401723)
    block [401723, 401731)
    block [401731, 401736)
    block [401736, 401744)
    block [401744, 401749)
    block [401749, 401757)
    block [401757, 40175c)
    block [40175c, 40176a)
    block [40176a, 40176f)
    block [40176f, 40177d)
    block [40177d, 401782)
    block [401782, 401790)
    block [401790, 401795)
    block [401795, 4017a3)
    block [4017a3, 4017a8)
    block [4017a8, 4017b6)
    block [4017b6, 4017bb)
    block [4017bb, 4017c9)
    block [4017c9, 4017ce)
    block [4017ce, 4017dc)
    block [4017dc, 4017e1)
    block [4017e1, 4017ef)
    block [4017ef, 4017f4)
    block [4017f4, 401802)
    block [401802, 401807)
    block [401807, 401815)
    block [401815, 40181a)
    block [40181a, 401828)
    block [401828, 40182d)
    block [40182d, 40183b)
    block [40183b, 401840)
    block [401840, 40184e)
    block [40184e, 401853)
    block [401853, 401861)
    block [401861, 401866)
    block [401866, 401874)
    block [401874, 401879)
    block [401879, 401887)
    block [401887, 40188c)
    block [40188c, 40189a)
    block [40189a, 40189f)
    block [40189f, 4018a4)
    block [4018a4, 4018ca)
    block [4018ca, 4019b9)
    block [4019b9, 4019c5)
    block [4019c5, 4019e7)
    block [4019e7, 401a17)
    block [401a17, 401a96)
    block [401a96, 401b06)
    block [401b06, 401b12)
    block [401b12, 401b30)
    block [401b30, 401b5a)
    block [401b5a, 401b7c)
    block [401b7c, 401ba0)
    block [401ba0, 401bac)
    block [401bac, 401c01)
    block [401c01, 401c9c)
    block [401c9c, 401cb7)
    block [401cb7, 401ce3)
    block [401ce3, 401d0a)
    block [401d0a, 401d91)
    block [401d91, 401e01)
    block [401e01, 401e0d)
    block [401e0d, 401e29)
    block [401e29, 401e3c)
    block [401e3c, 401ec3)
    block [401ec3, 401f66)
    block [401f66, 401f72)
    block [401f72, 401f94)
    block [401f94, 40201b)
    block [40201b, 4020d0)
    block [4020d0, 4020eb)
    block [4020eb, 4020f7)
    block [4020f7, 40217e)
    block [40217e, 40225e)
    block [40225e, 402279)
    block [402279, 4022d4)
    block [4022d4, 4022e0)
    block [4022e0, 402307)
    block [402307, 402313)
    block [402313, 40238b)
    block [40238b, 4023b2)
    block [4023b2, 4023c6)
    block [4023c6, 4023ed)
    block [4023ed, 402415)
    block [402415, 402429)
    block [402429, 402440)
    block [402440, 402445)
    chunk [4014f0, 402445)
  Default block heads for function 402450 with loose bounds [402450, 403086)
    block [402450, 402482)
    block [402482, 402493)
    block [402493, 402498)
    block [402498, 4024a6)
    block [4024a6, 4024ab)
    block [4024ab, 4024b9)
    block [4024b9, 4024be)
    block [4024be, 4024cc)
    block [4024cc, 4024d1)
    block [4024d1, 4024df)
    block [4024df, 4024e4)
    block [4024e4, 4024f2)
    block [4024f2, 4024f7)
    block [4024f7, 402505)
    block [402505, 40250a)
    block [40250a, 402518)
    block [402518, 40251d)
    block [40251d, 40252b)
    block [40252b, 402530)
    block [402530, 40253e)
    block [40253e, 402543)
    block [402543, 402551)
    block [402551, 402556)
    block [402556, 402564)
    block [402564, 402569)
    block [402569, 402577)
    block [402577, 40257c)
    block [40257c, 40258a)
    block [40258a, 40258f)
    block [40258f, 40259d)
    block [40259d, 4025a2)
    block [4025a2, 4025b0)
    block [4025b0, 4025b5)
    block [4025b5, 4025c3)
    block [4025c3, 4025c8)
    block [4025c8, 4025d6)
    block [4025d6, 4025db)
    block [4025db, 4025e9)
    block [4025e9, 4025ee)
    block [4025ee, 4025fc)
    block [4025fc, 402601)
    block [402601, 40260f)
    block [40260f, 402614)
    block [402614, 402622)
    block [402622, 402627)
    block [402627, 402635)
    block [402635, 40263a)
    block [40263a, 402648)
    block [402648, 40264d)
    block [40264d, 40265b)
    block [40265b, 402660)
    block [402660, 40266e)
    block [40266e, 402673)
    block [402673, 402681)
    block [402681, 402686)
    block [402686, 402694)
    block [402694, 402699)
    block [402699, 4026a7)
    block [4026a7, 4026ac)
    block [4026ac, 4026ba)
    block [4026ba, 4026bf)
    block [4026bf, 4026cd)
    block [4026cd, 4026d2)
    block [4026d2, 4026e0)
    block [4026e0, 4026e5)
    block [4026e5, 4026f3)
    block [4026f3, 4026f8)
    block [4026f8, 402706)
    block [402706, 40270b)
    block [40270b, 402719)
    block [402719, 40271e)
    block [40271e, 40272c)
    block [40272c, 402731)
    block [402731, 40273f)
    block [40273f, 402744)
    block [402744, 402752)
    block [402752, 402757)
    block [402757, 402765)
    block [402765, 40276a)
    block [40276a, 402778)
    block [402778, 40277d)
    block [40277d, 40278b)
    block [40278b, 402790)
    block [402790, 402795)
    block [402795, 4027b4)
    block [4027b4, 4027de)
    block [4027de, 4027fd)
    block [4027fd, 402884)
    block [402884, 40291a)
    block [40291a, 402926)
    block [402926, 402947)
    block [402947, 402994)
    block [402994, 4029fb)
    block [4029fb, 402a16)
    block [402a16, 402a37)
    block [402a37, 402a43)
    block [402a43, 402a66)
    block [402a66, 402ae5)
    block [402ae5, 402b46)
    block [402b46, 402b52)
    block [402b52, 402b73)
    block [402b73, 402b94)
    block [402b94, 402be9)
    block [402be9, 402c74)
    block [402c74, 402c8f)
    block [402c8f, 402c9c)
    block [402c9c, 402cbe)
    block [402cbe, 402cdd)
    block [402cdd, 402d12)
    block [402d12, 402d1e)
    block [402d1e, 402d78)
    block [402d78, 402dc5)
    block [402dc5, 402e87)
    block [402e87, 402e93)
    block [402e93, 402f1a)
    block [402f1a, 402fa1)
    block [402fa1, 402fad)
    block [402fad, 402fcc)
    block [402fcc, 402fd8)
    block [402fd8, 402ff3)
    block [402ff3, 402fff)
    block [402fff, 40301f)
    block [40301f, 40302b)
    block [40302b, 40307a)
    block [40307a, 403081)
    block [403081, 403086)
    chunk [402450, 403086)
  Default block heads for function 403090 with loose bounds [403090, 403e0f)
    block [403090, 4030b2)
    block [4030b2, 4030c3)
    block [4030c3, 4030c8)
    block [4030c8, 4030d6)
    block [4030d6, 4030db)
    block [4030db, 4030e9)
    block [4030e9, 4030ee)
    block [4030ee, 4030fc)
    block [4030fc, 403101)
    block [403101, 40310f)
    block [40310f, 403114)
    block [403114, 403122)
    block [403122, 403127)
    block [403127, 403135)
    block [403135, 40313a)
    block [40313a, 403148)
    block [403148, 40314d)
    block [40314d, 40315b)
    block [40315b, 403160)
    block [403160, 40316e)
    block [40316e, 403173)
    block [403173, 403181)
    block [403181, 403186)
    block [403186, 403194)
    block [403194, 403199)
    block [403199, 4031a7)
    block [4031a7, 4031ac)
    block [4031ac, 4031ba)
    block [4031ba, 4031bf)
    block [4031bf, 4031cd)
    block [4031cd, 4031d2)
    block [4031d2, 4031e0)
    block [4031e0, 4031e5)
    block [4031e5, 4031f3)
    block [4031f3, 4031f8)
    block [4031f8, 403206)
    block [403206, 40320b)
    block [40320b, 403219)
    block [403219, 40321e)
    block [40321e, 40322c)
    block [40322c, 403231)
    block [403231, 40323f)
    block [40323f, 403244)
    block [403244, 403252)
    block [403252, 403257)
    block [403257, 403265)
    block [403265, 40326a)
    block [40326a, 403278)
    block [403278, 40327d)
    block [40327d, 40328b)
    block [40328b, 403290)
    block [403290, 40329e)
    block [40329e, 4032a3)
    block [4032a3, 4032b1)
    block [4032b1, 4032b6)
    block [4032b6, 4032c4)
    block [4032c4, 4032c9)
    block [4032c9, 4032d7)
    block [4032d7, 4032dc)
    block [4032dc, 4032ea)
    block [4032ea, 4032ef)
    block [4032ef, 4032fd)
    block [4032fd, 403302)
    block [403302, 403310)
    block [403310, 403315)
    block [403315, 403323)
    block [403323, 403328)
    block [403328, 403336)
    block [403336, 40333b)
    block [40333b, 403349)
    block [403349, 40334e)
    block [40334e, 40335c)
    block [40335c, 403361)
    block [403361, 40336f)
    block [40336f, 403374)
    block [403374, 403382)
    block [403382, 403387)
    block [403387, 403395)
    block [403395, 40339a)
    block [40339a, 4033a8)
    block [4033a8, 4033ad)
    block [4033ad, 4033bb)
    block [4033bb, 4033c0)
    block [4033c0, 4033ce)
    block [4033ce, 4033d3)
    block [4033d3, 4033e1)
    block [4033e1, 4033e6)
    block [4033e6, 4033eb)
    block [4033eb, 403421)
    block [403421, 4034a0)
    block [4034a0, 403501)
    block [403501, 40351c)
    block [40351c, 40359b)
    block [40359b, 4035f0)
    block [4035f0, 4035fc)
    block [4035fc, 403649)
    block [403649, 4036b4)
    block [4036b4, 4036c0)
    block [4036c0, 4036db)
    block [4036db, 403728)
    block [403728, 4037e5)
    block [4037e5, 4037f1)
    block [4037f1, 403846)
    block [403846, 4038d8)
    block [4038d8, 4038e4)
    block [4038e4, 403939)
    block [403939, 4039e0)
    block [4039e0, 4039ec)
    block [4039ec, 403a07)
    block [403a07, 403a41)
    block [403a41, 403a5b)
    block [403a5b, 403ae2)
    block [403ae2, 403b45)
    block [403b45, 403b57)
    block [403b57, 403b77)
    block [403b77, 403bcc)
    block [403bcc, 403c58)
    block [403c58, 403c64)
    block [403c64, 403c70)
    block [403c70, 403cbd)
    block [403cbd, 403d0a)
    block [403d0a, 403d12)
    block [403d12, 403d1e)
    block [403d1e, 403d2a)
    block [403d2a, 403d4c)
    block [403d4c, 403d8e)
    block [403d8e, 403da7)
    block [403da7, 403dd3)
    block [403dd3, 403dea)
    block [403dea, 403e03)
    block [403e03, 403e0a)
    block [403e0a, 403e0f)
    chunk [403090, 403e0f)
Looking for instructions in segment .fini
  Default block heads for function 403e10 with loose bounds [403e10, 403e1d)
    block [403e10, 403e1d)
    chunk [403e10, 403e1d)
Looking for strings in segment .rodata [404000, 404011)
  Found string b'%d %d %d %d\n' of length 13 at 404004, jumping to 404011
Looking for strings in segment .eh_frame_hdr [404014, 404060)
Looking for strings in segment .eh_frame [404060, 40417c)
Looking for strings in segment .init_array [405de8, 405df0)
Looking for strings in segment .fini_array [405df0, 405df8)
Looking for strings in segment .got [405fd8, 405fe8)
Looking for strings in segment .got.plt [405fe8, 406010)
Looking for strings in segment .data [406010, 406020)
Looking for strings in segment .bss [406020, 419c08)
Looking for strings in segment extern [419c08, 419c28)
Looking for cross-references in segment .init [401000, 40101b)
Looking for cross-references in segment .plt [401020, 401050)
  Adding dword reference from 40102c to 401f0f
  Stopping scan at 40102c
Looking for cross-references in segment .text [401050, 403e0f)
  Stopping scan at 40107c
  Stopping scan at 40108c
  Stopping scan at ffffffffffffffff
  Stopping scan at 4010bc
  Stopping scan at 4010fc
  Stopping scan at ffffffffffffffff
  Stopping scan at 40112c
  Stopping scan at 40113c
  Stopping scan at 40142c
  Stopping scan at 4014ec
  Stopping scan at 40244c
  Stopping scan at 40308c
Looking for cross-references in segment .fini [403e10, 403e1d)
Looking for cross-references in segment .rodata [404000, 404011)
  Found string at 404004, jumping to 404011
  Stopping scan at 404004
Looking for cross-references in segment .eh_frame_hdr [404014, 404060)
  Stopping scan at 40405c
Looking for cross-references in segment .eh_frame [404060, 40417c)
  Stopping scan at 404178
Looking for cross-references in segment .init_array [405de8, 405df0)
  Adding qword reference from 405de8 to 401130
  Stopping scan at 405de8
Looking for cross-references in segment .fini_array [405df0, 405df8)
  Adding qword reference from 405df0 to 401100
  Stopping scan at 405df0
Looking for cross-references in segment .got [405fd8, 405fe8)
  Adding qword reference from 405fd8 to 419c08
  Adding qword reference from 405fe0 to 419c20
  Stopping scan at 405fe0
Looking for cross-references in segment .got.plt [405fe8, 406010)
  Adding qword reference from 406000 to 419c10
  Adding qword reference from 406008 to 419c18
  Stopping scan at 406008
Looking for cross-references in segment .data [406010, 406020)
  Stopping scan at 40601c
Looking for cross-references in segment .bss [406020, 419c08)
  Stopping scan at 419c04
Looking for cross-references in segment extern [419c08, 419c28)
  Stopping scan at 419c24
Looking for thunks
  Found thunk for __isoc99_fscanf targeting 419c10 at 401030
  Found thunk for printf targeting 419c18 at 401040
Looking for external symbols
  Function at 401030 is the external function __isoc99_fscanf
  Function at 401040 is the external function printf
  Variable at 406020 is the external stdin
  Function at 419c08 is the external function __libc_start_main
  Function at 419c10 is the external function __isoc99_fscanf
  Function at 419c18 is the external function printf
  Function at 419c20 is the external function __gmon_start__
Looking for entrypoints
Recovering .init_proc at 401000
  Analysing subroutine .init_proc at 401000
    Block head at 0040101b is not code.
  Subroutine .init_proc at 401000 has 3 blocks
  BB: 401000 in func 401000 with 5 insts
    Referenced by data
    I: 401000
    I: 401004
    I: 401008 (mem 405fe0)
    I: 40100f
    I: 401012 (flow 401016)
      Successors: 401014, 401016
  BB: 401014 in func 401000 with 1 insts
    I: 401014
      Successors: 401016
  BB: 401016 in func 401000 with 2 insts
    I: 401016
    I: 40101a
      No successors
Recovering 401020
  Analysing subroutine sub_401020 at 401020
  WARNING: No table entries for indirect jump at 401026; Adding next_ea 40102c as successor.
  Subroutine sub_401020 at 401020 has 2 blocks
  WARNING: No table entries for indirect jump at 401026; Adding next_ea 40102c as successor.
  BB: 401020 in func 401020 with 2 insts
    I: 401020 (mem 405ff0)
    I: 401026 (mem 405ff8)
      Successors: 40102c
  BB: 40102c in func 401020 with 1 insts
    I: 40102c
      No successors
Recovering start at 401050
  Analysing subroutine start at 401050
  Subroutine start at 401050 has 3 blocks
  BB: 401050 in func 401050 with 13 insts
    Referenced by data
    I: 401050
    I: 401054
    I: 401056
    I: 401059
    I: 40105a
    I: 40105d
    I: 401061
    I: 401062
    I: 401063
    I: 401066
    I: 401068 (imm 403090)
    I: 40106f (mem 405fd8)
    I: 401075
      No successors
  BB: 401085 in func 401050 with 2 insts
    I: 401085
    I: 40108f
      No successors
  BB: 401076 in func 401050 with 3 insts
    I: 401076
    I: 401080
    I: 401084
      No successors
Recovering 401090
  Analysing subroutine sub_401090 at 401090
  WARNING: No table entries for indirect jump at 4010ac; Adding next_ea 4010ae as successor.
  WARNING: No table entries for indirect jump at 4010ee; Adding next_ea 4010f0 as successor.
  Subroutine sub_401090 at 401090 has 11 blocks
  BB: 4010c0 in func 401090 with 8 insts
    I: 4010c0 (imm 406020)
    I: 4010c5 (imm 406020)
    I: 4010cc
    I: 4010cf
    I: 4010d3
    I: 4010d7
    I: 4010da
    I: 4010dd (flow 4010f0)
      Successors: 4010f0, 4010df
  WARNING: No table entries for indirect jump at 4010ac; Adding next_ea 4010ae as successor.
  BB: 4010a7 in func 401090 with 2 insts
    I: 4010a7 (imm 406020)
    I: 4010ac
      Successors: 4010ae
  WARNING: No table entries for indirect jump at 4010ee; Adding next_ea 4010f0 as successor.
  BB: 4010e9 in func 401090 with 2 insts
    I: 4010e9 (imm 406020)
    I: 4010ee
      Successors: 4010f0
  BB: 4010ae in func 401090 with 1 insts
    I: 4010ae
      Successors: 4010b0
  BB: 401090 in func 401090 with 3 insts
    I: 401090 (imm 406020)
    I: 401095 (imm 406020)
    I: 40109b (flow 4010b0)
      Successors: 4010b0, 40109d
  BB: 4010b0 in func 401090 with 1 insts
    I: 4010b0
      No successors
  BB: 4010b1 in func 401090 with 2 insts
    I: 4010b1
    I: 4010b5
      Successors: 4010c0
  BB: 4010f0 in func 401090 with 1 insts
    I: 4010f0
      No successors
  BB: 4010f1 in func 401090 with 2 insts
    I: 4010f1
    I: 4010f5
      No successors
  BB: 40109d in func 401090 with 3 insts
    I: 40109d
    I: 4010a2
    I: 4010a5 (flow 4010b0)
      Successors: 4010b0, 4010a7
  BB: 4010df in func 401090 with 3 insts
    I: 4010df
    I: 4010e4
    I: 4010e7 (flow 4010f0)
      Successors: 4010f0, 4010e9
Recovering 401100
  Analysing subroutine sub_401100 at 401100
  Subroutine sub_401100 at 401100 has 5 blocks
  BB: 401100 in func 401100 with 3 insts
    Referenced by data
    I: 401100
    I: 401104 (mem 406028)
    I: 40110b (flow 401120)
      Successors: 401120, 40110d
  BB: 401121 in func 401100 with 2 insts
    I: 401121
    I: 401125
      No successors
  BB: 401120 in func 401100 with 1 insts
    I: 401120
      No successors
  BB: 40110d in func 401100 with 6 insts
    I: 40110d
    I: 40110e
    I: 401111 (flow 401090)
    I: 401116 (mem 406028)
    I: 40111d
    I: 40111e
      No successors
  BB: 40111f in func 401100 with 1 insts
    I: 40111f
      Successors: 401120
Recovering 401130
  Analysing subroutine sub_401130 at 401130
  WARNING: No table entries for indirect jump at 4010ee; Adding next_ea 4010f0 as successor.
  Subroutine sub_401130 at 401130 has 6 blocks
  BB: 4010c0 in func 401130 with 8 insts
    I: 4010c0 (imm 406020)
    I: 4010c5 (imm 406020)
    I: 4010cc
    I: 4010cf
    I: 4010d3
    I: 4010d7
    I: 4010da
    I: 4010dd (flow 4010f0)
      Successors: 4010f0, 4010df
  WARNING: No table entries for indirect jump at 4010ee; Adding next_ea 4010f0 as successor.
  BB: 4010e9 in func 401130 with 2 insts
    I: 4010e9 (imm 406020)
    I: 4010ee
      Successors: 4010f0
  BB: 401130 in func 401130 with 2 insts
    Referenced by data
    I: 401130
    I: 401134 (flow 4010c0)
      Successors: 4010c0
  BB: 4010f0 in func 401130 with 1 insts
    I: 4010f0
      No successors
  BB: 401136 in func 401130 with 1 insts
    I: 401136
      No successors
  BB: 4010df in func 401130 with 3 insts
    I: 4010df
    I: 4010e4
    I: 4010e7 (flow 4010f0)
      Successors: 4010f0, 4010e9
Recovering 401140
  Analysing subroutine sub_401140 at 401140
  Subroutine sub_401140 at 401140 has 37 blocks
  BB: 401200 in func 401140 with 3 insts
    I: 401200
    I: 401203
    I: 401208 (flow 40135d)
      Successors: 40135d, 40120e
  BB: 401189 in func 401140 with 1 insts
    I: 401189 (flow 40118e)
      Successors: 40118e
  BB: 40118e in func 401140 with 3 insts
    I: 40118e
    I: 401191
    I: 401196 (flow 401414)
      Successors: 40119c, 401414
  BB: 40120e in func 401140 with 1 insts
    I: 40120e (flow 401213)
      Successors: 401213
  BB: 401412 in func 401140 with 2 insts
    I: 401412
    I: 401413
      No successors
  BB: 401213 in func 401140 with 3 insts
    I: 401213
    I: 401216
    I: 40121b (flow 4013c8)
      Successors: 4013c8, 401221
  BB: 401414 in func 401140 with 2 insts
    I: 401414
    I: 40141b
      Successors: 401422
  BB: 40119c in func 401140 with 1 insts
    I: 40119c (flow 4011a1)
      Successors: 4011a1
  BB: 4011a1 in func 401140 with 3 insts
    I: 4011a1
    I: 4011a4
    I: 4011a9 (flow 401376)
      Successors: 401376, 4011af
  BB: 401221 in func 401140 with 1 insts
    I: 401221 (flow 401226)
      Successors: 401226
  BB: 401422 in func 401140 with 1 insts
    I: 401422 (flow 401152)
      Successors: 401152
  BB: 401226 in func 401140 with 1 insts
    I: 401226 (flow 401422)
      Successors: 401422
  BB: 401427 in func 401140 with 1 insts
    I: 401427
      No successors
  BB: 40122b in func 401140 with 6 insts
    I: 40122b
    I: 401230
    I: 401235
    I: 401239
    I: 40123c
    I: 40123f (flow 401422)
      Successors: 401422
  BB: 4011af in func 401140 with 1 insts
    I: 4011af (flow 4011b4)
      Successors: 4011b4
  BB: 4011b4 in func 401140 with 3 insts
    I: 4011b4
    I: 4011b7
    I: 4011bc (flow 4012cb)
      Successors: 4011c2, 4012cb
  BB: 401140 in func 401140 with 4 insts
    I: 401140
    I: 401141
    I: 401144
    I: 40114b
      Successors: 401152
  BB: 4011c2 in func 401140 with 1 insts
    I: 4011c2 (flow 4011c7)
      Successors: 4011c7
  BB: 401244 in func 401140 with 40 insts
    I: 401244 (imm 419be0)
    I: 40124b
    I: 40124d (imm 419bf0)
    I: 401254
    I: 401256
    I: 401258
    I: 40125e
    I: 401261
    I: 401267
    I: 40126a
    I: 40126d
    I: 401270
    I: 401274
    I: 401277
    I: 40127b
    I: 40127e
    I: 401280
    I: 401283
    I: 401287
    I: 401289
    I: 40128c
    I: 40128e
    I: 401291
    I: 401294
    I: 401297
    I: 40129b
    I: 40129e
    I: 4012a1
    I: 4012a4
    I: 4012a7
    I: 4012aa
    I: 4012ac
    I: 4012af
    I: 4012b1
    I: 4012b3
    I: 4012b8
    I: 4012bd
    I: 4012c0
    I: 4012c3
    I: 4012c6 (flow 401422)
      Successors: 401422
  BB: 4011c7 in func 401140 with 3 insts
    I: 4011c7
    I: 4011ca
    I: 4011cf (flow 4013e7)
      Successors: 4011d5, 4013e7
  BB: 4013c8 in func 401140 with 7 insts
    I: 4013c8
    I: 4013cb
    I: 4013d0
    I: 4013d3
    I: 4013d8
    I: 4013db
    I: 4013e2 (flow 401422)
      Successors: 401422
  BB: 4012cb in func 401140 with 41 insts
    I: 4012cb
    I: 4012d2 (imm 419be0)
    I: 4012d9
    I: 4012db (imm 419bf0)
    I: 4012e2
    I: 4012e4
    I: 4012e6
    I: 4012e9
    I: 4012eb
    I: 4012ed
    I: 4012f0
    I: 4012f3
    I: 4012f6
    I: 4012fa
    I: 4012fd
    I: 401301
    I: 401304
    I: 401306
    I: 401309
    I: 40130d
    I: 40130f
    I: 401312
    I: 401314
    I: 401317
    I: 40131a
    I: 40131d
    I: 401321
    I: 401324
    I: 401327
    I: 40132a
    I: 40132d
    I: 401330
    I: 401332
    I: 401335
    I: 401337
    I: 401339
    I: 40133e
    I: 401343
    I: 401346
    I: 401349
    I: 40134c (flow 401422)
      Successors: 401422
  BB: 401351 in func 401140 with 2 insts
    I: 401351
    I: 401358 (flow 401422)
      Successors: 401422
  BB: 401152 in func 401140 with 4 insts
    I: 401152
    I: 401155
    I: 401158
    I: 40115d (flow 40122b)
      Successors: 40122b, 401163
  BB: 4011d5 in func 401140 with 1 insts
    I: 4011d5 (flow 4011da)
      Successors: 4011da
  BB: 4011fb in func 401140 with 1 insts
    I: 4011fb (flow 401200)
      Successors: 401200
  BB: 4011da in func 401140 with 3 insts
    I: 4011da
    I: 4011dd
    I: 4011e2 (flow 401244)
      Successors: 4011e8, 401244
  BB: 40135d in func 401140 with 6 insts
    I: 40135d
    I: 401362
    I: 401367
    I: 40136b
    I: 40136e
    I: 401371 (flow 401422)
      Successors: 401422
  BB: 401163 in func 401140 with 1 insts
    I: 401163 (flow 401168)
      Successors: 401168
  BB: 4013e7 in func 401140 with 2 insts
    I: 4013e7
    I: 4013ee (flow 401422)
      Successors: 401422
  BB: 401168 in func 401140 with 3 insts
    I: 401168
    I: 40116b
    I: 401170 (flow 401412)
      Successors: 401412, 401176
  BB: 4011e8 in func 401140 with 1 insts
    I: 4011e8 (flow 4011ed)
      Successors: 4011ed
  BB: 4011ed in func 401140 with 3 insts
    I: 4011ed
    I: 4011f0
    I: 4011f5 (flow 401351)
      Successors: 401351, 4011fb
  BB: 4013f3 in func 401140 with 7 insts
    I: 4013f3
    I: 4013f6
    I: 4013fb
    I: 4013fe
    I: 401403
    I: 401406
    I: 40140d (flow 401422)
      Successors: 401422
  BB: 401176 in func 401140 with 1 insts
    I: 401176 (flow 40117b)
      Successors: 40117b
  BB: 401376 in func 401140 with 14 insts
    I: 401376
    I: 40137a (imm 406030)
    I: 401384
    I: 40138b
    I: 40138e
    I: 401392
    I: 401399
    I: 40139d (imm 40fc70)
    I: 4013a7
    I: 4013ae
    I: 4013b1
    I: 4013b5
    I: 4013bc
    I: 4013c3 (flow 401422)
      Successors: 401422
  BB: 40117b in func 401140 with 3 insts
    I: 40117b
    I: 40117e
    I: 401183 (flow 4013f3)
      Successors: 401189, 4013f3
Recovering 401430
  Analysing subroutine sub_401430 at 401430
  Subroutine sub_401430 at 401430 has 2 blocks
  BB: 401430 in func 401430 with 44 insts
    I: 401430
    I: 401431
    I: 401434
    I: 401437
    I: 40143a
    I: 40143d
    I: 401440
    I: 401443
    I: 401448
    I: 40144b
    I: 401450
    I: 401453
    I: 401456
    I: 40145b
    I: 40145e
    I: 401463
    I: 401466
    I: 401469
    I: 40146d (imm 406030)
    I: 401477
    I: 40147e
    I: 401481
    I: 401485
    I: 401488
    I: 40148c (imm 406030)
    I: 401496
    I: 40149d
    I: 4014a0
    I: 4014a4
    I: 4014a7
    I: 4014aa
    I: 4014ae (imm 40fc70)
    I: 4014b8
    I: 4014bf
    I: 4014c2
    I: 4014c6
    I: 4014c9
    I: 4014cd (imm 40fc70)
    I: 4014d7
    I: 4014de
    I: 4014e1
    I: 4014e5
    I: 4014e8
    I: 4014e9
      No successors
  BB: 4014ea in func 401430 with 1 insts
    I: 4014ea
      No successors
Recovering 4014f0
  Analysing subroutine sub_4014F0 at 4014f0
  Subroutine sub_4014F0 at 4014f0 has 140 blocks
  BB: 401601 in func 4014f0 with 1 insts
    I: 401601 (flow 401606)
      Successors: 401606
  BB: 401802 in func 4014f0 with 1 insts
    I: 401802 (flow 401807)
      Successors: 401807
  BB: 401c01 in func 4014f0 with 48 insts
    I: 401c01
    I: 401c05
    I: 401c07
    I: 401c0b
    I: 401c0e (disp 4198c0)
    I: 401c15
    I: 401c18
    I: 401c1a
    I: 401c1d (imm 419bf8)
    I: 401c24
    I: 401c26 (imm 419be4)
    I: 401c2d
    I: 401c2f
    I: 401c31
    I: 401c34
    I: 401c36
    I: 401c38
    I: 401c3b
    I: 401c3e
    I: 401c41
    I: 401c45
    I: 401c48
    I: 401c4c
    I: 401c4f
    I: 401c51
    I: 401c54
    I: 401c58
    I: 401c5a
    I: 401c5d
    I: 401c5f
    I: 401c62
    I: 401c65
    I: 401c68
    I: 401c6c
    I: 401c6f
    I: 401c72
    I: 401c75
    I: 401c78
    I: 401c7b
    I: 401c7d
    I: 401c80
    I: 401c82
    I: 401c84
    I: 401c89
    I: 401c8e
    I: 401c91
    I: 401c94
    I: 401c97 (flow 402440)
      Successors: 402440
  BB: 401e01 in func 4014f0 with 2 insts
    I: 401e01
    I: 401e08 (flow 402440)
      Successors: 402440
  BB: 401606 in func 4014f0 with 3 insts
    I: 401606
    I: 401609
    I: 40160e (flow 401e29)
      Successors: 401e29, 401614
  BB: 401807 in func 4014f0 with 3 insts
    I: 401807
    I: 40180a
    I: 40180f (flow 40225e)
      Successors: 401815, 40225e
  BB: 401e0d in func 4014f0 with 7 insts
    I: 401e0d
    I: 401e11
    I: 401e16
    I: 401e1b
    I: 401e1e
    I: 401e21
    I: 401e24 (flow 402440)
      Successors: 402440
  BB: 401614 in func 4014f0 with 1 insts
    I: 401614 (flow 401619)
      Successors: 401619
  BB: 401815 in func 4014f0 with 1 insts
    I: 401815 (flow 40181a)
      Successors: 40181a
  BB: 402415 in func 4014f0 with 4 insts
    I: 402415
    I: 402419
    I: 40241d
    I: 402424 (flow 402440)
      Successors: 402440
  BB: 401a17 in func 4014f0 with 40 insts
    I: 401a17 (imm 419bf8)
    I: 401a1e
    I: 401a20 (imm 419be4)
    I: 401a27
    I: 401a29
    I: 401a2b
    I: 401a2e
    I: 401a30
    I: 401a32
    I: 401a35
    I: 401a38
    I: 401a3b
    I: 401a3f
    I: 401a42
    I: 401a46
    I: 401a49
    I: 401a4b
    I: 401a4e
    I: 401a52
    I: 401a54
    I: 401a57
    I: 401a59
    I: 401a5c
    I: 401a5f
    I: 401a62
    I: 401a66
    I: 401a69
    I: 401a6c
    I: 401a6f
    I: 401a72
    I: 401a75
    I: 401a77
    I: 401a7a
    I: 401a7c
    I: 401a7e
    I: 401a83
    I: 401a88
    I: 401a8b
    I: 401a8e
    I: 401a91 (flow 402440)
      Successors: 402440
  BB: 401619 in func 4014f0 with 3 insts
    I: 401619
    I: 40161c
    I: 401621 (flow 401f66)
      Successors: 401f66, 401627
  BB: 40181a in func 4014f0 with 3 insts
    I: 40181a
    I: 40181d
    I: 401822 (flow 401cb7)
      Successors: 401828, 401cb7
  BB: 40201b in func 4014f0 with 51 insts
    I: 40201b
    I: 40201f
    I: 402022 (imm 406030)
    I: 40202c
    I: 402033
    I: 402036
    I: 40203a
    I: 40203d
    I: 402041
    I: 402044
    I: 402046
    I: 402049 (imm 419bf8)
    I: 402050
    I: 402052 (imm 419be4)
    I: 402059
    I: 40205b
    I: 40205d
    I: 402063
    I: 402066
    I: 40206c
    I: 40206f
    I: 402072
    I: 402075
    I: 402079
    I: 40207c
    I: 402080
    I: 402083
    I: 402085
    I: 402088
    I: 40208c
    I: 40208e
    I: 402091
    I: 402093
    I: 402096
    I: 402099
    I: 40209c
    I: 4020a0
    I: 4020a3
    I: 4020a6
    I: 4020a9
    I: 4020ac
    I: 4020af
    I: 4020b1
    I: 4020b4
    I: 4020b6
    I: 4020b8
    I: 4020bd
    I: 4020c2
    I: 4020c5
    I: 4020c8
    I: 4020cb (flow 402440)
      Successors: 402440
  BB: 401627 in func 4014f0 with 1 insts
    I: 401627 (flow 40162c)
      Successors: 40162c
  BB: 401828 in func 4014f0 with 1 insts
    I: 401828 (flow 40182d)
      Successors: 40182d
  BB: 401e29 in func 4014f0 with 6 insts
    I: 401e29
    I: 401e2d
    I: 401e30 (disp 4198c0)
    I: 401e37
    I: 401e3a
    I: 401e3b
      No successors
  BB: 402429 in func 4014f0 with 5 insts
    I: 402429
    I: 40242d
    I: 402431
    I: 402435
    I: 402439
      Successors: 402440
  BB: 40162c in func 4014f0 with 3 insts
    I: 40162c
    I: 40162f
    I: 401634 (flow 401ba0)
      Successors: 401ba0, 40163a
  BB: 40182d in func 4014f0 with 3 insts
    I: 40182d
    I: 401830
    I: 401835 (flow 4023c6)
      Successors: 40183b, 4023c6
  BB: 40163a in func 4014f0 with 1 insts
    I: 40163a (flow 40163f)
      Successors: 40163f
  BB: 40183b in func 4014f0 with 1 insts
    I: 40183b (flow 401840)
      Successors: 401840
  BB: 401e3c in func 4014f0 with 40 insts
    I: 401e3c (imm 419bf8)
    I: 401e43
    I: 401e45 (imm 419be4)
    I: 401e4c
    I: 401e4e
    I: 401e50
    I: 401e56
    I: 401e59
    I: 401e5f
    I: 401e62
    I: 401e65
    I: 401e68
    I: 401e6c
    I: 401e6f
    I: 401e73
    I: 401e76
    I: 401e78
    I: 401e7b
    I: 401e7f
    I: 401e81
    I: 401e84
    I: 401e86
    I: 401e89
    I: 401e8c
    I: 401e8f
    I: 401e93
    I: 401e96
    I: 401e99
    I: 401e9c
    I: 401e9f
    I: 401ea2
    I: 401ea4
    I: 401ea7
    I: 401ea9
    I: 401eab
    I: 401eb0
    I: 401eb5
    I: 401eb8
    I: 401ebb
    I: 401ebe (flow 402440)
      Successors: 402440
  BB: 40163f in func 4014f0 with 3 insts
    I: 40163f
    I: 401642
    I: 401647 (flow 401a96)
      Successors: 40164d, 401a96
  BB: 401840 in func 4014f0 with 3 insts
    I: 401840
    I: 401843
    I: 401848 (flow 40201b)
      Successors: 40201b, 40184e
  BB: 402440 in func 4014f0 with 1 insts
    I: 402440 (flow 401545)
      Successors: 401545
  BB: 402445 in func 4014f0 with 2 insts
    I: 402445
    I: 40244f
      No successors
  BB: 40164d in func 4014f0 with 1 insts
    I: 40164d (flow 401652)
      Successors: 401652
  BB: 40184e in func 4014f0 with 1 insts
    I: 40184e (flow 401853)
      Successors: 401853
  BB: 401652 in func 4014f0 with 3 insts
    I: 401652
    I: 401655
    I: 40165a (flow 4022d4)
      Successors: 401660, 4022d4
  BB: 401853 in func 4014f0 with 3 insts
    I: 401853
    I: 401856
    I: 40185b (flow 401b06)
      Successors: 401861, 401b06
  BB: 40225e in func 4014f0 with 7 insts
    I: 40225e
    I: 402261
    I: 402266
    I: 40226b
    I: 40226e
    I: 402271
    I: 402274 (flow 402440)
      Successors: 402440
  BB: 401660 in func 4014f0 with 1 insts
    I: 401660 (flow 401665)
      Successors: 401665
  BB: 401861 in func 4014f0 with 1 insts
    I: 401861 (flow 401866)
      Successors: 401866
  BB: 401665 in func 4014f0 with 3 insts
    I: 401665
    I: 401668
    I: 40166d (flow 401b12)
      Successors: 401b12, 401673
  BB: 401866 in func 4014f0 with 3 insts
    I: 401866
    I: 401869
    I: 40186e (flow 40217e)
      Successors: 401874, 40217e
  BB: 401673 in func 4014f0 with 1 insts
    I: 401673 (flow 401678)
      Successors: 401678
  BB: 401874 in func 4014f0 with 1 insts
    I: 401874 (flow 401879)
      Successors: 401879
  BB: 401678 in func 4014f0 with 3 insts
    I: 401678
    I: 40167b
    I: 401680 (flow 401f72)
      Successors: 401f72, 401686
  BB: 402279 in func 4014f0 with 19 insts
    I: 402279
    I: 40227d
    I: 402280 (disp 4198c0)
    I: 402287
    I: 40228b
    I: 40228e (imm 406030)
    I: 402298
    I: 40229f
    I: 4022a2
    I: 4022a6
    I: 4022a9
    I: 4022ac
    I: 4022b2
    I: 4022b4
    I: 4022ba
    I: 4022be
    I: 4022c1 (disp 4198c0)
    I: 4022c8
    I: 4022cf (flow 402440)
      Successors: 402440
  BB: 401879 in func 4014f0 with 3 insts
    I: 401879
    I: 40187c
    I: 401881 (flow 401b30)
      Successors: 401b30, 401887
  BB: 401686 in func 4014f0 with 1 insts
    I: 401686 (flow 40168b)
      Successors: 40168b
  BB: 401887 in func 4014f0 with 1 insts
    I: 401887 (flow 40188c)
      Successors: 40188c
  BB: 40168b in func 4014f0 with 3 insts
    I: 40168b
    I: 40168e
    I: 401693 (flow 4018ca)
      Successors: 401699, 4018ca
  BB: 40188c in func 4014f0 with 3 insts
    I: 40188c
    I: 40188f
    I: 401894 (flow 4019c5)
      Successors: 40189a, 4019c5
  BB: 401a96 in func 4014f0 with 31 insts
    I: 401a96
    I: 401a9a
    I: 401a9c
    I: 401aa2
    I: 401aa5
    I: 401aab
    I: 401aaf
    I: 401ab1 (imm 419bf8)
    I: 401ab8
    I: 401aba (imm 419be4)
    I: 401ac1
    I: 401ac3
    I: 401ac5
    I: 401acb
    I: 401ace
    I: 401ad4
    I: 401ad7
    I: 401ada
    I: 401add
    I: 401ae0
    I: 401ae3
    I: 401ae6
    I: 401ae8
    I: 401aea
    I: 401aec
    I: 401aee
    I: 401af3
    I: 401af8
    I: 401afb
    I: 401afe
    I: 401b01 (flow 402440)
      Successors: 402440
  BB: 401699 in func 4014f0 with 1 insts
    I: 401699 (flow 40169e)
      Successors: 40169e
  BB: 40189a in func 4014f0 with 1 insts
    I: 40189a (flow 40189f)
      Successors: 40189f
  BB: 401c9c in func 4014f0 with 7 insts
    I: 401c9c
    I: 401c9f
    I: 401ca4
    I: 401ca9
    I: 401cac
    I: 401caf
    I: 401cb2 (flow 402440)
      Successors: 402440
  BB: 40169e in func 4014f0 with 3 insts
    I: 40169e
    I: 4016a1
    I: 4016a6 (flow 401d0a)
      Successors: 401d0a, 4016ac
  BB: 40189f in func 4014f0 with 1 insts
    I: 40189f (flow 402440)
      Successors: 402440
  BB: 4018a4 in func 4014f0 with 12 insts
    I: 4018a4
    I: 4018a7
    I: 4018aa
    I: 4018ac
    I: 4018ae
    I: 4018b0
    I: 4018b2
    I: 4018b7
    I: 4018bc
    I: 4018bf
    I: 4018c2
    I: 4018c5 (flow 402440)
      Successors: 402440
  BB: 4016ac in func 4014f0 with 1 insts
    I: 4016ac (flow 4016b1)
      Successors: 4016b1
  BB: 4016b1 in func 4014f0 with 3 insts
    I: 4016b1
    I: 4016b4
    I: 4016b9 (flow 4020f7)
      Successors: 4020f7, 4016bf
  BB: 401cb7 in func 4014f0 with 11 insts
    I: 401cb7
    I: 401cbb
    I: 401cbe (disp 4198c0)
    I: 401cc5
    I: 401cc9
    I: 401ccb
    I: 401ccf
    I: 401cd1
    I: 401cd5
    I: 401cd7
    I: 401cde (flow 402440)
      Successors: 402440
  BB: 4016bf in func 4014f0 with 1 insts
    I: 4016bf (flow 4016c4)
      Successors: 4016c4
  BB: 401ec3 in func 4014f0 with 17 insts
    I: 401ec3
    I: 401ec7
    I: 401eca (disp 419a50)
    I: 401ed5
    I: 401ed9
    I: 401edf (imm 419bf8)
    I: 401ee6
    I: 401ee8 (imm 419be4)
    I: 401eef
    I: 401ef1
    I: 401ef3
    I: 401ef9
    I: 401efc
    I: 401f02
    I: 401f05
    I: 401f08
    I: 401f0b
      Successors: 401f0f
  BB: 4016c4 in func 4014f0 with 3 insts
    I: 4016c4
    I: 4016c7
    I: 4016cc (flow 401bac)
      Successors: 4016d2, 401bac
  BB: 4018ca in func 4014f0 with 72 insts
    I: 4018ca
    I: 4018cd
    I: 4018d0
    I: 4018d3
    I: 4018d7
    I: 4018da
    I: 4018dd
    I: 4018e1
    I: 4018e4
    I: 4018e7
    I: 4018eb
    I: 4018ee
    I: 4018f2
    I: 4018f5
    I: 4018f9
    I: 4018fc
    I: 401900
    I: 401903
    I: 401907
    I: 40190a
    I: 40190e
    I: 401911
    I: 401915
    I: 401918
    I: 40191c
    I: 40191f
    I: 401923
    I: 401926
    I: 40192a
    I: 40192d
    I: 401931
    I: 401934
    I: 401938
    I: 40193a
    I: 40193c
    I: 40193e
    I: 401940
    I: 401943
    I: 401945
    I: 401949
    I: 40194b
    I: 40194d
    I: 40194f
    I: 401952
    I: 401954
    I: 401958
    I: 40195a
    I: 40195e
    I: 401964 (imm 419bf8)
    I: 40196b
    I: 40196d (imm 419be4)
    I: 401974
    I: 401976
    I: 401978
    I: 40197e
    I: 401981
    I: 401987
    I: 40198a
    I: 40198d
    I: 401990
    I: 401993
    I: 401996
    I: 401999
    I: 40199b
    I: 40199d
    I: 40199f
    I: 4019a1
    I: 4019a6
    I: 4019ab
    I: 4019ae
    I: 4019b1
    I: 4019b4 (flow 402440)
      Successors: 402440
  BB: 4020d0 in func 4014f0 with 7 insts
    I: 4020d0
    I: 4020d3
    I: 4020d8
    I: 4020dd
    I: 4020e0
    I: 4020e3
    I: 4020e6 (flow 402440)
      Successors: 402440
  BB: 4016d2 in func 4014f0 with 1 insts
    I: 4016d2 (flow 4016d7)
      Successors: 4016d7
  BB: 4022d4 in func 4014f0 with 2 insts
    I: 4022d4
    I: 4022db (flow 402440)
      Successors: 402440
  BB: 4016d7 in func 4014f0 with 3 insts
    I: 4016d7
    I: 4016da
    I: 4016df (flow 4018a4)
      Successors: 4018a4, 4016e5
  BB: 4022e0 in func 4014f0 with 9 insts
    I: 4022e0
    I: 4022e4
    I: 4022e6
    I: 4022ec
    I: 4022ef
    I: 4022f5
    I: 4022f9
    I: 4022fb
    I: 402302 (flow 402440)
      Successors: 402440
  BB: 401ce3 in func 4014f0 with 9 insts
    I: 401ce3
    I: 401ce7
    I: 401ce9
    I: 401cef
    I: 401cf2
    I: 401cf8
    I: 401cfc
    I: 401cfe
    I: 401d05 (flow 402440)
      Successors: 402440
  BB: 4016e5 in func 4014f0 with 1 insts
    I: 4016e5 (flow 4016ea)
      Successors: 4016ea
  BB: 4016ea in func 4014f0 with 3 insts
    I: 4016ea
    I: 4016ed
    I: 4016f2 (flow 4019b9)
      Successors: 4016f8, 4019b9
  BB: 4020eb in func 4014f0 with 2 insts
    I: 4020eb
    I: 4020f2 (flow 402440)
      Successors: 402440
  BB: 4014f0 in func 4014f0 with 24 insts
    I: 4014f0
    I: 4014f1
    I: 4014f4
    I: 4014f8
    I: 4014fb
    I: 4014fe (imm 419bf8)
    I: 401505
    I: 401507 (imm 419be4)
    I: 40150e
    I: 401510
    I: 401512
    I: 401518
    I: 40151b
    I: 401521
    I: 401524
    I: 401527
    I: 40152a
    I: 40152d
    I: 401530
    I: 401533
    I: 401536
    I: 401539
    I: 40153b
    I: 40153e
      Successors: 401545
  BB: 4020f7 in func 4014f0 with 40 insts
    I: 4020f7 (imm 419bf8)
    I: 4020fe
    I: 402100 (imm 419be4)
    I: 402107
    I: 402109
    I: 40210b
    I: 402111
    I: 402114
    I: 40211a
    I: 40211d
    I: 402120
    I: 402123
    I: 402127
    I: 40212a
    I: 40212e
    I: 402131
    I: 402133
    I: 402136
    I: 40213a
    I: 40213c
    I: 40213f
    I: 402141
    I: 402144
    I: 402147
    I: 40214a
    I: 40214e
    I: 402151
    I: 402154
    I: 402157
    I: 40215a
    I: 40215d
    I: 40215f
    I: 402162
    I: 402164
    I: 402166
    I: 40216b
    I: 402170
    I: 402173
    I: 402176
    I: 402179 (flow 402440)
      Successors: 402440
  BB: 4016f8 in func 4014f0 with 1 insts
    I: 4016f8 (flow 4016fd)
      Successors: 4016fd
  BB: 4016fd in func 4014f0 with 3 insts
    I: 4016fd
    I: 401700
    I: 401705 (flow 4019e7)
      Successors: 40170b, 4019e7
  BB: 401b06 in func 4014f0 with 2 insts
    I: 401b06
    I: 401b0d (flow 402440)
      Successors: 402440
  BB: 402307 in func 4014f0 with 2 insts
    I: 402307
    I: 40230e (flow 402440)
      Successors: 402440
  BB: 401d0a in func 4014f0 with 40 insts
    I: 401d0a (imm 419bf8)
    I: 401d11
    I: 401d13 (imm 419be4)
    I: 401d1a
    I: 401d1c
    I: 401d1e
    I: 401d24
    I: 401d27
    I: 401d2d
    I: 401d30
    I: 401d33
    I: 401d36
    I: 401d3a
    I: 401d3d
    I: 401d41
    I: 401d44
    I: 401d46
    I: 401d49
    I: 401d4d
    I: 401d4f
    I: 401d52
    I: 401d54
    I: 401d57
    I: 401d5a
    I: 401d5d
    I: 401d61
    I: 401d64
    I: 401d67
    I: 401d6a
    I: 401d6d
    I: 401d70
    I: 401d72
    I: 401d75
    I: 401d77
    I: 401d79
    I: 401d7e
    I: 401d83
    I: 401d86
    I: 401d89
    I: 401d8c (flow 402440)
      Successors: 402440
  BB: 40170b in func 4014f0 with 1 insts
    I: 40170b (flow 401710)
      Successors: 401710
  BB: 401f0f in func 4014f0 with 28 insts
    Referenced by data
    I: 401f0f
    I: 401f12
    I: 401f16
    I: 401f19
    I: 401f1b
    I: 401f1e
    I: 401f22
    I: 401f24
    I: 401f27
    I: 401f29
    I: 401f2c
    I: 401f2f
    I: 401f32
    I: 401f36
    I: 401f39
    I: 401f3c
    I: 401f3f
    I: 401f42
    I: 401f45
    I: 401f47
    I: 401f4a
    I: 401f4c
    I: 401f4e
    I: 401f53
    I: 401f58
    I: 401f5b
    I: 401f5e
    I: 401f61 (flow 402440)
      Successors: 402440
  BB: 401710 in func 4014f0 with 3 insts
    I: 401710
    I: 401713
    I: 401718 (flow 4023ed)
      Successors: 4023ed, 40171e
  BB: 401b12 in func 4014f0 with 5 insts
    I: 401b12
    I: 401b16
    I: 401b19 (disp 4198c0)
    I: 401b24
    I: 401b2b (flow 402440)
      Successors: 402440
  BB: 402313 in func 4014f0 with 32 insts
    I: 402313
    I: 402317
    I: 40231b
    I: 40231e
    I: 402322
    I: 402325
    I: 402328
    I: 40232c
    I: 40232f
    I: 402332
    I: 402336
    I: 402339
    I: 40233c
    I: 402340
    I: 402343
    I: 402346
    I: 40234a
    I: 40234d
    I: 402350
    I: 402353
    I: 402355
    I: 40235b
    I: 40235e
    I: 402364
    I: 402366
    I: 402368
    I: 40236e
    I: 402371
    I: 402377
    I: 402379
    I: 40237f
    I: 402386 (flow 402440)
      Successors: 402440
  BB: 40171e in func 4014f0 with 1 insts
    I: 40171e (flow 401723)
      Successors: 401723
  BB: 401723 in func 4014f0 with 3 insts
    I: 401723
    I: 401726
    I: 40172b (flow 401e01)
      Successors: 401731, 401e01
  BB: 401b30 in func 4014f0 with 8 insts
    I: 401b30
    I: 401b34
    I: 401b3a
    I: 401b3e
    I: 401b44
    I: 401b48
    I: 401b4e
    I: 401b55 (flow 402440)
      Successors: 402440
  BB: 401731 in func 4014f0 with 1 insts
    I: 401731 (flow 401736)
      Successors: 401736
  BB: 401736 in func 4014f0 with 3 insts
    I: 401736
    I: 401739
    I: 40173e (flow 401b7c)
      Successors: 401b7c, 401744
  BB: 401744 in func 4014f0 with 1 insts
    I: 401744 (flow 401749)
      Successors: 401749
  BB: 401545 in func 4014f0 with 4 insts
    I: 401545
    I: 401548
    I: 40154b
    I: 401550 (flow 402313)
      Successors: 402313, 401556
  BB: 401749 in func 4014f0 with 3 insts
    I: 401749
    I: 40174c
    I: 401751 (flow 4023b2)
      Successors: 4023b2, 401757
  BB: 401556 in func 4014f0 with 1 insts
    I: 401556 (flow 40155b)
      Successors: 40155b
  BB: 401757 in func 4014f0 with 1 insts
    I: 401757 (flow 40175c)
      Successors: 40175c
  BB: 401b5a in func 4014f0 with 8 insts
    I: 401b5a
    I: 401b5e
    I: 401b60
    I: 401b65
    I: 401b6a (mem 4198b0)
    I: 401b71
    I: 401b74
    I: 401b77 (flow 402440)
      Successors: 402440
  BB: 40155b in func 4014f0 with 3 insts
    I: 40155b
    I: 40155e
    I: 401563 (flow 401ec3)
      Successors: 401569, 401ec3
  BB: 40175c in func 4014f0 with 3 insts
    I: 40175c
    I: 40175f
    I: 401764 (flow 40238b)
      Successors: 40176a, 40238b
  BB: 401f66 in func 4014f0 with 2 insts
    I: 401f66
    I: 401f6d (flow 402440)
      Successors: 402440
  BB: 401569 in func 4014f0 with 1 insts
    I: 401569 (flow 40156e)
      Successors: 40156e
  BB: 40176a in func 4014f0 with 1 insts
    I: 40176a (flow 40176f)
      Successors: 40176f
  BB: 40156e in func 4014f0 with 3 insts
    I: 40156e
    I: 401571
    I: 401576 (flow 4022e0)
      Successors: 4022e0, 40157c
  BB: 40176f in func 4014f0 with 3 insts
    I: 40176f
    I: 401772
    I: 401777 (flow 401d91)
      Successors: 401d91, 40177d
  BB: 401f72 in func 4014f0 with 8 insts
    I: 401f72
    I: 401f76
    I: 401f78
    I: 401f7d
    I: 401f82 (mem 4198b0)
    I: 401f89
    I: 401f8c
    I: 401f8f (flow 402440)
      Successors: 402440
  BB: 40157c in func 4014f0 with 1 insts
    I: 40157c (flow 401581)
      Successors: 401581
  BB: 40177d in func 4014f0 with 1 insts
    I: 40177d (flow 401782)
      Successors: 401782
  BB: 401b7c in func 4014f0 with 8 insts
    I: 401b7c
    I: 401b80
    I: 401b83
    I: 401b88
    I: 401b8d (disp 419a50)
    I: 401b95
    I: 401b98
    I: 401b9b (flow 402440)
      Successors: 402440
  BB: 40217e in func 4014f0 with 61 insts
    I: 40217e
    I: 402182
    I: 402185 (disp 4198c0)
    I: 40218c
    I: 402190
    I: 402193 (disp 4198c0)
    I: 40219a
    I: 40219e
    I: 4021a1 (imm 406030)
    I: 4021ab
    I: 4021b2
    I: 4021b5
    I: 4021b9
    I: 4021bc
    I: 4021bf
    I: 4021c5
    I: 4021c7
    I: 4021cd
    I: 4021cf
    I: 4021d2
    I: 4021d4
    I: 4021d7 (imm 419bf8)
    I: 4021de
    I: 4021e0 (imm 419be4)
    I: 4021e7
    I: 4021e9
    I: 4021eb
    I: 4021f1
    I: 4021f4
    I: 4021fa
    I: 4021fd
    I: 402200
    I: 402203
    I: 402207
    I: 40220a
    I: 40220e
    I: 402211
    I: 402213
    I: 402216
    I: 40221a
    I: 40221c
    I: 40221f
    I: 402221
    I: 402224
    I: 402227
    I: 40222a
    I: 40222e
    I: 402231
    I: 402234
    I: 402237
    I: 40223a
    I: 40223d
    I: 40223f
    I: 402242
    I: 402244
    I: 402246
    I: 40224b
    I: 402250
    I: 402253
    I: 402256
    I: 402259 (flow 402440)
      Successors: 402440
  BB: 401581 in func 4014f0 with 3 insts
    I: 401581
    I: 401584
    I: 401589 (flow 401e0d)
      Successors: 401e0d, 40158f
  BB: 401782 in func 4014f0 with 3 insts
    I: 401782
    I: 401785
    I: 40178a (flow 402415)
      Successors: 401790, 402415
  BB: 40238b in func 4014f0 with 9 insts
    I: 40238b
    I: 40238f
    I: 402391
    I: 402397
    I: 40239a
    I: 4023a0
    I: 4023a4
    I: 4023a6
    I: 4023ad (flow 402440)
      Successors: 402440
  BB: 40158f in func 4014f0 with 1 insts
    I: 40158f (flow 401594)
      Successors: 401594
  BB: 401790 in func 4014f0 with 1 insts
    I: 401790 (flow 401795)
      Successors: 401795
  BB: 401d91 in func 4014f0 with 35 insts
    I: 401d91
    I: 401d95
    I: 401d97
    I: 401d99
    I: 401d9b
    I: 401d9d
    I: 401da0
    I: 401da2
    I: 401da4
    I: 401da6
    I: 401daa
    I: 401dac (imm 419bf8)
    I: 401db3
    I: 401db5 (imm 419be4)
    I: 401dbc
    I: 401dbe
    I: 401dc0
    I: 401dc6
    I: 401dc9
    I: 401dcf
    I: 401dd2
    I: 401dd5
    I: 401dd8
    I: 401ddb
    I: 401dde
    I: 401de1
    I: 401de3
    I: 401de5
    I: 401de7
    I: 401de9
    I: 401dee
    I: 401df3
    I: 401df6
    I: 401df9
    I: 401dfc (flow 402440)
      Successors: 402440
  BB: 401594 in func 4014f0 with 3 insts
    I: 401594
    I: 401597
    I: 40159c (flow 401e3c)
      Successors: 4015a2, 401e3c
  BB: 401795 in func 4014f0 with 3 insts
    I: 401795
    I: 401798
    I: 40179d (flow 401a17)
      Successors: 4017a3, 401a17
  BB: 401f94 in func 4014f0 with 40 insts
    I: 401f94 (imm 419bf8)
    I: 401f9b
    I: 401f9d (imm 419be4)
    I: 401fa4
    I: 401fa6
    I: 401fa8
    I: 401fae
    I: 401fb1
    I: 401fb7
    I: 401fba
    I: 401fbd
    I: 401fc0
    I: 401fc4
    I: 401fc7
    I: 401fcb
    I: 401fce
    I: 401fd0
    I: 401fd3
    I: 401fd7
    I: 401fd9
    I: 401fdc
    I: 401fde
    I: 401fe1
    I: 401fe4
    I: 401fe7
    I: 401feb
    I: 401fee
    I: 401ff1
    I: 401ff4
    I: 401ff7
    I: 401ffa
    I: 401ffc
    I: 401fff
    I: 402001
    I: 402003
    I: 402008
    I: 40200d
    I: 402010
    I: 402013
    I: 402016 (flow 402440)
      Successors: 402440
  BB: 401ba0 in func 4014f0 with 2 insts
    I: 401ba0
    I: 401ba7 (flow 402440)
      Successors: 402440
  BB: 4015a2 in func 4014f0 with 1 insts
    I: 4015a2 (flow 4015a7)
      Successors: 4015a7
  BB: 4017a3 in func 4014f0 with 1 insts
    I: 4017a3 (flow 4017a8)
      Successors: 4017a8
  BB: 4015a7 in func 4014f0 with 3 insts
    I: 4015a7
    I: 4015aa
    I: 4015af (flow 4020eb)
      Successors: 4020eb, 4015b5
  BB: 4017a8 in func 4014f0 with 3 insts
    I: 4017a8
    I: 4017ab
    I: 4017b0 (flow 401b5a)
      Successors: 401b5a, 4017b6
  BB: 401bac in func 4014f0 with 24 insts
    I: 401bac (imm 419bf8)
    I: 401bb3
    I: 401bb5 (imm 419be4)
    I: 401bbc
    I: 401bbe
    I: 401bc0
    I: 401bc6
    I: 401bc9
    I: 401bcf
    I: 401bd2
    I: 401bd5
    I: 401bd8
    I: 401bdb
    I: 401bde
    I: 401be1
    I: 401be3
    I: 401be5
    I: 401be7
    I: 401be9
    I: 401bee
    I: 401bf3
    I: 401bf6
    I: 401bf9
    I: 401bfc (flow 402440)
      Successors: 402440
  BB: 4023b2 in func 4014f0 with 4 insts
    I: 4023b2
    I: 4023b6
    I: 4023ba
    I: 4023c1 (flow 402440)
      Successors: 402440
  BB: 4015b5 in func 4014f0 with 1 insts
    I: 4015b5 (flow 4015ba)
      Successors: 4015ba
  BB: 4017b6 in func 4014f0 with 1 insts
    I: 4017b6 (flow 4017bb)
      Successors: 4017bb
  BB: 4019b9 in func 4014f0 with 2 insts
    I: 4019b9
    I: 4019c0 (flow 402440)
      Successors: 402440
  BB: 4015ba in func 4014f0 with 3 insts
    I: 4015ba
    I: 4015bd
    I: 4015c2 (flow 402279)
      Successors: 4015c8, 402279
  BB: 4017bb in func 4014f0 with 3 insts
    I: 4017bb
    I: 4017be
    I: 4017c3 (flow 402429)
      Successors: 4017c9, 402429
  BB: 4019c5 in func 4014f0 with 8 insts
    I: 4019c5
    I: 4019c9
    I: 4019cb
    I: 4019d0
    I: 4019d5 (mem 4198b0)
    I: 4019dc
    I: 4019df
    I: 4019e2 (flow 402440)
      Successors: 402440
  BB: 4023c6 in func 4014f0 with 9 insts
    I: 4023c6
    I: 4023ca
    I: 4023cc
    I: 4023d2
    I: 4023d5
    I: 4023db
    I: 4023df
    I: 4023e1
    I: 4023e8 (flow 402440)
      Successors: 402440
  BB: 4015c8 in func 4014f0 with 1 insts
    I: 4015c8 (flow 4015cd)
      Successors: 4015cd
  BB: 4017c9 in func 4014f0 with 1 insts
    I: 4017c9 (flow 4017ce)
      Successors: 4017ce
  BB: 4015cd in func 4014f0 with 3 insts
    I: 4015cd
    I: 4015d0
    I: 4015d5 (flow 401c01)
      Successors: 401c01, 4015db
  BB: 4017ce in func 4014f0 with 3 insts
    I: 4017ce
    I: 4017d1
    I: 4017d6 (flow 401ce3)
      Successors: 401ce3, 4017dc
  BB: 4015db in func 4014f0 with 1 insts
    I: 4015db (flow 4015e0)
      Successors: 4015e0
  BB: 4017dc in func 4014f0 with 1 insts
    I: 4017dc (flow 4017e1)
      Successors: 4017e1
  BB: 4015e0 in func 4014f0 with 3 insts
    I: 4015e0
    I: 4015e3
    I: 4015e8 (flow 401c9c)
      Successors: 401c9c, 4015ee
  BB: 4017e1 in func 4014f0 with 3 insts
    I: 4017e1
    I: 4017e4
    I: 4017e9 (flow 401f94)
      Successors: 401f94, 4017ef
  BB: 4019e7 in func 4014f0 with 8 insts
    I: 4019e7
    I: 4019eb
    I: 4019ee (disp 4198c0)
    I: 4019f9
    I: 4019fd
    I: 401a00 (disp 419a50)
    I: 401a0b
    I: 401a12 (flow 402440)
      Successors: 402440
  BB: 4023ed in func 4014f0 with 7 insts
    I: 4023ed
    I: 4023f1
    I: 4023f4 (disp 419a50)
    I: 4023ff
    I: 402403
    I: 402409
    I: 402410 (flow 402440)
      Successors: 402440
  BB: 4015ee in func 4014f0 with 1 insts
    I: 4015ee (flow 4015f3)
      Successors: 4015f3
  BB: 4017ef in func 4014f0 with 1 insts
    I: 4017ef (flow 4017f4)
      Successors: 4017f4
  BB: 4015f3 in func 4014f0 with 3 insts
    I: 4015f3
    I: 4015f6
    I: 4015fb (flow 402307)
      Successors: 401601, 402307
  BB: 4017f4 in func 4014f0 with 3 insts
    I: 4017f4
    I: 4017f7
    I: 4017fc (flow 4020d0)
      Successors: 4020d0, 401802
Recovering 402450
  Analysing subroutine sub_402450 at 402450
  Subroutine sub_402450 at 402450 has 127 blocks
  BB: 402601 in func 402450 with 3 insts
    I: 402601
    I: 402604
    I: 402609 (flow 402be9)
      Successors: 402be9, 40260f
  BB: 40260f in func 402450 with 1 insts
    I: 40260f (flow 402614)
      Successors: 402614
  BB: 402614 in func 402450 with 3 insts
    I: 402614
    I: 402617
    I: 40261c (flow 402884)
      Successors: 402622, 402884
  BB: 402a16 in func 402450 with 7 insts
    I: 402a16
    I: 402a1a
    I: 402a1f
    I: 402a24 (disp 419a50)
    I: 402a2c
    I: 402a2f
    I: 402a32 (flow 403081)
      Successors: 403081
  BB: 40301f in func 402450 with 2 insts
    I: 40301f
    I: 403026 (flow 403081)
      Successors: 403081
  BB: 402622 in func 402450 with 1 insts
    I: 402622 (flow 402627)
      Successors: 402627
  BB: 402627 in func 402450 with 3 insts
    I: 402627
    I: 40262a
    I: 40262f (flow 402dc5)
      Successors: 402dc5, 402635
  BB: 40302b in func 402450 with 19 insts
    I: 40302b
    I: 40302f (disp 4198c0)
    I: 403036
    I: 40303a (imm 40fc70)
    I: 403044
    I: 40304b
    I: 40304e
    I: 403052
    I: 403055
    I: 403057
    I: 403059
    I: 40305b
    I: 40305d
    I: 40305f
    I: 403061
    I: 403063
    I: 403067 (disp 4198c0)
    I: 40306e
    I: 403075 (flow 403081)
      Successors: 403081
  BB: 402635 in func 402450 with 1 insts
    I: 402635 (flow 40263a)
      Successors: 40263a
  BB: 402a37 in func 402450 with 2 insts
    I: 402a37
    I: 402a3e (flow 403081)
      Successors: 403081
  BB: 40263a in func 402450 with 3 insts
    I: 40263a
    I: 40263d
    I: 402642 (flow 402ff3)
      Successors: 402648, 402ff3
  BB: 402a43 in func 402450 with 8 insts
    I: 402a43
    I: 402a46
    I: 402a4a
    I: 402a4f
    I: 402a54 (disp 4198c0)
    I: 402a5b
    I: 402a5e
    I: 402a61 (flow 403081)
      Successors: 403081
  BB: 402648 in func 402450 with 1 insts
    I: 402648 (flow 40264d)
      Successors: 40264d
  BB: 40264d in func 402450 with 3 insts
    I: 40264d
    I: 402650
    I: 402655 (flow 402947)
      Successors: 40265b, 402947
  BB: 402450 in func 402450 with 16 insts
    I: 402450
    I: 402451
    I: 402454
    I: 402457
    I: 40245a
    I: 40245d
    I: 40245f
    I: 402462
    I: 402464
    I: 402467
    I: 40246a
    I: 40246c
    I: 40246f
    I: 402471
    I: 402474
    I: 40247b
      Successors: 402482
  BB: 40265b in func 402450 with 1 insts
    I: 40265b (flow 402660)
      Successors: 402660
  BB: 402660 in func 402450 with 3 insts
    I: 402660
    I: 402663
    I: 402668 (flow 402a66)
      Successors: 402a66, 40266e
  BB: 402a66 in func 402450 with 40 insts
    I: 402a66 (imm 419bfc)
    I: 402a6d
    I: 402a6f (imm 419be8)
    I: 402a76
    I: 402a78
    I: 402a7a
    I: 402a7d
    I: 402a7f
    I: 402a81
    I: 402a84
    I: 402a87
    I: 402a8a
    I: 402a8e
    I: 402a91
    I: 402a95
    I: 402a98
    I: 402a9a
    I: 402a9d
    I: 402aa1
    I: 402aa3
    I: 402aa6
    I: 402aa8
    I: 402aab
    I: 402aae
    I: 402ab1
    I: 402ab5
    I: 402ab8
    I: 402abb
    I: 402abe
    I: 402ac1
    I: 402ac4
    I: 402ac6
    I: 402ac9
    I: 402acb
    I: 402acd
    I: 402ad2
    I: 402ad7
    I: 402ada
    I: 402add
    I: 402ae0 (flow 403081)
      Successors: 403081
  BB: 40266e in func 402450 with 1 insts
    I: 40266e (flow 402673)
      Successors: 402673
  BB: 402673 in func 402450 with 3 insts
    I: 402673
    I: 402676
    I: 40267b (flow 402d12)
      Successors: 402681, 402d12
  BB: 402c74 in func 402450 with 7 insts
    I: 402c74
    I: 402c77
    I: 402c7c
    I: 402c81
    I: 402c84
    I: 402c87
    I: 402c8a (flow 403081)
      Successors: 403081
  BB: 40307a in func 402450 with 1 insts
    I: 40307a
      Successors: 403081
  BB: 402681 in func 402450 with 1 insts
    I: 402681 (flow 402686)
      Successors: 402686
  BB: 402482 in func 402450 with 4 insts
    I: 402482
    I: 402485
    I: 402488
    I: 40248d (flow 402b73)
      Successors: 402b73, 402493
  BB: 403081 in func 402450 with 1 insts
    I: 403081 (flow 402482)
      Successors: 402482
  BB: 402884 in func 402450 with 42 insts
    I: 402884
    I: 402888 (disp 4198c0)
    I: 402893 (imm 419bfc)
    I: 40289a
    I: 40289c (imm 419be8)
    I: 4028a3
    I: 4028a5
    I: 4028a7
    I: 4028ad
    I: 4028b0
    I: 4028b6
    I: 4028b9
    I: 4028bc
    I: 4028bf
    I: 4028c3
    I: 4028c6
    I: 4028ca
    I: 4028cd
    I: 4028cf
    I: 4028d2
    I: 4028d6
    I: 4028d8
    I: 4028db
    I: 4028dd
    I: 4028e0
    I: 4028e3
    I: 4028e6
    I: 4028ea
    I: 4028ed
    I: 4028f0
    I: 4028f3
    I: 4028f6
    I: 4028f9
    I: 4028fb
    I: 4028fe
    I: 402900
    I: 402902
    I: 402907
    I: 40290c
    I: 40290f
    I: 402912
    I: 402915 (flow 403081)
      Successors: 403081
  BB: 402686 in func 402450 with 3 insts
    I: 402686
    I: 402689
    I: 40268e (flow 4029fb)
      Successors: 4029fb, 402694
  BB: 402e87 in func 402450 with 2 insts
    I: 402e87
    I: 402e8e (flow 403081)
      Successors: 403081
  BB: 403086 in func 402450 with 1 insts
    I: 403086
      No successors
  BB: 402c8f in func 402450 with 4 insts
    I: 402c8f
    I: 402c93 (disp 4198c0)
    I: 402c9a
    I: 402c9b
      No successors
  BB: 402493 in func 402450 with 1 insts
    I: 402493 (flow 402498)
      Successors: 402498
  BB: 402694 in func 402450 with 1 insts
    I: 402694 (flow 402699)
      Successors: 402699
  BB: 402e93 in func 402450 with 40 insts
    I: 402e93 (imm 419bfc)
    I: 402e9a
    I: 402e9c (imm 419be8)
    I: 402ea3
    I: 402ea5
    I: 402ea7
    I: 402ead
    I: 402eb0
    I: 402eb6
    I: 402eb9
    I: 402ebc
    I: 402ebf
    I: 402ec3
    I: 402ec6
    I: 402eca
    I: 402ecd
    I: 402ecf
    I: 402ed2
    I: 402ed6
    I: 402ed8
    I: 402edb
    I: 402edd
    I: 402ee0
    I: 402ee3
    I: 402ee6
    I: 402eea
    I: 402eed
    I: 402ef0
    I: 402ef3
    I: 402ef6
    I: 402ef9
    I: 402efb
    I: 402efe
    I: 402f00
    I: 402f02
    I: 402f07
    I: 402f0c
    I: 402f0f
    I: 402f12
    I: 402f15 (flow 403081)
      Successors: 403081
  BB: 402498 in func 402450 with 3 insts
    I: 402498
    I: 40249b
    I: 4024a0 (flow 402c74)
      Successors: 402c74, 4024a6
  BB: 402699 in func 402450 with 3 insts
    I: 402699
    I: 40269c
    I: 4026a1 (flow 402a37)
      Successors: 402a37, 4026a7
  BB: 402c9c in func 402450 with 5 insts
    I: 402c9c
    I: 402ca0 (disp 419a50)
    I: 402cab
    I: 402cb2
    I: 402cb9 (flow 403081)
      Successors: 403081
  BB: 4024a6 in func 402450 with 1 insts
    I: 4024a6 (flow 4024ab)
      Successors: 4024ab
  BB: 4026a7 in func 402450 with 1 insts
    I: 4026a7 (flow 4026ac)
      Successors: 4026ac
  BB: 4024ab in func 402450 with 3 insts
    I: 4024ab
    I: 4024ae
    I: 4024b3 (flow 402fad)
      Successors: 4024b9, 402fad
  BB: 4026ac in func 402450 with 3 insts
    I: 4026ac
    I: 4026af
    I: 4026b4 (flow 40307a)
      Successors: 4026ba, 40307a
  BB: 4024b9 in func 402450 with 1 insts
    I: 4024b9 (flow 4024be)
      Successors: 4024be
  BB: 4026ba in func 402450 with 1 insts
    I: 4026ba (flow 4026bf)
      Successors: 4026bf
  BB: 4024be in func 402450 with 3 insts
    I: 4024be
    I: 4024c1
    I: 4024c6 (flow 402b52)
      Successors: 402b52, 4024cc
  BB: 4026bf in func 402450 with 3 insts
    I: 4026bf
    I: 4026c2
    I: 4026c7 (flow 402fff)
      Successors: 4026cd, 402fff
  BB: 402cbe in func 402450 with 7 insts
    I: 402cbe
    I: 402cc1
    I: 402cc6
    I: 402ccb (mem 4198b0)
    I: 402cd2
    I: 402cd5
    I: 402cd8 (flow 403081)
      Successors: 403081
  BB: 4024cc in func 402450 with 1 insts
    I: 4024cc (flow 4024d1)
      Successors: 4024d1
  BB: 4026cd in func 402450 with 1 insts
    I: 4026cd (flow 4026d2)
      Successors: 4026d2
  BB: 4024d1 in func 402450 with 3 insts
    I: 4024d1
    I: 4024d4
    I: 4024d9 (flow 402cdd)
      Successors: 402cdd, 4024df
  BB: 4026d2 in func 402450 with 3 insts
    I: 4026d2
    I: 4026d5
    I: 4026da (flow 402f1a)
      Successors: 4026e0, 402f1a
  BB: 402cdd in func 402450 with 11 insts
    I: 402cdd
    I: 402ce1 (imm 40fc70)
    I: 402ceb
    I: 402cf2
    I: 402cf5
    I: 402cf9
    I: 402cfe
    I: 402d03
    I: 402d07
    I: 402d0a
    I: 402d0d (flow 403081)
      Successors: 403081
  BB: 4024df in func 402450 with 1 insts
    I: 4024df (flow 4024e4)
      Successors: 4024e4
  BB: 4026e0 in func 402450 with 1 insts
    I: 4026e0 (flow 4026e5)
      Successors: 4026e5
  BB: 4024e4 in func 402450 with 3 insts
    I: 4024e4
    I: 4024e7
    I: 4024ec (flow 4027b4)
      Successors: 4024f2, 4027b4
  BB: 4026e5 in func 402450 with 3 insts
    I: 4026e5
    I: 4026e8
    I: 4026ed (flow 402fd8)
      Successors: 402fd8, 4026f3
  BB: 402ae5 in func 402450 with 29 insts
    I: 402ae5
    I: 402ae9 (disp 4198c0)
    I: 402af0
    I: 402af3
    I: 402af6
    I: 402af9 (imm 419bfc)
    I: 402b00
    I: 402b02 (imm 419be8)
    I: 402b09
    I: 402b0b
    I: 402b0d
    I: 402b10
    I: 402b12
    I: 402b14
    I: 402b17
    I: 402b1a
    I: 402b1d
    I: 402b20
    I: 402b23
    I: 402b26
    I: 402b28
    I: 402b2a
    I: 402b2c
    I: 402b2e
    I: 402b33
    I: 402b38
    I: 402b3b
    I: 402b3e
    I: 402b41 (flow 403081)
      Successors: 403081
  BB: 4024f2 in func 402450 with 1 insts
    I: 4024f2 (flow 4024f7)
      Successors: 4024f7
  BB: 4026f3 in func 402450 with 1 insts
    I: 4026f3 (flow 4026f8)
      Successors: 4026f8
  BB: 4024f7 in func 402450 with 3 insts
    I: 4024f7
    I: 4024fa
    I: 4024ff (flow 402cbe)
      Successors: 402505, 402cbe
  BB: 4026f8 in func 402450 with 3 insts
    I: 4026f8
    I: 4026fb
    I: 402700 (flow 402994)
      Successors: 402994, 402706
  BB: 402505 in func 402450 with 1 insts
    I: 402505 (flow 40250a)
      Successors: 40250a
  BB: 402706 in func 402450 with 1 insts
    I: 402706 (flow 40270b)
      Successors: 40270b
  BB: 40250a in func 402450 with 3 insts
    I: 40250a
    I: 40250d
    I: 402512 (flow 402926)
      Successors: 402518, 402926
  BB: 40270b in func 402450 with 3 insts
    I: 40270b
    I: 40270e
    I: 402713 (flow 402e93)
      Successors: 402719, 402e93
  BB: 402d12 in func 402450 with 2 insts
    I: 402d12
    I: 402d19 (flow 403081)
      Successors: 403081
  BB: 402518 in func 402450 with 1 insts
    I: 402518 (flow 40251d)
      Successors: 40251d
  BB: 402719 in func 402450 with 1 insts
    I: 402719 (flow 40271e)
      Successors: 40271e
  BB: 40291a in func 402450 with 2 insts
    I: 40291a
    I: 402921 (flow 403081)
      Successors: 403081
  BB: 402f1a in func 402450 with 40 insts
    I: 402f1a (imm 419bfc)
    I: 402f21
    I: 402f23 (imm 419be8)
    I: 402f2a
    I: 402f2c
    I: 402f2e
    I: 402f34
    I: 402f37
    I: 402f3d
    I: 402f40
    I: 402f43
    I: 402f46
    I: 402f4a
    I: 402f4d
    I: 402f51
    I: 402f54
    I: 402f56
    I: 402f59
    I: 402f5d
    I: 402f5f
    I: 402f62
    I: 402f64
    I: 402f67
    I: 402f6a
    I: 402f6d
    I: 402f71
    I: 402f74
    I: 402f77
    I: 402f7a
    I: 402f7d
    I: 402f80
    I: 402f82
    I: 402f85
    I: 402f87
    I: 402f89
    I: 402f8e
    I: 402f93
    I: 402f96
    I: 402f99
    I: 402f9c (flow 403081)
      Successors: 403081
  BB: 40251d in func 402450 with 3 insts
    I: 40251d
    I: 402520
    I: 402525 (flow 402ae5)
      Successors: 40252b, 402ae5
  BB: 40271e in func 402450 with 3 insts
    I: 40271e
    I: 402721
    I: 402726 (flow 402b94)
      Successors: 402b94, 40272c
  BB: 402d1e in func 402450 with 19 insts
    I: 402d1e
    I: 402d22 (disp 4198c0)
    I: 402d29
    I: 402d2d (disp 4198c0)
    I: 402d34
    I: 402d38 (imm 40fc70)
    I: 402d42
    I: 402d49
    I: 402d4c
    I: 402d50
    I: 402d53
    I: 402d59
    I: 402d5b
    I: 402d61
    I: 402d66
    I: 402d6b
    I: 402d6d
    I: 402d70
    I: 402d73 (flow 403081)
      Successors: 403081
  BB: 402926 in func 402450 with 5 insts
    I: 402926
    I: 40292d
    I: 402934
    I: 40293b
    I: 402942 (flow 403081)
      Successors: 403081
  BB: 40252b in func 402450 with 1 insts
    I: 40252b (flow 402530)
      Successors: 402530
  BB: 40272c in func 402450 with 1 insts
    I: 40272c (flow 402731)
      Successors: 402731
  BB: 402530 in func 402450 with 3 insts
    I: 402530
    I: 402533
    I: 402538 (flow 402795)
      Successors: 402795, 40253e
  BB: 402731 in func 402450 with 3 insts
    I: 402731
    I: 402734
    I: 402739 (flow 4027de)
      Successors: 4027de, 40273f
  BB: 40253e in func 402450 with 1 insts
    I: 40253e (flow 402543)
      Successors: 402543
  BB: 40273f in func 402450 with 1 insts
    I: 40273f (flow 402744)
      Successors: 402744
  BB: 402543 in func 402450 with 3 insts
    I: 402543
    I: 402546
    I: 40254b (flow 40302b)
      Successors: 402551, 40302b
  BB: 402744 in func 402450 with 3 insts
    I: 402744
    I: 402747
    I: 40274c (flow 402b46)
      Successors: 402752, 402b46
  BB: 402b46 in func 402450 with 2 insts
    I: 402b46
    I: 402b4d (flow 403081)
      Successors: 403081
  BB: 402947 in func 402450 with 24 insts
    I: 402947 (imm 419bfc)
    I: 40294e
    I: 402950 (imm 419be8)
    I: 402957
    I: 402959
    I: 40295b
    I: 40295e
    I: 402960
    I: 402962
    I: 402965
    I: 402968
    I: 40296b
    I: 40296e
    I: 402971
    I: 402974
    I: 402976
    I: 402978
    I: 40297a
    I: 40297c
    I: 402981
    I: 402986
    I: 402989
    I: 40298c
    I: 40298f (flow 403081)
      Successors: 403081
  BB: 402551 in func 402450 with 1 insts
    I: 402551 (flow 402556)
      Successors: 402556
  BB: 402752 in func 402450 with 1 insts
    I: 402752 (flow 402757)
      Successors: 402757
  BB: 402b52 in func 402450 with 11 insts
    I: 402b52
    I: 402b55
    I: 402b57
    I: 402b59
    I: 402b5b
    I: 402b5e
    I: 402b60
    I: 402b62
    I: 402b64
    I: 402b67
    I: 402b6e (flow 403081)
      Successors: 403081
  BB: 402556 in func 402450 with 3 insts
    I: 402556
    I: 402559
    I: 40255e (flow 402d1e)
      Successors: 402564, 402d1e
  BB: 402757 in func 402450 with 3 insts
    I: 402757
    I: 40275a
    I: 40275f (flow 402fcc)
      Successors: 402fcc, 402765
  BB: 402564 in func 402450 with 1 insts
    I: 402564 (flow 402569)
      Successors: 402569
  BB: 402765 in func 402450 with 1 insts
    I: 402765 (flow 40276a)
      Successors: 40276a
  BB: 402569 in func 402450 with 3 insts
    I: 402569
    I: 40256c
    I: 402571 (flow 402d78)
      Successors: 402d78, 402577
  BB: 40276a in func 402450 with 3 insts
    I: 40276a
    I: 40276d
    I: 402772 (flow 402e87)
      Successors: 402778, 402e87
  BB: 402b73 in func 402450 with 11 insts
    I: 402b73
    I: 402b76
    I: 402b78
    I: 402b7a
    I: 402b7c
    I: 402b7f
    I: 402b81
    I: 402b83
    I: 402b85
    I: 402b88
    I: 402b8f (flow 403081)
      Successors: 403081
  BB: 402577 in func 402450 with 1 insts
    I: 402577 (flow 40257c)
      Successors: 40257c
  BB: 402778 in func 402450 with 1 insts
    I: 402778 (flow 40277d)
      Successors: 40277d
  BB: 402d78 in func 402450 with 24 insts
    I: 402d78 (imm 419bfc)
    I: 402d7f
    I: 402d81 (imm 419be8)
    I: 402d88
    I: 402d8a
    I: 402d8c
    I: 402d8f
    I: 402d91
    I: 402d93
    I: 402d96
    I: 402d99
    I: 402d9c
    I: 402d9f
    I: 402da2
    I: 402da5
    I: 402da7
    I: 402da9
    I: 402dab
    I: 402dad
    I: 402db2
    I: 402db7
    I: 402dba
    I: 402dbd
    I: 402dc0 (flow 403081)
      Successors: 403081
  BB: 40257c in func 402450 with 3 insts
    I: 40257c
    I: 40257f
    I: 402584 (flow 402a43)
      Successors: 40258a, 402a43
  BB: 40277d in func 402450 with 3 insts
    I: 40277d
    I: 402780
    I: 402785 (flow 40291a)
      Successors: 40291a, 40278b
  BB: 40258a in func 402450 with 1 insts
    I: 40258a (flow 40258f)
      Successors: 40258f
  BB: 40278b in func 402450 with 1 insts
    I: 40278b (flow 402790)
      Successors: 402790
  BB: 40258f in func 402450 with 3 insts
    I: 40258f
    I: 402592
    I: 402597 (flow 40301f)
      Successors: 40259d, 40301f
  BB: 402790 in func 402450 with 1 insts
    I: 402790 (flow 403081)
      Successors: 403081
  BB: 402994 in func 402450 with 29 insts
    I: 402994
    I: 402997 (mem 4198b0)
    I: 40299e
    I: 4029a1
    I: 4029a3
    I: 4029a6 (imm 419bfc)
    I: 4029ad
    I: 4029af (imm 419be8)
    I: 4029b6
    I: 4029b8
    I: 4029ba
    I: 4029c0
    I: 4029c3
    I: 4029c9
    I: 4029cc
    I: 4029cf
    I: 4029d2
    I: 4029d5
    I: 4029d8
    I: 4029db
    I: 4029dd
    I: 4029df
    I: 4029e1
    I: 4029e3
    I: 4029e8
    I: 4029ed
    I: 4029f0
    I: 4029f3
    I: 4029f6 (flow 403081)
      Successors: 403081
  BB: 402795 in func 402450 with 7 insts
    I: 402795
    I: 402798
    I: 40279d
    I: 4027a2 (mem 4198b0)
    I: 4027a9
    I: 4027ac
    I: 4027af (flow 403081)
      Successors: 403081
  BB: 402b94 in func 402450 with 24 insts
    I: 402b94 (imm 419bfc)
    I: 402b9b
    I: 402b9d (imm 419be8)
    I: 402ba4
    I: 402ba6
    I: 402ba8
    I: 402bae
    I: 402bb1
    I: 402bb7
    I: 402bba
    I: 402bbd
    I: 402bc0
    I: 402bc3
    I: 402bc6
    I: 402bc9
    I: 402bcb
    I: 402bcd
    I: 402bcf
    I: 402bd1
    I: 402bd6
    I: 402bdb
    I: 402bde
    I: 402be1
    I: 402be4 (flow 403081)
      Successors: 403081
  BB: 40259d in func 402450 with 1 insts
    I: 40259d (flow 4025a2)
      Successors: 4025a2
  BB: 402fa1 in func 402450 with 2 insts
    I: 402fa1
    I: 402fa8 (flow 403081)
      Successors: 403081
  BB: 4025a2 in func 402450 with 3 insts
    I: 4025a2
    I: 4025a5
    I: 4025aa (flow 402c9c)
      Successors: 4025b0, 402c9c
  BB: 402fad in func 402450 with 7 insts
    I: 402fad
    I: 402fb0
    I: 402fb5
    I: 402fb8
    I: 402fbd
    I: 402fc0
    I: 402fc7 (flow 403081)
      Successors: 403081
  BB: 4025b0 in func 402450 with 1 insts
    I: 4025b0 (flow 4025b5)
      Successors: 4025b5
  BB: 4027b4 in func 402450 with 6 insts
    I: 4027b4
    I: 4027b8 (disp 4198c0)
    I: 4027c3
    I: 4027c7 (disp 419a50)
    I: 4027d2
    I: 4027d9 (flow 403081)
      Successors: 403081
  BB: 4025b5 in func 402450 with 3 insts
    I: 4025b5
    I: 4025b8
    I: 4025bd (flow 402c8f)
      Successors: 4025c3, 402c8f
  BB: 4025c3 in func 402450 with 1 insts
    I: 4025c3 (flow 4025c8)
      Successors: 4025c8
  BB: 402dc5 in func 402450 with 53 insts
    I: 402dc5
    I: 402dc9 (disp 4198c0)
    I: 402dd0
    I: 402dd4 (imm 40fc70)
    I: 402dde
    I: 402de5
    I: 402de8
    I: 402dec
    I: 402def
    I: 402df5
    I: 402df7
    I: 402dfd
    I: 402e01 (disp 4198c0)
    I: 402e08 (imm 419bfc)
    I: 402e0f
    I: 402e11 (imm 419be8)
    I: 402e18
    I: 402e1a
    I: 402e1c
    I: 402e1f
    I: 402e21
    I: 402e23
    I: 402e26
    I: 402e29
    I: 402e2c
    I: 402e30
    I: 402e33
    I: 402e37
    I: 402e3a
    I: 402e3c
    I: 402e3f
    I: 402e43
    I: 402e45
    I: 402e48
    I: 402e4a
    I: 402e4d
    I: 402e50
    I: 402e53
    I: 402e57
    I: 402e5a
    I: 402e5d
    I: 402e60
    I: 402e63
    I: 402e66
    I: 402e68
    I: 402e6b
    I: 402e6d
    I: 402e6f
    I: 402e74
    I: 402e79
    I: 402e7c
    I: 402e7f
    I: 402e82 (flow 403081)
      Successors: 403081
  BB: 4025c8 in func 402450 with 3 insts
    I: 4025c8
    I: 4025cb
    I: 4025d0 (flow 402a16)
      Successors: 4025d6, 402a16
  BB: 402fcc in func 402450 with 2 insts
    I: 402fcc
    I: 402fd3 (flow 403081)
      Successors: 403081
  BB: 4025d6 in func 402450 with 1 insts
    I: 4025d6 (flow 4025db)
      Successors: 4025db
  BB: 402fd8 in func 402450 with 4 insts
    I: 402fd8
    I: 402fdc (disp 4198c0)
    I: 402fe7
    I: 402fee (flow 403081)
      Successors: 403081
  BB: 4025db in func 402450 with 3 insts
    I: 4025db
    I: 4025de
    I: 4025e3 (flow 4027fd)
      Successors: 4025e9, 4027fd
  BB: 4027de in func 402450 with 7 insts
    I: 4027de
    I: 4027e1
    I: 4027e6
    I: 4027e9
    I: 4027ee
    I: 4027f1
    I: 4027f8 (flow 403081)
      Successors: 403081
  BB: 4025e9 in func 402450 with 1 insts
    I: 4025e9 (flow 4025ee)
      Successors: 4025ee
  BB: 402be9 in func 402450 with 44 insts
    I: 402be9
    I: 402bed
    I: 402bf0
    I: 402bf2
    I: 402bf5 (imm 419bfc)
    I: 402bfc
    I: 402bfe (imm 419be8)
    I: 402c05
    I: 402c07
    I: 402c09
    I: 402c0c
    I: 402c0e
    I: 402c10
    I: 402c13
    I: 402c16
    I: 402c19
    I: 402c1d
    I: 402c20
    I: 402c24
    I: 402c27
    I: 402c29
    I: 402c2c
    I: 402c30
    I: 402c32
    I: 402c35
    I: 402c37
    I: 402c3a
    I: 402c3d
    I: 402c40
    I: 402c44
    I: 402c47
    I: 402c4a
    I: 402c4d
    I: 402c50
    I: 402c53
    I: 402c55
    I: 402c58
    I: 402c5a
    I: 402c5c
    I: 402c61
    I: 402c66
    I: 402c69
    I: 402c6c
    I: 402c6f (flow 403081)
      Successors: 403081
  BB: 4025ee in func 402450 with 3 insts
    I: 4025ee
    I: 4025f1
    I: 4025f6 (flow 402fa1)
      Successors: 402fa1, 4025fc
  BB: 402ff3 in func 402450 with 2 insts
    I: 402ff3
    I: 402ffa (flow 403081)
      Successors: 403081
  BB: 4029fb in func 402450 with 7 insts
    I: 4029fb
    I: 4029fe
    I: 402a03
    I: 402a08
    I: 402a0b
    I: 402a0e
    I: 402a11 (flow 403081)
      Successors: 403081
  BB: 4025fc in func 402450 with 1 insts
    I: 4025fc (flow 402601)
      Successors: 402601
  BB: 4027fd in func 402450 with 40 insts
    I: 4027fd (imm 419bfc)
    I: 402804
    I: 402806 (imm 419be8)
    I: 40280d
    I: 40280f
    I: 402811
    I: 402817
    I: 40281a
    I: 402820
    I: 402823
    I: 402826
    I: 402829
    I: 40282d
    I: 402830
    I: 402834
    I: 402837
    I: 402839
    I: 40283c
    I: 402840
    I: 402842
    I: 402845
    I: 402847
    I: 40284a
    I: 40284d
    I: 402850
    I: 402854
    I: 402857
    I: 40285a
    I: 40285d
    I: 402860
    I: 402863
    I: 402865
    I: 402868
    I: 40286a
    I: 40286c
    I: 402871
    I: 402876
    I: 402879
    I: 40287c
    I: 40287f (flow 403081)
      Successors: 403081
  BB: 402fff in func 402450 with 7 insts
    I: 402fff
    I: 403003 (disp 4198c0)
    I: 40300a
    I: 40300d
    I: 403010
    I: 403013
    I: 40301a (flow 403081)
      Successors: 403081
Recovering main at 403090
  Analysing subroutine main at 403090
    Block head at 00403e0f is not code.
  Subroutine main at 403090 has 132 blocks
  BB: 403e03 in func 403090 with 1 insts
    I: 403e03
      Successors: 403e0a
  BB: 403206 in func 403090 with 1 insts
    I: 403206 (flow 40320b)
      Successors: 40320b
  BB: 403a07 in func 403090 with 13 insts
    I: 403a07
    I: 403a0b (imm 404007)
    I: 403a15
    I: 403a19
    I: 403a1d
    I: 403a21
    I: 403a23 (flow 419c10)
    I: 403a28
    I: 403a2d
    I: 403a32
    I: 403a36
    I: 403a39
    I: 403a3c (flow 403e0a)
      Successors: 403e0a
  BB: 403e0a in func 403090 with 1 insts
    I: 403e0a (flow 4030b2)
      Successors: 4030b2
  BB: 40320b in func 403090 with 3 insts
    I: 40320b
    I: 40320e
    I: 403213 (flow 4037e5)
      Successors: 403219, 4037e5
  BB: 403219 in func 403090 with 1 insts
    I: 403219 (flow 40321e)
      Successors: 40321e
  BB: 40321e in func 403090 with 3 insts
    I: 40321e
    I: 403221
    I: 403226 (flow 403bcc)
      Successors: 403bcc, 40322c
  BB: 403421 in func 403090 with 40 insts
    I: 403421 (imm 419bf4)
    I: 403428
    I: 40342a (imm 419c04)
    I: 403431
    I: 403433
    I: 403435
    I: 403438
    I: 40343a
    I: 40343c
    I: 40343f
    I: 403442
    I: 403445
    I: 403449
    I: 40344c
    I: 403450
    I: 403453
    I: 403455
    I: 403458
    I: 40345c
    I: 40345e
    I: 403461
    I: 403463
    I: 403466
    I: 403469
    I: 40346c
    I: 403470
    I: 403473
    I: 403476
    I: 403479
    I: 40347c
    I: 40347f
    I: 403481
    I: 403484
    I: 403486
    I: 403488
    I: 40348d
    I: 403492
    I: 403495
    I: 403498
    I: 40349b (flow 403e0a)
      Successors: 403e0a
  BB: 40322c in func 403090 with 1 insts
    I: 40322c (flow 403231)
      Successors: 403231
  BB: 403231 in func 403090 with 3 insts
    I: 403231
    I: 403234
    I: 403239 (flow 403dea)
      Successors: 403dea, 40323f
  BB: 40323f in func 403090 with 1 insts
    I: 40323f (flow 403244)
      Successors: 403244
  BB: 403a41 in func 403090 with 6 insts
    I: 403a41
    I: 403a44
    I: 403a47 (flow 4014f0)
    I: 403a4c
    I: 403a53
    I: 403a56 (flow 403e0a)
      Successors: 403e0a
  BB: 403244 in func 403090 with 3 insts
    I: 403244
    I: 403247
    I: 40324c (flow 403d12)
      Successors: 403252, 403d12
  BB: 403846 in func 403090 with 45 insts
    I: 403846
    I: 403849
    I: 40384e
    I: 403851
    I: 403856
    I: 403859 (imm 419bf4)
    I: 403860
    I: 403862 (imm 419c04)
    I: 403869
    I: 40386b
    I: 40386d
    I: 403870
    I: 403872
    I: 403874
    I: 403877
    I: 40387a
    I: 40387d
    I: 403881
    I: 403884
    I: 403888
    I: 40388b
    I: 40388d
    I: 403890
    I: 403894
    I: 403896
    I: 403899
    I: 40389b
    I: 40389e
    I: 4038a1
    I: 4038a4
    I: 4038a8
    I: 4038ab
    I: 4038ae
    I: 4038b1
    I: 4038b4
    I: 4038b7
    I: 4038b9
    I: 4038bc
    I: 4038be
    I: 4038c0
    I: 4038c5
    I: 4038ca
    I: 4038cd
    I: 4038d0
    I: 4038d3 (flow 403e0a)
      Successors: 403e0a
  BB: 403649 in func 403090 with 28 insts
    I: 403649 (flow 401140)
    I: 40364e
    I: 403651 (mem 4198b0)
    I: 403658
    I: 40365f (imm 419bf4)
    I: 403666
    I: 403668 (imm 419c04)
    I: 40366f
    I: 403671
    I: 403673
    I: 403679
    I: 40367c
    I: 403682
    I: 403685
    I: 403688
    I: 40368b
    I: 40368e
    I: 403691
    I: 403694
    I: 403696
    I: 403698
    I: 40369a
    I: 40369c
    I: 4036a1
    I: 4036a6
    I: 4036a9
    I: 4036ac
    I: 4036af (flow 403e0a)
      Successors: 403e0a
  BB: 403252 in func 403090 with 1 insts
    I: 403252 (flow 403257)
      Successors: 403257
  BB: 403257 in func 403090 with 3 insts
    I: 403257
    I: 40325a
    I: 40325f (flow 4034a0)
      Successors: 4034a0, 403265
  BB: 403c58 in func 403090 with 2 insts
    I: 403c58
    I: 403c5f (flow 403e0a)
      Successors: 403e0a
  BB: 403a5b in func 403090 with 40 insts
    I: 403a5b (imm 419bf4)
    I: 403a62
    I: 403a64 (imm 419c04)
    I: 403a6b
    I: 403a6d
    I: 403a6f
    I: 403a75
    I: 403a78
    I: 403a7e
    I: 403a81
    I: 403a84
    I: 403a87
    I: 403a8b
    I: 403a8e
    I: 403a92
    I: 403a95
    I: 403a97
    I: 403a9a
    I: 403a9e
    I: 403aa0
    I: 403aa3
    I: 403aa5
    I: 403aa8
    I: 403aab
    I: 403aae
    I: 403ab2
    I: 403ab5
    I: 403ab8
    I: 403abb
    I: 403abe
    I: 403ac1
    I: 403ac3
    I: 403ac6
    I: 403ac8
    I: 403aca
    I: 403acf
    I: 403ad4
    I: 403ad7
    I: 403ada
    I: 403add (flow 403e0a)
      Successors: 403e0a
  BB: 403c64 in func 403090 with 2 insts
    I: 403c64
    I: 403c6b (flow 403e0a)
      Successors: 403e0a
  BB: 403265 in func 403090 with 1 insts
    I: 403265 (flow 40326a)
      Successors: 40326a
  BB: 40326a in func 403090 with 3 insts
    I: 40326a
    I: 40326d
    I: 403272 (flow 40359b)
      Successors: 403278, 40359b
  BB: 403c70 in func 403090 with 24 insts
    I: 403c70 (imm 419bf4)
    I: 403c77
    I: 403c79 (imm 419c04)
    I: 403c80
    I: 403c82
    I: 403c84
    I: 403c87
    I: 403c89
    I: 403c8b
    I: 403c8e
    I: 403c91
    I: 403c94
    I: 403c97
    I: 403c9a
    I: 403c9d
    I: 403c9f
    I: 403ca1
    I: 403ca3
    I: 403ca5
    I: 403caa
    I: 403caf
    I: 403cb2
    I: 403cb5
    I: 403cb8 (flow 403e0a)
      Successors: 403e0a
  BB: 403278 in func 403090 with 1 insts
    I: 403278 (flow 40327d)
      Successors: 40327d
  BB: 40327d in func 403090 with 3 insts
    I: 40327d
    I: 403280
    I: 403285 (flow 4038d8)
      Successors: 4038d8, 40328b
  BB: 40328b in func 403090 with 1 insts
    I: 40328b (flow 403290)
      Successors: 403290
  BB: 403090 in func 403090 with 7 insts
    Referenced by data
    I: 403090
    I: 403091
    I: 403094
    I: 403098
    I: 40309f (mem 406020)
    I: 4030a7
    I: 4030ab
      Successors: 4030b2
  BB: 403290 in func 403090 with 3 insts
    I: 403290
    I: 403293
    I: 403298 (flow 403cbd)
      Successors: 403cbd, 40329e
  BB: 40329e in func 403090 with 1 insts
    I: 40329e (flow 4032a3)
      Successors: 4032a3
  BB: 4034a0 in func 403090 with 28 insts
    I: 4034a0
    I: 4034a4
    I: 4034a7
    I: 4034a9
    I: 4034ac (imm 419bf4)
    I: 4034b3
    I: 4034b5 (imm 419c04)
    I: 4034bc
    I: 4034be
    I: 4034c0
    I: 4034c6
    I: 4034c9
    I: 4034cf
    I: 4034d2
    I: 4034d5
    I: 4034d8
    I: 4034db
    I: 4034de
    I: 4034e1
    I: 4034e3
    I: 4034e5
    I: 4034e7
    I: 4034e9
    I: 4034ee
    I: 4034f3
    I: 4034f6
    I: 4034f9
    I: 4034fc (flow 403e0a)
      Successors: 403e0a
  BB: 4032a3 in func 403090 with 3 insts
    I: 4032a3
    I: 4032a6
    I: 4032ab (flow 403b45)
      Successors: 4032b1, 403b45
  BB: 4032b1 in func 403090 with 1 insts
    I: 4032b1 (flow 4032b6)
      Successors: 4032b6
  BB: 4030b2 in func 403090 with 4 insts
    I: 4030b2
    I: 4030b5
    I: 4030b8
    I: 4030bd (flow 403d1e)
      Successors: 4030c3, 403d1e
  BB: 4036b4 in func 403090 with 2 insts
    I: 4036b4
    I: 4036bb (flow 403e0a)
      Successors: 403e0a
  BB: 4032b6 in func 403090 with 3 insts
    I: 4032b6
    I: 4032b9
    I: 4032be (flow 403c58)
      Successors: 403c58, 4032c4
  BB: 403cbd in func 403090 with 24 insts
    I: 403cbd (imm 419bf4)
    I: 403cc4
    I: 403cc6 (imm 419c04)
    I: 403ccd
    I: 403ccf
    I: 403cd1
    I: 403cd4
    I: 403cd6
    I: 403cd8
    I: 403cdb
    I: 403cde
    I: 403ce1
    I: 403ce4
    I: 403ce7
    I: 403cea
    I: 403cec
    I: 403cee
    I: 403cf0
    I: 403cf2
    I: 403cf7
    I: 403cfc
    I: 403cff
    I: 403d02
    I: 403d05 (flow 403e0a)
      Successors: 403e0a
  BB: 4036c0 in func 403090 with 7 insts
    I: 4036c0
    I: 4036c3
    I: 4036c8
    I: 4036cd
    I: 4036d0
    I: 4036d3
    I: 4036d6 (flow 403e0a)
      Successors: 403e0a
  BB: 4030c3 in func 403090 with 1 insts
    I: 4030c3 (flow 4030c8)
      Successors: 4030c8
  BB: 4032c4 in func 403090 with 1 insts
    I: 4032c4 (flow 4032c9)
      Successors: 4032c9
  BB: 4030c8 in func 403090 with 3 insts
    I: 4030c8
    I: 4030cb
    I: 4030d0 (flow 403421)
      Successors: 403421, 4030d6
  BB: 4032c9 in func 403090 with 3 insts
    I: 4032c9
    I: 4032cc
    I: 4032d1 (flow 403b77)
      Successors: 403b77, 4032d7
  BB: 4030d6 in func 403090 with 1 insts
    I: 4030d6 (flow 4030db)
      Successors: 4030db
  BB: 4032d7 in func 403090 with 1 insts
    I: 4032d7 (flow 4032dc)
      Successors: 4032dc
  BB: 4038d8 in func 403090 with 2 insts
    I: 4038d8
    I: 4038df (flow 403e0a)
      Successors: 403e0a
  BB: 4030db in func 403090 with 3 insts
    I: 4030db
    I: 4030de
    I: 4030e3 (flow 40351c)
      Successors: 4030e9, 40351c
  BB: 4032dc in func 403090 with 3 insts
    I: 4032dc
    I: 4032df
    I: 4032e4 (flow 403a41)
      Successors: 403a41, 4032ea
  BB: 4036db in func 403090 with 24 insts
    I: 4036db (imm 419bf4)
    I: 4036e2
    I: 4036e4 (imm 419c04)
    I: 4036eb
    I: 4036ed
    I: 4036ef
    I: 4036f2
    I: 4036f4
    I: 4036f6
    I: 4036f9
    I: 4036fc
    I: 4036ff
    I: 403702
    I: 403705
    I: 403708
    I: 40370a
    I: 40370c
    I: 40370e
    I: 403710
    I: 403715
    I: 40371a
    I: 40371d
    I: 403720
    I: 403723 (flow 403e0a)
      Successors: 403e0a
  BB: 403ae2 in func 403090 with 28 insts
    I: 403ae2
    I: 403ae5
    I: 403ae8 (flow 402450)
    I: 403aed
    I: 403af0 (imm 419bf4)
    I: 403af7
    I: 403af9 (imm 419c04)
    I: 403b00
    I: 403b02
    I: 403b04
    I: 403b0a
    I: 403b0d
    I: 403b13
    I: 403b16
    I: 403b19
    I: 403b1c
    I: 403b1f
    I: 403b22
    I: 403b25
    I: 403b27
    I: 403b29
    I: 403b2b
    I: 403b2d
    I: 403b32
    I: 403b37
    I: 403b3a
    I: 403b3d
    I: 403b40 (flow 403e0a)
      Successors: 403e0a
  BB: 4038e4 in func 403090 with 24 insts
    I: 4038e4 (imm 419bf4)
    I: 4038eb
    I: 4038ed (imm 419c04)
    I: 4038f4
    I: 4038f6
    I: 4038f8
    I: 4038fe
    I: 403901
    I: 403907
    I: 40390a
    I: 40390d
    I: 403910
    I: 403913
    I: 403916
    I: 403919
    I: 40391b
    I: 40391d
    I: 40391f
    I: 403921
    I: 403926
    I: 40392b
    I: 40392e
    I: 403931
    I: 403934 (flow 403e0a)
      Successors: 403e0a
  BB: 4030e9 in func 403090 with 1 insts
    I: 4030e9 (flow 4030ee)
      Successors: 4030ee
  BB: 4032ea in func 403090 with 1 insts
    I: 4032ea (flow 4032ef)
      Successors: 4032ef
  BB: 4030ee in func 403090 with 3 insts
    I: 4030ee
    I: 4030f1
    I: 4030f6 (flow 4037f1)
      Successors: 4037f1, 4030fc
  BB: 4032ef in func 403090 with 3 insts
    I: 4032ef
    I: 4032f2
    I: 4032f7 (flow 403e03)
      Successors: 403e03, 4032fd
  BB: 4030fc in func 403090 with 1 insts
    I: 4030fc (flow 403101)
      Successors: 403101
  BB: 4032fd in func 403090 with 1 insts
    I: 4032fd (flow 403302)
      Successors: 403302
  BB: 403101 in func 403090 with 3 insts
    I: 403101
    I: 403104
    I: 403109 (flow 403c70)
      Successors: 403c70, 40310f
  BB: 403302 in func 403090 with 3 insts
    I: 403302
    I: 403305
    I: 40330a (flow 403649)
      Successors: 403310, 403649
  BB: 403501 in func 403090 with 7 insts
    I: 403501
    I: 403504
    I: 403509
    I: 40350e
    I: 403511
    I: 403514
    I: 403517 (flow 403e0a)
      Successors: 403e0a
  BB: 403d0a in func 403090 with 4 insts
    I: 403d0a
    I: 403d0c
    I: 403d10
    I: 403d11
      No successors
  BB: 40310f in func 403090 with 1 insts
    I: 40310f (flow 403114)
      Successors: 403114
  BB: 403310 in func 403090 with 1 insts
    I: 403310 (flow 403315)
      Successors: 403315
  BB: 403d12 in func 403090 with 2 insts
    I: 403d12
    I: 403d19 (flow 403e0a)
      Successors: 403e0a
  BB: 403114 in func 403090 with 3 insts
    I: 403114
    I: 403117
    I: 40311c (flow 403dd3)
      Successors: 403122, 403dd3
  BB: 403315 in func 403090 with 3 insts
    I: 403315
    I: 403318
    I: 40331d (flow 403939)
      Successors: 403939, 403323
  BB: 40351c in func 403090 with 40 insts
    I: 40351c (imm 419bf4)
    I: 403523
    I: 403525 (imm 419c04)
    I: 40352c
    I: 40352e
    I: 403530
    I: 403533
    I: 403535
    I: 403537
    I: 40353a
    I: 40353d
    I: 403540
    I: 403544
    I: 403547
    I: 40354b
    I: 40354e
    I: 403550
    I: 403553
    I: 403557
    I: 403559
    I: 40355c
    I: 40355e
    I: 403561
    I: 403564
    I: 403567
    I: 40356b
    I: 40356e
    I: 403571
    I: 403574
    I: 403577
    I: 40357a
    I: 40357c
    I: 40357f
    I: 403581
    I: 403583
    I: 403588
    I: 40358d
    I: 403590
    I: 403593
    I: 403596 (flow 403e0a)
      Successors: 403e0a
  BB: 403d1e in func 403090 with 2 insts
    I: 403d1e
    I: 403d25 (flow 403e0a)
      Successors: 403e0a
  BB: 403122 in func 403090 with 1 insts
    I: 403122 (flow 403127)
      Successors: 403127
  BB: 403323 in func 403090 with 1 insts
    I: 403323 (flow 403328)
      Successors: 403328
  BB: 403127 in func 403090 with 3 insts
    I: 403127
    I: 40312a
    I: 40312f (flow 403c64)
      Successors: 403c64, 403135
  BB: 403328 in func 403090 with 3 insts
    I: 403328
    I: 40332b
    I: 403330 (flow 4036db)
      Successors: 4036db, 403336
  BB: 403728 in func 403090 with 53 insts
    I: 403728
    I: 40372c (imm 404004)
    I: 403736
    I: 40373a
    I: 40373e
    I: 403742
    I: 403746
    I: 403748 (flow 419c10)
    I: 40374d
    I: 403750
    I: 403753
    I: 403756
    I: 403759 (flow 401430)
    I: 40375e (imm 419bf4)
    I: 403765
    I: 403767 (imm 419c04)
    I: 40376e
    I: 403770
    I: 403772
    I: 403778
    I: 40377b
    I: 403781
    I: 403784
    I: 403787
    I: 40378a
    I: 40378e
    I: 403791
    I: 403795
    I: 403798
    I: 40379a
    I: 40379d
    I: 4037a1
    I: 4037a3
    I: 4037a6
    I: 4037a8
    I: 4037ab
    I: 4037ae
    I: 4037b1
    I: 4037b5
    I: 4037b8
    I: 4037bb
    I: 4037be
    I: 4037c1
    I: 4037c4
    I: 4037c6
    I: 4037c9
    I: 4037cb
    I: 4037cd
    I: 4037d2
    I: 4037d7
    I: 4037da
    I: 4037dd
    I: 4037e0 (flow 403e0a)
      Successors: 403e0a
  BB: 403d2a in func 403090 with 6 insts
    I: 403d2a (flow 401140)
    I: 403d2f
    I: 403d32 (mem 4198b0)
    I: 403d39
    I: 403d40
    I: 403d47 (flow 403e0a)
      Successors: 403e0a
  BB: 403135 in func 403090 with 1 insts
    I: 403135 (flow 40313a)
      Successors: 40313a
  BB: 403336 in func 403090 with 1 insts
    I: 403336 (flow 40333b)
      Successors: 40333b
  BB: 403939 in func 403090 with 46 insts
    I: 403939
    I: 40393d (imm 40400d)
    I: 403947
    I: 40394b
    I: 40394d (flow 419c10)
    I: 403952
    I: 403959 (imm 419bf4)
    I: 403960
    I: 403962 (imm 419c04)
    I: 403969
    I: 40396b
    I: 40396d
    I: 403973
    I: 403976
    I: 40397c
    I: 40397f
    I: 403982
    I: 403985
    I: 403989
    I: 40398c
    I: 403990
    I: 403993
    I: 403995
    I: 403998
    I: 40399c
    I: 40399e
    I: 4039a1
    I: 4039a3
    I: 4039a6
    I: 4039a9
    I: 4039ac
    I: 4039b0
    I: 4039b3
    I: 4039b6
    I: 4039b9
    I: 4039bc
    I: 4039bf
    I: 4039c1
    I: 4039c4
    I: 4039c6
    I: 4039c8
    I: 4039cd
    I: 4039d2
    I: 4039d5
    I: 4039d8
    I: 4039db (flow 403e0a)
      Successors: 403e0a
  BB: 40313a in func 403090 with 3 insts
    I: 40313a
    I: 40313d
    I: 403142 (flow 403728)
      Successors: 403148, 403728
  BB: 40333b in func 403090 with 3 insts
    I: 40333b
    I: 40333e
    I: 403343 (flow 403a07)
      Successors: 403349, 403a07
  BB: 403b45 in func 403090 with 4 insts
    I: 403b45
    I: 403b4c
    I: 403b4f
    I: 403b52 (flow 403e0a)
      Successors: 403e0a
  BB: 403148 in func 403090 with 1 insts
    I: 403148 (flow 40314d)
      Successors: 40314d
  BB: 403349 in func 403090 with 1 insts
    I: 403349 (flow 40334e)
      Successors: 40334e
  BB: 403d4c in func 403090 with 15 insts
    I: 403d4c
    I: 403d50 (imm 404004)
    I: 403d5a
    I: 403d5e
    I: 403d62
    I: 403d66
    I: 403d6a
    I: 403d6c (flow 419c10)
    I: 403d71
    I: 403d74
    I: 403d77
    I: 403d7a
    I: 403d7d (flow 401430)
    I: 403d82
    I: 403d89 (flow 403e0a)
      Successors: 403e0a
  BB: 40314d in func 403090 with 3 insts
    I: 40314d
    I: 403150
    I: 403155 (flow 403ae2)
      Successors: 403ae2, 40315b
  BB: 40334e in func 403090 with 3 insts
    I: 40334e
    I: 403351
    I: 403356 (flow 4036c0)
      Successors: 4036c0, 40335c
  BB: 403b57 in func 403090 with 6 insts
    I: 403b57
    I: 403b5a (imm 40400d)
    I: 403b64
    I: 403b66 (flow 419c18)
    I: 403b6b
    I: 403b72 (flow 403e0a)
      Successors: 403e0a
  BB: 40315b in func 403090 with 1 insts
    I: 40315b (flow 403160)
      Successors: 403160
  BB: 40335c in func 403090 with 1 insts
    I: 40335c (flow 403361)
      Successors: 403361
  BB: 403160 in func 403090 with 3 insts
    I: 403160
    I: 403163
    I: 403168 (flow 403a5b)
      Successors: 403a5b, 40316e
  BB: 403361 in func 403090 with 3 insts
    I: 403361
    I: 403364
    I: 403369 (flow 403d0a)
      Successors: 403d0a, 40336f
  BB: 40316e in func 403090 with 1 insts
    I: 40316e (flow 403173)
      Successors: 403173
  BB: 40336f in func 403090 with 1 insts
    I: 40336f (flow 403374)
      Successors: 403374
  BB: 403173 in func 403090 with 3 insts
    I: 403173
    I: 403176
    I: 40317b (flow 4039e0)
      Successors: 4039e0, 403181
  BB: 403374 in func 403090 with 3 insts
    I: 403374
    I: 403377
    I: 40337c (flow 4038e4)
      Successors: 403382, 4038e4
  BB: 403b77 in func 403090 with 24 insts
    I: 403b77 (imm 419bf4)
    I: 403b7e
    I: 403b80 (imm 419c04)
    I: 403b87
    I: 403b89
    I: 403b8b
    I: 403b91
    I: 403b94
    I: 403b9a
    I: 403b9d
    I: 403ba0
    I: 403ba3
    I: 403ba6
    I: 403ba9
    I: 403bac
    I: 403bae
    I: 403bb0
    I: 403bb2
    I: 403bb4
    I: 403bb9
    I: 403bbe
    I: 403bc1
    I: 403bc4
    I: 403bc7 (flow 403e0a)
      Successors: 403e0a
  BB: 403181 in func 403090 with 1 insts
    I: 403181 (flow 403186)
      Successors: 403186
  BB: 403382 in func 403090 with 1 insts
    I: 403382 (flow 403387)
      Successors: 403387
  BB: 403186 in func 403090 with 3 insts
    I: 403186
    I: 403189
    I: 40318e (flow 4035fc)
      Successors: 4035fc, 403194
  BB: 403387 in func 403090 with 3 insts
    I: 403387
    I: 40338a
    I: 40338f (flow 4035f0)
      Successors: 4035f0, 403395
  BB: 403d8e in func 403090 with 7 insts
    I: 403d8e
    I: 403d91
    I: 403d93
    I: 403d96
    I: 403d98
    I: 403d9b
    I: 403da2 (flow 403e0a)
      Successors: 403e0a
  BB: 403194 in func 403090 with 1 insts
    I: 403194 (flow 403199)
      Successors: 403199
  BB: 403395 in func 403090 with 1 insts
    I: 403395 (flow 40339a)
      Successors: 40339a
  BB: 403199 in func 403090 with 3 insts
    I: 403199
    I: 40319c
    I: 4031a1 (flow 403da7)
      Successors: 403da7, 4031a7
  BB: 40339a in func 403090 with 3 insts
    I: 40339a
    I: 40339d
    I: 4033a2 (flow 403846)
      Successors: 4033a8, 403846
  BB: 40359b in func 403090 with 24 insts
    I: 40359b (imm 419bf4)
    I: 4035a2
    I: 4035a4 (imm 419c04)
    I: 4035ab
    I: 4035ad
    I: 4035af
    I: 4035b5
    I: 4035b8
    I: 4035be
    I: 4035c1
    I: 4035c4
    I: 4035c7
    I: 4035ca
    I: 4035cd
    I: 4035d0
    I: 4035d2
    I: 4035d4
    I: 4035d6
    I: 4035d8
    I: 4035dd
    I: 4035e2
    I: 4035e5
    I: 4035e8
    I: 4035eb (flow 403e0a)
      Successors: 403e0a
  BB: 4031a7 in func 403090 with 1 insts
    I: 4031a7 (flow 4031ac)
      Successors: 4031ac
  BB: 4033a8 in func 403090 with 1 insts
    I: 4033a8 (flow 4033ad)
      Successors: 4033ad
  BB: 403da7 in func 403090 with 8 insts
    I: 403da7
    I: 403dab (imm 40400d)
    I: 403db5
    I: 403db9
    I: 403dbb (flow 419c10)
    I: 403dc0
    I: 403dc7
    I: 403dce (flow 403e0a)
      Successors: 403e0a
  BB: 4031ac in func 403090 with 3 insts
    I: 4031ac
    I: 4031af
    I: 4031b4 (flow 4036b4)
      Successors: 4031ba, 4036b4
  BB: 4033ad in func 403090 with 3 insts
    I: 4033ad
    I: 4033b0
    I: 4033b5 (flow 4039ec)
      Successors: 4033bb, 4039ec
  BB: 4031ba in func 403090 with 1 insts
    I: 4031ba (flow 4031bf)
      Successors: 4031bf
  BB: 4033bb in func 403090 with 1 insts
    I: 4033bb (flow 4033c0)
      Successors: 4033c0
  BB: 4031bf in func 403090 with 3 insts
    I: 4031bf
    I: 4031c2
    I: 4031c7 (flow 403501)
      Successors: 403501, 4031cd
  BB: 4033c0 in func 403090 with 3 insts
    I: 4033c0
    I: 4033c3
    I: 4033c8 (flow 403d8e)
      Successors: 403d8e, 4033ce
  BB: 403bcc in func 403090 with 45 insts
    I: 403bcc
    I: 403bcf
    I: 403bd1
    I: 403bd4
    I: 403bd6
    I: 403bd9 (imm 419bf4)
    I: 403be0
    I: 403be2 (imm 419c04)
    I: 403be9
    I: 403beb
    I: 403bed
    I: 403bf0
    I: 403bf2
    I: 403bf4
    I: 403bf7
    I: 403bfa
    I: 403bfd
    I: 403c01
    I: 403c04
    I: 403c08
    I: 403c0b
    I: 403c0d
    I: 403c10
    I: 403c14
    I: 403c16
    I: 403c19
    I: 403c1b
    I: 403c1e
    I: 403c21
    I: 403c24
    I: 403c28
    I: 403c2b
    I: 403c2e
    I: 403c31
    I: 403c34
    I: 403c37
    I: 403c39
    I: 403c3c
    I: 403c3e
    I: 403c40
    I: 403c45
    I: 403c4a
    I: 403c4d
    I: 403c50
    I: 403c53 (flow 403e0a)
      Successors: 403e0a
  BB: 4031cd in func 403090 with 1 insts
    I: 4031cd (flow 4031d2)
      Successors: 4031d2
  BB: 4033ce in func 403090 with 1 insts
    I: 4033ce (flow 4033d3)
      Successors: 4033d3
  BB: 4031d2 in func 403090 with 3 insts
    I: 4031d2
    I: 4031d5
    I: 4031da (flow 403d4c)
      Successors: 4031e0, 403d4c
  BB: 4033d3 in func 403090 with 3 insts
    I: 4033d3
    I: 4033d6
    I: 4033db (flow 403d2a)
      Successors: 4033e1, 403d2a
  BB: 403dd3 in func 403090 with 5 insts
    I: 403dd3
    I: 403dd6
    I: 403dd9 (flow 402450)
    I: 403dde
    I: 403de5 (flow 403e0a)
      Successors: 403e0a
  BB: 4031e0 in func 403090 with 1 insts
    I: 4031e0 (flow 4031e5)
      Successors: 4031e5
  BB: 4033e1 in func 403090 with 1 insts
    I: 4033e1 (flow 4033e6)
      Successors: 4033e6
  BB: 4039e0 in func 403090 with 2 insts
    I: 4039e0
    I: 4039e7 (flow 403e0a)
      Successors: 403e0a
  BB: 4031e5 in func 403090 with 3 insts
    I: 4031e5
    I: 4031e8
    I: 4031ed (flow 4033eb)
      Successors: 4031f3, 4033eb
  BB: 4033e6 in func 403090 with 1 insts
    I: 4033e6 (flow 403e0a)
      Successors: 403e0a
  BB: 4037e5 in func 403090 with 2 insts
    I: 4037e5
    I: 4037ec (flow 403e0a)
      Successors: 403e0a
  BB: 403dea in func 403090 with 7 insts
    I: 403dea
    I: 403ded
    I: 403def
    I: 403df2
    I: 403df4
    I: 403df7
    I: 403dfe (flow 403e0a)
      Successors: 403e0a
  BB: 4033eb in func 403090 with 12 insts
    I: 4033eb
    I: 4033ef (imm 40400a)
    I: 4033f9
    I: 4033fd
    I: 403401
    I: 403403 (flow 419c10)
    I: 403408
    I: 40340d
    I: 403412
    I: 403416
    I: 403419
    I: 40341c (flow 403e0a)
      Successors: 403e0a
  BB: 4039ec in func 403090 with 7 insts
    I: 4039ec
    I: 4039ef
    I: 4039f4
    I: 4039f9
    I: 4039fc
    I: 4039ff
    I: 403a02 (flow 403e0a)
      Successors: 403e0a
  BB: 4035f0 in func 403090 with 2 insts
    I: 4035f0
    I: 4035f7 (flow 403e0a)
      Successors: 403e0a
  BB: 4037f1 in func 403090 with 24 insts
    I: 4037f1 (imm 419bf4)
    I: 4037f8
    I: 4037fa (imm 419c04)
    I: 403801
    I: 403803
    I: 403805
    I: 40380b
    I: 40380e
    I: 403814
    I: 403817
    I: 40381a
    I: 40381d
    I: 403820
    I: 403823
    I: 403826
    I: 403828
    I: 40382a
    I: 40382c
    I: 40382e
    I: 403833
    I: 403838
    I: 40383b
    I: 40383e
    I: 403841 (flow 403e0a)
      Successors: 403e0a
  BB: 4031f3 in func 403090 with 1 insts
    I: 4031f3 (flow 4031f8)
      Successors: 4031f8
  BB: 4031f8 in func 403090 with 3 insts
    I: 4031f8
    I: 4031fb
    I: 403200 (flow 403b57)
      Successors: 403206, 403b57
  BB: 4035fc in func 403090 with 24 insts
    I: 4035fc (imm 419bf4)
    I: 403603
    I: 403605 (imm 419c04)
    I: 40360c
    I: 40360e
    I: 403610
    I: 403613
    I: 403615
    I: 403617
    I: 40361a
    I: 40361d
    I: 403620
    I: 403623
    I: 403626
    I: 403629
    I: 40362b
    I: 40362d
    I: 40362f
    I: 403631
    I: 403636
    I: 40363b
    I: 40363e
    I: 403641
    I: 403644 (flow 403e0a)
      Successors: 403e0a
Recovering .term_proc at 403e10
  Analysing subroutine .term_proc at 403e10
    Block head at 00403e1d is not code.
  Subroutine .term_proc at 403e10 has 1 blocks
  BB: 403e10 in func 403e10 with 4 insts
    I: 403e10
    I: 403e14
    I: 403e18
    I: 403e1c
      No successors
Global Variable None
WARNING: Global constructor and destructor sections are adjacent!
Recovering region LOAD [400000, 400528) in segment LOAD
  8-byte reference at 400018 to 401050 (start)
  8-byte reference at 4000f8 to 401000 (.init_proc)
  8-byte reference at 400130 to 404000 ()
  8-byte reference at 400168 to 405de8 ()
  8-byte reference at 400280 to 404014 ()
  8-byte reference at 4002f0 to 405de8 ()
Recovering region .init [401000, 40101b) in segment .init
Recovering region LOAD [40101b, 401020) in segment LOAD
Recovering region .plt [401020, 401050) in segment .plt
  4-byte reference at 40102c to 401f0f ()
Recovering region .text [401050, 403e0f) in segment .text
Recovering region LOAD [403e0f, 403e10) in segment LOAD
Recovering region .fini [403e10, 403e1d) in segment .fini
Recovering region .rodata [404000, 404011) in segment .rodata
  Variable aDDDD at 404004
Recovering region LOAD [404011, 404014) in segment LOAD
Recovering region .eh_frame_hdr [404014, 404060) in segment .eh_frame_hdr
Recovering region .eh_frame [404060, 40417c) in segment .eh_frame
Recovering region LOAD [40417c, 4041c0) in segment LOAD
Recovering region .init_array [405de8, 405df8) in segment .init_array
  8-byte reference at 405de8 to 401130 ()
  8-byte reference at 405df0 to 401100 ()
Recovering region LOAD [405df8, 405fd8) in segment LOAD
Recovering region .got [405fd8, 405fe8) in segment .got
  8-byte reference at 405fd8 to 419c08 (__libc_start_main)
  8-byte reference at 405fe0 to 419c20 (__gmon_start__)
Recovering region .got.plt [405fe8, 406010) in segment .got.plt
  8-byte reference at 406000 to 419c10 (__isoc99_fscanf)
  8-byte reference at 406008 to 419c18 (printf)
Recovering region .data [406010, 406020) in segment .data
Recovering region .bss [406020, 419c08) in segment .bss
Recovering extern function __isoc99_fscanf at 401030
Recovering extern function printf at 401040
Recovering extern function __libc_start_main at 419c08
Recovering extern function __isoc99_fscanf at 419c10
Recovering extern function printf at 419c18
Recovering extern function __gmon_start__ at 419c20
Recovering extern variable stdin at 406020 [size: 8]
Recovered 12 functions.
Saving to: /home/ubuntu/capstone_project/result/pipeline_20260629_141746/s958104051_fla_bcf_instsub.cfg
Done analysis!
